application_id,workload_id,task_id,episode_index,warmth,engine,representation_tokens,planning_decisions,wall_time_ns,cpu_time_ns,user_cpu_ns,system_cpu_ns,rss_kb,bytes_read,bytes_written,syscall_count,process_spawn_count,ipc_count,network_count,permanent_words,provisional_words,candidate_count,structural_changes,optimization_used,optimization_id,verification_status,rollback_count
dev-editor,build_and_hash,build_and_hash_1,1,cold,baseline:stateless,3,0,2065086,0,0,0,0,0,0,not_measured,1,0,0,0,0,0,0,false,,,0
dev-editor,save_and_backup,save_and_backup_2,2,cold,baseline:stateless,5,0,116647,0,0,0,0,0,0,not_measured,0,0,0,0,0,0,0,false,,,0
dev-editor,build_and_hash,build_and_hash_3,3,warm,baseline:stateless,3,0,1911931,0,0,0,0,0,0,not_measured,1,0,0,0,0,0,0,false,,,0
dev-editor,save_and_backup,save_and_backup_4,4,warm,baseline:stateless,5,0,59444,0,0,0,0,0,0,not_measured,0,0,0,0,0,0,0,false,,,0
dev-editor,build_and_hash,build_and_hash_5,5,warm,baseline:stateless,3,0,1772295,0,0,0,0,0,0,not_measured,1,0,0,0,0,0,0,false,,,0
dev-editor,save_and_backup,save_and_backup_6,6,warm,baseline:stateless,5,0,46188,0,0,0,0,0,0,not_measured,0,0,0,0,0,0,0,false,,,0
report-tool,weekly_report,weekly_report_7,7,cold,baseline:stateless,5,0,33489,0,0,0,0,0,0,not_measured,0,0,0,0,0,0,0,false,,,0
report-tool,notify_team,notify_team_8,8,cold,baseline:stateless,2,0,24467,0,0,0,0,0,0,not_measured,0,0,0,0,0,0,0,false,,,0
report-tool,weekly_report,weekly_report_9,9,warm,baseline:stateless,5,0,72741,0,0,0,0,0,0,not_measured,0,0,0,0,0,0,0,false,,,0
report-tool,notify_team,notify_team_10,10,warm,baseline:stateless,2,0,17658,0,0,0,0,0,0,not_measured,0,0,0,0,0,0,0,false,,,0
report-tool,weekly_report,weekly_report_11,11,warm,baseline:stateless,5,0,44502,0,0,0,0,0,0,not_measured,0,0,0,0,0,0,0,false,,,0
report-tool,notify_team,notify_team_12,12,warm,baseline:stateless,2,0,20669,0,0,0,0,0,0,not_measured,0,0,0,0,0,0,0,false,,,0
research-browser,fetch_and_summarize,fetch_and_summarize_13,13,cold,baseline:stateless,4,0,2199978,0,0,0,0,0,0,not_measured,0,0,1,0,0,0,0,false,,,0
research-browser,sync_notes,sync_notes_14,14,cold,baseline:stateless,4,0,2028123,0,0,0,0,0,0,not_measured,0,1,0,0,0,0,0,false,,,0
research-browser,fetch_and_summarize,fetch_and_summarize_15,15,warm,baseline:stateless,4,0,2424808,0,0,0,0,0,0,not_measured,0,0,1,0,0,0,0,false,,,0
research-browser,sync_notes,sync_notes_16,16,warm,baseline:stateless,4,0,1847422,0,0,0,0,0,0,not_measured,0,1,0,0,0,0,0,false,,,0
research-browser,fetch_and_summarize,fetch_and_summarize_17,17,warm,baseline:stateless,4,0,227337,0,0,0,0,0,0,not_measured,0,0,1,0,0,0,0,false,,,0
research-browser,sync_notes,sync_notes_18,18,warm,baseline:stateless,4,0,1917706,0,0,0,0,0,0,not_measured,0,1,0,0,0,0,0,false,,,0
utility-daemon,session_state,session_state_19,19,cold,baseline:stateless,3,0,26620,0,0,0,0,0,0,not_measured,0,0,0,0,0,0,0,false,,,0
utility-daemon,idle_tick,idle_tick_20,20,cold,baseline:stateless,3,0,2121740,0,0,0,0,0,0,not_measured,0,0,0,0,0,0,0,false,,,0
utility-daemon,session_state,session_state_21,21,warm,baseline:stateless,3,0,233080,0,0,0,0,0,0,not_measured,0,0,0,0,0,0,0,false,,,0
utility-daemon,idle_tick,idle_tick_22,22,warm,baseline:stateless,3,0,2154487,0,0,0,0,0,0,not_measured,0,0,0,0,0,0,0,false,,,0
utility-daemon,session_state,session_state_23,23,warm,baseline:stateless,3,0,161011,0,0,0,0,0,0,not_measured,0,0,0,0,0,0,0,false,,,0
utility-daemon,idle_tick,idle_tick_24,24,warm,baseline:stateless,3,0,2084044,0,0,0,0,0,0,not_measured,0,0,0,0,0,0,0,false,,,0
dev-editor,build_and_hash,build_and_hash_25,25,warm,baseline:stateless,3,0,2252541,0,0,0,0,0,0,not_measured,1,0,0,0,0,0,0,false,,,0
dev-editor,save_and_backup,save_and_backup_26,26,warm,baseline:stateless,5,0,44537,0,0,0,0,0,0,not_measured,0,0,0,0,0,0,0,false,,,0
dev-editor,build_and_hash,build_and_hash_27,27,warm,baseline:stateless,3,0,2199386,0,0,0,0,0,0,not_measured,1,0,0,0,0,0,0,false,,,0
dev-editor,save_and_backup,save_and_backup_28,28,warm,baseline:stateless,5,0,50602,0,0,0,0,0,0,not_measured,0,0,0,0,0,0,0,false,,,0
dev-editor,build_and_hash,build_and_hash_29,29,warm,baseline:stateless,3,0,2538308,0,0,0,0,0,0,not_measured,1,0,0,0,0,0,0,false,,,0
dev-editor,save_and_backup,save_and_backup_30,30,warm,baseline:stateless,5,0,213042,0,0,0,0,0,0,not_measured,0,0,0,0,0,0,0,false,,,0
dev-editor,build_and_hash,build_and_hash_31,31,warm,baseline:stateless,3,0,2124979,0,0,0,0,0,0,not_measured,1,0,0,0,0,0,0,false,,,0
dev-editor,save_and_backup,save_and_backup_32,32,warm,baseline:stateless,5,0,89578,0,0,0,0,0,0,not_measured,0,0,0,0,0,0,0,false,,,0
dev-editor,build_and_hash,build_and_hash_33,33,warm,baseline:stateless,3,0,1801111,0,0,0,0,0,0,not_measured,1,0,0,0,0,0,0,false,,,0
dev-editor,save_and_backup,save_and_backup_34,34,warm,baseline:stateless,5,0,40719,0,0,0,0,0,0,not_measured,0,0,0,0,0,0,0,false,,,0
dev-editor,build_and_hash,build_and_hash_35,35,warm,baseline:stateless,3,0,1877195,0,0,0,0,0,0,not_measured,1,0,0,0,0,0,0,false,,,0
dev-editor,save_and_backup,save_and_backup_36,36,warm,baseline:stateless,5,0,39121,0,0,0,0,0,0,not_measured,0,0,0,0,0,0,0,false,,,0
dev-editor,build_and_hash,build_and_hash_37,37,warm,baseline:stateless,3,0,1966195,0,0,0,0,0,0,not_measured,1,0,0,0,0,0,0,false,,,0
dev-editor,save_and_backup,save_and_backup_38,38,warm,baseline:stateless,5,0,37590,0,0,0,0,0,0,not_measured,0,0,0,0,0,0,0,false,,,0
dev-editor,build_and_hash,build_and_hash_39,39,warm,baseline:stateless,3,0,1923076,0,0,0,0,0,0,not_measured,1,0,0,0,0,0,0,false,,,0
dev-editor,save_and_backup,save_and_backup_40,40,warm,baseline:stateless,5,0,260874,0,0,0,0,0,0,not_measured,0,0,0,0,0,0,0,false,,,0
dev-editor,build_and_hash,build_and_hash_41,41,warm,baseline:stateless,3,0,1866087,0,0,0,0,0,0,not_measured,1,0,0,0,0,0,0,false,,,0
dev-editor,save_and_backup,save_and_backup_42,42,warm,baseline:stateless,5,0,40589,0,0,0,0,0,0,not_measured,0,0,0,0,0,0,0,false,,,0
dev-editor,build_and_hash,build_and_hash_43,43,warm,baseline:stateless,3,0,1725007,0,0,0,0,0,0,not_measured,1,0,0,0,0,0,0,false,,,0
dev-editor,save_and_backup,save_and_backup_44,44,warm,baseline:stateless,5,0,37076,0,0,0,0,0,0,not_measured,0,0,0,0,0,0,0,false,,,0
dev-editor,build_and_hash,build_and_hash_45,45,warm,baseline:stateless,3,0,2193843,0,0,0,0,0,0,not_measured,1,0,0,0,0,0,0,false,,,0
dev-editor,save_and_backup,save_and_backup_46,46,warm,baseline:stateless,5,0,37682,0,0,0,0,0,0,not_measured,0,0,0,0,0,0,0,false,,,0
dev-editor,build_and_hash,build_and_hash_47,47,warm,baseline:stateless,3,0,1779850,0,0,0,0,0,0,not_measured,1,0,0,0,0,0,0,false,,,0
dev-editor,save_and_backup,save_and_backup_48,48,warm,baseline:stateless,5,0,150725,0,0,0,0,0,0,not_measured,0,0,0,0,0,0,0,false,,,0
dev-editor,build_and_hash,build_and_hash_49,49,warm,baseline:stateless,3,0,2351121,0,0,0,0,0,0,not_measured,1,0,0,0,0,0,0,false,,,0
dev-editor,save_and_backup,save_and_backup_50,50,warm,baseline:stateless,5,0,43007,0,0,0,0,0,0,not_measured,0,0,0,0,0,0,0,false,,,0
dev-editor,build_and_hash,build_and_hash_51,51,warm,baseline:stateless,3,0,1678358,0,0,0,0,0,0,not_measured,1,0,0,0,0,0,0,false,,,0
dev-editor,save_and_backup,save_and_backup_52,52,warm,baseline:stateless,5,0,86687,0,0,0,0,0,0,not_measured,0,0,0,0,0,0,0,false,,,0
dev-editor,build_and_hash,build_and_hash_53,53,warm,baseline:stateless,3,0,2040573,0,0,0,0,0,0,not_measured,1,0,0,0,0,0,0,false,,,0
dev-editor,save_and_backup,save_and_backup_54,54,warm,baseline:stateless,5,0,44282,0,0,0,0,0,0,not_measured,0,0,0,0,0,0,0,false,,,0
dev-editor,build_and_hash,build_and_hash_55,55,warm,baseline:stateless,3,0,1809466,0,0,0,0,0,0,not_measured,1,0,0,0,0,0,0,false,,,0
dev-editor,save_and_backup,save_and_backup_56,56,warm,baseline:stateless,5,0,53342,0,0,0,0,0,0,not_measured,0,0,0,0,0,0,0,false,,,0
dev-editor,build_and_hash,build_and_hash_57,57,warm,baseline:stateless,3,0,1886745,0,0,0,0,0,0,not_measured,1,0,0,0,0,0,0,false,,,0
dev-editor,save_and_backup,save_and_backup_58,58,warm,baseline:stateless,5,0,51424,0,0,0,0,0,0,not_measured,0,0,0,0,0,0,0,false,,,0
dev-editor,build_and_hash,build_and_hash_59,59,warm,baseline:stateless,3,0,2054685,0,0,0,0,0,0,not_measured,1,0,0,0,0,0,0,false,,,0
dev-editor,save_and_backup,save_and_backup_60,60,warm,baseline:stateless,5,0,83937,0,0,0,0,0,0,not_measured,0,0,0,0,0,0,0,false,,,0
dev-editor,build_and_hash,build_and_hash_61,61,warm,baseline:stateless,3,0,1745774,0,0,0,0,0,0,not_measured,1,0,0,0,0,0,0,false,,,0
dev-editor,save_and_backup,save_and_backup_62,62,warm,baseline:stateless,5,0,76880,0,0,0,0,0,0,not_measured,0,0,0,0,0,0,0,false,,,0
dev-editor,build_and_hash,build_and_hash_63,63,warm,baseline:stateless,3,0,1658113,0,0,0,0,0,0,not_measured,1,0,0,0,0,0,0,false,,,0
dev-editor,save_and_backup,save_and_backup_64,64,warm,baseline:stateless,5,0,93798,0,0,0,0,0,0,not_measured,0,0,0,0,0,0,0,false,,,0
dev-editor,build_and_hash,build_and_hash_65,65,warm,baseline:stateless,3,0,1919134,0,0,0,0,0,0,not_measured,1,0,0,0,0,0,0,false,,,0
dev-editor,save_and_backup,save_and_backup_66,66,warm,baseline:stateless,5,0,47167,0,0,0,0,0,0,not_measured,0,0,0,0,0,0,0,false,,,0
dev-editor,build_and_hash,build_and_hash_67,67,warm,baseline:stateless,3,0,1807387,0,0,0,0,0,0,not_measured,1,0,0,0,0,0,0,false,,,0
dev-editor,save_and_backup,save_and_backup_68,68,warm,baseline:stateless,5,0,40496,0,0,0,0,0,0,not_measured,0,0,0,0,0,0,0,false,,,0
dev-editor,build_and_hash,build_and_hash_69,69,warm,baseline:stateless,3,0,1717329,0,0,0,0,0,0,not_measured,1,0,0,0,0,0,0,false,,,0
dev-editor,save_and_backup,save_and_backup_70,70,warm,baseline:stateless,5,0,43234,0,0,0,0,0,0,not_measured,0,0,0,0,0,0,0,false,,,0
dev-editor,build_and_hash,build_and_hash_71,71,warm,baseline:stateless,3,0,1869349,0,0,0,0,0,0,not_measured,1,0,0,0,0,0,0,false,,,0
dev-editor,save_and_backup,save_and_backup_72,72,warm,baseline:stateless,5,0,69972,0,0,0,0,0,0,not_measured,0,0,0,0,0,0,0,false,,,0
dev-editor,build_and_hash,build_and_hash_73,73,warm,baseline:stateless,3,0,1894284,0,0,0,0,0,0,not_measured,1,0,0,0,0,0,0,false,,,0
dev-editor,save_and_backup,save_and_backup_74,74,warm,baseline:stateless,5,0,54987,0,0,0,0,0,0,not_measured,0,0,0,0,0,0,0,false,,,0
dev-editor,build_and_hash,build_and_hash_75,75,warm,baseline:stateless,3,0,1700437,0,0,0,0,0,0,not_measured,1,0,0,0,0,0,0,false,,,0
dev-editor,save_and_backup,save_and_backup_76,76,warm,baseline:stateless,5,0,44773,0,0,0,0,0,0,not_measured,0,0,0,0,0,0,0,false,,,0
dev-editor,build_and_hash,build_and_hash_77,77,warm,baseline:stateless,3,0,1800011,0,0,0,0,0,0,not_measured,1,0,0,0,0,0,0,false,,,0
dev-editor,save_and_backup,save_and_backup_78,78,warm,baseline:stateless,5,0,78005,0,0,0,0,0,0,not_measured,0,0,0,0,0,0,0,false,,,0
dev-editor,build_and_hash,build_and_hash_79,79,warm,baseline:stateless,3,0,1636756,0,0,0,0,0,0,not_measured,1,0,0,0,0,0,0,false,,,0
dev-editor,save_and_backup,save_and_backup_80,80,warm,baseline:stateless,5,0,82093,0,0,0,0,0,0,not_measured,0,0,0,0,0,0,0,false,,,0
dev-editor,build_and_hash,build_and_hash_81,81,warm,baseline:stateless,3,0,1977571,0,0,0,0,0,0,not_measured,1,0,0,0,0,0,0,false,,,0
dev-editor,save_and_backup,save_and_backup_82,82,warm,baseline:stateless,5,0,51769,0,0,0,0,0,0,not_measured,0,0,0,0,0,0,0,false,,,0
dev-editor,build_and_hash,build_and_hash_83,83,warm,baseline:stateless,3,0,1846936,0,0,0,0,0,0,not_measured,1,0,0,0,0,0,0,false,,,0
dev-editor,save_and_backup,save_and_backup_84,84,warm,baseline:stateless,5,0,47017,0,0,0,0,0,0,not_measured,0,0,0,0,0,0,0,false,,,0
report-tool,weekly_report,weekly_report_85,85,warm,baseline:stateless,5,0,46074,0,0,0,0,0,0,not_measured,0,0,0,0,0,0,0,false,,,0
report-tool,notify_team,notify_team_86,86,warm,baseline:stateless,2,0,32739,0,0,0,0,0,0,not_measured,0,0,0,0,0,0,0,false,,,0
report-tool,weekly_report,weekly_report_87,87,warm,baseline:stateless,5,0,43865,0,0,0,0,0,0,not_measured,0,0,0,0,0,0,0,false,,,0
report-tool,notify_team,notify_team_88,88,warm,baseline:stateless,2,0,69368,0,0,0,0,0,0,not_measured,0,0,0,0,0,0,0,false,,,0
report-tool,weekly_report,weekly_report_89,89,warm,baseline:stateless,5,0,43417,0,0,0,0,0,0,not_measured,0,0,0,0,0,0,0,false,,,0
report-tool,notify_team,notify_team_90,90,warm,baseline:stateless,2,0,17553,0,0,0,0,0,0,not_measured,0,0,0,0,0,0,0,false,,,0
report-tool,weekly_report,weekly_report_91,91,warm,baseline:stateless,5,0,36883,0,0,0,0,0,0,not_measured,0,0,0,0,0,0,0,false,,,0
report-tool,notify_team,notify_team_92,92,warm,baseline:stateless,2,0,14045,0,0,0,0,0,0,not_measured,0,0,0,0,0,0,0,false,,,0
report-tool,weekly_report,weekly_report_93,93,warm,baseline:stateless,5,0,36270,0,0,0,0,0,0,not_measured,0,0,0,0,0,0,0,false,,,0
report-tool,notify_team,notify_team_94,94,warm,baseline:stateless,2,0,14278,0,0,0,0,0,0,not_measured,0,0,0,0,0,0,0,false,,,0
report-tool,weekly_report,weekly_report_95,95,warm,baseline:stateless,5,0,32755,0,0,0,0,0,0,not_measured,0,0,0,0,0,0,0,false,,,0
report-tool,notify_team,notify_team_96,96,warm,baseline:stateless,2,0,13505,0,0,0,0,0,0,not_measured,0,0,0,0,0,0,0,false,,,0
report-tool,weekly_report,weekly_report_97,97,warm,baseline:stateless,5,0,38682,0,0,0,0,0,0,not_measured,0,0,0,0,0,0,0,false,,,0
report-tool,notify_team,notify_team_98,98,warm,baseline:stateless,2,0,14140,0,0,0,0,0,0,not_measured,0,0,0,0,0,0,0,false,,,0
report-tool,weekly_report,weekly_report_99,99,warm,baseline:stateless,5,0,222656,0,0,0,0,0,0,not_measured,0,0,0,0,0,0,0,false,,,0
report-tool,notify_team,notify_team_100,100,warm,baseline:stateless,2,0,18111,0,0,0,0,0,0,not_measured,0,0,0,0,0,0,0,false,,,0
report-tool,weekly_report,weekly_report_101,101,warm,baseline:stateless,5,0,65867,0,0,0,0,0,0,not_measured,0,0,0,0,0,0,0,false,,,0
report-tool,notify_team,notify_team_102,102,warm,baseline:stateless,2,0,16784,0,0,0,0,0,0,not_measured,0,0,0,0,0,0,0,false,,,0
report-tool,weekly_report,weekly_report_103,103,warm,baseline:stateless,5,0,39554,0,0,0,0,0,0,not_measured,0,0,0,0,0,0,0,false,,,0
report-tool,notify_team,notify_team_104,104,warm,baseline:stateless,2,0,14196,0,0,0,0,0,0,not_measured,0,0,0,0,0,0,0,false,,,0
report-tool,weekly_report,weekly_report_105,105,warm,baseline:stateless,5,0,34218,0,0,0,0,0,0,not_measured,0,0,0,0,0,0,0,false,,,0
report-tool,notify_team,notify_team_106,106,warm,baseline:stateless,2,0,15874,0,0,0,0,0,0,not_measured,0,0,0,0,0,0,0,false,,,0
report-tool,weekly_report,weekly_report_107,107,warm,baseline:stateless,5,0,70877,0,0,0,0,0,0,not_measured,0,0,0,0,0,0,0,false,,,0
report-tool,notify_team,notify_team_108,108,warm,baseline:stateless,2,0,16689,0,0,0,0,0,0,not_measured,0,0,0,0,0,0,0,false,,,0
report-tool,weekly_report,weekly_report_109,109,warm,baseline:stateless,5,0,66409,0,0,0,0,0,0,not_measured,0,0,0,0,0,0,0,false,,,0
report-tool,notify_team,notify_team_110,110,warm,baseline:stateless,2,0,16369,0,0,0,0,0,0,not_measured,0,0,0,0,0,0,0,false,,,0
report-tool,weekly_report,weekly_report_111,111,warm,baseline:stateless,5,0,35583,0,0,0,0,0,0,not_measured,0,0,0,0,0,0,0,false,,,0
report-tool,notify_team,notify_team_112,112,warm,baseline:stateless,2,0,13968,0,0,0,0,0,0,not_measured,0,0,0,0,0,0,0,false,,,0
report-tool,weekly_report,weekly_report_113,113,warm,baseline:stateless,5,0,47607,0,0,0,0,0,0,not_measured,0,0,0,0,0,0,0,false,,,0
report-tool,notify_team,notify_team_114,114,warm,baseline:stateless,2,0,14998,0,0,0,0,0,0,not_measured,0,0,0,0,0,0,0,false,,,0
report-tool,weekly_report,weekly_report_115,115,warm,baseline:stateless,5,0,36013,0,0,0,0,0,0,not_measured,0,0,0,0,0,0,0,false,,,0
report-tool,notify_team,notify_team_116,116,warm,baseline:stateless,2,0,14104,0,0,0,0,0,0,not_measured,0,0,0,0,0,0,0,false,,,0
report-tool,weekly_report,weekly_report_117,117,warm,baseline:stateless,5,0,87368,0,0,0,0,0,0,not_measured,0,0,0,0,0,0,0,false,,,0
report-tool,notify_team,notify_team_118,118,warm,baseline:stateless,2,0,17034,0,0,0,0,0,0,not_measured,0,0,0,0,0,0,0,false,,,0
report-tool,weekly_report,weekly_report_119,119,warm,baseline:stateless,5,0,35796,0,0,0,0,0,0,not_measured,0,0,0,0,0,0,0,false,,,0
report-tool,notify_team,notify_team_120,120,warm,baseline:stateless,2,0,14311,0,0,0,0,0,0,not_measured,0,0,0,0,0,0,0,false,,,0
report-tool,weekly_report,weekly_report_121,121,warm,baseline:stateless,5,0,86919,0,0,0,0,0,0,not_measured,0,0,0,0,0,0,0,false,,,0
report-tool,notify_team,notify_team_122,122,warm,baseline:stateless,2,0,24427,0,0,0,0,0,0,not_measured,0,0,0,0,0,0,0,false,,,0
report-tool,weekly_report,weekly_report_123,123,warm,baseline:stateless,5,0,107067,0,0,0,0,0,0,not_measured,0,0,0,0,0,0,0,false,,,0
report-tool,notify_team,notify_team_124,124,warm,baseline:stateless,2,0,17844,0,0,0,0,0,0,not_measured,0,0,0,0,0,0,0,false,,,0
report-tool,weekly_report,weekly_report_125,125,warm,baseline:stateless,5,0,39431,0,0,0,0,0,0,not_measured,0,0,0,0,0,0,0,false,,,0
report-tool,notify_team,notify_team_126,126,warm,baseline:stateless,2,0,14768,0,0,0,0,0,0,not_measured,0,0,0,0,0,0,0,false,,,0
report-tool,weekly_report,weekly_report_127,127,warm,baseline:stateless,5,0,36740,0,0,0,0,0,0,not_measured,0,0,0,0,0,0,0,false,,,0
report-tool,notify_team,notify_team_128,128,warm,baseline:stateless,2,0,15231,0,0,0,0,0,0,not_measured,0,0,0,0,0,0,0,false,,,0
report-tool,weekly_report,weekly_report_129,129,warm,baseline:stateless,5,0,39219,0,0,0,0,0,0,not_measured,0,0,0,0,0,0,0,false,,,0
report-tool,notify_team,notify_team_130,130,warm,baseline:stateless,2,0,20501,0,0,0,0,0,0,not_measured,0,0,0,0,0,0,0,false,,,0
report-tool,weekly_report,weekly_report_131,131,warm,baseline:stateless,5,0,37688,0,0,0,0,0,0,not_measured,0,0,0,0,0,0,0,false,,,0
report-tool,notify_team,notify_team_132,132,warm,baseline:stateless,2,0,18764,0,0,0,0,0,0,not_measured,0,0,0,0,0,0,0,false,,,0
report-tool,weekly_report,weekly_report_133,133,warm,baseline:stateless,5,0,46591,0,0,0,0,0,0,not_measured,0,0,0,0,0,0,0,false,,,0
report-tool,notify_team,notify_team_134,134,warm,baseline:stateless,2,0,16678,0,0,0,0,0,0,not_measured,0,0,0,0,0,0,0,false,,,0
report-tool,weekly_report,weekly_report_135,135,warm,baseline:stateless,5,0,37950,0,0,0,0,0,0,not_measured,0,0,0,0,0,0,0,false,,,0
report-tool,notify_team,notify_team_136,136,warm,baseline:stateless,2,0,14187,0,0,0,0,0,0,not_measured,0,0,0,0,0,0,0,false,,,0
report-tool,weekly_report,weekly_report_137,137,warm,baseline:stateless,5,0,35981,0,0,0,0,0,0,not_measured,0,0,0,0,0,0,0,false,,,0
report-tool,notify_team,notify_team_138,138,warm,baseline:stateless,2,0,14192,0,0,0,0,0,0,not_measured,0,0,0,0,0,0,0,false,,,0
report-tool,weekly_report,weekly_report_139,139,warm,baseline:stateless,5,0,66231,0,0,0,0,0,0,not_measured,0,0,0,0,0,0,0,false,,,0
report-tool,notify_team,notify_team_140,140,warm,baseline:stateless,2,0,18739,0,0,0,0,0,0,not_measured,0,0,0,0,0,0,0,false,,,0
research-browser,fetch_and_summarize,fetch_and_summarize_141,141,warm,baseline:stateless,4,0,2165473,0,0,0,0,0,0,not_measured,0,0,1,0,0,0,0,false,,,0
research-browser,sync_notes,sync_notes_142,142,warm,baseline:stateless,4,0,1333987,0,0,0,0,0,0,not_measured,0,1,0,0,0,0,0,false,,,0
research-browser,fetch_and_summarize,fetch_and_summarize_143,143,warm,baseline:stateless,4,0,789720,0,0,0,0,0,0,not_measured,0,0,1,0,0,0,0,false,,,0
research-browser,sync_notes,sync_notes_144,144,warm,baseline:stateless,4,0,1294848,0,0,0,0,0,0,not_measured,0,1,0,0,0,0,0,false,,,0
research-browser,fetch_and_summarize,fetch_and_summarize_145,145,warm,baseline:stateless,4,0,865063,0,0,0,0,0,0,not_measured,0,0,1,0,0,0,0,false,,,0
research-browser,sync_notes,sync_notes_146,146,warm,baseline:stateless,4,0,1243256,0,0,0,0,0,0,not_measured,0,1,0,0,0,0,0,false,,,0
research-browser,fetch_and_summarize,fetch_and_summarize_147,147,warm,baseline:stateless,4,0,856770,0,0,0,0,0,0,not_measured,0,0,1,0,0,0,0,false,,,0
research-browser,sync_notes,sync_notes_148,148,warm,baseline:stateless,4,0,1233894,0,0,0,0,0,0,not_measured,0,1,0,0,0,0,0,false,,,0
research-browser,fetch_and_summarize,fetch_and_summarize_149,149,warm,baseline:stateless,4,0,862511,0,0,0,0,0,0,not_measured,0,0,1,0,0,0,0,false,,,0
research-browser,sync_notes,sync_notes_150,150,warm,baseline:stateless,4,0,1232950,0,0,0,0,0,0,not_measured,0,1,0,0,0,0,0,false,,,0
research-browser,fetch_and_summarize,fetch_and_summarize_151,151,warm,baseline:stateless,4,0,901558,0,0,0,0,0,0,not_measured,0,0,1,0,0,0,0,false,,,0
research-browser,sync_notes,sync_notes_152,152,warm,baseline:stateless,4,0,1192848,0,0,0,0,0,0,not_measured,0,1,0,0,0,0,0,false,,,0
research-browser,fetch_and_summarize,fetch_and_summarize_153,153,warm,baseline:stateless,4,0,946907,0,0,0,0,0,0,not_measured,0,0,1,0,0,0,0,false,,,0
research-browser,sync_notes,sync_notes_154,154,warm,baseline:stateless,4,0,1149612,0,0,0,0,0,0,not_measured,0,1,0,0,0,0,0,false,,,0
research-browser,fetch_and_summarize,fetch_and_summarize_155,155,warm,baseline:stateless,4,0,967753,0,0,0,0,0,0,not_measured,0,0,1,0,0,0,0,false,,,0
research-browser,sync_notes,sync_notes_156,156,warm,baseline:stateless,4,0,1162718,0,0,0,0,0,0,not_measured,0,1,0,0,0,0,0,false,,,0
research-browser,fetch_and_summarize,fetch_and_summarize_157,157,warm,baseline:stateless,4,0,990423,0,0,0,0,0,0,not_measured,0,0,1,0,0,0,0,false,,,0
research-browser,sync_notes,sync_notes_158,158,warm,baseline:stateless,4,0,1128237,0,0,0,0,0,0,not_measured,0,1,0,0,0,0,0,false,,,0
research-browser,fetch_and_summarize,fetch_and_summarize_159,159,warm,baseline:stateless,4,0,1117001,0,0,0,0,0,0,not_measured,0,0,1,0,0,0,0,false,,,0
research-browser,sync_notes,sync_notes_160,160,warm,baseline:stateless,4,0,949237,0,0,0,0,0,0,not_measured,0,1,0,0,0,0,0,false,,,0
research-browser,fetch_and_summarize,fetch_and_summarize_161,161,warm,baseline:stateless,4,0,1169988,0,0,0,0,0,0,not_measured,0,0,1,0,0,0,0,false,,,0
research-browser,sync_notes,sync_notes_162,162,warm,baseline:stateless,4,0,915319,0,0,0,0,0,0,not_measured,0,1,0,0,0,0,0,false,,,0
research-browser,fetch_and_summarize,fetch_and_summarize_163,163,warm,baseline:stateless,4,0,1257240,0,0,0,0,0,0,not_measured,0,0,1,0,0,0,0,false,,,0
research-browser,sync_notes,sync_notes_164,164,warm,baseline:stateless,4,0,941869,0,0,0,0,0,0,not_measured,0,1,0,0,0,0,0,false,,,0
research-browser,fetch_and_summarize,fetch_and_summarize_165,165,warm,baseline:stateless,4,0,1238663,0,0,0,0,0,0,not_measured,0,0,1,0,0,0,0,false,,,0
research-browser,sync_notes,sync_notes_166,166,warm,baseline:stateless,4,0,927774,0,0,0,0,0,0,not_measured,0,1,0,0,0,0,0,false,,,0
research-browser,fetch_and_summarize,fetch_and_summarize_167,167,warm,baseline:stateless,4,0,1244912,0,0,0,0,0,0,not_measured,0,0,1,0,0,0,0,false,,,0
research-browser,sync_notes,sync_notes_168,168,warm,baseline:stateless,4,0,957237,0,0,0,0,0,0,not_measured,0,1,0,0,0,0,0,false,,,0
research-browser,fetch_and_summarize,fetch_and_summarize_169,169,warm,baseline:stateless,4,0,1260768,0,0,0,0,0,0,not_measured,0,0,1,0,0,0,0,false,,,0
research-browser,sync_notes,sync_notes_170,170,warm,baseline:stateless,4,0,818919,0,0,0,0,0,0,not_measured,0,1,0,0,0,0,0,false,,,0
research-browser,fetch_and_summarize,fetch_and_summarize_171,171,warm,baseline:stateless,4,0,1379675,0,0,0,0,0,0,not_measured,0,0,1,0,0,0,0,false,,,0
research-browser,sync_notes,sync_notes_172,172,warm,baseline:stateless,4,0,704834,0,0,0,0,0,0,not_measured,0,1,0,0,0,0,0,false,,,0
research-browser,fetch_and_summarize,fetch_and_summarize_173,173,warm,baseline:stateless,4,0,1316973,0,0,0,0,0,0,not_measured,0,0,1,0,0,0,0,false,,,0
research-browser,sync_notes,sync_notes_174,174,warm,baseline:stateless,4,0,763995,0,0,0,0,0,0,not_measured,0,1,0,0,0,0,0,false,,,0
research-browser,fetch_and_summarize,fetch_and_summarize_175,175,warm,baseline:stateless,4,0,1356070,0,0,0,0,0,0,not_measured,0,0,1,0,0,0,0,false,,,0
research-browser,sync_notes,sync_notes_176,176,warm,baseline:stateless,4,0,699615,0,0,0,0,0,0,not_measured,0,1,0,0,0,0,0,false,,,0
research-browser,fetch_and_summarize,fetch_and_summarize_177,177,warm,baseline:stateless,4,0,1419319,0,0,0,0,0,0,not_measured,0,0,1,0,0,0,0,false,,,0
research-browser,sync_notes,sync_notes_178,178,warm,baseline:stateless,4,0,744235,0,0,0,0,0,0,not_measured,0,1,0,0,0,0,0,false,,,0
research-browser,fetch_and_summarize,fetch_and_summarize_179,179,warm,baseline:stateless,4,0,1602487,0,0,0,0,0,0,not_measured,0,0,1,0,0,0,0,false,,,0
research-browser,sync_notes,sync_notes_180,180,warm,baseline:stateless,4,0,443220,0,0,0,0,0,0,not_measured,0,1,0,0,0,0,0,false,,,0
research-browser,fetch_and_summarize,fetch_and_summarize_181,181,warm,baseline:stateless,4,0,1729738,0,0,0,0,0,0,not_measured,0,0,1,0,0,0,0,false,,,0
research-browser,sync_notes,sync_notes_182,182,warm,baseline:stateless,4,0,377860,0,0,0,0,0,0,not_measured,0,1,0,0,0,0,0,false,,,0
research-browser,fetch_and_summarize,fetch_and_summarize_183,183,warm,baseline:stateless,4,0,1651698,0,0,0,0,0,0,not_measured,0,0,1,0,0,0,0,false,,,0
research-browser,sync_notes,sync_notes_184,184,warm,baseline:stateless,4,0,531401,0,0,0,0,0,0,not_measured,0,1,0,0,0,0,0,false,,,0
research-browser,fetch_and_summarize,fetch_and_summarize_185,185,warm,baseline:stateless,4,0,1577231,0,0,0,0,0,0,not_measured,0,0,1,0,0,0,0,false,,,0
research-browser,sync_notes,sync_notes_186,186,warm,baseline:stateless,4,0,421639,0,0,0,0,0,0,not_measured,0,1,0,0,0,0,0,false,,,0
research-browser,fetch_and_summarize,fetch_and_summarize_187,187,warm,baseline:stateless,4,0,1678042,0,0,0,0,0,0,not_measured,0,0,1,0,0,0,0,false,,,0
research-browser,sync_notes,sync_notes_188,188,warm,baseline:stateless,4,0,450255,0,0,0,0,0,0,not_measured,0,1,0,0,0,0,0,false,,,0
research-browser,fetch_and_summarize,fetch_and_summarize_189,189,warm,baseline:stateless,4,0,1749195,0,0,0,0,0,0,not_measured,0,0,1,0,0,0,0,false,,,0
research-browser,sync_notes,sync_notes_190,190,warm,baseline:stateless,4,0,390137,0,0,0,0,0,0,not_measured,0,1,0,0,0,0,0,false,,,0
utility-daemon,session_state,session_state_191,191,warm,baseline:stateless,3,0,86752,0,0,0,0,0,0,not_measured,0,0,0,0,0,0,0,false,,,0
utility-daemon,idle_tick,idle_tick_192,192,warm,baseline:stateless,3,0,2363037,0,0,0,0,0,0,not_measured,0,0,0,0,0,0,0,false,,,0
utility-daemon,session_state,session_state_193,193,warm,baseline:stateless,3,0,65996,0,0,0,0,0,0,not_measured,0,0,0,0,0,0,0,false,,,0
utility-daemon,idle_tick,idle_tick_194,194,warm,baseline:stateless,3,0,2166653,0,0,0,0,0,0,not_measured,0,0,0,0,0,0,0,false,,,0
utility-daemon,session_state,session_state_195,195,warm,baseline:stateless,3,0,77414,0,0,0,0,0,0,not_measured,0,0,0,0,0,0,0,false,,,0
utility-daemon,idle_tick,idle_tick_196,196,warm,baseline:stateless,3,0,2292028,0,0,0,0,0,0,not_measured,0,0,0,0,0,0,0,false,,,0
utility-daemon,session_state,session_state_197,197,warm,baseline:stateless,3,0,176671,0,0,0,0,0,0,not_measured,0,0,0,0,0,0,0,false,,,0
utility-daemon,idle_tick,idle_tick_198,198,warm,baseline:stateless,3,0,2205231,0,0,0,0,0,0,not_measured,0,0,0,0,0,0,0,false,,,0
utility-daemon,session_state,session_state_199,199,warm,baseline:stateless,3,0,121252,0,0,0,0,0,0,not_measured,0,0,0,0,0,0,0,false,,,0
utility-daemon,idle_tick,idle_tick_200,200,warm,baseline:stateless,3,0,2140719,0,0,0,0,0,0,not_measured,0,0,0,0,0,0,0,false,,,0
utility-daemon,session_state,session_state_201,201,warm,baseline:stateless,3,0,104595,0,0,0,0,0,0,not_measured,0,0,0,0,0,0,0,false,,,0
utility-daemon,idle_tick,idle_tick_202,202,warm,baseline:stateless,3,0,2298896,0,0,0,0,0,0,not_measured,0,0,0,0,0,0,0,false,,,0
utility-daemon,session_state,session_state_203,203,warm,baseline:stateless,3,0,159984,0,0,0,0,0,0,not_measured,0,0,0,0,0,0,0,false,,,0
utility-daemon,idle_tick,idle_tick_204,204,warm,baseline:stateless,3,0,2194175,0,0,0,0,0,0,not_measured,0,0,0,0,0,0,0,false,,,0
utility-daemon,session_state,session_state_205,205,warm,baseline:stateless,3,0,75439,0,0,0,0,0,0,not_measured,0,0,0,0,0,0,0,false,,,0
utility-daemon,idle_tick,idle_tick_206,206,warm,baseline:stateless,3,0,2124359,0,0,0,0,0,0,not_measured,0,0,0,0,0,0,0,false,,,0
utility-daemon,session_state,session_state_207,207,warm,baseline:stateless,3,0,70113,0,0,0,0,0,0,not_measured,0,0,0,0,0,0,0,false,,,0
utility-daemon,idle_tick,idle_tick_208,208,warm,baseline:stateless,3,0,2359094,0,0,0,0,0,0,not_measured,0,0,0,0,0,0,0,false,,,0
utility-daemon,session_state,session_state_209,209,warm,baseline:stateless,3,0,69478,0,0,0,0,0,0,not_measured,0,0,0,0,0,0,0,false,,,0
utility-daemon,idle_tick,idle_tick_210,210,warm,baseline:stateless,3,0,2145122,0,0,0,0,0,0,not_measured,0,0,0,0,0,0,0,false,,,0
utility-daemon,session_state,session_state_211,211,warm,baseline:stateless,3,0,167136,0,0,0,0,0,0,not_measured,0,0,0,0,0,0,0,false,,,0
utility-daemon,idle_tick,idle_tick_212,212,warm,baseline:stateless,3,0,2158074,0,0,0,0,0,0,not_measured,0,0,0,0,0,0,0,false,,,0
utility-daemon,session_state,session_state_213,213,warm,baseline:stateless,3,0,123783,0,0,0,0,0,0,not_measured,0,0,0,0,0,0,0,false,,,0
utility-daemon,idle_tick,idle_tick_214,214,warm,baseline:stateless,3,0,2117365,0,0,0,0,0,0,not_measured,0,0,0,0,0,0,0,false,,,0
utility-daemon,session_state,session_state_215,215,warm,baseline:stateless,3,0,94537,0,0,0,0,0,0,not_measured,0,0,0,0,0,0,0,false,,,0
utility-daemon,idle_tick,idle_tick_216,216,warm,baseline:stateless,3,0,2215413,0,0,0,0,0,0,not_measured,0,0,0,0,0,0,0,false,,,0
utility-daemon,session_state,session_state_217,217,warm,baseline:stateless,3,0,118957,0,0,0,0,0,0,not_measured,0,0,0,0,0,0,0,false,,,0
utility-daemon,idle_tick,idle_tick_218,218,warm,baseline:stateless,3,0,2134400,0,0,0,0,0,0,not_measured,0,0,0,0,0,0,0,false,,,0
utility-daemon,session_state,session_state_219,219,warm,baseline:stateless,3,0,123232,0,0,0,0,0,0,not_measured,0,0,0,0,0,0,0,false,,,0
utility-daemon,idle_tick,idle_tick_220,220,warm,baseline:stateless,3,0,2356662,0,0,0,0,0,0,not_measured,0,0,0,0,0,0,0,false,,,0
utility-daemon,session_state,session_state_221,221,warm,baseline:stateless,3,0,200673,0,0,0,0,0,0,not_measured,0,0,0,0,0,0,0,false,,,0
utility-daemon,idle_tick,idle_tick_222,222,warm,baseline:stateless,3,0,2165174,0,0,0,0,0,0,not_measured,0,0,0,0,0,0,0,false,,,0
utility-daemon,session_state,session_state_223,223,warm,baseline:stateless,3,0,150734,0,0,0,0,0,0,not_measured,0,0,0,0,0,0,0,false,,,0
utility-daemon,idle_tick,idle_tick_224,224,warm,baseline:stateless,3,0,2277006,0,0,0,0,0,0,not_measured,0,0,0,0,0,0,0,false,,,0
utility-daemon,session_state,session_state_225,225,warm,baseline:stateless,3,0,133720,0,0,0,0,0,0,not_measured,0,0,0,0,0,0,0,false,,,0
utility-daemon,idle_tick,idle_tick_226,226,warm,baseline:stateless,3,0,2272432,0,0,0,0,0,0,not_measured,0,0,0,0,0,0,0,false,,,0
utility-daemon,session_state,session_state_227,227,warm,baseline:stateless,3,0,385487,0,0,0,0,0,0,not_measured,0,0,0,0,0,0,0,false,,,0
utility-daemon,idle_tick,idle_tick_228,228,warm,baseline:stateless,3,0,2173835,0,0,0,0,0,0,not_measured,0,0,0,0,0,0,0,false,,,0
utility-daemon,session_state,session_state_229,229,warm,baseline:stateless,3,0,73679,0,0,0,0,0,0,not_measured,0,0,0,0,0,0,0,false,,,0
utility-daemon,idle_tick,idle_tick_230,230,warm,baseline:stateless,3,0,2132475,0,0,0,0,0,0,not_measured,0,0,0,0,0,0,0,false,,,0
utility-daemon,session_state,session_state_231,231,warm,baseline:stateless,3,0,76434,0,0,0,0,0,0,not_measured,0,0,0,0,0,0,0,false,,,0
utility-daemon,idle_tick,idle_tick_232,232,warm,baseline:stateless,3,0,2374885,0,0,0,0,0,0,not_measured,0,0,0,0,0,0,0,false,,,0
utility-daemon,session_state,session_state_233,233,warm,baseline:stateless,3,0,91607,0,0,0,0,0,0,not_measured,0,0,0,0,0,0,0,false,,,0
utility-daemon,idle_tick,idle_tick_234,234,warm,baseline:stateless,3,0,2365189,0,0,0,0,0,0,not_measured,0,0,0,0,0,0,0,false,,,0
utility-daemon,session_state,session_state_235,235,warm,baseline:stateless,3,0,143832,0,0,0,0,0,0,not_measured,0,0,0,0,0,0,0,false,,,0
utility-daemon,idle_tick,idle_tick_236,236,warm,baseline:stateless,3,0,2102627,0,0,0,0,0,0,not_measured,0,0,0,0,0,0,0,false,,,0
utility-daemon,session_state,session_state_237,237,warm,baseline:stateless,3,0,104166,0,0,0,0,0,0,not_measured,0,0,0,0,0,0,0,false,,,0
utility-daemon,idle_tick,idle_tick_238,238,warm,baseline:stateless,3,0,2289192,0,0,0,0,0,0,not_measured,0,0,0,0,0,0,0,false,,,0
utility-daemon,session_state,session_state_239,239,warm,baseline:stateless,3,0,133018,0,0,0,0,0,0,not_measured,0,0,0,0,0,0,0,false,,,0
utility-daemon,idle_tick,idle_tick_240,240,warm,baseline:stateless,3,0,2146698,0,0,0,0,0,0,not_measured,0,0,0,0,0,0,0,false,,,0
utility-daemon,session_state,session_state_241,241,warm,baseline:stateless,3,0,70399,0,0,0,0,0,0,not_measured,0,0,0,0,0,0,0,false,,,0
utility-daemon,idle_tick,idle_tick_242,242,warm,baseline:stateless,3,0,2150322,0,0,0,0,0,0,not_measured,0,0,0,0,0,0,0,false,,,0
utility-daemon,session_state,session_state_243,243,warm,baseline:stateless,3,0,256585,0,0,0,0,0,0,not_measured,0,0,0,0,0,0,0,false,,,0
utility-daemon,idle_tick,idle_tick_244,244,warm,baseline:stateless,3,0,2120203,0,0,0,0,0,0,not_measured,0,0,0,0,0,0,0,false,,,0
utility-daemon,session_state,session_state_245,245,warm,baseline:stateless,3,0,194968,0,0,0,0,0,0,not_measured,0,0,0,0,0,0,0,false,,,0
utility-daemon,idle_tick,idle_tick_246,246,warm,baseline:stateless,3,0,2163755,0,0,0,0,0,0,not_measured,0,0,0,0,0,0,0,false,,,0
utility-daemon,session_state,session_state_247,247,warm,baseline:stateless,3,0,115904,0,0,0,0,0,0,not_measured,0,0,0,0,0,0,0,false,,,0
utility-daemon,idle_tick,idle_tick_248,248,warm,baseline:stateless,3,0,2329152,0,0,0,0,0,0,not_measured,0,0,0,0,0,0,0,false,,,0
utility-daemon,session_state,session_state_249,249,warm,baseline:stateless,3,0,107959,0,0,0,0,0,0,not_measured,0,0,0,0,0,0,0,false,,,0
utility-daemon,idle_tick,idle_tick_250,250,warm,baseline:stateless,3,0,2113815,0,0,0,0,0,0,not_measured,0,0,0,0,0,0,0,false,,,0
report-tool,weekly_report,weekly_report_251,251,warm,baseline:stateless,6,0,83571,0,0,0,0,0,0,not_measured,0,0,0,0,0,0,0,false,,,0
report-tool,weekly_report,weekly_report_252,252,warm,baseline:stateless,6,0,116570,0,0,0,0,0,0,not_measured,0,0,0,0,0,0,0,false,,,0
report-tool,weekly_report,weekly_report_253,253,warm,baseline:stateless,6,0,53671,0,0,0,0,0,0,not_measured,0,0,0,0,0,0,0,false,,,0
report-tool,weekly_report,weekly_report_254,254,warm,baseline:stateless,6,0,44326,0,0,0,0,0,0,not_measured,0,0,0,0,0,0,0,false,,,0
report-tool,weekly_report,weekly_report_255,255,warm,baseline:stateless,6,0,79628,0,0,0,0,0,0,not_measured,0,0,0,0,0,0,0,false,,,0
report-tool,weekly_report,weekly_report_256,256,warm,baseline:stateless,6,0,52612,0,0,0,0,0,0,not_measured,0,0,0,0,0,0,0,false,,,0
report-tool,weekly_report,weekly_report_257,257,warm,baseline:stateless,6,0,79472,0,0,0,0,0,0,not_measured,0,0,0,0,0,0,0,false,,,0
report-tool,weekly_report,weekly_report_258,258,warm,baseline:stateless,6,0,47076,0,0,0,0,0,0,not_measured,0,0,0,0,0,0,0,false,,,0
report-tool,weekly_report,weekly_report_259,259,warm,baseline:stateless,6,0,47830,0,0,0,0,0,0,not_measured,0,0,0,0,0,0,0,false,,,0
report-tool,weekly_report,weekly_report_260,260,warm,baseline:stateless,6,0,63664,0,0,0,0,0,0,not_measured,0,0,0,0,0,0,0,false,,,0
dev-editor,save_and_backup,save_and_backup_261,261,warm,baseline:stateless,5,0,104222,0,0,0,0,0,0,not_measured,0,0,0,0,0,0,0,false,,,0
dev-editor,save_and_backup,save_and_backup_262,262,warm,baseline:stateless,5,0,241834,0,0,0,0,0,0,not_measured,0,0,0,0,0,0,0,false,,,0
dev-editor,save_and_backup,save_and_backup_263,263,warm,baseline:stateless,5,0,64190,0,0,0,0,0,0,not_measured,0,0,0,0,0,0,0,false,,,0
dev-editor,save_and_backup,save_and_backup_264,264,warm,baseline:stateless,5,0,174789,0,0,0,0,0,0,not_measured,0,0,0,0,0,0,0,false,,,0
dev-editor,save_and_backup,save_and_backup_265,265,warm,baseline:stateless,5,0,87690,0,0,0,0,0,0,not_measured,0,0,0,0,0,0,0,false,,,0
dev-editor,save_and_backup,save_and_backup_266,266,warm,baseline:stateless,5,0,140499,0,0,0,0,0,0,not_measured,0,0,0,0,0,0,0,false,,,0
dev-editor,save_and_backup,save_and_backup_267,267,warm,baseline:stateless,5,0,74291,0,0,0,0,0,0,not_measured,0,0,0,0,0,0,0,false,,,0
dev-editor,save_and_backup,save_and_backup_268,268,warm,baseline:stateless,5,0,41000,0,0,0,0,0,0,not_measured,0,0,0,0,0,0,0,false,,,0
dev-editor,save_and_backup,save_and_backup_82,269,warm,baseline:stateless,5,0,93768,0,0,0,0,0,0,not_measured,0,0,0,0,0,0,0,false,,,0
utility-daemon,idle_tick,idle_tick_202,270,warm,baseline:stateless,3,0,2106120,0,0,0,0,0,0,not_measured,0,0,0,0,0,0,0,false,,,0
research-browser,sync_notes,sync_notes_176,271,warm,baseline:stateless,4,0,494603,0,0,0,0,0,0,not_measured,0,1,0,0,0,0,0,false,,,0
research-browser,fetch_and_summarize,fetch_and_summarize_157,272,warm,baseline:stateless,4,0,1659897,0,0,0,0,0,0,not_measured,0,0,1,0,0,0,0,false,,,0
dev-editor,save_and_backup,save_and_backup_62,273,warm,baseline:stateless,5,0,106121,0,0,0,0,0,0,not_measured,0,0,0,0,0,0,0,false,,,0
research-browser,sync_notes,sync_notes_16,274,warm,baseline:stateless,4,0,320817,0,0,0,0,0,0,not_measured,0,1,0,0,0,0,0,false,,,0
research-browser,fetch_and_summarize,fetch_and_summarize_177,275,warm,baseline:stateless,4,0,1659639,0,0,0,0,0,0,not_measured,0,0,1,0,0,0,0,false,,,0
dev-editor,build_and_hash,build_and_hash_55,276,warm,baseline:stateless,3,0,2386893,0,0,0,0,0,0,not_measured,1,0,0,0,0,0,0,false,,,0
research-browser,fetch_and_summarize,fetch_and_summarize_151,277,warm,baseline:stateless,4,0,1837520,0,0,0,0,0,0,not_measured,0,0,1,0,0,0,0,false,,,0
report-tool,weekly_report,weekly_report_256,278,warm,baseline:stateless,6,0,107647,0,0,0,0,0,0,not_measured,0,0,0,0,0,0,0,false,,,0
dev-editor,build_and_hash,build_and_hash_31,279,warm,baseline:stateless,3,0,1893485,0,0,0,0,0,0,not_measured,1,0,0,0,0,0,0,false,,,0
report-tool,notify_team,notify_team_128,280,warm,baseline:stateless,2,0,44022,0,0,0,0,0,0,not_measured,0,0,0,0,0,0,0,false,,,0
report-tool,notify_team,notify_team_112,281,warm,baseline:stateless,2,0,15455,0,0,0,0,0,0,not_measured,0,0,0,0,0,0,0,false,,,0
dev-editor,build_and_hash,build_and_hash_79,282,warm,baseline:stateless,3,0,1972835,0,0,0,0,0,0,not_measured,1,0,0,0,0,0,0,false,,,0
report-tool,notify_team,notify_team_120,283,warm,baseline:stateless,2,0,27389,0,0,0,0,0,0,not_measured,0,0,0,0,0,0,0,false,,,0
dev-editor,build_and_hash,build_and_hash_3,284,warm,baseline:stateless,3,0,1864551,0,0,0,0,0,0,not_measured,1,0,0,0,0,0,0,false,,,0
report-tool,weekly_report,weekly_report_117,285,warm,baseline:stateless,5,0,91218,0,0,0,0,0,0,not_measured,0,0,0,0,0,0,0,false,,,0
utility-daemon,session_state,session_state_211,286,warm,baseline:stateless,3,0,66720,0,0,0,0,0,0,not_measured,0,0,0,0,0,0,0,false,,,0
research-browser,fetch_and_summarize,fetch_and_summarize_185,287,warm,baseline:stateless,4,0,2212454,0,0,0,0,0,0,not_measured,0,0,1,0,0,0,0,false,,,0
utility-daemon,session_state,session_state_193,288,warm,baseline:stateless,3,0,72430,0,0,0,0,0,0,not_measured,0,0,0,0,0,0,0,false,,,0
dev-editor,noise,noise_269,289,cold,baseline:stateless,2,0,12165,0,0,0,0,0,0,not_measured,0,0,0,0,0,0,0,false,,,0
dev-editor,noise,noise_270,290,warm,baseline:stateless,2,0,9152,0,0,0,0,0,0,not_measured,0,0,0,0,0,0,0,false,,,0
dev-editor,noise,noise_271,291,warm,baseline:stateless,2,0,26940,0,0,0,0,0,0,not_measured,0,0,0,0,0,0,0,false,,,0
dev-editor,noise,noise_272,292,warm,baseline:stateless,2,0,4198302,0,0,0,0,0,0,not_measured,0,0,0,0,0,0,0,false,,,0
dev-editor,noise,noise_273,293,warm,baseline:stateless,2,0,4104297,0,0,0,0,0,0,not_measured,0,0,2,0,0,0,0,false,,,0
dev-editor,noise,noise_274,294,warm,baseline:stateless,2,0,2362335,0,0,0,0,0,0,not_measured,0,2,0,0,0,0,0,false,,,0
dev-editor,noise,noise_275,295,warm,baseline:stateless,2,0,3830016,0,0,0,0,0,0,not_measured,2,0,0,0,0,0,0,false,,,0
dev-editor,noise,noise_276,296,warm,baseline:stateless,2,0,7199,0,0,0,0,0,0,not_measured,0,0,0,0,0,0,0,false,,,0
dev-editor,noise,noise_277,297,warm,baseline:stateless,2,0,324940,0,0,0,0,0,0,not_measured,0,0,0,0,0,0,0,false,,,0
dev-editor,noise,noise_278,298,warm,baseline:stateless,2,0,26370,0,0,0,0,0,0,not_measured,0,0,0,0,0,0,0,false,,,0
dev-editor,noise,noise_279,299,warm,baseline:stateless,3,0,19004,0,0,0,0,0,0,not_measured,0,0,0,0,0,0,0,false,,,0
dev-editor,noise,noise_280,300,warm,baseline:stateless,3,0,15259,0,0,0,0,0,0,not_measured,0,0,0,0,0,0,0,false,,,0
dev-editor,noise,noise_281,301,warm,baseline:stateless,3,0,47472,0,0,0,0,0,0,not_measured,0,0,0,0,0,0,0,false,,,0
dev-editor,noise,noise_282,302,warm,baseline:stateless,3,0,6115077,0,0,0,0,0,0,not_measured,0,0,0,0,0,0,0,false,,,0
dev-editor,noise,noise_283,303,warm,baseline:stateless,3,0,6357842,0,0,0,0,0,0,not_measured,0,0,3,0,0,0,0,false,,,0
dev-editor,build_and_hash,build_and_hash_1,1,cold,baseline:exact_cache,3,1,2265738,0,0,0,0,0,0,not_measured,1,0,0,0,0,0,1,false,,,0
dev-editor,save_and_backup,save_and_backup_2,2,cold,baseline:exact_cache,5,1,54939,0,0,0,0,0,0,not_measured,0,0,0,0,0,0,1,false,,,0
dev-editor,build_and_hash,build_and_hash_3,3,warm,baseline:exact_cache,3,1,2117065,0,0,0,0,0,0,not_measured,1,0,0,0,0,0,1,false,,,0
dev-editor,save_and_backup,save_and_backup_4,4,warm,baseline:exact_cache,5,1,48045,0,0,0,0,0,0,not_measured,0,0,0,0,0,0,1,false,,,0
dev-editor,build_and_hash,build_and_hash_5,5,warm,baseline:exact_cache,3,1,1894054,0,0,0,0,0,0,not_measured,1,0,0,0,0,0,1,false,,,0
dev-editor,save_and_backup,save_and_backup_6,6,warm,baseline:exact_cache,5,1,44212,0,0,0,0,0,0,not_measured,0,0,0,0,0,0,1,false,,,0
report-tool,weekly_report,weekly_report_7,7,cold,baseline:exact_cache,5,1,36811,0,0,0,0,0,0,not_measured,0,0,0,0,0,0,1,false,,,0
report-tool,notify_team,notify_team_8,8,cold,baseline:exact_cache,2,1,25334,0,0,0,0,0,0,not_measured,0,0,0,0,0,0,1,false,,,0
report-tool,weekly_report,weekly_report_9,9,warm,baseline:exact_cache,5,1,104247,0,0,0,0,0,0,not_measured,0,0,0,0,0,0,1,false,,,0
report-tool,notify_team,notify_team_10,10,warm,baseline:exact_cache,2,1,20433,0,0,0,0,0,0,not_measured,0,0,0,0,0,0,1,false,,,0
report-tool,weekly_report,weekly_report_11,11,warm,baseline:exact_cache,5,1,92526,0,0,0,0,0,0,not_measured,0,0,0,0,0,0,1,false,,,0
report-tool,notify_team,notify_team_12,12,warm,baseline:exact_cache,2,1,64076,0,0,0,0,0,0,not_measured,0,0,0,0,0,0,1,false,,,0
research-browser,fetch_and_summarize,fetch_and_summarize_13,13,cold,baseline:exact_cache,4,1,1534326,0,0,0,0,0,0,not_measured,0,0,1,0,0,0,1,false,,,0
research-browser,sync_notes,sync_notes_14,14,cold,baseline:exact_cache,4,1,2175609,0,0,0,0,0,0,not_measured,0,1,0,0,0,0,1,false,,,0
research-browser,fetch_and_summarize,fetch_and_summarize_15,15,warm,baseline:exact_cache,4,1,2010581,0,0,0,0,0,0,not_measured,0,0,1,0,0,0,1,false,,,0
research-browser,sync_notes,sync_notes_16,16,warm,baseline:exact_cache,4,1,2174381,0,0,0,0,0,0,not_measured,0,1,0,0,0,0,1,false,,,0
research-browser,fetch_and_summarize,fetch_and_summarize_17,17,warm,baseline:exact_cache,4,1,2070696,0,0,0,0,0,0,not_measured,0,0,1,0,0,0,1,false,,,0
research-browser,sync_notes,sync_notes_18,18,warm,baseline:exact_cache,4,1,2123853,0,0,0,0,0,0,not_measured,0,1,0,0,0,0,1,false,,,0
utility-daemon,session_state,session_state_19,19,cold,baseline:exact_cache,3,1,28972,0,0,0,0,0,0,not_measured,0,0,0,0,0,0,1,false,,,0
utility-daemon,idle_tick,idle_tick_20,20,cold,baseline:exact_cache,3,1,2166861,0,0,0,0,0,0,not_measured,0,0,0,0,0,0,1,false,,,0
utility-daemon,session_state,session_state_21,21,warm,baseline:exact_cache,3,1,182670,0,0,0,0,0,0,not_measured,0,0,0,0,0,0,1,false,,,0
utility-daemon,idle_tick,idle_tick_22,22,warm,baseline:exact_cache,3,1,2184105,0,0,0,0,0,0,not_measured,0,0,0,0,0,0,1,false,,,0
utility-daemon,session_state,session_state_23,23,warm,baseline:exact_cache,3,1,659651,0,0,0,0,0,0,not_measured,0,0,0,0,0,0,1,false,,,0
utility-daemon,idle_tick,idle_tick_24,24,warm,baseline:exact_cache,3,1,2435245,0,0,0,0,0,0,not_measured,0,0,0,0,0,0,1,false,,,0
dev-editor,build_and_hash,build_and_hash_25,25,warm,baseline:exact_cache,3,1,2150824,0,0,0,0,0,0,not_measured,1,0,0,0,0,0,1,false,,,0
dev-editor,save_and_backup,save_and_backup_26,26,warm,baseline:exact_cache,5,1,49088,0,0,0,0,0,0,not_measured,0,0,0,0,0,0,1,false,,,0
dev-editor,build_and_hash,build_and_hash_27,27,warm,baseline:exact_cache,3,1,1892801,0,0,0,0,0,0,not_measured,1,0,0,0,0,0,1,false,,,0
dev-editor,save_and_backup,save_and_backup_28,28,warm,baseline:exact_cache,5,1,43462,0,0,0,0,0,0,not_measured,0,0,0,0,0,0,1,false,,,0
dev-editor,build_and_hash,build_and_hash_29,29,warm,baseline:exact_cache,3,1,1994664,0,0,0,0,0,0,not_measured,1,0,0,0,0,0,1,false,,,0
dev-editor,save_and_backup,save_and_backup_30,30,warm,baseline:exact_cache,5,1,43312,0,0,0,0,0,0,not_measured,0,0,0,0,0,0,1,false,,,0
dev-editor,build_and_hash,build_and_hash_31,31,warm,baseline:exact_cache,3,1,1849313,0,0,0,0,0,0,not_measured,1,0,0,0,0,0,1,false,,,0
dev-editor,save_and_backup,save_and_backup_32,32,warm,baseline:exact_cache,5,1,87139,0,0,0,0,0,0,not_measured,0,0,0,0,0,0,1,false,,,0
dev-editor,build_and_hash,build_and_hash_33,33,warm,baseline:exact_cache,3,1,1938744,0,0,0,0,0,0,not_measured,1,0,0,0,0,0,1,false,,,0
dev-editor,save_and_backup,save_and_backup_34,34,warm,baseline:exact_cache,5,1,55179,0,0,0,0,0,0,not_measured,0,0,0,0,0,0,1,false,,,0
dev-editor,build_and_hash,build_and_hash_35,35,warm,baseline:exact_cache,3,1,1985311,0,0,0,0,0,0,not_measured,1,0,0,0,0,0,1,false,,,0
dev-editor,save_and_backup,save_and_backup_36,36,warm,baseline:exact_cache,5,1,57367,0,0,0,0,0,0,not_measured,0,0,0,0,0,0,1,false,,,0
dev-editor,build_and_hash,build_and_hash_37,37,warm,baseline:exact_cache,3,1,1940786,0,0,0,0,0,0,not_measured,1,0,0,0,0,0,1,false,,,0
dev-editor,save_and_backup,save_and_backup_38,38,warm,baseline:exact_cache,5,1,51359,0,0,0,0,0,0,not_measured,0,0,0,0,0,0,1,false,,,0
dev-editor,build_and_hash,build_and_hash_39,39,warm,baseline:exact_cache,3,1,1907203,0,0,0,0,0,0,not_measured,1,0,0,0,0,0,1,false,,,0
dev-editor,save_and_backup,save_and_backup_40,40,warm,baseline:exact_cache,5,1,43704,0,0,0,0,0,0,not_measured,0,0,0,0,0,0,1,false,,,0
dev-editor,build_and_hash,build_and_hash_41,41,warm,baseline:exact_cache,3,1,2208472,0,0,0,0,0,0,not_measured,1,0,0,0,0,0,1,false,,,0
dev-editor,save_and_backup,save_and_backup_42,42,warm,baseline:exact_cache,5,1,45420,0,0,0,0,0,0,not_measured,0,0,0,0,0,0,1,false,,,0
dev-editor,build_and_hash,build_and_hash_43,43,warm,baseline:exact_cache,3,1,1956173,0,0,0,0,0,0,not_measured,1,0,0,0,0,0,1,false,,,0
dev-editor,save_and_backup,save_and_backup_44,44,warm,baseline:exact_cache,5,1,39044,0,0,0,0,0,0,not_measured,0,0,0,0,0,0,1,false,,,0
dev-editor,build_and_hash,build_and_hash_45,45,warm,baseline:exact_cache,3,1,1997068,0,0,0,0,0,0,not_measured,1,0,0,0,0,0,1,false,,,0
dev-editor,save_and_backup,save_and_backup_46,46,warm,baseline:exact_cache,5,1,77036,0,0,0,0,0,0,not_measured,0,0,0,0,0,0,1,false,,,0
dev-editor,build_and_hash,build_and_hash_47,47,warm,baseline:exact_cache,3,1,1881098,0,0,0,0,0,0,not_measured,1,0,0,0,0,0,1,false,,,0
dev-editor,save_and_backup,save_and_backup_48,48,warm,baseline:exact_cache,5,1,79748,0,0,0,0,0,0,not_measured,0,0,0,0,0,0,1,false,,,0
dev-editor,build_and_hash,build_and_hash_49,49,warm,baseline:exact_cache,3,1,1846504,0,0,0,0,0,0,not_measured,1,0,0,0,0,0,1,false,,,0
dev-editor,save_and_backup,save_and_backup_50,50,warm,baseline:exact_cache,5,1,130213,0,0,0,0,0,0,not_measured,0,0,0,0,0,0,1,false,,,0
dev-editor,build_and_hash,build_and_hash_51,51,warm,baseline:exact_cache,3,1,1794935,0,0,0,0,0,0,not_measured,1,0,0,0,0,0,1,false,,,0
dev-editor,save_and_backup,save_and_backup_52,52,warm,baseline:exact_cache,5,1,38888,0,0,0,0,0,0,not_measured,0,0,0,0,0,0,1,false,,,0
dev-editor,build_and_hash,build_and_hash_53,53,warm,baseline:exact_cache,3,1,1783058,0,0,0,0,0,0,not_measured,1,0,0,0,0,0,1,false,,,0
dev-editor,save_and_backup,save_and_backup_54,54,warm,baseline:exact_cache,5,1,38414,0,0,0,0,0,0,not_measured,0,0,0,0,0,0,1,false,,,0
dev-editor,build_and_hash,build_and_hash_55,55,warm,baseline:exact_cache,3,1,1960860,0,0,0,0,0,0,not_measured,1,0,0,0,0,0,1,false,,,0
dev-editor,save_and_backup,save_and_backup_56,56,warm,baseline:exact_cache,5,1,41677,0,0,0,0,0,0,not_measured,0,0,0,0,0,0,1,false,,,0
dev-editor,build_and_hash,build_and_hash_57,57,warm,baseline:exact_cache,3,1,1853262,0,0,0,0,0,0,not_measured,1,0,0,0,0,0,1,false,,,0
dev-editor,save_and_backup,save_and_backup_58,58,warm,baseline:exact_cache,5,1,45467,0,0,0,0,0,0,not_measured,0,0,0,0,0,0,1,false,,,0
dev-editor,build_and_hash,build_and_hash_59,59,warm,baseline:exact_cache,3,1,1902753,0,0,0,0,0,0,not_measured,1,0,0,0,0,0,1,false,,,0
dev-editor,save_and_backup,save_and_backup_60,60,warm,baseline:exact_cache,5,1,64660,0,0,0,0,0,0,not_measured,0,0,0,0,0,0,1,false,,,0
dev-editor,build_and_hash,build_and_hash_61,61,warm,baseline:exact_cache,3,1,2225818,0,0,0,0,0,0,not_measured,1,0,0,0,0,0,1,false,,,0
dev-editor,save_and_backup,save_and_backup_62,62,warm,baseline:exact_cache,5,1,67609,0,0,0,0,0,0,not_measured,0,0,0,0,0,0,1,false,,,0
dev-editor,build_and_hash,build_and_hash_63,63,warm,baseline:exact_cache,3,1,1896211,0,0,0,0,0,0,not_measured,1,0,0,0,0,0,1,false,,,0
dev-editor,save_and_backup,save_and_backup_64,64,warm,baseline:exact_cache,5,1,96653,0,0,0,0,0,0,not_measured,0,0,0,0,0,0,1,false,,,0
dev-editor,build_and_hash,build_and_hash_65,65,warm,baseline:exact_cache,3,1,1708658,0,0,0,0,0,0,not_measured,1,0,0,0,0,0,1,false,,,0
dev-editor,save_and_backup,save_and_backup_66,66,warm,baseline:exact_cache,5,1,43494,0,0,0,0,0,0,not_measured,0,0,0,0,0,0,1,false,,,0
dev-editor,build_and_hash,build_and_hash_67,67,warm,baseline:exact_cache,3,1,1888851,0,0,0,0,0,0,not_measured,1,0,0,0,0,0,1,false,,,0
dev-editor,save_and_backup,save_and_backup_68,68,warm,baseline:exact_cache,5,1,49815,0,0,0,0,0,0,not_measured,0,0,0,0,0,0,1,false,,,0
dev-editor,build_and_hash,build_and_hash_69,69,warm,baseline:exact_cache,3,1,1824700,0,0,0,0,0,0,not_measured,1,0,0,0,0,0,1,false,,,0
dev-editor,save_and_backup,save_and_backup_70,70,warm,baseline:exact_cache,5,1,43284,0,0,0,0,0,0,not_measured,0,0,0,0,0,0,1,false,,,0
dev-editor,build_and_hash,build_and_hash_71,71,warm,baseline:exact_cache,3,1,2180008,0,0,0,0,0,0,not_measured,1,0,0,0,0,0,1,false,,,0
dev-editor,save_and_backup,save_and_backup_72,72,warm,baseline:exact_cache,5,1,42744,0,0,0,0,0,0,not_measured,0,0,0,0,0,0,1,false,,,0
dev-editor,build_and_hash,build_and_hash_73,73,warm,baseline:exact_cache,3,1,1803776,0,0,0,0,0,0,not_measured,1,0,0,0,0,0,1,false,,,0
dev-editor,save_and_backup,save_and_backup_74,74,warm,baseline:exact_cache,5,1,104954,0,0,0,0,0,0,not_measured,0,0,0,0,0,0,1,false,,,0
dev-editor,build_and_hash,build_and_hash_75,75,warm,baseline:exact_cache,3,1,2037498,0,0,0,0,0,0,not_measured,1,0,0,0,0,0,1,false,,,0
dev-editor,save_and_backup,save_and_backup_76,76,warm,baseline:exact_cache,5,1,46625,0,0,0,0,0,0,not_measured,0,0,0,0,0,0,1,false,,,0
dev-editor,build_and_hash,build_and_hash_77,77,warm,baseline:exact_cache,3,1,1905905,0,0,0,0,0,0,not_measured,1,0,0,0,0,0,1,false,,,0
dev-editor,save_and_backup,save_and_backup_78,78,warm,baseline:exact_cache,5,1,42835,0,0,0,0,0,0,not_measured,0,0,0,0,0,0,1,false,,,0
dev-editor,build_and_hash,build_and_hash_79,79,warm,baseline:exact_cache,3,1,1877263,0,0,0,0,0,0,not_measured,1,0,0,0,0,0,1,false,,,0
dev-editor,save_and_backup,save_and_backup_80,80,warm,baseline:exact_cache,5,1,91848,0,0,0,0,0,0,not_measured,0,0,0,0,0,0,1,false,,,0
dev-editor,build_and_hash,build_and_hash_81,81,warm,baseline:exact_cache,3,1,1830366,0,0,0,0,0,0,not_measured,1,0,0,0,0,0,1,false,,,0
dev-editor,save_and_backup,save_and_backup_82,82,warm,baseline:exact_cache,5,1,41492,0,0,0,0,0,0,not_measured,0,0,0,0,0,0,1,false,,,0
dev-editor,build_and_hash,build_and_hash_83,83,warm,baseline:exact_cache,3,1,2006194,0,0,0,0,0,0,not_measured,1,0,0,0,0,0,1,false,,,0
dev-editor,save_and_backup,save_and_backup_84,84,warm,baseline:exact_cache,5,1,53619,0,0,0,0,0,0,not_measured,0,0,0,0,0,0,1,false,,,0
report-tool,weekly_report,weekly_report_85,85,warm,baseline:exact_cache,5,1,97792,0,0,0,0,0,0,not_measured,0,0,0,0,0,0,1,false,,,0
report-tool,notify_team,notify_team_86,86,warm,baseline:exact_cache,2,1,33823,0,0,0,0,0,0,not_measured,0,0,0,0,0,0,1,false,,,0
report-tool,weekly_report,weekly_report_87,87,warm,baseline:exact_cache,5,1,47184,0,0,0,0,0,0,not_measured,0,0,0,0,0,0,1,false,,,0
report-tool,notify_team,notify_team_88,88,warm,baseline:exact_cache,2,1,21133,0,0,0,0,0,0,not_measured,0,0,0,0,0,0,1,false,,,0
report-tool,weekly_report,weekly_report_89,89,warm,baseline:exact_cache,5,1,37431,0,0,0,0,0,0,not_measured,0,0,0,0,0,0,1,false,,,0
report-tool,notify_team,notify_team_90,90,warm,baseline:exact_cache,2,1,15249,0,0,0,0,0,0,not_measured,0,0,0,0,0,0,1,false,,,0
report-tool,weekly_report,weekly_report_91,91,warm,baseline:exact_cache,5,1,69904,0,0,0,0,0,0,not_measured,0,0,0,0,0,0,1,false,,,0
report-tool,notify_team,notify_team_92,92,warm,baseline:exact_cache,2,1,17250,0,0,0,0,0,0,not_measured,0,0,0,0,0,0,1,false,,,0
report-tool,weekly_report,weekly_report_93,93,warm,baseline:exact_cache,5,1,38581,0,0,0,0,0,0,not_measured,0,0,0,0,0,0,1,false,,,0
report-tool,notify_team,notify_team_94,94,warm,baseline:exact_cache,2,1,14589,0,0,0,0,0,0,not_measured,0,0,0,0,0,0,1,false,,,0
report-tool,weekly_report,weekly_report_95,95,warm,baseline:exact_cache,5,1,35421,0,0,0,0,0,0,not_measured,0,0,0,0,0,0,1,false,,,0
report-tool,notify_team,notify_team_96,96,warm,baseline:exact_cache,2,1,14279,0,0,0,0,0,0,not_measured,0,0,0,0,0,0,1,false,,,0
report-tool,weekly_report,weekly_report_97,97,warm,baseline:exact_cache,5,1,36724,0,0,0,0,0,0,not_measured,0,0,0,0,0,0,1,false,,,0
report-tool,notify_team,notify_team_98,98,warm,baseline:exact_cache,2,1,13874,0,0,0,0,0,0,not_measured,0,0,0,0,0,0,1,false,,,0
report-tool,weekly_report,weekly_report_99,99,warm,baseline:exact_cache,5,1,47800,0,0,0,0,0,0,not_measured,0,0,0,0,0,0,1,false,,,0
report-tool,notify_team,notify_team_100,100,warm,baseline:exact_cache,2,1,14727,0,0,0,0,0,0,not_measured,0,0,0,0,0,0,1,false,,,0
report-tool,weekly_report,weekly_report_101,101,warm,baseline:exact_cache,5,1,42276,0,0,0,0,0,0,not_measured,0,0,0,0,0,0,1,false,,,0
report-tool,notify_team,notify_team_102,102,warm,baseline:exact_cache,2,1,17523,0,0,0,0,0,0,not_measured,0,0,0,0,0,0,1,false,,,0
report-tool,weekly_report,weekly_report_103,103,warm,baseline:exact_cache,5,1,36662,0,0,0,0,0,0,not_measured,0,0,0,0,0,0,1,false,,,0
report-tool,notify_team,notify_team_104,104,warm,baseline:exact_cache,2,1,80832,0,0,0,0,0,0,not_measured,0,0,0,0,0,0,1,false,,,0
report-tool,weekly_report,weekly_report_105,105,warm,baseline:exact_cache,5,1,77662,0,0,0,0,0,0,not_measured,0,0,0,0,0,0,1,false,,,0
report-tool,notify_team,notify_team_106,106,warm,baseline:exact_cache,2,1,23893,0,0,0,0,0,0,not_measured,0,0,0,0,0,0,1,false,,,0
report-tool,weekly_report,weekly_report_107,107,warm,baseline:exact_cache,5,1,71198,0,0,0,0,0,0,not_measured,0,0,0,0,0,0,1,false,,,0
report-tool,notify_team,notify_team_108,108,warm,baseline:exact_cache,2,1,16779,0,0,0,0,0,0,not_measured,0,0,0,0,0,0,1,false,,,0
report-tool,weekly_report,weekly_report_109,109,warm,baseline:exact_cache,5,1,40789,0,0,0,0,0,0,not_measured,0,0,0,0,0,0,1,false,,,0
report-tool,notify_team,notify_team_110,110,warm,baseline:exact_cache,2,1,14476,0,0,0,0,0,0,not_measured,0,0,0,0,0,0,1,false,,,0
report-tool,weekly_report,weekly_report_111,111,warm,baseline:exact_cache,5,1,36650,0,0,0,0,0,0,not_measured,0,0,0,0,0,0,1,false,,,0
report-tool,notify_team,notify_team_112,112,warm,baseline:exact_cache,2,1,14966,0,0,0,0,0,0,not_measured,0,0,0,0,0,0,1,false,,,0
report-tool,weekly_report,weekly_report_113,113,warm,baseline:exact_cache,5,1,88060,0,0,0,0,0,0,not_measured,0,0,0,0,0,0,1,false,,,0
report-tool,notify_team,notify_team_114,114,warm,baseline:exact_cache,2,1,17395,0,0,0,0,0,0,not_measured,0,0,0,0,0,0,1,false,,,0
report-tool,weekly_report,weekly_report_115,115,warm,baseline:exact_cache,5,1,36607,0,0,0,0,0,0,not_measured,0,0,0,0,0,0,1,false,,,0
report-tool,notify_team,notify_team_116,116,warm,baseline:exact_cache,2,1,57291,0,0,0,0,0,0,not_measured,0,0,0,0,0,0,1,false,,,0
report-tool,weekly_report,weekly_report_117,117,warm,baseline:exact_cache,5,1,43170,0,0,0,0,0,0,not_measured,0,0,0,0,0,0,1,false,,,0
report-tool,notify_team,notify_team_118,118,warm,baseline:exact_cache,2,1,16609,0,0,0,0,0,0,not_measured,0,0,0,0,0,0,1,false,,,0
report-tool,weekly_report,weekly_report_119,119,warm,baseline:exact_cache,5,1,49453,0,0,0,0,0,0,not_measured,0,0,0,0,0,0,1,false,,,0
report-tool,notify_team,notify_team_120,120,warm,baseline:exact_cache,2,1,59834,0,0,0,0,0,0,not_measured,0,0,0,0,0,0,1,false,,,0
report-tool,weekly_report,weekly_report_121,121,warm,baseline:exact_cache,5,1,43199,0,0,0,0,0,0,not_measured,0,0,0,0,0,0,1,false,,,0
report-tool,notify_team,notify_team_122,122,warm,baseline:exact_cache,2,1,18157,0,0,0,0,0,0,not_measured,0,0,0,0,0,0,1,false,,,0
report-tool,weekly_report,weekly_report_123,123,warm,baseline:exact_cache,5,1,82645,0,0,0,0,0,0,not_measured,0,0,0,0,0,0,1,false,,,0
report-tool,notify_team,notify_team_124,124,warm,baseline:exact_cache,2,1,15660,0,0,0,0,0,0,not_measured,0,0,0,0,0,0,1,false,,,0
report-tool,weekly_report,weekly_report_125,125,warm,baseline:exact_cache,5,1,72480,0,0,0,0,0,0,not_measured,0,0,0,0,0,0,1,false,,,0
report-tool,notify_team,notify_team_126,126,warm,baseline:exact_cache,2,1,18180,0,0,0,0,0,0,not_measured,0,0,0,0,0,0,1,false,,,0
report-tool,weekly_report,weekly_report_127,127,warm,baseline:exact_cache,5,1,70897,0,0,0,0,0,0,not_measured,0,0,0,0,0,0,1,false,,,0
report-tool,notify_team,notify_team_128,128,warm,baseline:exact_cache,2,1,17090,0,0,0,0,0,0,not_measured,0,0,0,0,0,0,1,false,,,0
report-tool,weekly_report,weekly_report_129,129,warm,baseline:exact_cache,5,1,43999,0,0,0,0,0,0,not_measured,0,0,0,0,0,0,1,false,,,0
report-tool,notify_team,notify_team_130,130,warm,baseline:exact_cache,2,1,15435,0,0,0,0,0,0,not_measured,0,0,0,0,0,0,1,false,,,0
report-tool,weekly_report,weekly_report_131,131,warm,baseline:exact_cache,5,1,37620,0,0,0,0,0,0,not_measured,0,0,0,0,0,0,1,false,,,0
report-tool,notify_team,notify_team_132,132,warm,baseline:exact_cache,2,1,14800,0,0,0,0,0,0,not_measured,0,0,0,0,0,0,1,false,,,0
report-tool,weekly_report,weekly_report_133,133,warm,baseline:exact_cache,5,1,94483,0,0,0,0,0,0,not_measured,0,0,0,0,0,0,1,false,,,0
report-tool,notify_team,notify_team_134,134,warm,baseline:exact_cache,2,1,18575,0,0,0,0,0,0,not_measured,0,0,0,0,0,0,1,false,,,0
report-tool,weekly_report,weekly_report_135,135,warm,baseline:exact_cache,5,1,46109,0,0,0,0,0,0,not_measured,0,0,0,0,0,0,1,false,,,0
report-tool,notify_team,notify_team_136,136,warm,baseline:exact_cache,2,1,14886,0,0,0,0,0,0,not_measured,0,0,0,0,0,0,1,false,,,0
report-tool,weekly_report,weekly_report_137,137,warm,baseline:exact_cache,5,1,37313,0,0,0,0,0,0,not_measured,0,0,0,0,0,0,1,false,,,0
report-tool,notify_team,notify_team_138,138,warm,baseline:exact_cache,2,1,14288,0,0,0,0,0,0,not_measured,0,0,0,0,0,0,1,false,,,0
report-tool,weekly_report,weekly_report_139,139,warm,baseline:exact_cache,5,1,80083,0,0,0,0,0,0,not_measured,0,0,0,0,0,0,1,false,,,0
report-tool,notify_team,notify_team_140,140,warm,baseline:exact_cache,2,1,19658,0,0,0,0,0,0,not_measured,0,0,0,0,0,0,1,false,,,0
research-browser,fetch_and_summarize,fetch_and_summarize_141,141,warm,baseline:exact_cache,4,1,776934,0,0,0,0,0,0,not_measured,0,0,1,0,0,0,1,false,,,0
research-browser,sync_notes,sync_notes_142,142,warm,baseline:exact_cache,4,1,1797736,0,0,0,0,0,0,not_measured,0,1,0,0,0,0,1,false,,,0
research-browser,fetch_and_summarize,fetch_and_summarize_143,143,warm,baseline:exact_cache,4,1,2313115,0,0,0,0,0,0,not_measured,0,0,1,0,0,0,1,false,,,0
research-browser,sync_notes,sync_notes_144,144,warm,baseline:exact_cache,4,1,1945531,0,0,0,0,0,0,not_measured,0,1,0,0,0,0,1,false,,,0
research-browser,fetch_and_summarize,fetch_and_summarize_145,145,warm,baseline:exact_cache,4,1,2373376,0,0,0,0,0,0,not_measured,0,0,1,0,0,0,1,false,,,0
research-browser,sync_notes,sync_notes_146,146,warm,baseline:exact_cache,4,1,1735355,0,0,0,0,0,0,not_measured,0,1,0,0,0,0,1,false,,,0
research-browser,fetch_and_summarize,fetch_and_summarize_147,147,warm,baseline:exact_cache,4,1,325971,0,0,0,0,0,0,not_measured,0,0,1,0,0,0,1,false,,,0
research-browser,sync_notes,sync_notes_148,148,warm,baseline:exact_cache,4,1,1757167,0,0,0,0,0,0,not_measured,0,1,0,0,0,0,1,false,,,0
research-browser,fetch_and_summarize,fetch_and_summarize_149,149,warm,baseline:exact_cache,4,1,326705,0,0,0,0,0,0,not_measured,0,0,1,0,0,0,1,false,,,0
research-browser,sync_notes,sync_notes_150,150,warm,baseline:exact_cache,4,1,1751522,0,0,0,0,0,0,not_measured,0,1,0,0,0,0,1,false,,,0
research-browser,fetch_and_summarize,fetch_and_summarize_151,151,warm,baseline:exact_cache,4,1,401856,0,0,0,0,0,0,not_measured,0,0,1,0,0,0,1,false,,,0
research-browser,sync_notes,sync_notes_152,152,warm,baseline:exact_cache,4,1,1737902,0,0,0,0,0,0,not_measured,0,1,0,0,0,0,1,false,,,0
research-browser,fetch_and_summarize,fetch_and_summarize_153,153,warm,baseline:exact_cache,4,1,330193,0,0,0,0,0,0,not_measured,0,0,1,0,0,0,1,false,,,0
research-browser,sync_notes,sync_notes_154,154,warm,baseline:exact_cache,4,1,1694717,0,0,0,0,0,0,not_measured,0,1,0,0,0,0,1,false,,,0
research-browser,fetch_and_summarize,fetch_and_summarize_155,155,warm,baseline:exact_cache,4,1,393748,0,0,0,0,0,0,not_measured,0,0,1,0,0,0,1,false,,,0
research-browser,sync_notes,sync_notes_156,156,warm,baseline:exact_cache,4,1,1765834,0,0,0,0,0,0,not_measured,0,1,0,0,0,0,1,false,,,0
research-browser,fetch_and_summarize,fetch_and_summarize_157,157,warm,baseline:exact_cache,4,1,344990,0,0,0,0,0,0,not_measured,0,0,1,0,0,0,1,false,,,0
research-browser,sync_notes,sync_notes_158,158,warm,baseline:exact_cache,4,1,1670199,0,0,0,0,0,0,not_measured,0,1,0,0,0,0,1,false,,,0
research-browser,fetch_and_summarize,fetch_and_summarize_159,159,warm,baseline:exact_cache,4,1,395771,0,0,0,0,0,0,not_measured,0,0,1,0,0,0,1,false,,,0
research-browser,sync_notes,sync_notes_160,160,warm,baseline:exact_cache,4,1,1696403,0,0,0,0,0,0,not_measured,0,1,0,0,0,0,1,false,,,0
research-browser,fetch_and_summarize,fetch_and_summarize_161,161,warm,baseline:exact_cache,4,1,410179,0,0,0,0,0,0,not_measured,0,0,1,0,0,0,1,false,,,0
research-browser,sync_notes,sync_notes_162,162,warm,baseline:exact_cache,4,1,1637149,0,0,0,0,0,0,not_measured,0,1,0,0,0,0,1,false,,,0
research-browser,fetch_and_summarize,fetch_and_summarize_163,163,warm,baseline:exact_cache,4,1,458315,0,0,0,0,0,0,not_measured,0,0,1,0,0,0,1,false,,,0
research-browser,sync_notes,sync_notes_164,164,warm,baseline:exact_cache,4,1,1636942,0,0,0,0,0,0,not_measured,0,1,0,0,0,0,1,false,,,0
research-browser,fetch_and_summarize,fetch_and_summarize_165,165,warm,baseline:exact_cache,4,1,584574,0,0,0,0,0,0,not_measured,0,0,1,0,0,0,1,false,,,0
research-browser,sync_notes,sync_notes_166,166,warm,baseline:exact_cache,4,1,1550465,0,0,0,0,0,0,not_measured,0,1,0,0,0,0,1,false,,,0
research-browser,fetch_and_summarize,fetch_and_summarize_167,167,warm,baseline:exact_cache,4,1,524054,0,0,0,0,0,0,not_measured,0,0,1,0,0,0,1,false,,,0
research-browser,sync_notes,sync_notes_168,168,warm,baseline:exact_cache,4,1,1514137,0,0,0,0,0,0,not_measured,0,1,0,0,0,0,1,false,,,0
research-browser,fetch_and_summarize,fetch_and_summarize_169,169,warm,baseline:exact_cache,4,1,553127,0,0,0,0,0,0,not_measured,0,0,1,0,0,0,1,false,,,0
research-browser,sync_notes,sync_notes_170,170,warm,baseline:exact_cache,4,1,1582850,0,0,0,0,0,0,not_measured,0,1,0,0,0,0,1,false,,,0
research-browser,fetch_and_summarize,fetch_and_summarize_171,171,warm,baseline:exact_cache,4,1,608065,0,0,0,0,0,0,not_measured,0,0,1,0,0,0,1,false,,,0
research-browser,sync_notes,sync_notes_172,172,warm,baseline:exact_cache,4,1,1476277,0,0,0,0,0,0,not_measured,0,1,0,0,0,0,1,false,,,0
research-browser,fetch_and_summarize,fetch_and_summarize_173,173,warm,baseline:exact_cache,4,1,686776,0,0,0,0,0,0,not_measured,0,0,1,0,0,0,1,false,,,0
research-browser,sync_notes,sync_notes_174,174,warm,baseline:exact_cache,4,1,1443670,0,0,0,0,0,0,not_measured,0,1,0,0,0,0,1,false,,,0
research-browser,fetch_and_summarize,fetch_and_summarize_175,175,warm,baseline:exact_cache,4,1,641743,0,0,0,0,0,0,not_measured,0,0,1,0,0,0,1,false,,,0
research-browser,sync_notes,sync_notes_176,176,warm,baseline:exact_cache,4,1,1379573,0,0,0,0,0,0,not_measured,0,1,0,0,0,0,1,false,,,0
research-browser,fetch_and_summarize,fetch_and_summarize_177,177,warm,baseline:exact_cache,4,1,737189,0,0,0,0,0,0,not_measured,0,0,1,0,0,0,1,false,,,0
research-browser,sync_notes,sync_notes_178,178,warm,baseline:exact_cache,4,1,1339211,0,0,0,0,0,0,not_measured,0,1,0,0,0,0,1,false,,,0
research-browser,fetch_and_summarize,fetch_and_summarize_179,179,warm,baseline:exact_cache,4,1,790231,0,0,0,0,0,0,not_measured,0,0,1,0,0,0,1,false,,,0
research-browser,sync_notes,sync_notes_180,180,warm,baseline:exact_cache,4,1,1248657,0,0,0,0,0,0,not_measured,0,1,0,0,0,0,1,false,,,0
research-browser,fetch_and_summarize,fetch_and_summarize_181,181,warm,baseline:exact_cache,4,1,845579,0,0,0,0,0,0,not_measured,0,0,1,0,0,0,1,false,,,0
research-browser,sync_notes,sync_notes_182,182,warm,baseline:exact_cache,4,1,1248976,0,0,0,0,0,0,not_measured,0,1,0,0,0,0,1,false,,,0
research-browser,fetch_and_summarize,fetch_and_summarize_183,183,warm,baseline:exact_cache,4,1,951892,0,0,0,0,0,0,not_measured,0,0,1,0,0,0,1,false,,,0
research-browser,sync_notes,sync_notes_184,184,warm,baseline:exact_cache,4,1,1162477,0,0,0,0,0,0,not_measured,0,1,0,0,0,0,1,false,,,0
research-browser,fetch_and_summarize,fetch_and_summarize_185,185,warm,baseline:exact_cache,4,1,951587,0,0,0,0,0,0,not_measured,0,0,1,0,0,0,1,false,,,0
research-browser,sync_notes,sync_notes_186,186,warm,baseline:exact_cache,4,1,1144269,0,0,0,0,0,0,not_measured,0,1,0,0,0,0,1,false,,,0
research-browser,fetch_and_summarize,fetch_and_summarize_187,187,warm,baseline:exact_cache,4,1,986232,0,0,0,0,0,0,not_measured,0,0,1,0,0,0,1,false,,,0
research-browser,sync_notes,sync_notes_188,188,warm,baseline:exact_cache,4,1,1166969,0,0,0,0,0,0,not_measured,0,1,0,0,0,0,1,false,,,0
research-browser,fetch_and_summarize,fetch_and_summarize_189,189,warm,baseline:exact_cache,4,1,956199,0,0,0,0,0,0,not_measured,0,0,1,0,0,0,1,false,,,0
research-browser,sync_notes,sync_notes_190,190,warm,baseline:exact_cache,4,1,1104361,0,0,0,0,0,0,not_measured,0,1,0,0,0,0,1,false,,,0
utility-daemon,session_state,session_state_191,191,warm,baseline:exact_cache,3,1,149889,0,0,0,0,0,0,not_measured,0,0,0,0,0,0,1,false,,,0
utility-daemon,idle_tick,idle_tick_192,192,warm,baseline:exact_cache,3,1,2156873,0,0,0,0,0,0,not_measured,0,0,0,0,0,0,1,false,,,0
utility-daemon,session_state,session_state_193,193,warm,baseline:exact_cache,3,1,120192,0,0,0,0,0,0,not_measured,0,0,0,0,0,0,1,false,,,0
utility-daemon,idle_tick,idle_tick_194,194,warm,baseline:exact_cache,3,1,2364814,0,0,0,0,0,0,not_measured,0,0,0,0,0,0,1,false,,,0
utility-daemon,session_state,session_state_195,195,warm,baseline:exact_cache,3,1,131865,0,0,0,0,0,0,not_measured,0,0,0,0,0,0,1,false,,,0
utility-daemon,idle_tick,idle_tick_196,196,warm,baseline:exact_cache,3,1,2209861,0,0,0,0,0,0,not_measured,0,0,0,0,0,0,1,false,,,0
utility-daemon,session_state,session_state_197,197,warm,baseline:exact_cache,3,1,110864,0,0,0,0,0,0,not_measured,0,0,0,0,0,0,1,false,,,0
utility-daemon,idle_tick,idle_tick_198,198,warm,baseline:exact_cache,3,1,2086432,0,0,0,0,0,0,not_measured,0,0,0,0,0,0,1,false,,,0
utility-daemon,session_state,session_state_199,199,warm,baseline:exact_cache,3,1,106113,0,0,0,0,0,0,not_measured,0,0,0,0,0,0,1,false,,,0
utility-daemon,idle_tick,idle_tick_200,200,warm,baseline:exact_cache,3,1,2142699,0,0,0,0,0,0,not_measured,0,0,0,0,0,0,1,false,,,0
utility-daemon,session_state,session_state_201,201,warm,baseline:exact_cache,3,1,107366,0,0,0,0,0,0,not_measured,0,0,0,0,0,0,1,false,,,0
utility-daemon,idle_tick,idle_tick_202,202,warm,baseline:exact_cache,3,1,2096152,0,0,0,0,0,0,not_measured,0,0,0,0,0,0,1,false,,,0
utility-daemon,session_state,session_state_203,203,warm,baseline:exact_cache,3,1,126309,0,0,0,0,0,0,not_measured,0,0,0,0,0,0,1,false,,,0
utility-daemon,idle_tick,idle_tick_204,204,warm,baseline:exact_cache,3,1,2138733,0,0,0,0,0,0,not_measured,0,0,0,0,0,0,1,false,,,0
utility-daemon,session_state,session_state_205,205,warm,baseline:exact_cache,3,1,105122,0,0,0,0,0,0,not_measured,0,0,0,0,0,0,1,false,,,0
utility-daemon,idle_tick,idle_tick_206,206,warm,baseline:exact_cache,3,1,2093389,0,0,0,0,0,0,not_measured,0,0,0,0,0,0,1,false,,,0
utility-daemon,session_state,session_state_207,207,warm,baseline:exact_cache,3,1,170134,0,0,0,0,0,0,not_measured,0,0,0,0,0,0,1,false,,,0
utility-daemon,idle_tick,idle_tick_208,208,warm,baseline:exact_cache,3,1,2119601,0,0,0,0,0,0,not_measured,0,0,0,0,0,0,1,false,,,0
utility-daemon,session_state,session_state_209,209,warm,baseline:exact_cache,3,1,141927,0,0,0,0,0,0,not_measured,0,0,0,0,0,0,1,false,,,0
utility-daemon,idle_tick,idle_tick_210,210,warm,baseline:exact_cache,3,1,2185207,0,0,0,0,0,0,not_measured,0,0,0,0,0,0,1,false,,,0
utility-daemon,session_state,session_state_211,211,warm,baseline:exact_cache,3,1,186247,0,0,0,0,0,0,not_measured,0,0,0,0,0,0,1,false,,,0
utility-daemon,idle_tick,idle_tick_212,212,warm,baseline:exact_cache,3,1,2217971,0,0,0,0,0,0,not_measured,0,0,0,0,0,0,1,false,,,0
utility-daemon,session_state,session_state_213,213,warm,baseline:exact_cache,3,1,132835,0,0,0,0,0,0,not_measured,0,0,0,0,0,0,1,false,,,0
utility-daemon,idle_tick,idle_tick_214,214,warm,baseline:exact_cache,3,1,2170759,0,0,0,0,0,0,not_measured,0,0,0,0,0,0,1,false,,,0
utility-daemon,session_state,session_state_215,215,warm,baseline:exact_cache,3,1,158869,0,0,0,0,0,0,not_measured,0,0,0,0,0,0,1,false,,,0
utility-daemon,idle_tick,idle_tick_216,216,warm,baseline:exact_cache,3,1,2279908,0,0,0,0,0,0,not_measured,0,0,0,0,0,0,1,false,,,0
utility-daemon,session_state,session_state_217,217,warm,baseline:exact_cache,3,1,55951,0,0,0,0,0,0,not_measured,0,0,0,0,0,0,1,false,,,0
utility-daemon,idle_tick,idle_tick_218,218,warm,baseline:exact_cache,3,1,2239992,0,0,0,0,0,0,not_measured,0,0,0,0,0,0,1,false,,,0
utility-daemon,session_state,session_state_219,219,warm,baseline:exact_cache,3,1,121893,0,0,0,0,0,0,not_measured,0,0,0,0,0,0,1,false,,,0
utility-daemon,idle_tick,idle_tick_220,220,warm,baseline:exact_cache,3,1,2405938,0,0,0,0,0,0,not_measured,0,0,0,0,0,0,1,false,,,0
utility-daemon,session_state,session_state_221,221,warm,baseline:exact_cache,3,1,115131,0,0,0,0,0,0,not_measured,0,0,0,0,0,0,1,false,,,0
utility-daemon,idle_tick,idle_tick_222,222,warm,baseline:exact_cache,3,1,2175956,0,0,0,0,0,0,not_measured,0,0,0,0,0,0,1,false,,,0
utility-daemon,session_state,session_state_223,223,warm,baseline:exact_cache,3,1,89608,0,0,0,0,0,0,not_measured,0,0,0,0,0,0,1,false,,,0
utility-daemon,idle_tick,idle_tick_224,224,warm,baseline:exact_cache,3,1,2093700,0,0,0,0,0,0,not_measured,0,0,0,0,0,0,1,false,,,0
utility-daemon,session_state,session_state_225,225,warm,baseline:exact_cache,3,1,211348,0,0,0,0,0,0,not_measured,0,0,0,0,0,0,1,false,,,0
utility-daemon,idle_tick,idle_tick_226,226,warm,baseline:exact_cache,3,1,2094146,0,0,0,0,0,0,not_measured,0,0,0,0,0,0,1,false,,,0
utility-daemon,session_state,session_state_227,227,warm,baseline:exact_cache,3,1,182242,0,0,0,0,0,0,not_measured,0,0,0,0,0,0,1,false,,,0
utility-daemon,idle_tick,idle_tick_228,228,warm,baseline:exact_cache,3,1,2166699,0,0,0,0,0,0,not_measured,0,0,0,0,0,0,1,false,,,0
utility-daemon,session_state,session_state_229,229,warm,baseline:exact_cache,3,1,124854,0,0,0,0,0,0,not_measured,0,0,0,0,0,0,1,false,,,0
utility-daemon,idle_tick,idle_tick_230,230,warm,baseline:exact_cache,3,1,2103022,0,0,0,0,0,0,not_measured,0,0,0,0,0,0,1,false,,,0
utility-daemon,session_state,session_state_231,231,warm,baseline:exact_cache,3,1,122464,0,0,0,0,0,0,not_measured,0,0,0,0,0,0,1,false,,,0
utility-daemon,idle_tick,idle_tick_232,232,warm,baseline:exact_cache,3,1,2366740,0,0,0,0,0,0,not_measured,0,0,0,0,0,0,1,false,,,0
utility-daemon,session_state,session_state_233,233,warm,baseline:exact_cache,3,1,190034,0,0,0,0,0,0,not_measured,0,0,0,0,0,0,1,false,,,0
utility-daemon,idle_tick,idle_tick_234,234,warm,baseline:exact_cache,3,1,2171885,0,0,0,0,0,0,not_measured,0,0,0,0,0,0,1,false,,,0
utility-daemon,session_state,session_state_235,235,warm,baseline:exact_cache,3,1,71542,0,0,0,0,0,0,not_measured,0,0,0,0,0,0,1,false,,,0
utility-daemon,idle_tick,idle_tick_236,236,warm,baseline:exact_cache,3,1,2418031,0,0,0,0,0,0,not_measured,0,0,0,0,0,0,1,false,,,0
utility-daemon,session_state,session_state_237,237,warm,baseline:exact_cache,3,1,96235,0,0,0,0,0,0,not_measured,0,0,0,0,0,0,1,false,,,0
utility-daemon,idle_tick,idle_tick_238,238,warm,baseline:exact_cache,3,1,2341721,0,0,0,0,0,0,not_measured,0,0,0,0,0,0,1,false,,,0
utility-daemon,session_state,session_state_239,239,warm,baseline:exact_cache,3,1,137777,0,0,0,0,0,0,not_measured,0,0,0,0,0,0,1,false,,,0
utility-daemon,idle_tick,idle_tick_240,240,warm,baseline:exact_cache,3,1,2097760,0,0,0,0,0,0,not_measured,0,0,0,0,0,0,1,false,,,0
utility-daemon,session_state,session_state_241,241,warm,baseline:exact_cache,3,1,78096,0,0,0,0,0,0,not_measured,0,0,0,0,0,0,1,false,,,0
utility-daemon,idle_tick,idle_tick_242,242,warm,baseline:exact_cache,3,1,2091638,0,0,0,0,0,0,not_measured,0,0,0,0,0,0,1,false,,,0
utility-daemon,session_state,session_state_243,243,warm,baseline:exact_cache,3,1,156724,0,0,0,0,0,0,not_measured,0,0,0,0,0,0,1,false,,,0
utility-daemon,idle_tick,idle_tick_244,244,warm,baseline:exact_cache,3,1,2177805,0,0,0,0,0,0,not_measured,0,0,0,0,0,0,1,false,,,0
utility-daemon,session_state,session_state_245,245,warm,baseline:exact_cache,3,1,75300,0,0,0,0,0,0,not_measured,0,0,0,0,0,0,1,false,,,0
utility-daemon,idle_tick,idle_tick_246,246,warm,baseline:exact_cache,3,1,2124879,0,0,0,0,0,0,not_measured,0,0,0,0,0,0,1,false,,,0
utility-daemon,session_state,session_state_247,247,warm,baseline:exact_cache,3,1,73769,0,0,0,0,0,0,not_measured,0,0,0,0,0,0,1,false,,,0
utility-daemon,idle_tick,idle_tick_248,248,warm,baseline:exact_cache,3,1,2358244,0,0,0,0,0,0,not_measured,0,0,0,0,0,0,1,false,,,0
utility-daemon,session_state,session_state_249,249,warm,baseline:exact_cache,3,1,72367,0,0,0,0,0,0,not_measured,0,0,0,0,0,0,1,false,,,0
utility-daemon,idle_tick,idle_tick_250,250,warm,baseline:exact_cache,3,1,2371824,0,0,0,0,0,0,not_measured,0,0,0,0,0,0,1,false,,,0
report-tool,weekly_report,weekly_report_251,251,warm,baseline:exact_cache,6,1,567659,0,0,0,0,0,0,not_measured,0,0,0,0,0,0,1,false,,,0
report-tool,weekly_report,weekly_report_252,252,warm,baseline:exact_cache,6,1,97761,0,0,0,0,0,0,not_measured,0,0,0,0,0,0,1,false,,,0
report-tool,weekly_report,weekly_report_253,253,warm,baseline:exact_cache,6,1,143261,0,0,0,0,0,0,not_measured,0,0,0,0,0,0,1,false,,,0
report-tool,weekly_report,weekly_report_254,254,warm,baseline:exact_cache,6,1,77345,0,0,0,0,0,0,not_measured,0,0,0,0,0,0,1,false,,,0
report-tool,weekly_report,weekly_report_255,255,warm,baseline:exact_cache,6,1,71291,0,0,0,0,0,0,not_measured,0,0,0,0,0,0,1,false,,,0
report-tool,weekly_report,weekly_report_256,256,warm,baseline:exact_cache,6,1,83847,0,0,0,0,0,0,not_measured,0,0,0,0,0,0,1,false,,,0
report-tool,weekly_report,weekly_report_257,257,warm,baseline:exact_cache,6,1,126958,0,0,0,0,0,0,not_measured,0,0,0,0,0,0,1,false,,,0
report-tool,weekly_report,weekly_report_258,258,warm,baseline:exact_cache,6,1,113978,0,0,0,0,0,0,not_measured,0,0,0,0,0,0,1,false,,,0
report-tool,weekly_report,weekly_report_259,259,warm,baseline:exact_cache,6,1,75473,0,0,0,0,0,0,not_measured,0,0,0,0,0,0,1,false,,,0
report-tool,weekly_report,weekly_report_260,260,warm,baseline:exact_cache,6,1,70429,0,0,0,0,0,0,not_measured,0,0,0,0,0,0,1,false,,,0
dev-editor,save_and_backup,save_and_backup_261,261,warm,baseline:exact_cache,5,1,119647,0,0,0,0,0,0,not_measured,0,0,0,0,0,0,1,false,,,0
dev-editor,save_and_backup,save_and_backup_262,262,warm,baseline:exact_cache,5,1,67334,0,0,0,0,0,0,not_measured,0,0,0,0,0,0,1,false,,,0
dev-editor,save_and_backup,save_and_backup_263,263,warm,baseline:exact_cache,5,1,134344,0,0,0,0,0,0,not_measured,0,0,0,0,0,0,1,false,,,0
dev-editor,save_and_backup,save_and_backup_264,264,warm,baseline:exact_cache,5,1,125713,0,0,0,0,0,0,not_measured,0,0,0,0,0,0,1,false,,,0
dev-editor,save_and_backup,save_and_backup_265,265,warm,baseline:exact_cache,5,1,72147,0,0,0,0,0,0,not_measured,0,0,0,0,0,0,1,false,,,0
dev-editor,save_and_backup,save_and_backup_266,266,warm,baseline:exact_cache,5,1,59120,0,0,0,0,0,0,not_measured,0,0,0,0,0,0,1,false,,,0
dev-editor,save_and_backup,save_and_backup_267,267,warm,baseline:exact_cache,5,1,137337,0,0,0,0,0,0,not_measured,0,0,0,0,0,0,1,false,,,0
dev-editor,save_and_backup,save_and_backup_268,268,warm,baseline:exact_cache,5,1,78191,0,0,0,0,0,0,not_measured,0,0,0,0,0,0,1,false,,,0
dev-editor,save_and_backup,save_and_backup_82,269,warm,baseline:exact_cache,1,0,4370,0,0,0,0,0,0,not_measured,0,0,0,0,0,0,0,false,,,0
utility-daemon,idle_tick,idle_tick_202,270,warm,baseline:exact_cache,1,0,3252,0,0,0,0,0,0,not_measured,0,0,0,0,0,0,0,false,,,0
research-browser,sync_notes,sync_notes_176,271,warm,baseline:exact_cache,1,0,4020,0,0,0,0,0,0,not_measured,0,0,0,0,0,0,0,false,,,0
research-browser,fetch_and_summarize,fetch_and_summarize_157,272,warm,baseline:exact_cache,1,0,3382,0,0,0,0,0,0,not_measured,0,0,0,0,0,0,0,false,,,0
dev-editor,save_and_backup,save_and_backup_62,273,warm,baseline:exact_cache,1,0,3349,0,0,0,0,0,0,not_measured,0,0,0,0,0,0,0,false,,,0
research-browser,sync_notes,sync_notes_16,274,warm,baseline:exact_cache,1,0,3345,0,0,0,0,0,0,not_measured,0,0,0,0,0,0,0,false,,,0
research-browser,fetch_and_summarize,fetch_and_summarize_177,275,warm,baseline:exact_cache,1,0,3002,0,0,0,0,0,0,not_measured,0,0,0,0,0,0,0,false,,,0
dev-editor,build_and_hash,build_and_hash_55,276,warm,baseline:exact_cache,1,0,2989,0,0,0,0,0,0,not_measured,0,0,0,0,0,0,0,false,,,0
research-browser,fetch_and_summarize,fetch_and_summarize_151,277,warm,baseline:exact_cache,1,0,3309,0,0,0,0,0,0,not_measured,0,0,0,0,0,0,0,false,,,0
report-tool,weekly_report,weekly_report_256,278,warm,baseline:exact_cache,1,0,3926,0,0,0,0,0,0,not_measured,0,0,0,0,0,0,0,false,,,0
dev-editor,build_and_hash,build_and_hash_31,279,warm,baseline:exact_cache,1,0,4458,0,0,0,0,0,0,not_measured,0,0,0,0,0,0,0,false,,,0
report-tool,notify_team,notify_team_128,280,warm,baseline:exact_cache,1,0,4365,0,0,0,0,0,0,not_measured,0,0,0,0,0,0,0,false,,,0
report-tool,notify_team,notify_team_112,281,warm,baseline:exact_cache,1,0,4627,0,0,0,0,0,0,not_measured,0,0,0,0,0,0,0,false,,,0
dev-editor,build_and_hash,build_and_hash_79,282,warm,baseline:exact_cache,1,0,3920,0,0,0,0,0,0,not_measured,0,0,0,0,0,0,0,false,,,0
report-tool,notify_team,notify_team_120,283,warm,baseline:exact_cache,1,0,3500,0,0,0,0,0,0,not_measured,0,0,0,0,0,0,0,false,,,0
dev-editor,build_and_hash,build_and_hash_3,284,warm,baseline:exact_cache,1,0,3547,0,0,0,0,0,0,not_measured,0,0,0,0,0,0,0,false,,,0
report-tool,weekly_report,weekly_report_117,285,warm,baseline:exact_cache,1,0,3565,0,0,0,0,0,0,not_measured,0,0,0,0,0,0,0,false,,,0
utility-daemon,session_state,session_state_211,286,warm,baseline:exact_cache,1,0,3353,0,0,0,0,0,0,not_measured,0,0,0,0,0,0,0,false,,,0
research-browser,fetch_and_summarize,fetch_and_summarize_185,287,warm,baseline:exact_cache,1,0,3995,0,0,0,0,0,0,not_measured,0,0,0,0,0,0,0,false,,,0
utility-daemon,session_state,session_state_193,288,warm,baseline:exact_cache,1,0,3967,0,0,0,0,0,0,not_measured,0,0,0,0,0,0,0,false,,,0
dev-editor,noise,noise_269,289,cold,baseline:exact_cache,2,1,21846,0,0,0,0,0,0,not_measured,0,0,0,0,0,0,1,false,,,0
dev-editor,noise,noise_270,290,warm,baseline:exact_cache,2,1,15734,0,0,0,0,0,0,not_measured,0,0,0,0,0,0,1,false,,,0
dev-editor,noise,noise_271,291,warm,baseline:exact_cache,2,1,57475,0,0,0,0,0,0,not_measured,0,0,0,0,0,0,1,false,,,0
dev-editor,noise,noise_272,292,warm,baseline:exact_cache,2,1,4048964,0,0,0,0,0,0,not_measured,0,0,0,0,0,0,1,false,,,0
dev-editor,noise,noise_273,293,warm,baseline:exact_cache,2,1,3146935,0,0,0,0,0,0,not_measured,0,0,2,0,0,0,1,false,,,0
dev-editor,noise,noise_274,294,warm,baseline:exact_cache,2,1,3238944,0,0,0,0,0,0,not_measured,0,2,0,0,0,0,1,false,,,0
dev-editor,noise,noise_275,295,warm,baseline:exact_cache,2,1,4147258,0,0,0,0,0,0,not_measured,2,0,0,0,0,0,1,false,,,0
dev-editor,noise,noise_276,296,warm,baseline:exact_cache,2,1,8592,0,0,0,0,0,0,not_measured,0,0,0,0,0,0,1,false,,,0
dev-editor,noise,noise_277,297,warm,baseline:exact_cache,2,1,292351,0,0,0,0,0,0,not_measured,0,0,0,0,0,0,1,false,,,0
dev-editor,noise,noise_278,298,warm,baseline:exact_cache,2,1,14342,0,0,0,0,0,0,not_measured,0,0,0,0,0,0,1,false,,,0
dev-editor,noise,noise_279,299,warm,baseline:exact_cache,3,1,18179,0,0,0,0,0,0,not_measured,0,0,0,0,0,0,1,false,,,0
dev-editor,noise,noise_280,300,warm,baseline:exact_cache,3,1,10943,0,0,0,0,0,0,not_measured,0,0,0,0,0,0,1,false,,,0
dev-editor,noise,noise_281,301,warm,baseline:exact_cache,3,1,40464,0,0,0,0,0,0,not_measured,0,0,0,0,0,0,1,false,,,0
dev-editor,noise,noise_282,302,warm,baseline:exact_cache,3,1,6565207,0,0,0,0,0,0,not_measured,0,0,0,0,0,0,1,false,,,0
dev-editor,noise,noise_283,303,warm,baseline:exact_cache,3,1,4558084,0,0,0,0,0,0,not_measured,0,0,3,0,0,0,1,false,,,0
dev-editor,build_and_hash,build_and_hash_1,1,cold,baseline:checkpoint_replay,3,1,2067384,0,0,0,0,0,0,not_measured,1,0,0,0,0,0,1,false,,,0
dev-editor,save_and_backup,save_and_backup_2,2,cold,baseline:checkpoint_replay,5,1,365138,0,0,0,0,0,0,not_measured,0,0,0,0,0,0,1,false,,,0
dev-editor,build_and_hash,build_and_hash_3,3,warm,baseline:checkpoint_replay,3,1,2299778,0,0,0,0,0,0,not_measured,1,0,0,0,0,0,1,false,,,0
dev-editor,save_and_backup,save_and_backup_4,4,warm,baseline:checkpoint_replay,5,1,46979,0,0,0,0,0,0,not_measured,0,0,0,0,0,0,1,false,,,0
dev-editor,build_and_hash,build_and_hash_5,5,warm,baseline:checkpoint_replay,3,1,2060948,0,0,0,0,0,0,not_measured,1,0,0,0,0,0,1,false,,,0
dev-editor,save_and_backup,save_and_backup_6,6,warm,baseline:checkpoint_replay,5,1,48418,0,0,0,0,0,0,not_measured,0,0,0,0,0,0,1,false,,,0
report-tool,weekly_report,weekly_report_7,7,cold,baseline:checkpoint_replay,5,1,44400,0,0,0,0,0,0,not_measured,0,0,0,0,0,0,1,false,,,0
report-tool,notify_team,notify_team_8,8,cold,baseline:checkpoint_replay,2,1,30247,0,0,0,0,0,0,not_measured,0,0,0,0,0,0,1,false,,,0
report-tool,weekly_report,weekly_report_9,9,warm,baseline:checkpoint_replay,5,1,80649,0,0,0,0,0,0,not_measured,0,0,0,0,0,0,1,false,,,0
report-tool,notify_team,notify_team_10,10,warm,baseline:checkpoint_replay,2,1,18175,0,0,0,0,0,0,not_measured,0,0,0,0,0,0,1,false,,,0
report-tool,weekly_report,weekly_report_11,11,warm,baseline:checkpoint_replay,5,1,38908,0,0,0,0,0,0,not_measured,0,0,0,0,0,0,1,false,,,0
report-tool,notify_team,notify_team_12,12,warm,baseline:checkpoint_replay,2,1,43944,0,0,0,0,0,0,not_measured,0,0,0,0,0,0,1,false,,,0
research-browser,fetch_and_summarize,fetch_and_summarize_13,13,cold,baseline:checkpoint_replay,4,1,1291991,0,0,0,0,0,0,not_measured,0,0,1,0,0,0,1,false,,,0
research-browser,sync_notes,sync_notes_14,14,cold,baseline:checkpoint_replay,4,1,2047522,0,0,0,0,0,0,not_measured,0,1,0,0,0,0,1,false,,,0
research-browser,fetch_and_summarize,fetch_and_summarize_15,15,warm,baseline:checkpoint_replay,4,1,2138438,0,0,0,0,0,0,not_measured,0,0,1,0,0,0,1,false,,,0
research-browser,sync_notes,sync_notes_16,16,warm,baseline:checkpoint_replay,4,1,2057072,0,0,0,0,0,0,not_measured,0,1,0,0,0,0,1,false,,,0
research-browser,fetch_and_summarize,fetch_and_summarize_17,17,warm,baseline:checkpoint_replay,4,1,2247668,0,0,0,0,0,0,not_measured,0,0,1,0,0,0,1,false,,,0
research-browser,sync_notes,sync_notes_18,18,warm,baseline:checkpoint_replay,4,1,1953812,0,0,0,0,0,0,not_measured,0,1,0,0,0,0,1,false,,,0
utility-daemon,session_state,session_state_19,19,cold,baseline:checkpoint_replay,3,1,27081,0,0,0,0,0,0,not_measured,0,0,0,0,0,0,1,false,,,0
utility-daemon,idle_tick,idle_tick_20,20,cold,baseline:checkpoint_replay,3,1,2139358,0,0,0,0,0,0,not_measured,0,0,0,0,0,0,1,false,,,0
utility-daemon,session_state,session_state_21,21,warm,baseline:checkpoint_replay,3,1,218872,0,0,0,0,0,0,not_measured,0,0,0,0,0,0,1,false,,,0
utility-daemon,idle_tick,idle_tick_22,22,warm,baseline:checkpoint_replay,3,1,2253285,0,0,0,0,0,0,not_measured,0,0,0,0,0,0,1,false,,,0
utility-daemon,session_state,session_state_23,23,warm,baseline:checkpoint_replay,3,1,231475,0,0,0,0,0,0,not_measured,0,0,0,0,0,0,1,false,,,0
utility-daemon,idle_tick,idle_tick_24,24,warm,baseline:checkpoint_replay,3,1,2128605,0,0,0,0,0,0,not_measured,0,0,0,0,0,0,1,false,,,0
dev-editor,build_and_hash,build_and_hash_25,25,warm,baseline:checkpoint_replay,3,1,2373932,0,0,0,0,0,0,not_measured,1,0,0,0,0,0,1,false,,,0
dev-editor,save_and_backup,save_and_backup_26,26,warm,baseline:checkpoint_replay,5,1,46018,0,0,0,0,0,0,not_measured,0,0,0,0,0,0,1,false,,,0
dev-editor,build_and_hash,build_and_hash_27,27,warm,baseline:checkpoint_replay,3,1,2392098,0,0,0,0,0,0,not_measured,1,0,0,0,0,0,1,false,,,0
dev-editor,save_and_backup,save_and_backup_28,28,warm,baseline:checkpoint_replay,5,1,47532,0,0,0,0,0,0,not_measured,0,0,0,0,0,0,1,false,,,0
dev-editor,build_and_hash,build_and_hash_29,29,warm,baseline:checkpoint_replay,3,1,1871930,0,0,0,0,0,0,not_measured,1,0,0,0,0,0,1,false,,,0
dev-editor,save_and_backup,save_and_backup_30,30,warm,baseline:checkpoint_replay,5,1,47493,0,0,0,0,0,0,not_measured,0,0,0,0,0,0,1,false,,,0
dev-editor,build_and_hash,build_and_hash_31,31,warm,baseline:checkpoint_replay,3,1,2172045,0,0,0,0,0,0,not_measured,1,0,0,0,0,0,1,false,,,0
dev-editor,save_and_backup,save_and_backup_32,32,warm,baseline:checkpoint_replay,5,1,112029,0,0,0,0,0,0,not_measured,0,0,0,0,0,0,1,false,,,0
dev-editor,build_and_hash,build_and_hash_33,33,warm,baseline:checkpoint_replay,3,1,1750270,0,0,0,0,0,0,not_measured,1,0,0,0,0,0,1,false,,,0
dev-editor,save_and_backup,save_and_backup_34,34,warm,baseline:checkpoint_replay,5,1,41167,0,0,0,0,0,0,not_measured,0,0,0,0,0,0,1,false,,,0
dev-editor,build_and_hash,build_and_hash_35,35,warm,baseline:checkpoint_replay,3,1,2027436,0,0,0,0,0,0,not_measured,1,0,0,0,0,0,1,false,,,0
dev-editor,save_and_backup,save_and_backup_36,36,warm,baseline:checkpoint_replay,5,1,80053,0,0,0,0,0,0,not_measured,0,0,0,0,0,0,1,false,,,0
dev-editor,build_and_hash,build_and_hash_37,37,warm,baseline:checkpoint_replay,3,1,2014779,0,0,0,0,0,0,not_measured,1,0,0,0,0,0,1,false,,,0
dev-editor,save_and_backup,save_and_backup_38,38,warm,baseline:checkpoint_replay,5,1,45504,0,0,0,0,0,0,not_measured,0,0,0,0,0,0,1,false,,,0
dev-editor,build_and_hash,build_and_hash_39,39,warm,baseline:checkpoint_replay,3,1,2002232,0,0,0,0,0,0,not_measured,1,0,0,0,0,0,1,false,,,0
dev-editor,save_and_backup,save_and_backup_40,40,warm,baseline:checkpoint_replay,5,1,59388,0,0,0,0,0,0,not_measured,0,0,0,0,0,0,1,false,,,0
dev-editor,build_and_hash,build_and_hash_41,41,warm,baseline:checkpoint_replay,3,1,1999503,0,0,0,0,0,0,not_measured,1,0,0,0,0,0,1,false,,,0
dev-editor,save_and_backup,save_and_backup_42,42,warm,baseline:checkpoint_replay,5,1,41416,0,0,0,0,0,0,not_measured,0,0,0,0,0,0,1,false,,,0
dev-editor,build_and_hash,build_and_hash_43,43,warm,baseline:checkpoint_replay,3,1,2032406,0,0,0,0,0,0,not_measured,1,0,0,0,0,0,1,false,,,0
dev-editor,save_and_backup,save_and_backup_44,44,warm,baseline:checkpoint_replay,5,1,46393,0,0,0,0,0,0,not_measured,0,0,0,0,0,0,1,false,,,0
dev-editor,build_and_hash,build_and_hash_45,45,warm,baseline:checkpoint_replay,3,1,2139288,0,0,0,0,0,0,not_measured,1,0,0,0,0,0,1,false,,,0
dev-editor,save_and_backup,save_and_backup_46,46,warm,baseline:checkpoint_replay,5,1,62598,0,0,0,0,0,0,not_measured,0,0,0,0,0,0,1,false,,,0
dev-editor,build_and_hash,build_and_hash_47,47,warm,baseline:checkpoint_replay,3,1,1875391,0,0,0,0,0,0,not_measured,1,0,0,0,0,0,1,false,,,0
dev-editor,save_and_backup,save_and_backup_48,48,warm,baseline:checkpoint_replay,5,1,98623,0,0,0,0,0,0,not_measured,0,0,0,0,0,0,1,false,,,0
dev-editor,build_and_hash,build_and_hash_49,49,warm,baseline:checkpoint_replay,3,1,2002176,0,0,0,0,0,0,not_measured,1,0,0,0,0,0,1,false,,,0
dev-editor,save_and_backup,save_and_backup_50,50,warm,baseline:checkpoint_replay,5,1,42609,0,0,0,0,0,0,not_measured,0,0,0,0,0,0,1,false,,,0
dev-editor,build_and_hash,build_and_hash_51,51,warm,baseline:checkpoint_replay,3,1,1907094,0,0,0,0,0,0,not_measured,1,0,0,0,0,0,1,false,,,0
dev-editor,save_and_backup,save_and_backup_52,52,warm,baseline:checkpoint_replay,5,1,43770,0,0,0,0,0,0,not_measured,0,0,0,0,0,0,1,false,,,0
dev-editor,build_and_hash,build_and_hash_53,53,warm,baseline:checkpoint_replay,3,1,1718992,0,0,0,0,0,0,not_measured,1,0,0,0,0,0,1,false,,,0
dev-editor,save_and_backup,save_and_backup_54,54,warm,baseline:checkpoint_replay,5,1,42022,0,0,0,0,0,0,not_measured,0,0,0,0,0,0,1,false,,,0
dev-editor,build_and_hash,build_and_hash_55,55,warm,baseline:checkpoint_replay,3,1,1956276,0,0,0,0,0,0,not_measured,1,0,0,0,0,0,1,false,,,0
dev-editor,save_and_backup,save_and_backup_56,56,warm,baseline:checkpoint_replay,5,1,46935,0,0,0,0,0,0,not_measured,0,0,0,0,0,0,1,false,,,0
dev-editor,build_and_hash,build_and_hash_57,57,warm,baseline:checkpoint_replay,3,1,1994017,0,0,0,0,0,0,not_measured,1,0,0,0,0,0,1,false,,,0
dev-editor,save_and_backup,save_and_backup_58,58,warm,baseline:checkpoint_replay,5,1,100101,0,0,0,0,0,0,not_measured,0,0,0,0,0,0,1,false,,,0
dev-editor,build_and_hash,build_and_hash_59,59,warm,baseline:checkpoint_replay,3,1,2041821,0,0,0,0,0,0,not_measured,1,0,0,0,0,0,1,false,,,0
dev-editor,save_and_backup,save_and_backup_60,60,warm,baseline:checkpoint_replay,5,1,87761,0,0,0,0,0,0,not_measured,0,0,0,0,0,0,1,false,,,0
dev-editor,build_and_hash,build_and_hash_61,61,warm,baseline:checkpoint_replay,3,1,1939971,0,0,0,0,0,0,not_measured,1,0,0,0,0,0,1,false,,,0
dev-editor,save_and_backup,save_and_backup_62,62,warm,baseline:checkpoint_replay,5,1,49730,0,0,0,0,0,0,not_measured,0,0,0,0,0,0,1,false,,,0
dev-editor,build_and_hash,build_and_hash_63,63,warm,baseline:checkpoint_replay,3,1,1883142,0,0,0,0,0,0,not_measured,1,0,0,0,0,0,1,false,,,0
dev-editor,save_and_backup,save_and_backup_64,64,warm,baseline:checkpoint_replay,5,1,81949,0,0,0,0,0,0,not_measured,0,0,0,0,0,0,1,false,,,0
dev-editor,build_and_hash,build_and_hash_65,65,warm,baseline:checkpoint_replay,3,1,1876060,0,0,0,0,0,0,not_measured,1,0,0,0,0,0,1,false,,,0
dev-editor,save_and_backup,save_and_backup_66,66,warm,baseline:checkpoint_replay,5,1,118559,0,0,0,0,0,0,not_measured,0,0,0,0,0,0,1,false,,,0
dev-editor,build_and_hash,build_and_hash_67,67,warm,baseline:checkpoint_replay,3,1,1812529,0,0,0,0,0,0,not_measured,1,0,0,0,0,0,1,false,,,0
dev-editor,save_and_backup,save_and_backup_68,68,warm,baseline:checkpoint_replay,5,1,67526,0,0,0,0,0,0,not_measured,0,0,0,0,0,0,1,false,,,0
dev-editor,build_and_hash,build_and_hash_69,69,warm,baseline:checkpoint_replay,3,1,1768924,0,0,0,0,0,0,not_measured,1,0,0,0,0,0,1,false,,,0
dev-editor,save_and_backup,save_and_backup_70,70,warm,baseline:checkpoint_replay,5,1,43336,0,0,0,0,0,0,not_measured,0,0,0,0,0,0,1,false,,,0
dev-editor,build_and_hash,build_and_hash_71,71,warm,baseline:checkpoint_replay,3,1,2167426,0,0,0,0,0,0,not_measured,1,0,0,0,0,0,1,false,,,0
dev-editor,save_and_backup,save_and_backup_72,72,warm,baseline:checkpoint_replay,5,1,43467,0,0,0,0,0,0,not_measured,0,0,0,0,0,0,1,false,,,0
dev-editor,build_and_hash,build_and_hash_73,73,warm,baseline:checkpoint_replay,3,1,1999205,0,0,0,0,0,0,not_measured,1,0,0,0,0,0,1,false,,,0
dev-editor,save_and_backup,save_and_backup_74,74,warm,baseline:checkpoint_replay,5,1,41564,0,0,0,0,0,0,not_measured,0,0,0,0,0,0,1,false,,,0
dev-editor,build_and_hash,build_and_hash_75,75,warm,baseline:checkpoint_replay,3,1,1955205,0,0,0,0,0,0,not_measured,1,0,0,0,0,0,1,false,,,0
dev-editor,save_and_backup,save_and_backup_76,76,warm,baseline:checkpoint_replay,5,1,43634,0,0,0,0,0,0,not_measured,0,0,0,0,0,0,1,false,,,0
dev-editor,build_and_hash,build_and_hash_77,77,warm,baseline:checkpoint_replay,3,1,1979837,0,0,0,0,0,0,not_measured,1,0,0,0,0,0,1,false,,,0
dev-editor,save_and_backup,save_and_backup_78,78,warm,baseline:checkpoint_replay,5,1,43338,0,0,0,0,0,0,not_measured,0,0,0,0,0,0,1,false,,,0
dev-editor,build_and_hash,build_and_hash_79,79,warm,baseline:checkpoint_replay,3,1,1930581,0,0,0,0,0,0,not_measured,1,0,0,0,0,0,1,false,,,0
dev-editor,save_and_backup,save_and_backup_80,80,warm,baseline:checkpoint_replay,5,1,106663,0,0,0,0,0,0,not_measured,0,0,0,0,0,0,1,false,,,0
dev-editor,build_and_hash,build_and_hash_81,81,warm,baseline:checkpoint_replay,3,1,2127968,0,0,0,0,0,0,not_measured,1,0,0,0,0,0,1,false,,,0
dev-editor,save_and_backup,save_and_backup_82,82,warm,baseline:checkpoint_replay,5,1,56917,0,0,0,0,0,0,not_measured,0,0,0,0,0,0,1,false,,,0
dev-editor,build_and_hash,build_and_hash_83,83,warm,baseline:checkpoint_replay,3,1,1759316,0,0,0,0,0,0,not_measured,1,0,0,0,0,0,1,false,,,0
dev-editor,save_and_backup,save_and_backup_84,84,warm,baseline:checkpoint_replay,5,1,82058,0,0,0,0,0,0,not_measured,0,0,0,0,0,0,1,false,,,0
report-tool,weekly_report,weekly_report_85,85,warm,baseline:checkpoint_replay,5,1,37585,0,0,0,0,0,0,not_measured,0,0,0,0,0,0,1,false,,,0
report-tool,notify_team,notify_team_86,86,warm,baseline:checkpoint_replay,2,1,32129,0,0,0,0,0,0,not_measured,0,0,0,0,0,0,1,false,,,0
report-tool,weekly_report,weekly_report_87,87,warm,baseline:checkpoint_replay,5,1,36799,0,0,0,0,0,0,not_measured,0,0,0,0,0,0,1,false,,,0
report-tool,notify_team,notify_team_88,88,warm,baseline:checkpoint_replay,2,1,19029,0,0,0,0,0,0,not_measured,0,0,0,0,0,0,1,false,,,0
report-tool,weekly_report,weekly_report_89,89,warm,baseline:checkpoint_replay,5,1,35882,0,0,0,0,0,0,not_measured,0,0,0,0,0,0,1,false,,,0
report-tool,notify_team,notify_team_90,90,warm,baseline:checkpoint_replay,2,1,14794,0,0,0,0,0,0,not_measured,0,0,0,0,0,0,1,false,,,0
report-tool,weekly_report,weekly_report_91,91,warm,baseline:checkpoint_replay,5,1,36811,0,0,0,0,0,0,not_measured,0,0,0,0,0,0,1,false,,,0
report-tool,notify_team,notify_team_92,92,warm,baseline:checkpoint_replay,2,1,15534,0,0,0,0,0,0,not_measured,0,0,0,0,0,0,1,false,,,0
report-tool,weekly_report,weekly_report_93,93,warm,baseline:checkpoint_replay,5,1,90767,0,0,0,0,0,0,not_measured,0,0,0,0,0,0,1,false,,,0
report-tool,notify_team,notify_team_94,94,warm,baseline:checkpoint_replay,2,1,17444,0,0,0,0,0,0,not_measured,0,0,0,0,0,0,1,false,,,0
report-tool,weekly_report,weekly_report_95,95,warm,baseline:checkpoint_replay,5,1,93903,0,0,0,0,0,0,not_measured,0,0,0,0,0,0,1,false,,,0
report-tool,notify_team,notify_team_96,96,warm,baseline:checkpoint_replay,2,1,18594,0,0,0,0,0,0,not_measured,0,0,0,0,0,0,1,false,,,0
report-tool,weekly_report,weekly_report_97,97,warm,baseline:checkpoint_replay,5,1,41761,0,0,0,0,0,0,not_measured,0,0,0,0,0,0,1,false,,,0
report-tool,notify_team,notify_team_98,98,warm,baseline:checkpoint_replay,2,1,16419,0,0,0,0,0,0,not_measured,0,0,0,0,0,0,1,false,,,0
report-tool,weekly_report,weekly_report_99,99,warm,baseline:checkpoint_replay,5,1,267324,0,0,0,0,0,0,not_measured,0,0,0,0,0,0,1,false,,,0
report-tool,notify_team,notify_team_100,100,warm,baseline:checkpoint_replay,2,1,43115,0,0,0,0,0,0,not_measured,0,0,0,0,0,0,1,false,,,0
report-tool,weekly_report,weekly_report_101,101,warm,baseline:checkpoint_replay,5,1,48953,0,0,0,0,0,0,not_measured,0,0,0,0,0,0,1,false,,,0
report-tool,notify_team,notify_team_102,102,warm,baseline:checkpoint_replay,2,1,16377,0,0,0,0,0,0,not_measured,0,0,0,0,0,0,1,false,,,0
report-tool,weekly_report,weekly_report_103,103,warm,baseline:checkpoint_replay,5,1,71078,0,0,0,0,0,0,not_measured,0,0,0,0,0,0,1,false,,,0
report-tool,notify_team,notify_team_104,104,warm,baseline:checkpoint_replay,2,1,16815,0,0,0,0,0,0,not_measured,0,0,0,0,0,0,1,false,,,0
report-tool,weekly_report,weekly_report_105,105,warm,baseline:checkpoint_replay,5,1,37715,0,0,0,0,0,0,not_measured,0,0,0,0,0,0,1,false,,,0
report-tool,notify_team,notify_team_106,106,warm,baseline:checkpoint_replay,2,1,16001,0,0,0,0,0,0,not_measured,0,0,0,0,0,0,1,false,,,0
report-tool,weekly_report,weekly_report_107,107,warm,baseline:checkpoint_replay,5,1,63443,0,0,0,0,0,0,not_measured,0,0,0,0,0,0,1,false,,,0
report-tool,notify_team,notify_team_108,108,warm,baseline:checkpoint_replay,2,1,16506,0,0,0,0,0,0,not_measured,0,0,0,0,0,0,1,false,,,0
report-tool,weekly_report,weekly_report_109,109,warm,baseline:checkpoint_replay,5,1,40675,0,0,0,0,0,0,not_measured,0,0,0,0,0,0,1,false,,,0
report-tool,notify_team,notify_team_110,110,warm,baseline:checkpoint_replay,2,1,14387,0,0,0,0,0,0,not_measured,0,0,0,0,0,0,1,false,,,0
report-tool,weekly_report,weekly_report_111,111,warm,baseline:checkpoint_replay,5,1,34541,0,0,0,0,0,0,not_measured,0,0,0,0,0,0,1,false,,,0
report-tool,notify_team,notify_team_112,112,warm,baseline:checkpoint_replay,2,1,13832,0,0,0,0,0,0,not_measured,0,0,0,0,0,0,1,false,,,0
report-tool,weekly_report,weekly_report_113,113,warm,baseline:checkpoint_replay,5,1,45131,0,0,0,0,0,0,not_measured,0,0,0,0,0,0,1,false,,,0
report-tool,notify_team,notify_team_114,114,warm,baseline:checkpoint_replay,2,1,14789,0,0,0,0,0,0,not_measured,0,0,0,0,0,0,1,false,,,0
report-tool,weekly_report,weekly_report_115,115,warm,baseline:checkpoint_replay,5,1,35782,0,0,0,0,0,0,not_measured,0,0,0,0,0,0,1,false,,,0
report-tool,notify_team,notify_team_116,116,warm,baseline:checkpoint_replay,2,1,14276,0,0,0,0,0,0,not_measured,0,0,0,0,0,0,1,false,,,0
report-tool,weekly_report,weekly_report_117,117,warm,baseline:checkpoint_replay,5,1,35273,0,0,0,0,0,0,not_measured,0,0,0,0,0,0,1,false,,,0
report-tool,notify_team,notify_team_118,118,warm,baseline:checkpoint_replay,2,1,14085,0,0,0,0,0,0,not_measured,0,0,0,0,0,0,1,false,,,0
report-tool,weekly_report,weekly_report_119,119,warm,baseline:checkpoint_replay,5,1,237842,0,0,0,0,0,0,not_measured,0,0,0,0,0,0,1,false,,,0
report-tool,notify_team,notify_team_120,120,warm,baseline:checkpoint_replay,2,1,17619,0,0,0,0,0,0,not_measured,0,0,0,0,0,0,1,false,,,0
report-tool,weekly_report,weekly_report_121,121,warm,baseline:checkpoint_replay,5,1,84263,0,0,0,0,0,0,not_measured,0,0,0,0,0,0,1,false,,,0
report-tool,notify_team,notify_team_122,122,warm,baseline:checkpoint_replay,2,1,20679,0,0,0,0,0,0,not_measured,0,0,0,0,0,0,1,false,,,0
report-tool,weekly_report,weekly_report_123,123,warm,baseline:checkpoint_replay,5,1,78106,0,0,0,0,0,0,not_measured,0,0,0,0,0,0,1,false,,,0
report-tool,notify_team,notify_team_124,124,warm,baseline:checkpoint_replay,2,1,15632,0,0,0,0,0,0,not_measured,0,0,0,0,0,0,1,false,,,0
report-tool,weekly_report,weekly_report_125,125,warm,baseline:checkpoint_replay,5,1,70434,0,0,0,0,0,0,not_measured,0,0,0,0,0,0,1,false,,,0
report-tool,notify_team,notify_team_126,126,warm,baseline:checkpoint_replay,2,1,17056,0,0,0,0,0,0,not_measured,0,0,0,0,0,0,1,false,,,0
report-tool,weekly_report,weekly_report_127,127,warm,baseline:checkpoint_replay,5,1,38773,0,0,0,0,0,0,not_measured,0,0,0,0,0,0,1,false,,,0
report-tool,notify_team,notify_team_128,128,warm,baseline:checkpoint_replay,2,1,14322,0,0,0,0,0,0,not_measured,0,0,0,0,0,0,1,false,,,0
report-tool,weekly_report,weekly_report_129,129,warm,baseline:checkpoint_replay,5,1,38769,0,0,0,0,0,0,not_measured,0,0,0,0,0,0,1,false,,,0
report-tool,notify_team,notify_team_130,130,warm,baseline:checkpoint_replay,2,1,14252,0,0,0,0,0,0,not_measured,0,0,0,0,0,0,1,false,,,0
report-tool,weekly_report,weekly_report_131,131,warm,baseline:checkpoint_replay,5,1,36101,0,0,0,0,0,0,not_measured,0,0,0,0,0,0,1,false,,,0
report-tool,notify_team,notify_team_132,132,warm,baseline:checkpoint_replay,2,1,13695,0,0,0,0,0,0,not_measured,0,0,0,0,0,0,1,false,,,0
report-tool,weekly_report,weekly_report_133,133,warm,baseline:checkpoint_replay,5,1,36205,0,0,0,0,0,0,not_measured,0,0,0,0,0,0,1,false,,,0
report-tool,notify_team,notify_team_134,134,warm,baseline:checkpoint_replay,2,1,13997,0,0,0,0,0,0,not_measured,0,0,0,0,0,0,1,false,,,0
report-tool,weekly_report,weekly_report_135,135,warm,baseline:checkpoint_replay,5,1,36420,0,0,0,0,0,0,not_measured,0,0,0,0,0,0,1,false,,,0
report-tool,notify_team,notify_team_136,136,warm,baseline:checkpoint_replay,2,1,13833,0,0,0,0,0,0,not_measured,0,0,0,0,0,0,1,false,,,0
report-tool,weekly_report,weekly_report_137,137,warm,baseline:checkpoint_replay,5,1,37982,0,0,0,0,0,0,not_measured,0,0,0,0,0,0,1,false,,,0
report-tool,notify_team,notify_team_138,138,warm,baseline:checkpoint_replay,2,1,21205,0,0,0,0,0,0,not_measured,0,0,0,0,0,0,1,false,,,0
report-tool,weekly_report,weekly_report_139,139,warm,baseline:checkpoint_replay,5,1,113806,0,0,0,0,0,0,not_measured,0,0,0,0,0,0,1,false,,,0
report-tool,notify_team,notify_team_140,140,warm,baseline:checkpoint_replay,2,1,37718,0,0,0,0,0,0,not_measured,0,0,0,0,0,0,1,false,,,0
research-browser,fetch_and_summarize,fetch_and_summarize_141,141,warm,baseline:checkpoint_replay,4,1,2092370,0,0,0,0,0,0,not_measured,0,0,1,0,0,0,1,false,,,0
research-browser,sync_notes,sync_notes_142,142,warm,baseline:checkpoint_replay,4,1,1750325,0,0,0,0,0,0,not_measured,0,1,0,0,0,0,1,false,,,0
research-browser,fetch_and_summarize,fetch_and_summarize_143,143,warm,baseline:checkpoint_replay,4,1,446781,0,0,0,0,0,0,not_measured,0,0,1,0,0,0,1,false,,,0
research-browser,sync_notes,sync_notes_144,144,warm,baseline:checkpoint_replay,4,1,1633508,0,0,0,0,0,0,not_measured,0,1,0,0,0,0,1,false,,,0
research-browser,fetch_and_summarize,fetch_and_summarize_145,145,warm,baseline:checkpoint_replay,4,1,455258,0,0,0,0,0,0,not_measured,0,0,1,0,0,0,1,false,,,0
research-browser,sync_notes,sync_notes_146,146,warm,baseline:checkpoint_replay,4,1,1718818,0,0,0,0,0,0,not_measured,0,1,0,0,0,0,1,false,,,0
research-browser,fetch_and_summarize,fetch_and_summarize_147,147,warm,baseline:checkpoint_replay,4,1,413184,0,0,0,0,0,0,not_measured,0,0,1,0,0,0,1,false,,,0
research-browser,sync_notes,sync_notes_148,148,warm,baseline:checkpoint_replay,4,1,1840163,0,0,0,0,0,0,not_measured,0,1,0,0,0,0,1,false,,,0
research-browser,fetch_and_summarize,fetch_and_summarize_149,149,warm,baseline:checkpoint_replay,4,1,317131,0,0,0,0,0,0,not_measured,0,0,1,0,0,0,1,false,,,0
research-browser,sync_notes,sync_notes_150,150,warm,baseline:checkpoint_replay,4,1,1772880,0,0,0,0,0,0,not_measured,0,1,0,0,0,0,1,false,,,0
research-browser,fetch_and_summarize,fetch_and_summarize_151,151,warm,baseline:checkpoint_replay,4,1,353360,0,0,0,0,0,0,not_measured,0,0,1,0,0,0,1,false,,,0
research-browser,sync_notes,sync_notes_152,152,warm,baseline:checkpoint_replay,4,1,1726091,0,0,0,0,0,0,not_measured,0,1,0,0,0,0,1,false,,,0
research-browser,fetch_and_summarize,fetch_and_summarize_153,153,warm,baseline:checkpoint_replay,4,1,440198,0,0,0,0,0,0,not_measured,0,0,1,0,0,0,1,false,,,0
research-browser,sync_notes,sync_notes_154,154,warm,baseline:checkpoint_replay,4,1,1618389,0,0,0,0,0,0,not_measured,0,1,0,0,0,0,1,false,,,0
research-browser,fetch_and_summarize,fetch_and_summarize_155,155,warm,baseline:checkpoint_replay,4,1,419125,0,0,0,0,0,0,not_measured,0,0,1,0,0,0,1,false,,,0
research-browser,sync_notes,sync_notes_156,156,warm,baseline:checkpoint_replay,4,1,1659830,0,0,0,0,0,0,not_measured,0,1,0,0,0,0,1,false,,,0
research-browser,fetch_and_summarize,fetch_and_summarize_157,157,warm,baseline:checkpoint_replay,4,1,395174,0,0,0,0,0,0,not_measured,0,0,1,0,0,0,1,false,,,0
research-browser,sync_notes,sync_notes_158,158,warm,baseline:checkpoint_replay,4,1,1752118,0,0,0,0,0,0,not_measured,0,1,0,0,0,0,1,false,,,0
research-browser,fetch_and_summarize,fetch_and_summarize_159,159,warm,baseline:checkpoint_replay,4,1,389613,0,0,0,0,0,0,not_measured,0,0,1,0,0,0,1,false,,,0
research-browser,sync_notes,sync_notes_160,160,warm,baseline:checkpoint_replay,4,1,1766443,0,0,0,0,0,0,not_measured,0,1,0,0,0,0,1,false,,,0
research-browser,fetch_and_summarize,fetch_and_summarize_161,161,warm,baseline:checkpoint_replay,4,1,344965,0,0,0,0,0,0,not_measured,0,0,1,0,0,0,1,false,,,0
research-browser,sync_notes,sync_notes_162,162,warm,baseline:checkpoint_replay,4,1,1757140,0,0,0,0,0,0,not_measured,0,1,0,0,0,0,1,false,,,0
research-browser,fetch_and_summarize,fetch_and_summarize_163,163,warm,baseline:checkpoint_replay,4,1,498490,0,0,0,0,0,0,not_measured,0,0,1,0,0,0,1,false,,,0
research-browser,sync_notes,sync_notes_164,164,warm,baseline:checkpoint_replay,4,1,1635338,0,0,0,0,0,0,not_measured,0,1,0,0,0,0,1,false,,,0
research-browser,fetch_and_summarize,fetch_and_summarize_165,165,warm,baseline:checkpoint_replay,4,1,416668,0,0,0,0,0,0,not_measured,0,0,1,0,0,0,1,false,,,0
research-browser,sync_notes,sync_notes_166,166,warm,baseline:checkpoint_replay,4,1,1725276,0,0,0,0,0,0,not_measured,0,1,0,0,0,0,1,false,,,0
research-browser,fetch_and_summarize,fetch_and_summarize_167,167,warm,baseline:checkpoint_replay,4,1,424354,0,0,0,0,0,0,not_measured,0,0,1,0,0,0,1,false,,,0
research-browser,sync_notes,sync_notes_168,168,warm,baseline:checkpoint_replay,4,1,1737435,0,0,0,0,0,0,not_measured,0,1,0,0,0,0,1,false,,,0
research-browser,fetch_and_summarize,fetch_and_summarize_169,169,warm,baseline:checkpoint_replay,4,1,374234,0,0,0,0,0,0,not_measured,0,0,1,0,0,0,1,false,,,0
research-browser,sync_notes,sync_notes_170,170,warm,baseline:checkpoint_replay,4,1,1693253,0,0,0,0,0,0,not_measured,0,1,0,0,0,0,1,false,,,0
research-browser,fetch_and_summarize,fetch_and_summarize_171,171,warm,baseline:checkpoint_replay,4,1,784934,0,0,0,0,0,0,not_measured,0,0,1,0,0,0,1,false,,,0
research-browser,sync_notes,sync_notes_172,172,warm,baseline:checkpoint_replay,4,1,1547685,0,0,0,0,0,0,not_measured,0,1,0,0,0,0,1,false,,,0
research-browser,fetch_and_summarize,fetch_and_summarize_173,173,warm,baseline:checkpoint_replay,4,1,918436,0,0,0,0,0,0,not_measured,0,0,1,0,0,0,1,false,,,0
research-browser,sync_notes,sync_notes_174,174,warm,baseline:checkpoint_replay,4,1,1284041,0,0,0,0,0,0,not_measured,0,1,0,0,0,0,1,false,,,0
research-browser,fetch_and_summarize,fetch_and_summarize_175,175,warm,baseline:checkpoint_replay,4,1,716795,0,0,0,0,0,0,not_measured,0,0,1,0,0,0,1,false,,,0
research-browser,sync_notes,sync_notes_176,176,warm,baseline:checkpoint_replay,4,1,1134575,0,0,0,0,0,0,not_measured,0,1,0,0,0,0,1,false,,,0
research-browser,fetch_and_summarize,fetch_and_summarize_177,177,warm,baseline:checkpoint_replay,4,1,924510,0,0,0,0,0,0,not_measured,0,0,1,0,0,0,1,false,,,0
research-browser,sync_notes,sync_notes_178,178,warm,baseline:checkpoint_replay,4,1,1179375,0,0,0,0,0,0,not_measured,0,1,0,0,0,0,1,false,,,0
research-browser,fetch_and_summarize,fetch_and_summarize_179,179,warm,baseline:checkpoint_replay,4,1,984699,0,0,0,0,0,0,not_measured,0,0,1,0,0,0,1,false,,,0
research-browser,sync_notes,sync_notes_180,180,warm,baseline:checkpoint_replay,4,1,1046341,0,0,0,0,0,0,not_measured,0,1,0,0,0,0,1,false,,,0
research-browser,fetch_and_summarize,fetch_and_summarize_181,181,warm,baseline:checkpoint_replay,4,1,1144653,0,0,0,0,0,0,not_measured,0,0,1,0,0,0,1,false,,,0
research-browser,sync_notes,sync_notes_182,182,warm,baseline:checkpoint_replay,4,1,968940,0,0,0,0,0,0,not_measured,0,1,0,0,0,0,1,false,,,0
research-browser,fetch_and_summarize,fetch_and_summarize_183,183,warm,baseline:checkpoint_replay,4,1,1040211,0,0,0,0,0,0,not_measured,0,0,1,0,0,0,1,false,,,0
research-browser,sync_notes,sync_notes_184,184,warm,baseline:checkpoint_replay,4,1,1046107,0,0,0,0,0,0,not_measured,0,1,0,0,0,0,1,false,,,0
research-browser,fetch_and_summarize,fetch_and_summarize_185,185,warm,baseline:checkpoint_replay,4,1,1163281,0,0,0,0,0,0,not_measured,0,0,1,0,0,0,1,false,,,0
research-browser,sync_notes,sync_notes_186,186,warm,baseline:checkpoint_replay,4,1,960803,0,0,0,0,0,0,not_measured,0,1,0,0,0,0,1,false,,,0
research-browser,fetch_and_summarize,fetch_and_summarize_187,187,warm,baseline:checkpoint_replay,4,1,1110878,0,0,0,0,0,0,not_measured,0,0,1,0,0,0,1,false,,,0
research-browser,sync_notes,sync_notes_188,188,warm,baseline:checkpoint_replay,4,1,979367,0,0,0,0,0,0,not_measured,0,1,0,0,0,0,1,false,,,0
research-browser,fetch_and_summarize,fetch_and_summarize_189,189,warm,baseline:checkpoint_replay,4,1,1149531,0,0,0,0,0,0,not_measured,0,0,1,0,0,0,1,false,,,0
research-browser,sync_notes,sync_notes_190,190,warm,baseline:checkpoint_replay,4,1,894252,0,0,0,0,0,0,not_measured,0,1,0,0,0,0,1,false,,,0
utility-daemon,session_state,session_state_191,191,warm,baseline:checkpoint_replay,3,1,112343,0,0,0,0,0,0,not_measured,0,0,0,0,0,0,1,false,,,0
utility-daemon,idle_tick,idle_tick_192,192,warm,baseline:checkpoint_replay,3,1,2221027,0,0,0,0,0,0,not_measured,0,0,0,0,0,0,1,false,,,0
utility-daemon,session_state,session_state_193,193,warm,baseline:checkpoint_replay,3,1,98383,0,0,0,0,0,0,not_measured,0,0,0,0,0,0,1,false,,,0
utility-daemon,idle_tick,idle_tick_194,194,warm,baseline:checkpoint_replay,3,1,2413748,0,0,0,0,0,0,not_measured,0,0,0,0,0,0,1,false,,,0
utility-daemon,session_state,session_state_195,195,warm,baseline:checkpoint_replay,3,1,174512,0,0,0,0,0,0,not_measured,0,0,0,0,0,0,1,false,,,0
utility-daemon,idle_tick,idle_tick_196,196,warm,baseline:checkpoint_replay,3,1,2200313,0,0,0,0,0,0,not_measured,0,0,0,0,0,0,1,false,,,0
utility-daemon,session_state,session_state_197,197,warm,baseline:checkpoint_replay,3,1,96515,0,0,0,0,0,0,not_measured,0,0,0,0,0,0,1,false,,,0
utility-daemon,idle_tick,idle_tick_198,198,warm,baseline:checkpoint_replay,3,1,2129546,0,0,0,0,0,0,not_measured,0,0,0,0,0,0,1,false,,,0
utility-daemon,session_state,session_state_199,199,warm,baseline:checkpoint_replay,3,1,159994,0,0,0,0,0,0,not_measured,0,0,0,0,0,0,1,false,,,0
utility-daemon,idle_tick,idle_tick_200,200,warm,baseline:checkpoint_replay,3,1,2111478,0,0,0,0,0,0,not_measured,0,0,0,0,0,0,1,false,,,0
utility-daemon,session_state,session_state_201,201,warm,baseline:checkpoint_replay,3,1,149701,0,0,0,0,0,0,not_measured,0,0,0,0,0,0,1,false,,,0
utility-daemon,idle_tick,idle_tick_202,202,warm,baseline:checkpoint_replay,3,1,2151194,0,0,0,0,0,0,not_measured,0,0,0,0,0,0,1,false,,,0
utility-daemon,session_state,session_state_203,203,warm,baseline:checkpoint_replay,3,1,180030,0,0,0,0,0,0,not_measured,0,0,0,0,0,0,1,false,,,0
utility-daemon,idle_tick,idle_tick_204,204,warm,baseline:checkpoint_replay,3,1,2391565,0,0,0,0,0,0,not_measured,0,0,0,0,0,0,1,false,,,0
utility-daemon,session_state,session_state_205,205,warm,baseline:checkpoint_replay,3,1,318632,0,0,0,0,0,0,not_measured,0,0,0,0,0,0,1,false,,,0
utility-daemon,idle_tick,idle_tick_206,206,warm,baseline:checkpoint_replay,3,1,2132610,0,0,0,0,0,0,not_measured,0,0,0,0,0,0,1,false,,,0
utility-daemon,session_state,session_state_207,207,warm,baseline:checkpoint_replay,3,1,140406,0,0,0,0,0,0,not_measured,0,0,0,0,0,0,1,false,,,0
utility-daemon,idle_tick,idle_tick_208,208,warm,baseline:checkpoint_replay,3,1,2137145,0,0,0,0,0,0,not_measured,0,0,0,0,0,0,1,false,,,0
utility-daemon,session_state,session_state_209,209,warm,baseline:checkpoint_replay,3,1,80811,0,0,0,0,0,0,not_measured,0,0,0,0,0,0,1,false,,,0
utility-daemon,idle_tick,idle_tick_210,210,warm,baseline:checkpoint_replay,3,1,2251114,0,0,0,0,0,0,not_measured,0,0,0,0,0,0,1,false,,,0
utility-daemon,session_state,session_state_211,211,warm,baseline:checkpoint_replay,3,1,156052,0,0,0,0,0,0,not_measured,0,0,0,0,0,0,1,false,,,0
utility-daemon,idle_tick,idle_tick_212,212,warm,baseline:checkpoint_replay,3,1,2413272,0,0,0,0,0,0,not_measured,0,0,0,0,0,0,1,false,,,0
utility-daemon,session_state,session_state_213,213,warm,baseline:checkpoint_replay,3,1,156073,0,0,0,0,0,0,not_measured,0,0,0,0,0,0,1,false,,,0
utility-daemon,idle_tick,idle_tick_214,214,warm,baseline:checkpoint_replay,3,1,2121044,0,0,0,0,0,0,not_measured,0,0,0,0,0,0,1,false,,,0
utility-daemon,session_state,session_state_215,215,warm,baseline:checkpoint_replay,3,1,111963,0,0,0,0,0,0,not_measured,0,0,0,0,0,0,1,false,,,0
utility-daemon,idle_tick,idle_tick_216,216,warm,baseline:checkpoint_replay,3,1,2115219,0,0,0,0,0,0,not_measured,0,0,0,0,0,0,1,false,,,0
utility-daemon,session_state,session_state_217,217,warm,baseline:checkpoint_replay,3,1,286621,0,0,0,0,0,0,not_measured,0,0,0,0,0,0,1,false,,,0
utility-daemon,idle_tick,idle_tick_218,218,warm,baseline:checkpoint_replay,3,1,2247032,0,0,0,0,0,0,not_measured,0,0,0,0,0,0,1,false,,,0
utility-daemon,session_state,session_state_219,219,warm,baseline:checkpoint_replay,3,1,147311,0,0,0,0,0,0,not_measured,0,0,0,0,0,0,1,false,,,0
utility-daemon,idle_tick,idle_tick_220,220,warm,baseline:checkpoint_replay,3,1,2210259,0,0,0,0,0,0,not_measured,0,0,0,0,0,0,1,false,,,0
utility-daemon,session_state,session_state_221,221,warm,baseline:checkpoint_replay,3,1,155380,0,0,0,0,0,0,not_measured,0,0,0,0,0,0,1,false,,,0
utility-daemon,idle_tick,idle_tick_222,222,warm,baseline:checkpoint_replay,3,1,2170613,0,0,0,0,0,0,not_measured,0,0,0,0,0,0,1,false,,,0
utility-daemon,session_state,session_state_223,223,warm,baseline:checkpoint_replay,3,1,127565,0,0,0,0,0,0,not_measured,0,0,0,0,0,0,1,false,,,0
utility-daemon,idle_tick,idle_tick_224,224,warm,baseline:checkpoint_replay,3,1,2279106,0,0,0,0,0,0,not_measured,0,0,0,0,0,0,1,false,,,0
utility-daemon,session_state,session_state_225,225,warm,baseline:checkpoint_replay,3,1,831099,0,0,0,0,0,0,not_measured,0,0,0,0,0,0,1,false,,,0
utility-daemon,idle_tick,idle_tick_226,226,warm,baseline:checkpoint_replay,3,1,2196691,0,0,0,0,0,0,not_measured,0,0,0,0,0,0,1,false,,,0
utility-daemon,session_state,session_state_227,227,warm,baseline:checkpoint_replay,3,1,107135,0,0,0,0,0,0,not_measured,0,0,0,0,0,0,1,false,,,0
utility-daemon,idle_tick,idle_tick_228,228,warm,baseline:checkpoint_replay,3,1,2289378,0,0,0,0,0,0,not_measured,0,0,0,0,0,0,1,false,,,0
utility-daemon,session_state,session_state_229,229,warm,baseline:checkpoint_replay,3,1,104187,0,0,0,0,0,0,not_measured,0,0,0,0,0,0,1,false,,,0
utility-daemon,idle_tick,idle_tick_230,230,warm,baseline:checkpoint_replay,3,1,2185723,0,0,0,0,0,0,not_measured,0,0,0,0,0,0,1,false,,,0
utility-daemon,session_state,session_state_231,231,warm,baseline:checkpoint_replay,3,1,143070,0,0,0,0,0,0,not_measured,0,0,0,0,0,0,1,false,,,0
utility-daemon,idle_tick,idle_tick_232,232,warm,baseline:checkpoint_replay,3,1,2263081,0,0,0,0,0,0,not_measured,0,0,0,0,0,0,1,false,,,0
utility-daemon,session_state,session_state_233,233,warm,baseline:checkpoint_replay,3,1,119753,0,0,0,0,0,0,not_measured,0,0,0,0,0,0,1,false,,,0
utility-daemon,idle_tick,idle_tick_234,234,warm,baseline:checkpoint_replay,3,1,2304867,0,0,0,0,0,0,not_measured,0,0,0,0,0,0,1,false,,,0
utility-daemon,session_state,session_state_235,235,warm,baseline:checkpoint_replay,3,1,92198,0,0,0,0,0,0,not_measured,0,0,0,0,0,0,1,false,,,0
utility-daemon,idle_tick,idle_tick_236,236,warm,baseline:checkpoint_replay,3,1,2293324,0,0,0,0,0,0,not_measured,0,0,0,0,0,0,1,false,,,0
utility-daemon,session_state,session_state_237,237,warm,baseline:checkpoint_replay,3,1,212047,0,0,0,0,0,0,not_measured,0,0,0,0,0,0,1,false,,,0
utility-daemon,idle_tick,idle_tick_238,238,warm,baseline:checkpoint_replay,3,1,2673207,0,0,0,0,0,0,not_measured,0,0,0,0,0,0,1,false,,,0
utility-daemon,session_state,session_state_239,239,warm,baseline:checkpoint_replay,3,1,87402,0,0,0,0,0,0,not_measured,0,0,0,0,0,0,1,false,,,0
utility-daemon,idle_tick,idle_tick_240,240,warm,baseline:checkpoint_replay,3,1,2192628,0,0,0,0,0,0,not_measured,0,0,0,0,0,0,1,false,,,0
utility-daemon,session_state,session_state_241,241,warm,baseline:checkpoint_replay,3,1,89116,0,0,0,0,0,0,not_measured,0,0,0,0,0,0,1,false,,,0
utility-daemon,idle_tick,idle_tick_242,242,warm,baseline:checkpoint_replay,3,1,2237315,0,0,0,0,0,0,not_measured,0,0,0,0,0,0,1,false,,,0
utility-daemon,session_state,session_state_243,243,warm,baseline:checkpoint_replay,3,1,83296,0,0,0,0,0,0,not_measured,0,0,0,0,0,0,1,false,,,0
utility-daemon,idle_tick,idle_tick_244,244,warm,baseline:checkpoint_replay,3,1,2110488,0,0,0,0,0,0,not_measured,0,0,0,0,0,0,1,false,,,0
utility-daemon,session_state,session_state_245,245,warm,baseline:checkpoint_replay,3,1,136818,0,0,0,0,0,0,not_measured,0,0,0,0,0,0,1,false,,,0
utility-daemon,idle_tick,idle_tick_246,246,warm,baseline:checkpoint_replay,3,1,2146138,0,0,0,0,0,0,not_measured,0,0,0,0,0,0,1,false,,,0
utility-daemon,session_state,session_state_247,247,warm,baseline:checkpoint_replay,3,1,95302,0,0,0,0,0,0,not_measured,0,0,0,0,0,0,1,false,,,0
utility-daemon,idle_tick,idle_tick_248,248,warm,baseline:checkpoint_replay,3,1,2117575,0,0,0,0,0,0,not_measured,0,0,0,0,0,0,1,false,,,0
utility-daemon,session_state,session_state_249,249,warm,baseline:checkpoint_replay,3,1,89706,0,0,0,0,0,0,not_measured,0,0,0,0,0,0,1,false,,,0
utility-daemon,idle_tick,idle_tick_250,250,warm,baseline:checkpoint_replay,3,1,2129035,0,0,0,0,0,0,not_measured,0,0,0,0,0,0,1,false,,,0
report-tool,weekly_report,weekly_report_251,251,warm,baseline:checkpoint_replay,6,1,122974,0,0,0,0,0,0,not_measured,0,0,0,0,0,0,1,false,,,0
report-tool,weekly_report,weekly_report_252,252,warm,baseline:checkpoint_replay,6,1,70326,0,0,0,0,0,0,not_measured,0,0,0,0,0,0,1,false,,,0
report-tool,weekly_report,weekly_report_253,253,warm,baseline:checkpoint_replay,6,1,47693,0,0,0,0,0,0,not_measured,0,0,0,0,0,0,1,false,,,0
report-tool,weekly_report,weekly_report_254,254,warm,baseline:checkpoint_replay,6,1,53536,0,0,0,0,0,0,not_measured,0,0,0,0,0,0,1,false,,,0
report-tool,weekly_report,weekly_report_255,255,warm,baseline:checkpoint_replay,6,1,155572,0,0,0,0,0,0,not_measured,0,0,0,0,0,0,1,false,,,0
report-tool,weekly_report,weekly_report_256,256,warm,baseline:checkpoint_replay,6,1,57063,0,0,0,0,0,0,not_measured,0,0,0,0,0,0,1,false,,,0
report-tool,weekly_report,weekly_report_257,257,warm,baseline:checkpoint_replay,6,1,44635,0,0,0,0,0,0,not_measured,0,0,0,0,0,0,1,false,,,0
report-tool,weekly_report,weekly_report_258,258,warm,baseline:checkpoint_replay,6,1,46936,0,0,0,0,0,0,not_measured,0,0,0,0,0,0,1,false,,,0
report-tool,weekly_report,weekly_report_259,259,warm,baseline:checkpoint_replay,6,1,41912,0,0,0,0,0,0,not_measured,0,0,0,0,0,0,1,false,,,0
report-tool,weekly_report,weekly_report_260,260,warm,baseline:checkpoint_replay,6,1,42969,0,0,0,0,0,0,not_measured,0,0,0,0,0,0,1,false,,,0
dev-editor,save_and_backup,save_and_backup_261,261,warm,baseline:checkpoint_replay,5,1,39448,0,0,0,0,0,0,not_measured,0,0,0,0,0,0,1,false,,,0
dev-editor,save_and_backup,save_and_backup_262,262,warm,baseline:checkpoint_replay,5,1,41056,0,0,0,0,0,0,not_measured,0,0,0,0,0,0,1,false,,,0
dev-editor,save_and_backup,save_and_backup_263,263,warm,baseline:checkpoint_replay,5,1,40887,0,0,0,0,0,0,not_measured,0,0,0,0,0,0,1,false,,,0
dev-editor,save_and_backup,save_and_backup_264,264,warm,baseline:checkpoint_replay,5,1,44833,0,0,0,0,0,0,not_measured,0,0,0,0,0,0,1,false,,,0
dev-editor,save_and_backup,save_and_backup_265,265,warm,baseline:checkpoint_replay,5,1,42207,0,0,0,0,0,0,not_measured,0,0,0,0,0,0,1,false,,,0
dev-editor,save_and_backup,save_and_backup_266,266,warm,baseline:checkpoint_replay,5,1,113178,0,0,0,0,0,0,not_measured,0,0,0,0,0,0,1,false,,,0
dev-editor,save_and_backup,save_and_backup_267,267,warm,baseline:checkpoint_replay,5,1,71082,0,0,0,0,0,0,not_measured,0,0,0,0,0,0,1,false,,,0
dev-editor,save_and_backup,save_and_backup_268,268,warm,baseline:checkpoint_replay,5,1,41270,0,0,0,0,0,0,not_measured,0,0,0,0,0,0,1,false,,,0
dev-editor,save_and_backup,save_and_backup_82,269,warm,baseline:checkpoint_replay,1,0,153013,0,0,0,0,0,0,not_measured,0,0,0,0,0,0,0,false,,,0
utility-daemon,idle_tick,idle_tick_202,270,warm,baseline:checkpoint_replay,1,0,2129732,0,0,0,0,0,0,not_measured,0,0,0,0,0,0,0,false,,,0
research-browser,sync_notes,sync_notes_176,271,warm,baseline:checkpoint_replay,1,0,1148989,0,0,0,0,0,0,not_measured,0,1,0,0,0,0,0,false,,,0
research-browser,fetch_and_summarize,fetch_and_summarize_157,272,warm,baseline:checkpoint_replay,1,0,943914,0,0,0,0,0,0,not_measured,0,0,1,0,0,0,0,false,,,0
dev-editor,save_and_backup,save_and_backup_62,273,warm,baseline:checkpoint_replay,1,0,128883,0,0,0,0,0,0,not_measured,0,0,0,0,0,0,0,false,,,0
research-browser,sync_notes,sync_notes_16,274,warm,baseline:checkpoint_replay,1,0,997290,0,0,0,0,0,0,not_measured,0,1,0,0,0,0,0,false,,,0
research-browser,fetch_and_summarize,fetch_and_summarize_177,275,warm,baseline:checkpoint_replay,1,0,972096,0,0,0,0,0,0,not_measured,0,0,1,0,0,0,0,false,,,0
dev-editor,build_and_hash,build_and_hash_55,276,warm,baseline:checkpoint_replay,1,0,2364578,0,0,0,0,0,0,not_measured,1,0,0,0,0,0,0,false,,,0
research-browser,fetch_and_summarize,fetch_and_summarize_151,277,warm,baseline:checkpoint_replay,1,0,1827054,0,0,0,0,0,0,not_measured,0,0,1,0,0,0,0,false,,,0
report-tool,weekly_report,weekly_report_256,278,warm,baseline:checkpoint_replay,1,0,127532,0,0,0,0,0,0,not_measured,0,0,0,0,0,0,0,false,,,0
dev-editor,build_and_hash,build_and_hash_31,279,warm,baseline:checkpoint_replay,1,0,1930701,0,0,0,0,0,0,not_measured,1,0,0,0,0,0,0,false,,,0
report-tool,notify_team,notify_team_128,280,warm,baseline:checkpoint_replay,1,0,63847,0,0,0,0,0,0,not_measured,0,0,0,0,0,0,0,false,,,0
report-tool,notify_team,notify_team_112,281,warm,baseline:checkpoint_replay,1,0,23183,0,0,0,0,0,0,not_measured,0,0,0,0,0,0,0,false,,,0
dev-editor,build_and_hash,build_and_hash_79,282,warm,baseline:checkpoint_replay,1,0,1931998,0,0,0,0,0,0,not_measured,1,0,0,0,0,0,0,false,,,0
report-tool,notify_team,notify_team_120,283,warm,baseline:checkpoint_replay,1,0,30881,0,0,0,0,0,0,not_measured,0,0,0,0,0,0,0,false,,,0
dev-editor,build_and_hash,build_and_hash_3,284,warm,baseline:checkpoint_replay,1,0,1736188,0,0,0,0,0,0,not_measured,1,0,0,0,0,0,0,false,,,0
report-tool,weekly_report,weekly_report_117,285,warm,baseline:checkpoint_replay,1,0,101690,0,0,0,0,0,0,not_measured,0,0,0,0,0,0,0,false,,,0
utility-daemon,session_state,session_state_211,286,warm,baseline:checkpoint_replay,1,0,71862,0,0,0,0,0,0,not_measured,0,0,0,0,0,0,0,false,,,0
research-browser,fetch_and_summarize,fetch_and_summarize_185,287,warm,baseline:checkpoint_replay,1,0,2365639,0,0,0,0,0,0,not_measured,0,0,1,0,0,0,0,false,,,0
utility-daemon,session_state,session_state_193,288,warm,baseline:checkpoint_replay,1,0,313283,0,0,0,0,0,0,not_measured,0,0,0,0,0,0,0,false,,,0
dev-editor,noise,noise_269,289,cold,baseline:checkpoint_replay,2,1,13910,0,0,0,0,0,0,not_measured,0,0,0,0,0,0,1,false,,,0
dev-editor,noise,noise_270,290,warm,baseline:checkpoint_replay,2,1,8776,0,0,0,0,0,0,not_measured,0,0,0,0,0,0,1,false,,,0
dev-editor,noise,noise_271,291,warm,baseline:checkpoint_replay,2,1,29888,0,0,0,0,0,0,not_measured,0,0,0,0,0,0,1,false,,,0
dev-editor,noise,noise_272,292,warm,baseline:checkpoint_replay,2,1,4148474,0,0,0,0,0,0,not_measured,0,0,0,0,0,0,1,false,,,0
dev-editor,noise,noise_273,293,warm,baseline:checkpoint_replay,2,1,3838462,0,0,0,0,0,0,not_measured,0,0,2,0,0,0,1,false,,,0
dev-editor,noise,noise_274,294,warm,baseline:checkpoint_replay,2,1,3166024,0,0,0,0,0,0,not_measured,0,2,0,0,0,0,1,false,,,0
dev-editor,noise,noise_275,295,warm,baseline:checkpoint_replay,2,1,4458139,0,0,0,0,0,0,not_measured,2,0,0,0,0,0,1,false,,,0
dev-editor,noise,noise_276,296,warm,baseline:checkpoint_replay,2,1,9802,0,0,0,0,0,0,not_measured,0,0,0,0,0,0,1,false,,,0
dev-editor,noise,noise_277,297,warm,baseline:checkpoint_replay,2,1,359593,0,0,0,0,0,0,not_measured,0,0,0,0,0,0,1,false,,,0
dev-editor,noise,noise_278,298,warm,baseline:checkpoint_replay,2,1,23352,0,0,0,0,0,0,not_measured,0,0,0,0,0,0,1,false,,,0
dev-editor,noise,noise_279,299,warm,baseline:checkpoint_replay,3,1,19564,0,0,0,0,0,0,not_measured,0,0,0,0,0,0,1,false,,,0
dev-editor,noise,noise_280,300,warm,baseline:checkpoint_replay,3,1,11882,0,0,0,0,0,0,not_measured,0,0,0,0,0,0,1,false,,,0
dev-editor,noise,noise_281,301,warm,baseline:checkpoint_replay,3,1,46616,0,0,0,0,0,0,not_measured,0,0,0,0,0,0,1,false,,,0
dev-editor,noise,noise_282,302,warm,baseline:checkpoint_replay,3,1,6079711,0,0,0,0,0,0,not_measured,0,0,0,0,0,0,1,false,,,0
dev-editor,noise,noise_283,303,warm,baseline:checkpoint_replay,3,1,4878096,0,0,0,0,0,0,not_measured,0,0,3,0,0,0,1,false,,,0
dev-editor,build_and_hash,build_and_hash_1,1,cold,baseline:static_macros,3,1,2117,0,0,0,0,0,0,not_measured,0,0,0,0,0,0,1,false,,,0
dev-editor,save_and_backup,save_and_backup_2,2,cold,baseline:static_macros,5,1,1546,0,0,0,0,0,0,not_measured,0,0,0,0,0,0,1,false,,,0
dev-editor,build_and_hash,build_and_hash_3,3,warm,baseline:static_macros,3,1,570,0,0,0,0,0,0,not_measured,0,0,0,0,0,0,1,false,,,0
dev-editor,save_and_backup,save_and_backup_4,4,warm,baseline:static_macros,5,1,1443,0,0,0,0,0,0,not_measured,0,0,0,0,0,0,1,false,,,0
dev-editor,build_and_hash,build_and_hash_5,5,warm,baseline:static_macros,3,1,434,0,0,0,0,0,0,not_measured,0,0,0,0,0,0,1,false,,,0
dev-editor,save_and_backup,save_and_backup_6,6,warm,baseline:static_macros,5,1,447,0,0,0,0,0,0,not_measured,0,0,0,0,0,0,1,false,,,0
report-tool,weekly_report,weekly_report_7,7,cold,baseline:static_macros,5,1,409,0,0,0,0,0,0,not_measured,0,0,0,0,0,0,1,false,,,0
report-tool,notify_team,notify_team_8,8,cold,baseline:static_macros,2,1,41294,0,0,0,0,0,0,not_measured,0,0,0,0,0,0,1,false,,,0
report-tool,weekly_report,weekly_report_9,9,warm,baseline:static_macros,5,1,427,0,0,0,0,0,0,not_measured,0,0,0,0,0,0,1,false,,,0
report-tool,notify_team,notify_team_10,10,warm,baseline:static_macros,2,1,14208,0,0,0,0,0,0,not_measured,0,0,0,0,0,0,1,false,,,0
report-tool,weekly_report,weekly_report_11,11,warm,baseline:static_macros,5,1,761,0,0,0,0,0,0,not_measured,0,0,0,0,0,0,1,false,,,0
report-tool,notify_team,notify_team_12,12,warm,baseline:static_macros,2,1,12250,0,0,0,0,0,0,not_measured,0,0,0,0,0,0,1,false,,,0
research-browser,fetch_and_summarize,fetch_and_summarize_13,13,cold,baseline:static_macros,4,1,753,0,0,0,0,0,0,not_measured,0,0,0,0,0,0,1,false,,,0
research-browser,sync_notes,sync_notes_14,14,cold,baseline:static_macros,4,1,956,0,0,0,0,0,0,not_measured,0,0,0,0,0,0,1,false,,,0
research-browser,fetch_and_summarize,fetch_and_summarize_15,15,warm,baseline:static_macros,4,1,3122,0,0,0,0,0,0,not_measured,0,0,0,0,0,0,1,false,,,0
research-browser,sync_notes,sync_notes_16,16,warm,baseline:static_macros,4,1,389,0,0,0,0,0,0,not_measured,0,0,0,0,0,0,1,false,,,0
research-browser,fetch_and_summarize,fetch_and_summarize_17,17,warm,baseline:static_macros,4,1,710,0,0,0,0,0,0,not_measured,0,0,0,0,0,0,1,false,,,0
research-browser,sync_notes,sync_notes_18,18,warm,baseline:static_macros,4,1,441,0,0,0,0,0,0,not_measured,0,0,0,0,0,0,1,false,,,0
utility-daemon,session_state,session_state_19,19,cold,baseline:static_macros,3,1,541,0,0,0,0,0,0,not_measured,0,0,0,0,0,0,1,false,,,0
utility-daemon,idle_tick,idle_tick_20,20,cold,baseline:static_macros,3,1,2114028,0,0,0,0,0,0,not_measured,0,0,0,0,0,0,1,false,,,0
utility-daemon,session_state,session_state_21,21,warm,baseline:static_macros,3,1,1676,0,0,0,0,0,0,not_measured,0,0,0,0,0,0,1,false,,,0
utility-daemon,idle_tick,idle_tick_22,22,warm,baseline:static_macros,3,1,2152906,0,0,0,0,0,0,not_measured,0,0,0,0,0,0,1,false,,,0
utility-daemon,session_state,session_state_23,23,warm,baseline:static_macros,3,1,2405,0,0,0,0,0,0,not_measured,0,0,0,0,0,0,1,false,,,0
utility-daemon,idle_tick,idle_tick_24,24,warm,baseline:static_macros,3,1,2200873,0,0,0,0,0,0,not_measured,0,0,0,0,0,0,1,false,,,0
dev-editor,build_and_hash,build_and_hash_25,25,warm,baseline:static_macros,3,1,3764,0,0,0,0,0,0,not_measured,0,0,0,0,0,0,1,false,,,0
dev-editor,save_and_backup,save_and_backup_26,26,warm,baseline:static_macros,5,1,1272,0,0,0,0,0,0,not_measured,0,0,0,0,0,0,1,false,,,0
dev-editor,build_and_hash,build_and_hash_27,27,warm,baseline:static_macros,3,1,656,0,0,0,0,0,0,not_measured,0,0,0,0,0,0,1,false,,,0
dev-editor,save_and_backup,save_and_backup_28,28,warm,baseline:static_macros,5,1,631,0,0,0,0,0,0,not_measured,0,0,0,0,0,0,1,false,,,0
dev-editor,build_and_hash,build_and_hash_29,29,warm,baseline:static_macros,3,1,8958,0,0,0,0,0,0,not_measured,0,0,0,0,0,0,1,false,,,0
dev-editor,save_and_backup,save_and_backup_30,30,warm,baseline:static_macros,5,1,773,0,0,0,0,0,0,not_measured,0,0,0,0,0,0,1,false,,,0
dev-editor,build_and_hash,build_and_hash_31,31,warm,baseline:static_macros,3,1,601,0,0,0,0,0,0,not_measured,0,0,0,0,0,0,1,false,,,0
dev-editor,save_and_backup,save_and_backup_32,32,warm,baseline:static_macros,5,1,581,0,0,0,0,0,0,not_measured,0,0,0,0,0,0,1,false,,,0
dev-editor,build_and_hash,build_and_hash_33,33,warm,baseline:static_macros,3,1,471,0,0,0,0,0,0,not_measured,0,0,0,0,0,0,1,false,,,0
dev-editor,save_and_backup,save_and_backup_34,34,warm,baseline:static_macros,5,1,500,0,0,0,0,0,0,not_measured,0,0,0,0,0,0,1,false,,,0
dev-editor,build_and_hash,build_and_hash_35,35,warm,baseline:static_macros,3,1,537,0,0,0,0,0,0,not_measured,0,0,0,0,0,0,1,false,,,0
dev-editor,save_and_backup,save_and_backup_36,36,warm,baseline:static_macros,5,1,731,0,0,0,0,0,0,not_measured,0,0,0,0,0,0,1,false,,,0
dev-editor,build_and_hash,build_and_hash_37,37,warm,baseline:static_macros,3,1,6318,0,0,0,0,0,0,not_measured,0,0,0,0,0,0,1,false,,,0
dev-editor,save_and_backup,save_and_backup_38,38,warm,baseline:static_macros,5,1,478,0,0,0,0,0,0,not_measured,0,0,0,0,0,0,1,false,,,0
dev-editor,build_and_hash,build_and_hash_39,39,warm,baseline:static_macros,3,1,418,0,0,0,0,0,0,not_measured,0,0,0,0,0,0,1,false,,,0
dev-editor,save_and_backup,save_and_backup_40,40,warm,baseline:static_macros,5,1,509,0,0,0,0,0,0,not_measured,0,0,0,0,0,0,1,false,,,0
dev-editor,build_and_hash,build_and_hash_41,41,warm,baseline:static_macros,3,1,45859,0,0,0,0,0,0,not_measured,0,0,0,0,0,0,1,false,,,0
dev-editor,save_and_backup,save_and_backup_42,42,warm,baseline:static_macros,5,1,820,0,0,0,0,0,0,not_measured,0,0,0,0,0,0,1,false,,,0
dev-editor,build_and_hash,build_and_hash_43,43,warm,baseline:static_macros,3,1,728,0,0,0,0,0,0,not_measured,0,0,0,0,0,0,1,false,,,0
dev-editor,save_and_backup,save_and_backup_44,44,warm,baseline:static_macros,5,1,673,0,0,0,0,0,0,not_measured,0,0,0,0,0,0,1,false,,,0
dev-editor,build_and_hash,build_and_hash_45,45,warm,baseline:static_macros,3,1,902,0,0,0,0,0,0,not_measured,0,0,0,0,0,0,1,false,,,0
dev-editor,save_and_backup,save_and_backup_46,46,warm,baseline:static_macros,5,1,796,0,0,0,0,0,0,not_measured,0,0,0,0,0,0,1,false,,,0
dev-editor,build_and_hash,build_and_hash_47,47,warm,baseline:static_macros,3,1,655,0,0,0,0,0,0,not_measured,0,0,0,0,0,0,1,false,,,0
dev-editor,save_and_backup,save_and_backup_48,48,warm,baseline:static_macros,5,1,600,0,0,0,0,0,0,not_measured,0,0,0,0,0,0,1,false,,,0
dev-editor,build_and_hash,build_and_hash_49,49,warm,baseline:static_macros,3,1,586,0,0,0,0,0,0,not_measured,0,0,0,0,0,0,1,false,,,0
dev-editor,save_and_backup,save_and_backup_50,50,warm,baseline:static_macros,5,1,544,0,0,0,0,0,0,not_measured,0,0,0,0,0,0,1,false,,,0
dev-editor,build_and_hash,build_and_hash_51,51,warm,baseline:static_macros,3,1,564,0,0,0,0,0,0,not_measured,0,0,0,0,0,0,1,false,,,0
dev-editor,save_and_backup,save_and_backup_52,52,warm,baseline:static_macros,5,1,689,0,0,0,0,0,0,not_measured,0,0,0,0,0,0,1,false,,,0
dev-editor,build_and_hash,build_and_hash_53,53,warm,baseline:static_macros,3,1,485,0,0,0,0,0,0,not_measured,0,0,0,0,0,0,1,false,,,0
dev-editor,save_and_backup,save_and_backup_54,54,warm,baseline:static_macros,5,1,645,0,0,0,0,0,0,not_measured,0,0,0,0,0,0,1,false,,,0
dev-editor,build_and_hash,build_and_hash_55,55,warm,baseline:static_macros,3,1,581,0,0,0,0,0,0,not_measured,0,0,0,0,0,0,1,false,,,0
dev-editor,save_and_backup,save_and_backup_56,56,warm,baseline:static_macros,5,1,621,0,0,0,0,0,0,not_measured,0,0,0,0,0,0,1,false,,,0
dev-editor,build_and_hash,build_and_hash_57,57,warm,baseline:static_macros,3,1,5338,0,0,0,0,0,0,not_measured,0,0,0,0,0,0,1,false,,,0
dev-editor,save_and_backup,save_and_backup_58,58,warm,baseline:static_macros,5,1,1110,0,0,0,0,0,0,not_measured,0,0,0,0,0,0,1,false,,,0
dev-editor,build_and_hash,build_and_hash_59,59,warm,baseline:static_macros,3,1,745,0,0,0,0,0,0,not_measured,0,0,0,0,0,0,1,false,,,0
dev-editor,save_and_backup,save_and_backup_60,60,warm,baseline:static_macros,5,1,611,0,0,0,0,0,0,not_measured,0,0,0,0,0,0,1,false,,,0
dev-editor,build_and_hash,build_and_hash_61,61,warm,baseline:static_macros,3,1,567,0,0,0,0,0,0,not_measured,0,0,0,0,0,0,1,false,,,0
dev-editor,save_and_backup,save_and_backup_62,62,warm,baseline:static_macros,5,1,575,0,0,0,0,0,0,not_measured,0,0,0,0,0,0,1,false,,,0
dev-editor,build_and_hash,build_and_hash_63,63,warm,baseline:static_macros,3,1,511,0,0,0,0,0,0,not_measured,0,0,0,0,0,0,1,false,,,0
dev-editor,save_and_backup,save_and_backup_64,64,warm,baseline:static_macros,5,1,582,0,0,0,0,0,0,not_measured,0,0,0,0,0,0,1,false,,,0
dev-editor,build_and_hash,build_and_hash_65,65,warm,baseline:static_macros,3,1,577,0,0,0,0,0,0,not_measured,0,0,0,0,0,0,1,false,,,0
dev-editor,save_and_backup,save_and_backup_66,66,warm,baseline:static_macros,5,1,772,0,0,0,0,0,0,not_measured,0,0,0,0,0,0,1,false,,,0
dev-editor,build_and_hash,build_and_hash_67,67,warm,baseline:static_macros,3,1,651,0,0,0,0,0,0,not_measured,0,0,0,0,0,0,1,false,,,0
dev-editor,save_and_backup,save_and_backup_68,68,warm,baseline:static_macros,5,1,584,0,0,0,0,0,0,not_measured,0,0,0,0,0,0,1,false,,,0
dev-editor,build_and_hash,build_and_hash_69,69,warm,baseline:static_macros,3,1,672,0,0,0,0,0,0,not_measured,0,0,0,0,0,0,1,false,,,0
dev-editor,save_and_backup,save_and_backup_70,70,warm,baseline:static_macros,5,1,590,0,0,0,0,0,0,not_measured,0,0,0,0,0,0,1,false,,,0
dev-editor,build_and_hash,build_and_hash_71,71,warm,baseline:static_macros,3,1,615,0,0,0,0,0,0,not_measured,0,0,0,0,0,0,1,false,,,0
dev-editor,save_and_backup,save_and_backup_72,72,warm,baseline:static_macros,5,1,12785,0,0,0,0,0,0,not_measured,0,0,0,0,0,0,1,false,,,0
dev-editor,build_and_hash,build_and_hash_73,73,warm,baseline:static_macros,3,1,642,0,0,0,0,0,0,not_measured,0,0,0,0,0,0,1,false,,,0
dev-editor,save_and_backup,save_and_backup_74,74,warm,baseline:static_macros,5,1,1243,0,0,0,0,0,0,not_measured,0,0,0,0,0,0,1,false,,,0
dev-editor,build_and_hash,build_and_hash_75,75,warm,baseline:static_macros,3,1,1015,0,0,0,0,0,0,not_measured,0,0,0,0,0,0,1,false,,,0
dev-editor,save_and_backup,save_and_backup_76,76,warm,baseline:static_macros,5,1,1192,0,0,0,0,0,0,not_measured,0,0,0,0,0,0,1,false,,,0
dev-editor,build_and_hash,build_and_hash_77,77,warm,baseline:static_macros,3,1,1339,0,0,0,0,0,0,not_measured,0,0,0,0,0,0,1,false,,,0
dev-editor,save_and_backup,save_and_backup_78,78,warm,baseline:static_macros,5,1,1410,0,0,0,0,0,0,not_measured,0,0,0,0,0,0,1,false,,,0
dev-editor,build_and_hash,build_and_hash_79,79,warm,baseline:static_macros,3,1,1169,0,0,0,0,0,0,not_measured,0,0,0,0,0,0,1,false,,,0
dev-editor,save_and_backup,save_and_backup_80,80,warm,baseline:static_macros,5,1,1264,0,0,0,0,0,0,not_measured,0,0,0,0,0,0,1,false,,,0
dev-editor,build_and_hash,build_and_hash_81,81,warm,baseline:static_macros,3,1,1273,0,0,0,0,0,0,not_measured,0,0,0,0,0,0,1,false,,,0
dev-editor,save_and_backup,save_and_backup_82,82,warm,baseline:static_macros,5,1,770,0,0,0,0,0,0,not_measured,0,0,0,0,0,0,1,false,,,0
dev-editor,build_and_hash,build_and_hash_83,83,warm,baseline:static_macros,3,1,647,0,0,0,0,0,0,not_measured,0,0,0,0,0,0,1,false,,,0
dev-editor,save_and_backup,save_and_backup_84,84,warm,baseline:static_macros,5,1,697,0,0,0,0,0,0,not_measured,0,0,0,0,0,0,1,false,,,0
report-tool,weekly_report,weekly_report_85,85,warm,baseline:static_macros,5,1,800,0,0,0,0,0,0,not_measured,0,0,0,0,0,0,1,false,,,0
report-tool,notify_team,notify_team_86,86,warm,baseline:static_macros,2,1,59828,0,0,0,0,0,0,not_measured,0,0,0,0,0,0,1,false,,,0
report-tool,weekly_report,weekly_report_87,87,warm,baseline:static_macros,5,1,977,0,0,0,0,0,0,not_measured,0,0,0,0,0,0,1,false,,,0
report-tool,notify_team,notify_team_88,88,warm,baseline:static_macros,2,1,16486,0,0,0,0,0,0,not_measured,0,0,0,0,0,0,1,false,,,0
report-tool,weekly_report,weekly_report_89,89,warm,baseline:static_macros,5,1,889,0,0,0,0,0,0,not_measured,0,0,0,0,0,0,1,false,,,0
report-tool,notify_team,notify_team_90,90,warm,baseline:static_macros,2,1,13419,0,0,0,0,0,0,not_measured,0,0,0,0,0,0,1,false,,,0
report-tool,weekly_report,weekly_report_91,91,warm,baseline:static_macros,5,1,6693,0,0,0,0,0,0,not_measured,0,0,0,0,0,0,1,false,,,0
report-tool,notify_team,notify_team_92,92,warm,baseline:static_macros,2,1,13176,0,0,0,0,0,0,not_measured,0,0,0,0,0,0,1,false,,,0
report-tool,weekly_report,weekly_report_93,93,warm,baseline:static_macros,5,1,1116,0,0,0,0,0,0,not_measured,0,0,0,0,0,0,1,false,,,0
report-tool,notify_team,notify_team_94,94,warm,baseline:static_macros,2,1,12620,0,0,0,0,0,0,not_measured,0,0,0,0,0,0,1,false,,,0
report-tool,weekly_report,weekly_report_95,95,warm,baseline:static_macros,5,1,963,0,0,0,0,0,0,not_measured,0,0,0,0,0,0,1,false,,,0
report-tool,notify_team,notify_team_96,96,warm,baseline:static_macros,2,1,12463,0,0,0,0,0,0,not_measured,0,0,0,0,0,0,1,false,,,0
report-tool,weekly_report,weekly_report_97,97,warm,baseline:static_macros,5,1,879,0,0,0,0,0,0,not_measured,0,0,0,0,0,0,1,false,,,0
report-tool,notify_team,notify_team_98,98,warm,baseline:static_macros,2,1,14494,0,0,0,0,0,0,not_measured,0,0,0,0,0,0,1,false,,,0
report-tool,weekly_report,weekly_report_99,99,warm,baseline:static_macros,5,1,824,0,0,0,0,0,0,not_measured,0,0,0,0,0,0,1,false,,,0
report-tool,notify_team,notify_team_100,100,warm,baseline:static_macros,2,1,12451,0,0,0,0,0,0,not_measured,0,0,0,0,0,0,1,false,,,0
report-tool,weekly_report,weekly_report_101,101,warm,baseline:static_macros,5,1,898,0,0,0,0,0,0,not_measured,0,0,0,0,0,0,1,false,,,0
report-tool,notify_team,notify_team_102,102,warm,baseline:static_macros,2,1,12471,0,0,0,0,0,0,not_measured,0,0,0,0,0,0,1,false,,,0
report-tool,weekly_report,weekly_report_103,103,warm,baseline:static_macros,5,1,1005,0,0,0,0,0,0,not_measured,0,0,0,0,0,0,1,false,,,0
report-tool,notify_team,notify_team_104,104,warm,baseline:static_macros,2,1,12557,0,0,0,0,0,0,not_measured,0,0,0,0,0,0,1,false,,,0
report-tool,weekly_report,weekly_report_105,105,warm,baseline:static_macros,5,1,882,0,0,0,0,0,0,not_measured,0,0,0,0,0,0,1,false,,,0
report-tool,notify_team,notify_team_106,106,warm,baseline:static_macros,2,1,25914,0,0,0,0,0,0,not_measured,0,0,0,0,0,0,1,false,,,0
report-tool,weekly_report,weekly_report_107,107,warm,baseline:static_macros,5,1,1053,0,0,0,0,0,0,not_measured,0,0,0,0,0,0,1,false,,,0
report-tool,notify_team,notify_team_108,108,warm,baseline:static_macros,2,1,15096,0,0,0,0,0,0,not_measured,0,0,0,0,0,0,1,false,,,0
report-tool,weekly_report,weekly_report_109,109,warm,baseline:static_macros,5,1,1051,0,0,0,0,0,0,not_measured,0,0,0,0,0,0,1,false,,,0
report-tool,notify_team,notify_team_110,110,warm,baseline:static_macros,2,1,12644,0,0,0,0,0,0,not_measured,0,0,0,0,0,0,1,false,,,0
report-tool,weekly_report,weekly_report_111,111,warm,baseline:static_macros,5,1,1134,0,0,0,0,0,0,not_measured,0,0,0,0,0,0,1,false,,,0
report-tool,notify_team,notify_team_112,112,warm,baseline:static_macros,2,1,12309,0,0,0,0,0,0,not_measured,0,0,0,0,0,0,1,false,,,0
report-tool,weekly_report,weekly_report_113,113,warm,baseline:static_macros,5,1,11280,0,0,0,0,0,0,not_measured,0,0,0,0,0,0,1,false,,,0
report-tool,notify_team,notify_team_114,114,warm,baseline:static_macros,2,1,13807,0,0,0,0,0,0,not_measured,0,0,0,0,0,0,1,false,,,0
report-tool,weekly_report,weekly_report_115,115,warm,baseline:static_macros,5,1,1113,0,0,0,0,0,0,not_measured,0,0,0,0,0,0,1,false,,,0
report-tool,notify_team,notify_team_116,116,warm,baseline:static_macros,2,1,12568,0,0,0,0,0,0,not_measured,0,0,0,0,0,0,1,false,,,0
report-tool,weekly_report,weekly_report_117,117,warm,baseline:static_macros,5,1,956,0,0,0,0,0,0,not_measured,0,0,0,0,0,0,1,false,,,0
report-tool,notify_team,notify_team_118,118,warm,baseline:static_macros,2,1,12233,0,0,0,0,0,0,not_measured,0,0,0,0,0,0,1,false,,,0
report-tool,weekly_report,weekly_report_119,119,warm,baseline:static_macros,5,1,1442,0,0,0,0,0,0,not_measured,0,0,0,0,0,0,1,false,,,0
report-tool,notify_team,notify_team_120,120,warm,baseline:static_macros,2,1,12614,0,0,0,0,0,0,not_measured,0,0,0,0,0,0,1,false,,,0
report-tool,weekly_report,weekly_report_121,121,warm,baseline:static_macros,5,1,940,0,0,0,0,0,0,not_measured,0,0,0,0,0,0,1,false,,,0
report-tool,notify_team,notify_team_122,122,warm,baseline:static_macros,2,1,18564,0,0,0,0,0,0,not_measured,0,0,0,0,0,0,1,false,,,0
report-tool,weekly_report,weekly_report_123,123,warm,baseline:static_macros,5,1,1741,0,0,0,0,0,0,not_measured,0,0,0,0,0,0,1,false,,,0
report-tool,notify_team,notify_team_124,124,warm,baseline:static_macros,2,1,19963,0,0,0,0,0,0,not_measured,0,0,0,0,0,0,1,false,,,0
report-tool,weekly_report,weekly_report_125,125,warm,baseline:static_macros,5,1,1334,0,0,0,0,0,0,not_measured,0,0,0,0,0,0,1,false,,,0
report-tool,notify_team,notify_team_126,126,warm,baseline:static_macros,2,1,15551,0,0,0,0,0,0,not_measured,0,0,0,0,0,0,1,false,,,0
report-tool,weekly_report,weekly_report_127,127,warm,baseline:static_macros,5,1,1480,0,0,0,0,0,0,not_measured,0,0,0,0,0,0,1,false,,,0
report-tool,notify_team,notify_team_128,128,warm,baseline:static_macros,2,1,13722,0,0,0,0,0,0,not_measured,0,0,0,0,0,0,1,false,,,0
report-tool,weekly_report,weekly_report_129,129,warm,baseline:static_macros,5,1,1144,0,0,0,0,0,0,not_measured,0,0,0,0,0,0,1,false,,,0
report-tool,notify_team,notify_team_130,130,warm,baseline:static_macros,2,1,13703,0,0,0,0,0,0,not_measured,0,0,0,0,0,0,1,false,,,0
report-tool,weekly_report,weekly_report_131,131,warm,baseline:static_macros,5,1,1248,0,0,0,0,0,0,not_measured,0,0,0,0,0,0,1,false,,,0
report-tool,notify_team,notify_team_132,132,warm,baseline:static_macros,2,1,107893,0,0,0,0,0,0,not_measured,0,0,0,0,0,0,1,false,,,0
report-tool,weekly_report,weekly_report_133,133,warm,baseline:static_macros,5,1,41231,0,0,0,0,0,0,not_measured,0,0,0,0,0,0,1,false,,,0
report-tool,notify_team,notify_team_134,134,warm,baseline:static_macros,2,1,62493,0,0,0,0,0,0,not_measured,0,0,0,0,0,0,1,false,,,0
report-tool,weekly_report,weekly_report_135,135,warm,baseline:static_macros,5,1,1913,0,0,0,0,0,0,not_measured,0,0,0,0,0,0,1,false,,,0
report-tool,notify_team,notify_team_136,136,warm,baseline:static_macros,2,1,28198,0,0,0,0,0,0,not_measured,0,0,0,0,0,0,1,false,,,0
report-tool,weekly_report,weekly_report_137,137,warm,baseline:static_macros,5,1,1317,0,0,0,0,0,0,not_measured,0,0,0,0,0,0,1,false,,,0
report-tool,notify_team,notify_team_138,138,warm,baseline:static_macros,2,1,13061,0,0,0,0,0,0,not_measured,0,0,0,0,0,0,1,false,,,0
report-tool,weekly_report,weekly_report_139,139,warm,baseline:static_macros,5,1,6965,0,0,0,0,0,0,not_measured,0,0,0,0,0,0,1,false,,,0
report-tool,notify_team,notify_team_140,140,warm,baseline:static_macros,2,1,12965,0,0,0,0,0,0,not_measured,0,0,0,0,0,0,1,false,,,0
research-browser,fetch_and_summarize,fetch_and_summarize_141,141,warm,baseline:static_macros,4,1,1681,0,0,0,0,0,0,not_measured,0,0,0,0,0,0,1,false,,,0
research-browser,sync_notes,sync_notes_142,142,warm,baseline:static_macros,4,1,1524,0,0,0,0,0,0,not_measured,0,0,0,0,0,0,1,false,,,0
research-browser,fetch_and_summarize,fetch_and_summarize_143,143,warm,baseline:static_macros,4,1,1498,0,0,0,0,0,0,not_measured,0,0,0,0,0,0,1,false,,,0
research-browser,sync_notes,sync_notes_144,144,warm,baseline:static_macros,4,1,1087,0,0,0,0,0,0,not_measured,0,0,0,0,0,0,1,false,,,0
research-browser,fetch_and_summarize,fetch_and_summarize_145,145,warm,baseline:static_macros,4,1,1056,0,0,0,0,0,0,not_measured,0,0,0,0,0,0,1,false,,,0
research-browser,sync_notes,sync_notes_146,146,warm,baseline:static_macros,4,1,1002,0,0,0,0,0,0,not_measured,0,0,0,0,0,0,1,false,,,0
research-browser,fetch_and_summarize,fetch_and_summarize_147,147,warm,baseline:static_macros,4,1,998,0,0,0,0,0,0,not_measured,0,0,0,0,0,0,1,false,,,0
research-browser,sync_notes,sync_notes_148,148,warm,baseline:static_macros,4,1,981,0,0,0,0,0,0,not_measured,0,0,0,0,0,0,1,false,,,0
research-browser,fetch_and_summarize,fetch_and_summarize_149,149,warm,baseline:static_macros,4,1,1105,0,0,0,0,0,0,not_measured,0,0,0,0,0,0,1,false,,,0
research-browser,sync_notes,sync_notes_150,150,warm,baseline:static_macros,4,1,1422,0,0,0,0,0,0,not_measured,0,0,0,0,0,0,1,false,,,0
research-browser,fetch_and_summarize,fetch_and_summarize_151,151,warm,baseline:static_macros,4,1,1034,0,0,0,0,0,0,not_measured,0,0,0,0,0,0,1,false,,,0
research-browser,sync_notes,sync_notes_152,152,warm,baseline:static_macros,4,1,1692,0,0,0,0,0,0,not_measured,0,0,0,0,0,0,1,false,,,0
research-browser,fetch_and_summarize,fetch_and_summarize_153,153,warm,baseline:static_macros,4,1,1537,0,0,0,0,0,0,not_measured,0,0,0,0,0,0,1,false,,,0
research-browser,sync_notes,sync_notes_154,154,warm,baseline:static_macros,4,1,1454,0,0,0,0,0,0,not_measured,0,0,0,0,0,0,1,false,,,0
research-browser,fetch_and_summarize,fetch_and_summarize_155,155,warm,baseline:static_macros,4,1,1571,0,0,0,0,0,0,not_measured,0,0,0,0,0,0,1,false,,,0
research-browser,sync_notes,sync_notes_156,156,warm,baseline:static_macros,4,1,1235,0,0,0,0,0,0,not_measured,0,0,0,0,0,0,1,false,,,0
research-browser,fetch_and_summarize,fetch_and_summarize_157,157,warm,baseline:static_macros,4,1,1525,0,0,0,0,0,0,not_measured,0,0,0,0,0,0,1,false,,,0
research-browser,sync_notes,sync_notes_158,158,warm,baseline:static_macros,4,1,1275,0,0,0,0,0,0,not_measured,0,0,0,0,0,0,1,false,,,0
research-browser,fetch_and_summarize,fetch_and_summarize_159,159,warm,baseline:static_macros,4,1,1211,0,0,0,0,0,0,not_measured,0,0,0,0,0,0,1,false,,,0
research-browser,sync_notes,sync_notes_160,160,warm,baseline:static_macros,4,1,1149,0,0,0,0,0,0,not_measured,0,0,0,0,0,0,1,false,,,0
research-browser,fetch_and_summarize,fetch_and_summarize_161,161,warm,baseline:static_macros,4,1,1117,0,0,0,0,0,0,not_measured,0,0,0,0,0,0,1,false,,,0
research-browser,sync_notes,sync_notes_162,162,warm,baseline:static_macros,4,1,1101,0,0,0,0,0,0,not_measured,0,0,0,0,0,0,1,false,,,0
research-browser,fetch_and_summarize,fetch_and_summarize_163,163,warm,baseline:static_macros,4,1,1119,0,0,0,0,0,0,not_measured,0,0,0,0,0,0,1,false,,,0
research-browser,sync_notes,sync_notes_164,164,warm,baseline:static_macros,4,1,1101,0,0,0,0,0,0,not_measured,0,0,0,0,0,0,1,false,,,0
research-browser,fetch_and_summarize,fetch_and_summarize_165,165,warm,baseline:static_macros,4,1,1370,0,0,0,0,0,0,not_measured,0,0,0,0,0,0,1,false,,,0
research-browser,sync_notes,sync_notes_166,166,warm,baseline:static_macros,4,1,1098,0,0,0,0,0,0,not_measured,0,0,0,0,0,0,1,false,,,0
research-browser,fetch_and_summarize,fetch_and_summarize_167,167,warm,baseline:static_macros,4,1,1146,0,0,0,0,0,0,not_measured,0,0,0,0,0,0,1,false,,,0
research-browser,sync_notes,sync_notes_168,168,warm,baseline:static_macros,4,1,1129,0,0,0,0,0,0,not_measured,0,0,0,0,0,0,1,false,,,0
research-browser,fetch_and_summarize,fetch_and_summarize_169,169,warm,baseline:static_macros,4,1,1202,0,0,0,0,0,0,not_measured,0,0,0,0,0,0,1,false,,,0
research-browser,sync_notes,sync_notes_170,170,warm,baseline:static_macros,4,1,1123,0,0,0,0,0,0,not_measured,0,0,0,0,0,0,1,false,,,0
research-browser,fetch_and_summarize,fetch_and_summarize_171,171,warm,baseline:static_macros,4,1,1151,0,0,0,0,0,0,not_measured,0,0,0,0,0,0,1,false,,,0
research-browser,sync_notes,sync_notes_172,172,warm,baseline:static_macros,4,1,1243,0,0,0,0,0,0,not_measured,0,0,0,0,0,0,1,false,,,0
research-browser,fetch_and_summarize,fetch_and_summarize_173,173,warm,baseline:static_macros,4,1,1700,0,0,0,0,0,0,not_measured,0,0,0,0,0,0,1,false,,,0
research-browser,sync_notes,sync_notes_174,174,warm,baseline:static_macros,4,1,1240,0,0,0,0,0,0,not_measured,0,0,0,0,0,0,1,false,,,0
research-browser,fetch_and_summarize,fetch_and_summarize_175,175,warm,baseline:static_macros,4,1,1174,0,0,0,0,0,0,not_measured,0,0,0,0,0,0,1,false,,,0
research-browser,sync_notes,sync_notes_176,176,warm,baseline:static_macros,4,1,1567,0,0,0,0,0,0,not_measured,0,0,0,0,0,0,1,false,,,0
research-browser,fetch_and_summarize,fetch_and_summarize_177,177,warm,baseline:static_macros,4,1,1135,0,0,0,0,0,0,not_measured,0,0,0,0,0,0,1,false,,,0
research-browser,sync_notes,sync_notes_178,178,warm,baseline:static_macros,4,1,1093,0,0,0,0,0,0,not_measured,0,0,0,0,0,0,1,false,,,0
research-browser,fetch_and_summarize,fetch_and_summarize_179,179,warm,baseline:static_macros,4,1,1185,0,0,0,0,0,0,not_measured,0,0,0,0,0,0,1,false,,,0
research-browser,sync_notes,sync_notes_180,180,warm,baseline:static_macros,4,1,1171,0,0,0,0,0,0,not_measured,0,0,0,0,0,0,1,false,,,0
research-browser,fetch_and_summarize,fetch_and_summarize_181,181,warm,baseline:static_macros,4,1,1197,0,0,0,0,0,0,not_measured,0,0,0,0,0,0,1,false,,,0
research-browser,sync_notes,sync_notes_182,182,warm,baseline:static_macros,4,1,1132,0,0,0,0,0,0,not_measured,0,0,0,0,0,0,1,false,,,0
research-browser,fetch_and_summarize,fetch_and_summarize_183,183,warm,baseline:static_macros,4,1,1223,0,0,0,0,0,0,not_measured,0,0,0,0,0,0,1,false,,,0
research-browser,sync_notes,sync_notes_184,184,warm,baseline:static_macros,4,1,1145,0,0,0,0,0,0,not_measured,0,0,0,0,0,0,1,false,,,0
research-browser,fetch_and_summarize,fetch_and_summarize_185,185,warm,baseline:static_macros,4,1,1219,0,0,0,0,0,0,not_measured,0,0,0,0,0,0,1,false,,,0
research-browser,sync_notes,sync_notes_186,186,warm,baseline:static_macros,4,1,1259,0,0,0,0,0,0,not_measured,0,0,0,0,0,0,1,false,,,0
research-browser,fetch_and_summarize,fetch_and_summarize_187,187,warm,baseline:static_macros,4,1,1790,0,0,0,0,0,0,not_measured,0,0,0,0,0,0,1,false,,,0
research-browser,sync_notes,sync_notes_188,188,warm,baseline:static_macros,4,1,1516,0,0,0,0,0,0,not_measured,0,0,0,0,0,0,1,false,,,0
research-browser,fetch_and_summarize,fetch_and_summarize_189,189,warm,baseline:static_macros,4,1,2065,0,0,0,0,0,0,not_measured,0,0,0,0,0,0,1,false,,,0
research-browser,sync_notes,sync_notes_190,190,warm,baseline:static_macros,4,1,1349,0,0,0,0,0,0,not_measured,0,0,0,0,0,0,1,false,,,0
utility-daemon,session_state,session_state_191,191,warm,baseline:static_macros,3,1,1567,0,0,0,0,0,0,not_measured,0,0,0,0,0,0,1,false,,,0
utility-daemon,idle_tick,idle_tick_192,192,warm,baseline:static_macros,3,1,2285152,0,0,0,0,0,0,not_measured,0,0,0,0,0,0,1,false,,,0
utility-daemon,session_state,session_state_193,193,warm,baseline:static_macros,3,1,9194,0,0,0,0,0,0,not_measured,0,0,0,0,0,0,1,false,,,0
utility-daemon,idle_tick,idle_tick_194,194,warm,baseline:static_macros,3,1,2225211,0,0,0,0,0,0,not_measured,0,0,0,0,0,0,1,false,,,0
utility-daemon,session_state,session_state_195,195,warm,baseline:static_macros,3,1,7197,0,0,0,0,0,0,not_measured,0,0,0,0,0,0,1,false,,,0
utility-daemon,idle_tick,idle_tick_196,196,warm,baseline:static_macros,3,1,2136734,0,0,0,0,0,0,not_measured,0,0,0,0,0,0,1,false,,,0
utility-daemon,session_state,session_state_197,197,warm,baseline:static_macros,3,1,3853,0,0,0,0,0,0,not_measured,0,0,0,0,0,0,1,false,,,0
utility-daemon,idle_tick,idle_tick_198,198,warm,baseline:static_macros,3,1,2350856,0,0,0,0,0,0,not_measured,0,0,0,0,0,0,1,false,,,0
utility-daemon,session_state,session_state_199,199,warm,baseline:static_macros,3,1,2920,0,0,0,0,0,0,not_measured,0,0,0,0,0,0,1,false,,,0
utility-daemon,idle_tick,idle_tick_200,200,warm,baseline:static_macros,3,1,2225255,0,0,0,0,0,0,not_measured,0,0,0,0,0,0,1,false,,,0
utility-daemon,session_state,session_state_201,201,warm,baseline:static_macros,3,1,10602,0,0,0,0,0,0,not_measured,0,0,0,0,0,0,1,false,,,0
utility-daemon,idle_tick,idle_tick_202,202,warm,baseline:static_macros,3,1,2117860,0,0,0,0,0,0,not_measured,0,0,0,0,0,0,1,false,,,0
utility-daemon,session_state,session_state_203,203,warm,baseline:static_macros,3,1,4103,0,0,0,0,0,0,not_measured,0,0,0,0,0,0,1,false,,,0
utility-daemon,idle_tick,idle_tick_204,204,warm,baseline:static_macros,3,1,2109309,0,0,0,0,0,0,not_measured,0,0,0,0,0,0,1,false,,,0
utility-daemon,session_state,session_state_205,205,warm,baseline:static_macros,3,1,4035,0,0,0,0,0,0,not_measured,0,0,0,0,0,0,1,false,,,0
utility-daemon,idle_tick,idle_tick_206,206,warm,baseline:static_macros,3,1,2109097,0,0,0,0,0,0,not_measured,0,0,0,0,0,0,1,false,,,0
utility-daemon,session_state,session_state_207,207,warm,baseline:static_macros,3,1,2656,0,0,0,0,0,0,not_measured,0,0,0,0,0,0,1,false,,,0
utility-daemon,idle_tick,idle_tick_208,208,warm,baseline:static_macros,3,1,2094704,0,0,0,0,0,0,not_measured,0,0,0,0,0,0,1,false,,,0
utility-daemon,session_state,session_state_209,209,warm,baseline:static_macros,3,1,3019,0,0,0,0,0,0,not_measured,0,0,0,0,0,0,1,false,,,0
utility-daemon,idle_tick,idle_tick_210,210,warm,baseline:static_macros,3,1,2098080,0,0,0,0,0,0,not_measured,0,0,0,0,0,0,1,false,,,0
utility-daemon,session_state,session_state_211,211,warm,baseline:static_macros,3,1,3438,0,0,0,0,0,0,not_measured,0,0,0,0,0,0,1,false,,,0
utility-daemon,idle_tick,idle_tick_212,212,warm,baseline:static_macros,3,1,2378539,0,0,0,0,0,0,not_measured,0,0,0,0,0,0,1,false,,,0
utility-daemon,session_state,session_state_213,213,warm,baseline:static_macros,3,1,3161,0,0,0,0,0,0,not_measured,0,0,0,0,0,0,1,false,,,0
utility-daemon,idle_tick,idle_tick_214,214,warm,baseline:static_macros,3,1,2097282,0,0,0,0,0,0,not_measured,0,0,0,0,0,0,1,false,,,0
utility-daemon,session_state,session_state_215,215,warm,baseline:static_macros,3,1,3152,0,0,0,0,0,0,not_measured,0,0,0,0,0,0,1,false,,,0
utility-daemon,idle_tick,idle_tick_216,216,warm,baseline:static_macros,3,1,2428591,0,0,0,0,0,0,not_measured,0,0,0,0,0,0,1,false,,,0
utility-daemon,session_state,session_state_217,217,warm,baseline:static_macros,3,1,6381,0,0,0,0,0,0,not_measured,0,0,0,0,0,0,1,false,,,0
utility-daemon,idle_tick,idle_tick_218,218,warm,baseline:static_macros,3,1,2144808,0,0,0,0,0,0,not_measured,0,0,0,0,0,0,1,false,,,0
utility-daemon,session_state,session_state_219,219,warm,baseline:static_macros,3,1,4493,0,0,0,0,0,0,not_measured,0,0,0,0,0,0,1,false,,,0
utility-daemon,idle_tick,idle_tick_220,220,warm,baseline:static_macros,3,1,2118102,0,0,0,0,0,0,not_measured,0,0,0,0,0,0,1,false,,,0
utility-daemon,session_state,session_state_221,221,warm,baseline:static_macros,3,1,3313,0,0,0,0,0,0,not_measured,0,0,0,0,0,0,1,false,,,0
utility-daemon,idle_tick,idle_tick_222,222,warm,baseline:static_macros,3,1,2363901,0,0,0,0,0,0,not_measured,0,0,0,0,0,0,1,false,,,0
utility-daemon,session_state,session_state_223,223,warm,baseline:static_macros,3,1,3000,0,0,0,0,0,0,not_measured,0,0,0,0,0,0,1,false,,,0
utility-daemon,idle_tick,idle_tick_224,224,warm,baseline:static_macros,3,1,2385161,0,0,0,0,0,0,not_measured,0,0,0,0,0,0,1,false,,,0
utility-daemon,session_state,session_state_225,225,warm,baseline:static_macros,3,1,79006,0,0,0,0,0,0,not_measured,0,0,0,0,0,0,1,false,,,0
utility-daemon,idle_tick,idle_tick_226,226,warm,baseline:static_macros,3,1,2401060,0,0,0,0,0,0,not_measured,0,0,0,0,0,0,1,false,,,0
utility-daemon,session_state,session_state_227,227,warm,baseline:static_macros,3,1,9040,0,0,0,0,0,0,not_measured,0,0,0,0,0,0,1,false,,,0
utility-daemon,idle_tick,idle_tick_228,228,warm,baseline:static_macros,3,1,2187001,0,0,0,0,0,0,not_measured,0,0,0,0,0,0,1,false,,,0
utility-daemon,session_state,session_state_229,229,warm,baseline:static_macros,3,1,7198,0,0,0,0,0,0,not_measured,0,0,0,0,0,0,1,false,,,0
utility-daemon,idle_tick,idle_tick_230,230,warm,baseline:static_macros,3,1,2117130,0,0,0,0,0,0,not_measured,0,0,0,0,0,0,1,false,,,0
utility-daemon,session_state,session_state_231,231,warm,baseline:static_macros,3,1,5295,0,0,0,0,0,0,not_measured,0,0,0,0,0,0,1,false,,,0
utility-daemon,idle_tick,idle_tick_232,232,warm,baseline:static_macros,3,1,2099116,0,0,0,0,0,0,not_measured,0,0,0,0,0,0,1,false,,,0
utility-daemon,session_state,session_state_233,233,warm,baseline:static_macros,3,1,4417,0,0,0,0,0,0,not_measured,0,0,0,0,0,0,1,false,,,0
utility-daemon,idle_tick,idle_tick_234,234,warm,baseline:static_macros,3,1,2176632,0,0,0,0,0,0,not_measured,0,0,0,0,0,0,1,false,,,0
utility-daemon,session_state,session_state_235,235,warm,baseline:static_macros,3,1,11256,0,0,0,0,0,0,not_measured,0,0,0,0,0,0,1,false,,,0
utility-daemon,idle_tick,idle_tick_236,236,warm,baseline:static_macros,3,1,2200161,0,0,0,0,0,0,not_measured,0,0,0,0,0,0,1,false,,,0
utility-daemon,session_state,session_state_237,237,warm,baseline:static_macros,3,1,9104,0,0,0,0,0,0,not_measured,0,0,0,0,0,0,1,false,,,0
utility-daemon,idle_tick,idle_tick_238,238,warm,baseline:static_macros,3,1,2313631,0,0,0,0,0,0,not_measured,0,0,0,0,0,0,1,false,,,0
utility-daemon,session_state,session_state_239,239,warm,baseline:static_macros,3,1,5305,0,0,0,0,0,0,not_measured,0,0,0,0,0,0,1,false,,,0
utility-daemon,idle_tick,idle_tick_240,240,warm,baseline:static_macros,3,1,2113286,0,0,0,0,0,0,not_measured,0,0,0,0,0,0,1,false,,,0
utility-daemon,session_state,session_state_241,241,warm,baseline:static_macros,3,1,5611,0,0,0,0,0,0,not_measured,0,0,0,0,0,0,1,false,,,0
utility-daemon,idle_tick,idle_tick_242,242,warm,baseline:static_macros,3,1,2101958,0,0,0,0,0,0,not_measured,0,0,0,0,0,0,1,false,,,0
utility-daemon,session_state,session_state_243,243,warm,baseline:static_macros,3,1,3772,0,0,0,0,0,0,not_measured,0,0,0,0,0,0,1,false,,,0
utility-daemon,idle_tick,idle_tick_244,244,warm,baseline:static_macros,3,1,2100795,0,0,0,0,0,0,not_measured,0,0,0,0,0,0,1,false,,,0
utility-daemon,session_state,session_state_245,245,warm,baseline:static_macros,3,1,3777,0,0,0,0,0,0,not_measured,0,0,0,0,0,0,1,false,,,0
utility-daemon,idle_tick,idle_tick_246,246,warm,baseline:static_macros,3,1,2108483,0,0,0,0,0,0,not_measured,0,0,0,0,0,0,1,false,,,0
utility-daemon,session_state,session_state_247,247,warm,baseline:static_macros,3,1,3506,0,0,0,0,0,0,not_measured,0,0,0,0,0,0,1,false,,,0
utility-daemon,idle_tick,idle_tick_248,248,warm,baseline:static_macros,3,1,2100903,0,0,0,0,0,0,not_measured,0,0,0,0,0,0,1,false,,,0
utility-daemon,session_state,session_state_249,249,warm,baseline:static_macros,3,1,6087,0,0,0,0,0,0,not_measured,0,0,0,0,0,0,1,false,,,0
utility-daemon,idle_tick,idle_tick_250,250,warm,baseline:static_macros,3,1,2466139,0,0,0,0,0,0,not_measured,0,0,0,0,0,0,1,false,,,0
report-tool,weekly_report,weekly_report_251,251,warm,baseline:static_macros,6,1,83239,0,0,0,0,0,0,not_measured,0,0,0,0,0,0,1,false,,,0
report-tool,weekly_report,weekly_report_252,252,warm,baseline:static_macros,6,1,53454,0,0,0,0,0,0,not_measured,0,0,0,0,0,0,1,false,,,0
report-tool,weekly_report,weekly_report_253,253,warm,baseline:static_macros,6,1,39972,0,0,0,0,0,0,not_measured,0,0,0,0,0,0,1,false,,,0
report-tool,weekly_report,weekly_report_254,254,warm,baseline:static_macros,6,1,93753,0,0,0,0,0,0,not_measured,0,0,0,0,0,0,1,false,,,0
report-tool,weekly_report,weekly_report_255,255,warm,baseline:static_macros,6,1,43452,0,0,0,0,0,0,not_measured,0,0,0,0,0,0,1,false,,,0
report-tool,weekly_report,weekly_report_256,256,warm,baseline:static_macros,6,1,88736,0,0,0,0,0,0,not_measured,0,0,0,0,0,0,1,false,,,0
report-tool,weekly_report,weekly_report_257,257,warm,baseline:static_macros,6,1,45900,0,0,0,0,0,0,not_measured,0,0,0,0,0,0,1,false,,,0
report-tool,weekly_report,weekly_report_258,258,warm,baseline:static_macros,6,1,39328,0,0,0,0,0,0,not_measured,0,0,0,0,0,0,1,false,,,0
report-tool,weekly_report,weekly_report_259,259,warm,baseline:static_macros,6,1,37525,0,0,0,0,0,0,not_measured,0,0,0,0,0,0,1,false,,,0
report-tool,weekly_report,weekly_report_260,260,warm,baseline:static_macros,6,1,48176,0,0,0,0,0,0,not_measured,0,0,0,0,0,0,1,false,,,0
dev-editor,save_and_backup,save_and_backup_261,261,warm,baseline:static_macros,5,1,2617,0,0,0,0,0,0,not_measured,0,0,0,0,0,0,1,false,,,0
dev-editor,save_and_backup,save_and_backup_262,262,warm,baseline:static_macros,5,1,2145,0,0,0,0,0,0,not_measured,0,0,0,0,0,0,1,false,,,0
dev-editor,save_and_backup,save_and_backup_263,263,warm,baseline:static_macros,5,1,2244,0,0,0,0,0,0,not_measured,0,0,0,0,0,0,1,false,,,0
dev-editor,save_and_backup,save_and_backup_264,264,warm,baseline:static_macros,5,1,1780,0,0,0,0,0,0,not_measured,0,0,0,0,0,0,1,false,,,0
dev-editor,save_and_backup,save_and_backup_265,265,warm,baseline:static_macros,5,1,2182,0,0,0,0,0,0,not_measured,0,0,0,0,0,0,1,false,,,0
dev-editor,save_and_backup,save_and_backup_266,266,warm,baseline:static_macros,5,1,2008,0,0,0,0,0,0,not_measured,0,0,0,0,0,0,1,false,,,0
dev-editor,save_and_backup,save_and_backup_267,267,warm,baseline:static_macros,5,1,1745,0,0,0,0,0,0,not_measured,0,0,0,0,0,0,1,false,,,0
dev-editor,save_and_backup,save_and_backup_268,268,warm,baseline:static_macros,5,1,1726,0,0,0,0,0,0,not_measured,0,0,0,0,0,0,1,false,,,0
dev-editor,save_and_backup,save_and_backup_82,269,warm,baseline:static_macros,1,0,2314,0,0,0,0,0,0,not_measured,0,0,0,0,0,0,0,false,,,0
utility-daemon,idle_tick,idle_tick_202,270,warm,baseline:static_macros,1,0,2200095,0,0,0,0,0,0,not_measured,0,0,0,0,0,0,0,false,,,0
research-browser,sync_notes,sync_notes_176,271,warm,baseline:static_macros,1,0,6750,0,0,0,0,0,0,not_measured,0,0,0,0,0,0,0,false,,,0
research-browser,fetch_and_summarize,fetch_and_summarize_157,272,warm,baseline:static_macros,1,0,3098,0,0,0,0,0,0,not_measured,0,0,0,0,0,0,0,false,,,0
dev-editor,save_and_backup,save_and_backup_62,273,warm,baseline:static_macros,1,0,2768,0,0,0,0,0,0,not_measured,0,0,0,0,0,0,0,false,,,0
research-browser,sync_notes,sync_notes_16,274,warm,baseline:static_macros,1,0,2646,0,0,0,0,0,0,not_measured,0,0,0,0,0,0,0,false,,,0
research-browser,fetch_and_summarize,fetch_and_summarize_177,275,warm,baseline:static_macros,1,0,1936,0,0,0,0,0,0,not_measured,0,0,0,0,0,0,0,false,,,0
dev-editor,build_and_hash,build_and_hash_55,276,warm,baseline:static_macros,1,0,2520,0,0,0,0,0,0,not_measured,0,0,0,0,0,0,0,false,,,0
research-browser,fetch_and_summarize,fetch_and_summarize_151,277,warm,baseline:static_macros,1,0,1810,0,0,0,0,0,0,not_measured,0,0,0,0,0,0,0,false,,,0
report-tool,weekly_report,weekly_report_256,278,warm,baseline:static_macros,1,0,159444,0,0,0,0,0,0,not_measured,0,0,0,0,0,0,0,false,,,0
dev-editor,build_and_hash,build_and_hash_31,279,warm,baseline:static_macros,1,0,3177,0,0,0,0,0,0,not_measured,0,0,0,0,0,0,0,false,,,0
report-tool,notify_team,notify_team_128,280,warm,baseline:static_macros,1,0,39716,0,0,0,0,0,0,not_measured,0,0,0,0,0,0,0,false,,,0
report-tool,notify_team,notify_team_112,281,warm,baseline:static_macros,1,0,14984,0,0,0,0,0,0,not_measured,0,0,0,0,0,0,0,false,,,0
dev-editor,build_and_hash,build_and_hash_79,282,warm,baseline:static_macros,1,0,2156,0,0,0,0,0,0,not_measured,0,0,0,0,0,0,0,false,,,0
report-tool,notify_team,notify_team_120,283,warm,baseline:static_macros,1,0,13690,0,0,0,0,0,0,not_measured,0,0,0,0,0,0,0,false,,,0
dev-editor,build_and_hash,build_and_hash_3,284,warm,baseline:static_macros,1,0,1949,0,0,0,0,0,0,not_measured,0,0,0,0,0,0,0,false,,,0
report-tool,weekly_report,weekly_report_117,285,warm,baseline:static_macros,1,0,2370,0,0,0,0,0,0,not_measured,0,0,0,0,0,0,0,false,,,0
utility-daemon,session_state,session_state_211,286,warm,baseline:static_macros,1,0,1931,0,0,0,0,0,0,not_measured,0,0,0,0,0,0,0,false,,,0
research-browser,fetch_and_summarize,fetch_and_summarize_185,287,warm,baseline:static_macros,1,0,2283,0,0,0,0,0,0,not_measured,0,0,0,0,0,0,0,false,,,0
utility-daemon,session_state,session_state_193,288,warm,baseline:static_macros,1,0,2059,0,0,0,0,0,0,not_measured,0,0,0,0,0,0,0,false,,,0
dev-editor,noise,noise_269,289,cold,baseline:static_macros,2,1,14312,0,0,0,0,0,0,not_measured,0,0,0,0,0,0,1,false,,,0
dev-editor,noise,noise_270,290,warm,baseline:static_macros,2,1,9025,0,0,0,0,0,0,not_measured,0,0,0,0,0,0,1,false,,,0
dev-editor,noise,noise_271,291,warm,baseline:static_macros,2,1,64534,0,0,0,0,0,0,not_measured,0,0,0,0,0,0,1,false,,,0
dev-editor,noise,noise_272,292,warm,baseline:static_macros,2,1,4066569,0,0,0,0,0,0,not_measured,0,0,0,0,0,0,1,false,,,0
dev-editor,noise,noise_273,293,warm,baseline:static_macros,2,1,2343237,0,0,0,0,0,0,not_measured,0,0,2,0,0,0,1,false,,,0
dev-editor,noise,noise_274,294,warm,baseline:static_macros,2,1,4141324,0,0,0,0,0,0,not_measured,0,2,0,0,0,0,1,false,,,0
dev-editor,noise,noise_275,295,warm,baseline:static_macros,2,1,4752589,0,0,0,0,0,0,not_measured,2,0,0,0,0,0,1,false,,,0
dev-editor,noise,noise_276,296,warm,baseline:static_macros,2,1,10929,0,0,0,0,0,0,not_measured,0,0,0,0,0,0,1,false,,,0
dev-editor,noise,noise_277,297,warm,baseline:static_macros,2,1,324214,0,0,0,0,0,0,not_measured,0,0,0,0,0,0,1,false,,,0
dev-editor,noise,noise_278,298,warm,baseline:static_macros,2,1,14798,0,0,0,0,0,0,not_measured,0,0,0,0,0,0,1,false,,,0
dev-editor,noise,noise_279,299,warm,baseline:static_macros,3,1,19426,0,0,0,0,0,0,not_measured,0,0,0,0,0,0,1,false,,,0
dev-editor,noise,noise_280,300,warm,baseline:static_macros,3,1,11544,0,0,0,0,0,0,not_measured,0,0,0,0,0,0,1,false,,,0
dev-editor,noise,noise_281,301,warm,baseline:static_macros,3,1,61394,0,0,0,0,0,0,not_measured,0,0,0,0,0,0,1,false,,,0
dev-editor,noise,noise_282,302,warm,baseline:static_macros,3,1,6612979,0,0,0,0,0,0,not_measured,0,0,0,0,0,0,1,false,,,0
dev-editor,noise,noise_283,303,warm,baseline:static_macros,3,1,5202414,0,0,0,0,0,0,not_measured,0,0,3,0,0,0,1,false,,,0
dev-editor,build_and_hash,build_and_hash_1,1,cold,baseline:per_app_cache,3,1,2380306,0,0,0,0,0,0,not_measured,1,0,0,0,0,0,1,false,,,0
dev-editor,save_and_backup,save_and_backup_2,2,cold,baseline:per_app_cache,5,1,61756,0,0,0,0,0,0,not_measured,0,0,0,0,0,0,1,false,,,0
dev-editor,build_and_hash,build_and_hash_3,3,warm,baseline:per_app_cache,3,1,2219431,0,0,0,0,0,0,not_measured,1,0,0,0,0,0,1,false,,,0
dev-editor,save_and_backup,save_and_backup_4,4,warm,baseline:per_app_cache,5,1,54040,0,0,0,0,0,0,not_measured,0,0,0,0,0,0,1,false,,,0
dev-editor,build_and_hash,build_and_hash_5,5,warm,baseline:per_app_cache,3,1,2015160,0,0,0,0,0,0,not_measured,1,0,0,0,0,0,1,false,,,0
dev-editor,save_and_backup,save_and_backup_6,6,warm,baseline:per_app_cache,5,1,44893,0,0,0,0,0,0,not_measured,0,0,0,0,0,0,1,false,,,0
report-tool,weekly_report,weekly_report_7,7,cold,baseline:per_app_cache,5,1,64522,0,0,0,0,0,0,not_measured,0,0,0,0,0,0,1,false,,,0
report-tool,notify_team,notify_team_8,8,cold,baseline:per_app_cache,2,1,28272,0,0,0,0,0,0,not_measured,0,0,0,0,0,0,1,false,,,0
report-tool,weekly_report,weekly_report_9,9,warm,baseline:per_app_cache,5,1,43130,0,0,0,0,0,0,not_measured,0,0,0,0,0,0,1,false,,,0
report-tool,notify_team,notify_team_10,10,warm,baseline:per_app_cache,2,1,15503,0,0,0,0,0,0,not_measured,0,0,0,0,0,0,1,false,,,0
report-tool,weekly_report,weekly_report_11,11,warm,baseline:per_app_cache,5,1,43884,0,0,0,0,0,0,not_measured,0,0,0,0,0,0,1,false,,,0
report-tool,notify_team,notify_team_12,12,warm,baseline:per_app_cache,2,1,14383,0,0,0,0,0,0,not_measured,0,0,0,0,0,0,1,false,,,0
research-browser,fetch_and_summarize,fetch_and_summarize_13,13,cold,baseline:per_app_cache,4,1,1582118,0,0,0,0,0,0,not_measured,0,0,1,0,0,0,1,false,,,0
research-browser,sync_notes,sync_notes_14,14,cold,baseline:per_app_cache,4,1,1985792,0,0,0,0,0,0,not_measured,0,1,0,0,0,0,1,false,,,0
research-browser,fetch_and_summarize,fetch_and_summarize_15,15,warm,baseline:per_app_cache,4,1,2160605,0,0,0,0,0,0,not_measured,0,0,1,0,0,0,1,false,,,0
research-browser,sync_notes,sync_notes_16,16,warm,baseline:per_app_cache,4,1,2034095,0,0,0,0,0,0,not_measured,0,1,0,0,0,0,1,false,,,0
research-browser,fetch_and_summarize,fetch_and_summarize_17,17,warm,baseline:per_app_cache,4,1,2133086,0,0,0,0,0,0,not_measured,0,0,1,0,0,0,1,false,,,0
research-browser,sync_notes,sync_notes_18,18,warm,baseline:per_app_cache,4,1,2097685,0,0,0,0,0,0,not_measured,0,1,0,0,0,0,1,false,,,0
utility-daemon,session_state,session_state_19,19,cold,baseline:per_app_cache,3,1,26682,0,0,0,0,0,0,not_measured,0,0,0,0,0,0,1,false,,,0
utility-daemon,idle_tick,idle_tick_20,20,cold,baseline:per_app_cache,3,1,2193776,0,0,0,0,0,0,not_measured,0,0,0,0,0,0,1,false,,,0
utility-daemon,session_state,session_state_21,21,warm,baseline:per_app_cache,3,1,160352,0,0,0,0,0,0,not_measured,0,0,0,0,0,0,1,false,,,0
utility-daemon,idle_tick,idle_tick_22,22,warm,baseline:per_app_cache,3,1,2114940,0,0,0,0,0,0,not_measured,0,0,0,0,0,0,1,false,,,0
utility-daemon,session_state,session_state_23,23,warm,baseline:per_app_cache,3,1,123168,0,0,0,0,0,0,not_measured,0,0,0,0,0,0,1,false,,,0
utility-daemon,idle_tick,idle_tick_24,24,warm,baseline:per_app_cache,3,1,2353772,0,0,0,0,0,0,not_measured,0,0,0,0,0,0,1,false,,,0
dev-editor,build_and_hash,build_and_hash_25,25,warm,baseline:per_app_cache,3,1,2880001,0,0,0,0,0,0,not_measured,1,0,0,0,0,0,1,false,,,0
dev-editor,save_and_backup,save_and_backup_26,26,warm,baseline:per_app_cache,5,1,48524,0,0,0,0,0,0,not_measured,0,0,0,0,0,0,1,false,,,0
dev-editor,build_and_hash,build_and_hash_27,27,warm,baseline:per_app_cache,3,1,2981291,0,0,0,0,0,0,not_measured,1,0,0,0,0,0,1,false,,,0
dev-editor,save_and_backup,save_and_backup_28,28,warm,baseline:per_app_cache,5,1,47064,0,0,0,0,0,0,not_measured,0,0,0,0,0,0,1,false,,,0
dev-editor,build_and_hash,build_and_hash_29,29,warm,baseline:per_app_cache,3,1,2285164,0,0,0,0,0,0,not_measured,1,0,0,0,0,0,1,false,,,0
dev-editor,save_and_backup,save_and_backup_30,30,warm,baseline:per_app_cache,5,1,92848,0,0,0,0,0,0,not_measured,0,0,0,0,0,0,1,false,,,0
dev-editor,build_and_hash,build_and_hash_31,31,warm,baseline:per_app_cache,3,1,2762773,0,0,0,0,0,0,not_measured,1,0,0,0,0,0,1,false,,,0
dev-editor,save_and_backup,save_and_backup_32,32,warm,baseline:per_app_cache,5,1,57385,0,0,0,0,0,0,not_measured,0,0,0,0,0,0,1,false,,,0
dev-editor,build_and_hash,build_and_hash_33,33,warm,baseline:per_app_cache,3,1,2614042,0,0,0,0,0,0,not_measured,1,0,0,0,0,0,1,false,,,0
dev-editor,save_and_backup,save_and_backup_34,34,warm,baseline:per_app_cache,5,1,127266,0,0,0,0,0,0,not_measured,0,0,0,0,0,0,1,false,,,0
dev-editor,build_and_hash,build_and_hash_35,35,warm,baseline:per_app_cache,3,1,2889149,0,0,0,0,0,0,not_measured,1,0,0,0,0,0,1,false,,,0
dev-editor,save_and_backup,save_and_backup_36,36,warm,baseline:per_app_cache,5,1,80015,0,0,0,0,0,0,not_measured,0,0,0,0,0,0,1,false,,,0
dev-editor,build_and_hash,build_and_hash_37,37,warm,baseline:per_app_cache,3,1,2643744,0,0,0,0,0,0,not_measured,1,0,0,0,0,0,1,false,,,0
dev-editor,save_and_backup,save_and_backup_38,38,warm,baseline:per_app_cache,5,1,68075,0,0,0,0,0,0,not_measured,0,0,0,0,0,0,1,false,,,0
dev-editor,build_and_hash,build_and_hash_39,39,warm,baseline:per_app_cache,3,1,2723160,0,0,0,0,0,0,not_measured,1,0,0,0,0,0,1,false,,,0
dev-editor,save_and_backup,save_and_backup_40,40,warm,baseline:per_app_cache,5,1,57012,0,0,0,0,0,0,not_measured,0,0,0,0,0,0,1,false,,,0
dev-editor,build_and_hash,build_and_hash_41,41,warm,baseline:per_app_cache,3,1,2565276,0,0,0,0,0,0,not_measured,1,0,0,0,0,0,1,false,,,0
dev-editor,save_and_backup,save_and_backup_42,42,warm,baseline:per_app_cache,5,1,42866,0,0,0,0,0,0,not_measured,0,0,0,0,0,0,1,false,,,0
dev-editor,build_and_hash,build_and_hash_43,43,warm,baseline:per_app_cache,3,1,2428077,0,0,0,0,0,0,not_measured,1,0,0,0,0,0,1,false,,,0
dev-editor,save_and_backup,save_and_backup_44,44,warm,baseline:per_app_cache,5,1,57897,0,0,0,0,0,0,not_measured,0,0,0,0,0,0,1,false,,,0
dev-editor,build_and_hash,build_and_hash_45,45,warm,baseline:per_app_cache,3,1,2036761,0,0,0,0,0,0,not_measured,1,0,0,0,0,0,1,false,,,0
dev-editor,save_and_backup,save_and_backup_46,46,warm,baseline:per_app_cache,5,1,47942,0,0,0,0,0,0,not_measured,0,0,0,0,0,0,1,false,,,0
dev-editor,build_and_hash,build_and_hash_47,47,warm,baseline:per_app_cache,3,1,2294930,0,0,0,0,0,0,not_measured,1,0,0,0,0,0,1,false,,,0
dev-editor,save_and_backup,save_and_backup_48,48,warm,baseline:per_app_cache,5,1,70953,0,0,0,0,0,0,not_measured,0,0,0,0,0,0,1,false,,,0
dev-editor,build_and_hash,build_and_hash_49,49,warm,baseline:per_app_cache,3,1,2644324,0,0,0,0,0,0,not_measured,1,0,0,0,0,0,1,false,,,0
dev-editor,save_and_backup,save_and_backup_50,50,warm,baseline:per_app_cache,5,1,53564,0,0,0,0,0,0,not_measured,0,0,0,0,0,0,1,false,,,0
dev-editor,build_and_hash,build_and_hash_51,51,warm,baseline:per_app_cache,3,1,2009105,0,0,0,0,0,0,not_measured,1,0,0,0,0,0,1,false,,,0
dev-editor,save_and_backup,save_and_backup_52,52,warm,baseline:per_app_cache,5,1,49864,0,0,0,0,0,0,not_measured,0,0,0,0,0,0,1,false,,,0
dev-editor,build_and_hash,build_and_hash_53,53,warm,baseline:per_app_cache,3,1,1787008,0,0,0,0,0,0,not_measured,1,0,0,0,0,0,1,false,,,0
dev-editor,save_and_backup,save_and_backup_54,54,warm,baseline:per_app_cache,5,1,51732,0,0,0,0,0,0,not_measured,0,0,0,0,0,0,1,false,,,0
dev-editor,build_and_hash,build_and_hash_55,55,warm,baseline:per_app_cache,3,1,2779629,0,0,0,0,0,0,not_measured,1,0,0,0,0,0,1,false,,,0
dev-editor,save_and_backup,save_and_backup_56,56,warm,baseline:per_app_cache,5,1,43594,0,0,0,0,0,0,not_measured,0,0,0,0,0,0,1,false,,,0
dev-editor,build_and_hash,build_and_hash_57,57,warm,baseline:per_app_cache,3,1,2645210,0,0,0,0,0,0,not_measured,1,0,0,0,0,0,1,false,,,0
dev-editor,save_and_backup,save_and_backup_58,58,warm,baseline:per_app_cache,5,1,52753,0,0,0,0,0,0,not_measured,0,0,0,0,0,0,1,false,,,0
dev-editor,build_and_hash,build_and_hash_59,59,warm,baseline:per_app_cache,3,1,2216080,0,0,0,0,0,0,not_measured,1,0,0,0,0,0,1,false,,,0
dev-editor,save_and_backup,save_and_backup_60,60,warm,baseline:per_app_cache,5,1,62619,0,0,0,0,0,0,not_measured,0,0,0,0,0,0,1,false,,,0
dev-editor,build_and_hash,build_and_hash_61,61,warm,baseline:per_app_cache,3,1,1796087,0,0,0,0,0,0,not_measured,1,0,0,0,0,0,1,false,,,0
dev-editor,save_and_backup,save_and_backup_62,62,warm,baseline:per_app_cache,5,1,72994,0,0,0,0,0,0,not_measured,0,0,0,0,0,0,1,false,,,0
dev-editor,build_and_hash,build_and_hash_63,63,warm,baseline:per_app_cache,3,1,1897500,0,0,0,0,0,0,not_measured,1,0,0,0,0,0,1,false,,,0
dev-editor,save_and_backup,save_and_backup_64,64,warm,baseline:per_app_cache,5,1,47259,0,0,0,0,0,0,not_measured,0,0,0,0,0,0,1,false,,,0
dev-editor,build_and_hash,build_and_hash_65,65,warm,baseline:per_app_cache,3,1,1737240,0,0,0,0,0,0,not_measured,1,0,0,0,0,0,1,false,,,0
dev-editor,save_and_backup,save_and_backup_66,66,warm,baseline:per_app_cache,5,1,52712,0,0,0,0,0,0,not_measured,0,0,0,0,0,0,1,false,,,0
dev-editor,build_and_hash,build_and_hash_67,67,warm,baseline:per_app_cache,3,1,2237803,0,0,0,0,0,0,not_measured,1,0,0,0,0,0,1,false,,,0
dev-editor,save_and_backup,save_and_backup_68,68,warm,baseline:per_app_cache,5,1,49959,0,0,0,0,0,0,not_measured,0,0,0,0,0,0,1,false,,,0
dev-editor,build_and_hash,build_and_hash_69,69,warm,baseline:per_app_cache,3,1,1926953,0,0,0,0,0,0,not_measured,1,0,0,0,0,0,1,false,,,0
dev-editor,save_and_backup,save_and_backup_70,70,warm,baseline:per_app_cache,5,1,47113,0,0,0,0,0,0,not_measured,0,0,0,0,0,0,1,false,,,0
dev-editor,build_and_hash,build_and_hash_71,71,warm,baseline:per_app_cache,3,1,1940392,0,0,0,0,0,0,not_measured,1,0,0,0,0,0,1,false,,,0
dev-editor,save_and_backup,save_and_backup_72,72,warm,baseline:per_app_cache,5,1,53583,0,0,0,0,0,0,not_measured,0,0,0,0,0,0,1,false,,,0
dev-editor,build_and_hash,build_and_hash_73,73,warm,baseline:per_app_cache,3,1,1708963,0,0,0,0,0,0,not_measured,1,0,0,0,0,0,1,false,,,0
dev-editor,save_and_backup,save_and_backup_74,74,warm,baseline:per_app_cache,5,1,43227,0,0,0,0,0,0,not_measured,0,0,0,0,0,0,1,false,,,0
dev-editor,build_and_hash,build_and_hash_75,75,warm,baseline:per_app_cache,3,1,2143444,0,0,0,0,0,0,not_measured,1,0,0,0,0,0,1,false,,,0
dev-editor,save_and_backup,save_and_backup_76,76,warm,baseline:per_app_cache,5,1,49382,0,0,0,0,0,0,not_measured,0,0,0,0,0,0,1,false,,,0
dev-editor,build_and_hash,build_and_hash_77,77,warm,baseline:per_app_cache,3,1,2165330,0,0,0,0,0,0,not_measured,1,0,0,0,0,0,1,false,,,0
dev-editor,save_and_backup,save_and_backup_78,78,warm,baseline:per_app_cache,5,1,46095,0,0,0,0,0,0,not_measured,0,0,0,0,0,0,1,false,,,0
dev-editor,build_and_hash,build_and_hash_79,79,warm,baseline:per_app_cache,3,1,2040728,0,0,0,0,0,0,not_measured,1,0,0,0,0,0,1,false,,,0
dev-editor,save_and_backup,save_and_backup_80,80,warm,baseline:per_app_cache,5,1,42434,0,0,0,0,0,0,not_measured,0,0,0,0,0,0,1,false,,,0
dev-editor,build_and_hash,build_and_hash_81,81,warm,baseline:per_app_cache,3,1,2047113,0,0,0,0,0,0,not_measured,1,0,0,0,0,0,1,false,,,0
dev-editor,save_and_backup,save_and_backup_82,82,warm,baseline:per_app_cache,5,1,48257,0,0,0,0,0,0,not_measured,0,0,0,0,0,0,1,false,,,0
dev-editor,build_and_hash,build_and_hash_83,83,warm,baseline:per_app_cache,3,1,2026665,0,0,0,0,0,0,not_measured,1,0,0,0,0,0,1,false,,,0
dev-editor,save_and_backup,save_and_backup_84,84,warm,baseline:per_app_cache,5,1,45266,0,0,0,0,0,0,not_measured,0,0,0,0,0,0,1,false,,,0
report-tool,weekly_report,weekly_report_85,85,warm,baseline:per_app_cache,5,1,84467,0,0,0,0,0,0,not_measured,0,0,0,0,0,0,1,false,,,0
report-tool,notify_team,notify_team_86,86,warm,baseline:per_app_cache,2,1,34981,0,0,0,0,0,0,not_measured,0,0,0,0,0,0,1,false,,,0
report-tool,weekly_report,weekly_report_87,87,warm,baseline:per_app_cache,5,1,40941,0,0,0,0,0,0,not_measured,0,0,0,0,0,0,1,false,,,0
report-tool,notify_team,notify_team_88,88,warm,baseline:per_app_cache,2,1,20064,0,0,0,0,0,0,not_measured,0,0,0,0,0,0,1,false,,,0
report-tool,weekly_report,weekly_report_89,89,warm,baseline:per_app_cache,5,1,74427,0,0,0,0,0,0,not_measured,0,0,0,0,0,0,1,false,,,0
report-tool,notify_team,notify_team_90,90,warm,baseline:per_app_cache,2,1,18002,0,0,0,0,0,0,not_measured,0,0,0,0,0,0,1,false,,,0
report-tool,weekly_report,weekly_report_91,91,warm,baseline:per_app_cache,5,1,39214,0,0,0,0,0,0,not_measured,0,0,0,0,0,0,1,false,,,0
report-tool,notify_team,notify_team_92,92,warm,baseline:per_app_cache,2,1,15329,0,0,0,0,0,0,not_measured,0,0,0,0,0,0,1,false,,,0
report-tool,weekly_report,weekly_report_93,93,warm,baseline:per_app_cache,5,1,54892,0,0,0,0,0,0,not_measured,0,0,0,0,0,0,1,false,,,0
report-tool,notify_team,notify_team_94,94,warm,baseline:per_app_cache,2,1,24099,0,0,0,0,0,0,not_measured,0,0,0,0,0,0,1,false,,,0
report-tool,weekly_report,weekly_report_95,95,warm,baseline:per_app_cache,5,1,137412,0,0,0,0,0,0,not_measured,0,0,0,0,0,0,1,false,,,0
report-tool,notify_team,notify_team_96,96,warm,baseline:per_app_cache,2,1,18474,0,0,0,0,0,0,not_measured,0,0,0,0,0,0,1,false,,,0
report-tool,weekly_report,weekly_report_97,97,warm,baseline:per_app_cache,5,1,40209,0,0,0,0,0,0,not_measured,0,0,0,0,0,0,1,false,,,0
report-tool,notify_team,notify_team_98,98,warm,baseline:per_app_cache,2,1,63328,0,0,0,0,0,0,not_measured,0,0,0,0,0,0,1,false,,,0
report-tool,weekly_report,weekly_report_99,99,warm,baseline:per_app_cache,5,1,45230,0,0,0,0,0,0,not_measured,0,0,0,0,0,0,1,false,,,0
report-tool,notify_team,notify_team_100,100,warm,baseline:per_app_cache,2,1,17063,0,0,0,0,0,0,not_measured,0,0,0,0,0,0,1,false,,,0
report-tool,weekly_report,weekly_report_101,101,warm,baseline:per_app_cache,5,1,36156,0,0,0,0,0,0,not_measured,0,0,0,0,0,0,1,false,,,0
report-tool,notify_team,notify_team_102,102,warm,baseline:per_app_cache,2,1,15518,0,0,0,0,0,0,not_measured,0,0,0,0,0,0,1,false,,,0
report-tool,weekly_report,weekly_report_103,103,warm,baseline:per_app_cache,5,1,73679,0,0,0,0,0,0,not_measured,0,0,0,0,0,0,1,false,,,0
report-tool,notify_team,notify_team_104,104,warm,baseline:per_app_cache,2,1,44676,0,0,0,0,0,0,not_measured,0,0,0,0,0,0,1,false,,,0
report-tool,weekly_report,weekly_report_105,105,warm,baseline:per_app_cache,5,1,71116,0,0,0,0,0,0,not_measured,0,0,0,0,0,0,1,false,,,0
report-tool,notify_team,notify_team_106,106,warm,baseline:per_app_cache,2,1,19783,0,0,0,0,0,0,not_measured,0,0,0,0,0,0,1,false,,,0
report-tool,weekly_report,weekly_report_107,107,warm,baseline:per_app_cache,5,1,36874,0,0,0,0,0,0,not_measured,0,0,0,0,0,0,1,false,,,0
report-tool,notify_team,notify_team_108,108,warm,baseline:per_app_cache,2,1,14630,0,0,0,0,0,0,not_measured,0,0,0,0,0,0,1,false,,,0
report-tool,weekly_report,weekly_report_109,109,warm,baseline:per_app_cache,5,1,39230,0,0,0,0,0,0,not_measured,0,0,0,0,0,0,1,false,,,0
report-tool,notify_team,notify_team_110,110,warm,baseline:per_app_cache,2,1,14631,0,0,0,0,0,0,not_measured,0,0,0,0,0,0,1,false,,,0
report-tool,weekly_report,weekly_report_111,111,warm,baseline:per_app_cache,5,1,38922,0,0,0,0,0,0,not_measured,0,0,0,0,0,0,1,false,,,0
report-tool,notify_team,notify_team_112,112,warm,baseline:per_app_cache,2,1,14660,0,0,0,0,0,0,not_measured,0,0,0,0,0,0,1,false,,,0
report-tool,weekly_report,weekly_report_113,113,warm,baseline:per_app_cache,5,1,74012,0,0,0,0,0,0,not_measured,0,0,0,0,0,0,1,false,,,0
report-tool,notify_team,notify_team_114,114,warm,baseline:per_app_cache,2,1,16906,0,0,0,0,0,0,not_measured,0,0,0,0,0,0,1,false,,,0
report-tool,weekly_report,weekly_report_115,115,warm,baseline:per_app_cache,5,1,36603,0,0,0,0,0,0,not_measured,0,0,0,0,0,0,1,false,,,0
report-tool,notify_team,notify_team_116,116,warm,baseline:per_app_cache,2,1,14552,0,0,0,0,0,0,not_measured,0,0,0,0,0,0,1,false,,,0
report-tool,weekly_report,weekly_report_117,117,warm,baseline:per_app_cache,5,1,34046,0,0,0,0,0,0,not_measured,0,0,0,0,0,0,1,false,,,0
report-tool,notify_team,notify_team_118,118,warm,baseline:per_app_cache,2,1,14343,0,0,0,0,0,0,not_measured,0,0,0,0,0,0,1,false,,,0
report-tool,weekly_report,weekly_report_119,119,warm,baseline:per_app_cache,5,1,34373,0,0,0,0,0,0,not_measured,0,0,0,0,0,0,1,false,,,0
report-tool,notify_team,notify_team_120,120,warm,baseline:per_app_cache,2,1,14556,0,0,0,0,0,0,not_measured,0,0,0,0,0,0,1,false,,,0
report-tool,weekly_report,weekly_report_121,121,warm,baseline:per_app_cache,5,1,36719,0,0,0,0,0,0,not_measured,0,0,0,0,0,0,1,false,,,0
report-tool,notify_team,notify_team_122,122,warm,baseline:per_app_cache,2,1,17071,0,0,0,0,0,0,not_measured,0,0,0,0,0,0,1,false,,,0
report-tool,weekly_report,weekly_report_123,123,warm,baseline:per_app_cache,5,1,109680,0,0,0,0,0,0,not_measured,0,0,0,0,0,0,1,false,,,0
report-tool,notify_team,notify_team_124,124,warm,baseline:per_app_cache,2,1,18621,0,0,0,0,0,0,not_measured,0,0,0,0,0,0,1,false,,,0
report-tool,weekly_report,weekly_report_125,125,warm,baseline:per_app_cache,5,1,40450,0,0,0,0,0,0,not_measured,0,0,0,0,0,0,1,false,,,0
report-tool,notify_team,notify_team_126,126,warm,baseline:per_app_cache,2,1,15449,0,0,0,0,0,0,not_measured,0,0,0,0,0,0,1,false,,,0
report-tool,weekly_report,weekly_report_127,127,warm,baseline:per_app_cache,5,1,39016,0,0,0,0,0,0,not_measured,0,0,0,0,0,0,1,false,,,0
report-tool,notify_team,notify_team_128,128,warm,baseline:per_app_cache,2,1,40504,0,0,0,0,0,0,not_measured,0,0,0,0,0,0,1,false,,,0
report-tool,weekly_report,weekly_report_129,129,warm,baseline:per_app_cache,5,1,45671,0,0,0,0,0,0,not_measured,0,0,0,0,0,0,1,false,,,0
report-tool,notify_team,notify_team_130,130,warm,baseline:per_app_cache,2,1,16234,0,0,0,0,0,0,not_measured,0,0,0,0,0,0,1,false,,,0
report-tool,weekly_report,weekly_report_131,131,warm,baseline:per_app_cache,5,1,38181,0,0,0,0,0,0,not_measured,0,0,0,0,0,0,1,false,,,0
report-tool,notify_team,notify_team_132,132,warm,baseline:per_app_cache,2,1,14767,0,0,0,0,0,0,not_measured,0,0,0,0,0,0,1,false,,,0
report-tool,weekly_report,weekly_report_133,133,warm,baseline:per_app_cache,5,1,41389,0,0,0,0,0,0,not_measured,0,0,0,0,0,0,1,false,,,0
report-tool,notify_team,notify_team_134,134,warm,baseline:per_app_cache,2,1,14963,0,0,0,0,0,0,not_measured,0,0,0,0,0,0,1,false,,,0
report-tool,weekly_report,weekly_report_135,135,warm,baseline:per_app_cache,5,1,36458,0,0,0,0,0,0,not_measured,0,0,0,0,0,0,1,false,,,0
report-tool,notify_team,notify_team_136,136,warm,baseline:per_app_cache,2,1,15092,0,0,0,0,0,0,not_measured,0,0,0,0,0,0,1,false,,,0
report-tool,weekly_report,weekly_report_137,137,warm,baseline:per_app_cache,5,1,37325,0,0,0,0,0,0,not_measured,0,0,0,0,0,0,1,false,,,0
report-tool,notify_team,notify_team_138,138,warm,baseline:per_app_cache,2,1,14873,0,0,0,0,0,0,not_measured,0,0,0,0,0,0,1,false,,,0
report-tool,weekly_report,weekly_report_139,139,warm,baseline:per_app_cache,5,1,42884,0,0,0,0,0,0,not_measured,0,0,0,0,0,0,1,false,,,0
report-tool,notify_team,notify_team_140,140,warm,baseline:per_app_cache,2,1,17155,0,0,0,0,0,0,not_measured,0,0,0,0,0,0,1,false,,,0
research-browser,fetch_and_summarize,fetch_and_summarize_141,141,warm,baseline:per_app_cache,4,1,710996,0,0,0,0,0,0,not_measured,0,0,1,0,0,0,1,false,,,0
research-browser,sync_notes,sync_notes_142,142,warm,baseline:per_app_cache,4,1,2171572,0,0,0,0,0,0,not_measured,0,1,0,0,0,0,1,false,,,0
research-browser,fetch_and_summarize,fetch_and_summarize_143,143,warm,baseline:per_app_cache,4,1,2130471,0,0,0,0,0,0,not_measured,0,0,1,0,0,0,1,false,,,0
research-browser,sync_notes,sync_notes_144,144,warm,baseline:per_app_cache,4,1,2058818,0,0,0,0,0,0,not_measured,0,1,0,0,0,0,1,false,,,0
research-browser,fetch_and_summarize,fetch_and_summarize_145,145,warm,baseline:per_app_cache,4,1,2154953,0,0,0,0,0,0,not_measured,0,0,1,0,0,0,1,false,,,0
research-browser,sync_notes,sync_notes_146,146,warm,baseline:per_app_cache,4,1,2160067,0,0,0,0,0,0,not_measured,0,1,0,0,0,0,1,false,,,0
research-browser,fetch_and_summarize,fetch_and_summarize_147,147,warm,baseline:per_app_cache,4,1,2125473,0,0,0,0,0,0,not_measured,0,0,1,0,0,0,1,false,,,0
research-browser,sync_notes,sync_notes_148,148,warm,baseline:per_app_cache,4,1,2080284,0,0,0,0,0,0,not_measured,0,1,0,0,0,0,1,false,,,0
research-browser,fetch_and_summarize,fetch_and_summarize_149,149,warm,baseline:per_app_cache,4,1,2064547,0,0,0,0,0,0,not_measured,0,0,1,0,0,0,1,false,,,0
research-browser,sync_notes,sync_notes_150,150,warm,baseline:per_app_cache,4,1,2227506,0,0,0,0,0,0,not_measured,0,1,0,0,0,0,1,false,,,0
research-browser,fetch_and_summarize,fetch_and_summarize_151,151,warm,baseline:per_app_cache,4,1,2113611,0,0,0,0,0,0,not_measured,0,0,1,0,0,0,1,false,,,0
research-browser,sync_notes,sync_notes_152,152,warm,baseline:per_app_cache,4,1,2025300,0,0,0,0,0,0,not_measured,0,1,0,0,0,0,1,false,,,0
research-browser,fetch_and_summarize,fetch_and_summarize_153,153,warm,baseline:per_app_cache,4,1,2189334,0,0,0,0,0,0,not_measured,0,0,1,0,0,0,1,false,,,0
research-browser,sync_notes,sync_notes_154,154,warm,baseline:per_app_cache,4,1,1979455,0,0,0,0,0,0,not_measured,0,1,0,0,0,0,1,false,,,0
research-browser,fetch_and_summarize,fetch_and_summarize_155,155,warm,baseline:per_app_cache,4,1,2309022,0,0,0,0,0,0,not_measured,0,0,1,0,0,0,1,false,,,0
research-browser,sync_notes,sync_notes_156,156,warm,baseline:per_app_cache,4,1,1889486,0,0,0,0,0,0,not_measured,0,1,0,0,0,0,1,false,,,0
research-browser,fetch_and_summarize,fetch_and_summarize_157,157,warm,baseline:per_app_cache,4,1,2275272,0,0,0,0,0,0,not_measured,0,0,1,0,0,0,1,false,,,0
research-browser,sync_notes,sync_notes_158,158,warm,baseline:per_app_cache,4,1,1843714,0,0,0,0,0,0,not_measured,0,1,0,0,0,0,1,false,,,0
research-browser,fetch_and_summarize,fetch_and_summarize_159,159,warm,baseline:per_app_cache,4,1,259160,0,0,0,0,0,0,not_measured,0,0,1,0,0,0,1,false,,,0
research-browser,sync_notes,sync_notes_160,160,warm,baseline:per_app_cache,4,1,1878874,0,0,0,0,0,0,not_measured,0,1,0,0,0,0,1,false,,,0
research-browser,fetch_and_summarize,fetch_and_summarize_161,161,warm,baseline:per_app_cache,4,1,221792,0,0,0,0,0,0,not_measured,0,0,1,0,0,0,1,false,,,0
research-browser,sync_notes,sync_notes_162,162,warm,baseline:per_app_cache,4,1,1871853,0,0,0,0,0,0,not_measured,0,1,0,0,0,0,1,false,,,0
research-browser,fetch_and_summarize,fetch_and_summarize_163,163,warm,baseline:per_app_cache,4,1,255801,0,0,0,0,0,0,not_measured,0,0,1,0,0,0,1,false,,,0
research-browser,sync_notes,sync_notes_164,164,warm,baseline:per_app_cache,4,1,1841636,0,0,0,0,0,0,not_measured,0,1,0,0,0,0,1,false,,,0
research-browser,fetch_and_summarize,fetch_and_summarize_165,165,warm,baseline:per_app_cache,4,1,299938,0,0,0,0,0,0,not_measured,0,0,1,0,0,0,1,false,,,0
research-browser,sync_notes,sync_notes_166,166,warm,baseline:per_app_cache,4,1,1813385,0,0,0,0,0,0,not_measured,0,1,0,0,0,0,1,false,,,0
research-browser,fetch_and_summarize,fetch_and_summarize_167,167,warm,baseline:per_app_cache,4,1,319562,0,0,0,0,0,0,not_measured,0,0,1,0,0,0,1,false,,,0
research-browser,sync_notes,sync_notes_168,168,warm,baseline:per_app_cache,4,1,1812916,0,0,0,0,0,0,not_measured,0,1,0,0,0,0,1,false,,,0
research-browser,fetch_and_summarize,fetch_and_summarize_169,169,warm,baseline:per_app_cache,4,1,316975,0,0,0,0,0,0,not_measured,0,0,1,0,0,0,1,false,,,0
research-browser,sync_notes,sync_notes_170,170,warm,baseline:per_app_cache,4,1,1757864,0,0,0,0,0,0,not_measured,0,1,0,0,0,0,1,false,,,0
research-browser,fetch_and_summarize,fetch_and_summarize_171,171,warm,baseline:per_app_cache,4,1,362338,0,0,0,0,0,0,not_measured,0,0,1,0,0,0,1,false,,,0
research-browser,sync_notes,sync_notes_172,172,warm,baseline:per_app_cache,4,1,1716101,0,0,0,0,0,0,not_measured,0,1,0,0,0,0,1,false,,,0
research-browser,fetch_and_summarize,fetch_and_summarize_173,173,warm,baseline:per_app_cache,4,1,472464,0,0,0,0,0,0,not_measured,0,0,1,0,0,0,1,false,,,0
research-browser,sync_notes,sync_notes_174,174,warm,baseline:per_app_cache,4,1,1637712,0,0,0,0,0,0,not_measured,0,1,0,0,0,0,1,false,,,0
research-browser,fetch_and_summarize,fetch_and_summarize_175,175,warm,baseline:per_app_cache,4,1,464429,0,0,0,0,0,0,not_measured,0,0,1,0,0,0,1,false,,,0
research-browser,sync_notes,sync_notes_176,176,warm,baseline:per_app_cache,4,1,1632439,0,0,0,0,0,0,not_measured,0,1,0,0,0,0,1,false,,,0
research-browser,fetch_and_summarize,fetch_and_summarize_177,177,warm,baseline:per_app_cache,4,1,530869,0,0,0,0,0,0,not_measured,0,0,1,0,0,0,1,false,,,0
research-browser,sync_notes,sync_notes_178,178,warm,baseline:per_app_cache,4,1,1567601,0,0,0,0,0,0,not_measured,0,1,0,0,0,0,1,false,,,0
research-browser,fetch_and_summarize,fetch_and_summarize_179,179,warm,baseline:per_app_cache,4,1,584574,0,0,0,0,0,0,not_measured,0,0,1,0,0,0,1,false,,,0
research-browser,sync_notes,sync_notes_180,180,warm,baseline:per_app_cache,4,1,1505436,0,0,0,0,0,0,not_measured,0,1,0,0,0,0,1,false,,,0
research-browser,fetch_and_summarize,fetch_and_summarize_181,181,warm,baseline:per_app_cache,4,1,592836,0,0,0,0,0,0,not_measured,0,0,1,0,0,0,1,false,,,0
research-browser,sync_notes,sync_notes_182,182,warm,baseline:per_app_cache,4,1,1503897,0,0,0,0,0,0,not_measured,0,1,0,0,0,0,1,false,,,0
research-browser,fetch_and_summarize,fetch_and_summarize_183,183,warm,baseline:per_app_cache,4,1,619164,0,0,0,0,0,0,not_measured,0,0,1,0,0,0,1,false,,,0
research-browser,sync_notes,sync_notes_184,184,warm,baseline:per_app_cache,4,1,1500085,0,0,0,0,0,0,not_measured,0,1,0,0,0,0,1,false,,,0
research-browser,fetch_and_summarize,fetch_and_summarize_185,185,warm,baseline:per_app_cache,4,1,628598,0,0,0,0,0,0,not_measured,0,0,1,0,0,0,1,false,,,0
research-browser,sync_notes,sync_notes_186,186,warm,baseline:per_app_cache,4,1,1454660,0,0,0,0,0,0,not_measured,0,1,0,0,0,0,1,false,,,0
research-browser,fetch_and_summarize,fetch_and_summarize_187,187,warm,baseline:per_app_cache,4,1,690758,0,0,0,0,0,0,not_measured,0,0,1,0,0,0,1,false,,,0
research-browser,sync_notes,sync_notes_188,188,warm,baseline:per_app_cache,4,1,1499139,0,0,0,0,0,0,not_measured,0,1,0,0,0,0,1,false,,,0
research-browser,fetch_and_summarize,fetch_and_summarize_189,189,warm,baseline:per_app_cache,4,1,660209,0,0,0,0,0,0,not_measured,0,0,1,0,0,0,1,false,,,0
research-browser,sync_notes,sync_notes_190,190,warm,baseline:per_app_cache,4,1,1453953,0,0,0,0,0,0,not_measured,0,1,0,0,0,0,1,false,,,0
utility-daemon,session_state,session_state_191,191,warm,baseline:per_app_cache,3,1,71350,0,0,0,0,0,0,not_measured,0,0,0,0,0,0,1,false,,,0
utility-daemon,idle_tick,idle_tick_192,192,warm,baseline:per_app_cache,3,1,2254482,0,0,0,0,0,0,not_measured,0,0,0,0,0,0,1,false,,,0
utility-daemon,session_state,session_state_193,193,warm,baseline:per_app_cache,3,1,114895,0,0,0,0,0,0,not_measured,0,0,0,0,0,0,1,false,,,0
utility-daemon,idle_tick,idle_tick_194,194,warm,baseline:per_app_cache,3,1,2395124,0,0,0,0,0,0,not_measured,0,0,0,0,0,0,1,false,,,0
utility-daemon,session_state,session_state_195,195,warm,baseline:per_app_cache,3,1,155150,0,0,0,0,0,0,not_measured,0,0,0,0,0,0,1,false,,,0
utility-daemon,idle_tick,idle_tick_196,196,warm,baseline:per_app_cache,3,1,2362280,0,0,0,0,0,0,not_measured,0,0,0,0,0,0,1,false,,,0
utility-daemon,session_state,session_state_197,197,warm,baseline:per_app_cache,3,1,96333,0,0,0,0,0,0,not_measured,0,0,0,0,0,0,1,false,,,0
utility-daemon,idle_tick,idle_tick_198,198,warm,baseline:per_app_cache,3,1,2360635,0,0,0,0,0,0,not_measured,0,0,0,0,0,0,1,false,,,0
utility-daemon,session_state,session_state_199,199,warm,baseline:per_app_cache,3,1,92348,0,0,0,0,0,0,not_measured,0,0,0,0,0,0,1,false,,,0
utility-daemon,idle_tick,idle_tick_200,200,warm,baseline:per_app_cache,3,1,2355272,0,0,0,0,0,0,not_measured,0,0,0,0,0,0,1,false,,,0
utility-daemon,session_state,session_state_201,201,warm,baseline:per_app_cache,3,1,124663,0,0,0,0,0,0,not_measured,0,0,0,0,0,0,1,false,,,0
utility-daemon,idle_tick,idle_tick_202,202,warm,baseline:per_app_cache,3,1,2376356,0,0,0,0,0,0,not_measured,0,0,0,0,0,0,1,false,,,0
utility-daemon,session_state,session_state_203,203,warm,baseline:per_app_cache,3,1,91799,0,0,0,0,0,0,not_measured,0,0,0,0,0,0,1,false,,,0
utility-daemon,idle_tick,idle_tick_204,204,warm,baseline:per_app_cache,3,1,2374389,0,0,0,0,0,0,not_measured,0,0,0,0,0,0,1,false,,,0
utility-daemon,session_state,session_state_205,205,warm,baseline:per_app_cache,3,1,188431,0,0,0,0,0,0,not_measured,0,0,0,0,0,0,1,false,,,0
utility-daemon,idle_tick,idle_tick_206,206,warm,baseline:per_app_cache,3,1,2328845,0,0,0,0,0,0,not_measured,0,0,0,0,0,0,1,false,,,0
utility-daemon,session_state,session_state_207,207,warm,baseline:per_app_cache,3,1,135352,0,0,0,0,0,0,not_measured,0,0,0,0,0,0,1,false,,,0
utility-daemon,idle_tick,idle_tick_208,208,warm,baseline:per_app_cache,3,1,2099960,0,0,0,0,0,0,not_measured,0,0,0,0,0,0,1,false,,,0
utility-daemon,session_state,session_state_209,209,warm,baseline:per_app_cache,3,1,90278,0,0,0,0,0,0,not_measured,0,0,0,0,0,0,1,false,,,0
utility-daemon,idle_tick,idle_tick_210,210,warm,baseline:per_app_cache,3,1,2369402,0,0,0,0,0,0,not_measured,0,0,0,0,0,0,1,false,,,0
utility-daemon,session_state,session_state_211,211,warm,baseline:per_app_cache,3,1,147882,0,0,0,0,0,0,not_measured,0,0,0,0,0,0,1,false,,,0
utility-daemon,idle_tick,idle_tick_212,212,warm,baseline:per_app_cache,3,1,2142894,0,0,0,0,0,0,not_measured,0,0,0,0,0,0,1,false,,,0
utility-daemon,session_state,session_state_213,213,warm,baseline:per_app_cache,3,1,173499,0,0,0,0,0,0,not_measured,0,0,0,0,0,0,1,false,,,0
utility-daemon,idle_tick,idle_tick_214,214,warm,baseline:per_app_cache,3,1,2373635,0,0,0,0,0,0,not_measured,0,0,0,0,0,0,1,false,,,0
utility-daemon,session_state,session_state_215,215,warm,baseline:per_app_cache,3,1,164650,0,0,0,0,0,0,not_measured,0,0,0,0,0,0,1,false,,,0
utility-daemon,idle_tick,idle_tick_216,216,warm,baseline:per_app_cache,3,1,2117638,0,0,0,0,0,0,not_measured,0,0,0,0,0,0,1,false,,,0
utility-daemon,session_state,session_state_217,217,warm,baseline:per_app_cache,3,1,101035,0,0,0,0,0,0,not_measured,0,0,0,0,0,0,1,false,,,0
utility-daemon,idle_tick,idle_tick_218,218,warm,baseline:per_app_cache,3,1,2127684,0,0,0,0,0,0,not_measured,0,0,0,0,0,0,1,false,,,0
utility-daemon,session_state,session_state_219,219,warm,baseline:per_app_cache,3,1,115585,0,0,0,0,0,0,not_measured,0,0,0,0,0,0,1,false,,,0
utility-daemon,idle_tick,idle_tick_220,220,warm,baseline:per_app_cache,3,1,2197303,0,0,0,0,0,0,not_measured,0,0,0,0,0,0,1,false,,,0
utility-daemon,session_state,session_state_221,221,warm,baseline:per_app_cache,3,1,196460,0,0,0,0,0,0,not_measured,0,0,0,0,0,0,1,false,,,0
utility-daemon,idle_tick,idle_tick_222,222,warm,baseline:per_app_cache,3,1,2150536,0,0,0,0,0,0,not_measured,0,0,0,0,0,0,1,false,,,0
utility-daemon,session_state,session_state_223,223,warm,baseline:per_app_cache,3,1,83639,0,0,0,0,0,0,not_measured,0,0,0,0,0,0,1,false,,,0
utility-daemon,idle_tick,idle_tick_224,224,warm,baseline:per_app_cache,3,1,2364356,0,0,0,0,0,0,not_measured,0,0,0,0,0,0,1,false,,,0
utility-daemon,session_state,session_state_225,225,warm,baseline:per_app_cache,3,1,192051,0,0,0,0,0,0,not_measured,0,0,0,0,0,0,1,false,,,0
utility-daemon,idle_tick,idle_tick_226,226,warm,baseline:per_app_cache,3,1,2375515,0,0,0,0,0,0,not_measured,0,0,0,0,0,0,1,false,,,0
utility-daemon,session_state,session_state_227,227,warm,baseline:per_app_cache,3,1,146578,0,0,0,0,0,0,not_measured,0,0,0,0,0,0,1,false,,,0
utility-daemon,idle_tick,idle_tick_228,228,warm,baseline:per_app_cache,3,1,2375243,0,0,0,0,0,0,not_measured,0,0,0,0,0,0,1,false,,,0
utility-daemon,session_state,session_state_229,229,warm,baseline:per_app_cache,3,1,93591,0,0,0,0,0,0,not_measured,0,0,0,0,0,0,1,false,,,0
utility-daemon,idle_tick,idle_tick_230,230,warm,baseline:per_app_cache,3,1,2369182,0,0,0,0,0,0,not_measured,0,0,0,0,0,0,1,false,,,0
utility-daemon,session_state,session_state_231,231,warm,baseline:per_app_cache,3,1,69251,0,0,0,0,0,0,not_measured,0,0,0,0,0,0,1,false,,,0
utility-daemon,idle_tick,idle_tick_232,232,warm,baseline:per_app_cache,3,1,2133144,0,0,0,0,0,0,not_measured,0,0,0,0,0,0,1,false,,,0
utility-daemon,session_state,session_state_233,233,warm,baseline:per_app_cache,3,1,80366,0,0,0,0,0,0,not_measured,0,0,0,0,0,0,1,false,,,0
utility-daemon,idle_tick,idle_tick_234,234,warm,baseline:per_app_cache,3,1,2258966,0,0,0,0,0,0,not_measured,0,0,0,0,0,0,1,false,,,0
utility-daemon,session_state,session_state_235,235,warm,baseline:per_app_cache,3,1,162324,0,0,0,0,0,0,not_measured,0,0,0,0,0,0,1,false,,,0
utility-daemon,idle_tick,idle_tick_236,236,warm,baseline:per_app_cache,3,1,2254706,0,0,0,0,0,0,not_measured,0,0,0,0,0,0,1,false,,,0
utility-daemon,session_state,session_state_237,237,warm,baseline:per_app_cache,3,1,80364,0,0,0,0,0,0,not_measured,0,0,0,0,0,0,1,false,,,0
utility-daemon,idle_tick,idle_tick_238,238,warm,baseline:per_app_cache,3,1,2365302,0,0,0,0,0,0,not_measured,0,0,0,0,0,0,1,false,,,0
utility-daemon,session_state,session_state_239,239,warm,baseline:per_app_cache,3,1,110296,0,0,0,0,0,0,not_measured,0,0,0,0,0,0,1,false,,,0
utility-daemon,idle_tick,idle_tick_240,240,warm,baseline:per_app_cache,3,1,2232376,0,0,0,0,0,0,not_measured,0,0,0,0,0,0,1,false,,,0
utility-daemon,session_state,session_state_241,241,warm,baseline:per_app_cache,3,1,143984,0,0,0,0,0,0,not_measured,0,0,0,0,0,0,1,false,,,0
utility-daemon,idle_tick,idle_tick_242,242,warm,baseline:per_app_cache,3,1,2150231,0,0,0,0,0,0,not_measured,0,0,0,0,0,0,1,false,,,0
utility-daemon,session_state,session_state_243,243,warm,baseline:per_app_cache,3,1,74158,0,0,0,0,0,0,not_measured,0,0,0,0,0,0,1,false,,,0
utility-daemon,idle_tick,idle_tick_244,244,warm,baseline:per_app_cache,3,1,2419209,0,0,0,0,0,0,not_measured,0,0,0,0,0,0,1,false,,,0
utility-daemon,session_state,session_state_245,245,warm,baseline:per_app_cache,3,1,69473,0,0,0,0,0,0,not_measured,0,0,0,0,0,0,1,false,,,0
utility-daemon,idle_tick,idle_tick_246,246,warm,baseline:per_app_cache,3,1,2461315,0,0,0,0,0,0,not_measured,0,0,0,0,0,0,1,false,,,0
utility-daemon,session_state,session_state_247,247,warm,baseline:per_app_cache,3,1,126416,0,0,0,0,0,0,not_measured,0,0,0,0,0,0,1,false,,,0
utility-daemon,idle_tick,idle_tick_248,248,warm,baseline:per_app_cache,3,1,2394936,0,0,0,0,0,0,not_measured,0,0,0,0,0,0,1,false,,,0
utility-daemon,session_state,session_state_249,249,warm,baseline:per_app_cache,3,1,80351,0,0,0,0,0,0,not_measured,0,0,0,0,0,0,1,false,,,0
utility-daemon,idle_tick,idle_tick_250,250,warm,baseline:per_app_cache,3,1,2132154,0,0,0,0,0,0,not_measured,0,0,0,0,0,0,1,false,,,0
report-tool,weekly_report,weekly_report_251,251,warm,baseline:per_app_cache,6,1,86084,0,0,0,0,0,0,not_measured,0,0,0,0,0,0,1,false,,,0
report-tool,weekly_report,weekly_report_252,252,warm,baseline:per_app_cache,6,1,63440,0,0,0,0,0,0,not_measured,0,0,0,0,0,0,1,false,,,0
report-tool,weekly_report,weekly_report_253,253,warm,baseline:per_app_cache,6,1,49096,0,0,0,0,0,0,not_measured,0,0,0,0,0,0,1,false,,,0
report-tool,weekly_report,weekly_report_254,254,warm,baseline:per_app_cache,6,1,44417,0,0,0,0,0,0,not_measured,0,0,0,0,0,0,1,false,,,0
report-tool,weekly_report,weekly_report_255,255,warm,baseline:per_app_cache,6,1,45737,0,0,0,0,0,0,not_measured,0,0,0,0,0,0,1,false,,,0
report-tool,weekly_report,weekly_report_256,256,warm,baseline:per_app_cache,6,1,115507,0,0,0,0,0,0,not_measured,0,0,0,0,0,0,1,false,,,0
report-tool,weekly_report,weekly_report_257,257,warm,baseline:per_app_cache,6,1,115346,0,0,0,0,0,0,not_measured,0,0,0,0,0,0,1,false,,,0
report-tool,weekly_report,weekly_report_258,258,warm,baseline:per_app_cache,6,1,49591,0,0,0,0,0,0,not_measured,0,0,0,0,0,0,1,false,,,0
report-tool,weekly_report,weekly_report_259,259,warm,baseline:per_app_cache,6,1,52087,0,0,0,0,0,0,not_measured,0,0,0,0,0,0,1,false,,,0
report-tool,weekly_report,weekly_report_260,260,warm,baseline:per_app_cache,6,1,44186,0,0,0,0,0,0,not_measured,0,0,0,0,0,0,1,false,,,0
dev-editor,save_and_backup,save_and_backup_261,261,warm,baseline:per_app_cache,5,1,45023,0,0,0,0,0,0,not_measured,0,0,0,0,0,0,1,false,,,0
dev-editor,save_and_backup,save_and_backup_262,262,warm,baseline:per_app_cache,5,1,46404,0,0,0,0,0,0,not_measured,0,0,0,0,0,0,1,false,,,0
dev-editor,save_and_backup,save_and_backup_263,263,warm,baseline:per_app_cache,5,1,115617,0,0,0,0,0,0,not_measured,0,0,0,0,0,0,1,false,,,0
dev-editor,save_and_backup,save_and_backup_264,264,warm,baseline:per_app_cache,5,1,96760,0,0,0,0,0,0,not_measured,0,0,0,0,0,0,1,false,,,0
dev-editor,save_and_backup,save_and_backup_265,265,warm,baseline:per_app_cache,5,1,53517,0,0,0,0,0,0,not_measured,0,0,0,0,0,0,1,false,,,0
dev-editor,save_and_backup,save_and_backup_266,266,warm,baseline:per_app_cache,5,1,42134,0,0,0,0,0,0,not_measured,0,0,0,0,0,0,1,false,,,0
dev-editor,save_and_backup,save_and_backup_267,267,warm,baseline:per_app_cache,5,1,70595,0,0,0,0,0,0,not_measured,0,0,0,0,0,0,1,false,,,0
dev-editor,save_and_backup,save_and_backup_268,268,warm,baseline:per_app_cache,5,1,102934,0,0,0,0,0,0,not_measured,0,0,0,0,0,0,1,false,,,0
dev-editor,save_and_backup,save_and_backup_82,269,warm,baseline:per_app_cache,1,0,5021,0,0,0,0,0,0,not_measured,0,0,0,0,0,0,0,false,,,0
utility-daemon,idle_tick,idle_tick_202,270,warm,baseline:per_app_cache,1,0,4108,0,0,0,0,0,0,not_measured,0,0,0,0,0,0,0,false,,,0
research-browser,sync_notes,sync_notes_176,271,warm,baseline:per_app_cache,1,0,3674,0,0,0,0,0,0,not_measured,0,0,0,0,0,0,0,false,,,0
research-browser,fetch_and_summarize,fetch_and_summarize_157,272,warm,baseline:per_app_cache,1,0,3497,0,0,0,0,0,0,not_measured,0,0,0,0,0,0,0,false,,,0
dev-editor,save_and_backup,save_and_backup_62,273,warm,baseline:per_app_cache,1,0,3446,0,0,0,0,0,0,not_measured,0,0,0,0,0,0,0,false,,,0
research-browser,sync_notes,sync_notes_16,274,warm,baseline:per_app_cache,1,0,4036,0,0,0,0,0,0,not_measured,0,0,0,0,0,0,0,false,,,0
research-browser,fetch_and_summarize,fetch_and_summarize_177,275,warm,baseline:per_app_cache,1,0,2700,0,0,0,0,0,0,not_measured,0,0,0,0,0,0,0,false,,,0
dev-editor,build_and_hash,build_and_hash_55,276,warm,baseline:per_app_cache,1,0,3068,0,0,0,0,0,0,not_measured,0,0,0,0,0,0,0,false,,,0
research-browser,fetch_and_summarize,fetch_and_summarize_151,277,warm,baseline:per_app_cache,1,0,2821,0,0,0,0,0,0,not_measured,0,0,0,0,0,0,0,false,,,0
report-tool,weekly_report,weekly_report_256,278,warm,baseline:per_app_cache,1,0,2871,0,0,0,0,0,0,not_measured,0,0,0,0,0,0,0,false,,,0
dev-editor,build_and_hash,build_and_hash_31,279,warm,baseline:per_app_cache,1,0,3086,0,0,0,0,0,0,not_measured,0,0,0,0,0,0,0,false,,,0
report-tool,notify_team,notify_team_128,280,warm,baseline:per_app_cache,1,0,2605,0,0,0,0,0,0,not_measured,0,0,0,0,0,0,0,false,,,0
report-tool,notify_team,notify_team_112,281,warm,baseline:per_app_cache,1,0,2722,0,0,0,0,0,0,not_measured,0,0,0,0,0,0,0,false,,,0
dev-editor,build_and_hash,build_and_hash_79,282,warm,baseline:per_app_cache,1,0,2466,0,0,0,0,0,0,not_measured,0,0,0,0,0,0,0,false,,,0
report-tool,notify_team,notify_team_120,283,warm,baseline:per_app_cache,1,0,2602,0,0,0,0,0,0,not_measured,0,0,0,0,0,0,0,false,,,0
dev-editor,build_and_hash,build_and_hash_3,284,warm,baseline:per_app_cache,1,0,2718,0,0,0,0,0,0,not_measured,0,0,0,0,0,0,0,false,,,0
report-tool,weekly_report,weekly_report_117,285,warm,baseline:per_app_cache,1,0,3689,0,0,0,0,0,0,not_measured,0,0,0,0,0,0,0,false,,,0
utility-daemon,session_state,session_state_211,286,warm,baseline:per_app_cache,1,0,2647,0,0,0,0,0,0,not_measured,0,0,0,0,0,0,0,false,,,0
research-browser,fetch_and_summarize,fetch_and_summarize_185,287,warm,baseline:per_app_cache,1,0,2645,0,0,0,0,0,0,not_measured,0,0,0,0,0,0,0,false,,,0
utility-daemon,session_state,session_state_193,288,warm,baseline:per_app_cache,1,0,2926,0,0,0,0,0,0,not_measured,0,0,0,0,0,0,0,false,,,0
dev-editor,noise,noise_269,289,cold,baseline:per_app_cache,2,1,12353,0,0,0,0,0,0,not_measured,0,0,0,0,0,0,1,false,,,0
dev-editor,noise,noise_270,290,warm,baseline:per_app_cache,2,1,10431,0,0,0,0,0,0,not_measured,0,0,0,0,0,0,1,false,,,0
dev-editor,noise,noise_271,291,warm,baseline:per_app_cache,2,1,46180,0,0,0,0,0,0,not_measured,0,0,0,0,0,0,1,false,,,0
dev-editor,noise,noise_272,292,warm,baseline:per_app_cache,2,1,4159756,0,0,0,0,0,0,not_measured,0,0,0,0,0,0,1,false,,,0
dev-editor,noise,noise_273,293,warm,baseline:per_app_cache,2,1,3143556,0,0,0,0,0,0,not_measured,0,0,2,0,0,0,1,false,,,0
dev-editor,noise,noise_274,294,warm,baseline:per_app_cache,2,1,3920852,0,0,0,0,0,0,not_measured,0,2,0,0,0,0,1,false,,,0
dev-editor,noise,noise_275,295,warm,baseline:per_app_cache,2,1,4763451,0,0,0,0,0,0,not_measured,2,0,0,0,0,0,1,false,,,0
dev-editor,noise,noise_276,296,warm,baseline:per_app_cache,2,1,12177,0,0,0,0,0,0,not_measured,0,0,0,0,0,0,1,false,,,0
dev-editor,noise,noise_277,297,warm,baseline:per_app_cache,2,1,254049,0,0,0,0,0,0,not_measured,0,0,0,0,0,0,1,false,,,0
dev-editor,noise,noise_278,298,warm,baseline:per_app_cache,2,1,15825,0,0,0,0,0,0,not_measured,0,0,0,0,0,0,1,false,,,0
dev-editor,noise,noise_279,299,warm,baseline:per_app_cache,3,1,19865,0,0,0,0,0,0,not_measured,0,0,0,0,0,0,1,false,,,0
dev-editor,noise,noise_280,300,warm,baseline:per_app_cache,3,1,13179,0,0,0,0,0,0,not_measured,0,0,0,0,0,0,1,false,,,0
dev-editor,noise,noise_281,301,warm,baseline:per_app_cache,3,1,126320,0,0,0,0,0,0,not_measured,0,0,0,0,0,0,1,false,,,0
dev-editor,noise,noise_282,302,warm,baseline:per_app_cache,3,1,53907194,0,0,0,0,0,0,not_measured,0,0,0,0,0,0,1,false,,,0
dev-editor,noise,noise_283,303,warm,baseline:per_app_cache,3,1,5679587,0,0,0,0,0,0,not_measured,0,0,3,0,0,0,1,false,,,0
dev-editor,build_and_hash,build_and_hash_1,1,cold,drm:permanent_only,3,1,2887549,0,0,0,0,0,0,not_measured,1,0,0,0,0,0,1,false,,,0
dev-editor,save_and_backup,save_and_backup_2,2,cold,drm:permanent_only,5,1,102057,0,0,0,0,0,0,not_measured,0,0,0,0,0,0,1,false,,,0
dev-editor,build_and_hash,build_and_hash_3,3,warm,drm:permanent_only,3,1,2292613,0,0,0,0,0,0,not_measured,1,0,0,0,0,0,1,false,,,0
dev-editor,save_and_backup,save_and_backup_4,4,warm,drm:permanent_only,5,1,128568,0,0,0,0,0,0,not_measured,0,0,0,0,0,0,1,false,,,0
dev-editor,build_and_hash,build_and_hash_5,5,warm,drm:permanent_only,3,1,2134545,0,0,0,0,0,0,not_measured,1,0,0,0,0,0,1,false,,,0
dev-editor,save_and_backup,save_and_backup_6,6,warm,drm:permanent_only,5,2,83933,0,0,0,0,0,0,not_measured,0,0,0,1,0,0,2,false,,,0
report-tool,weekly_report,weekly_report_7,7,cold,drm:permanent_only,1,1,235329,0,0,0,0,0,0,not_measured,0,0,0,1,0,0,1,false,,,0
report-tool,notify_team,notify_team_8,8,cold,drm:permanent_only,2,1,39116,0,0,0,0,0,0,not_measured,0,0,0,1,0,0,1,false,,,0
report-tool,weekly_report,weekly_report_9,9,warm,drm:permanent_only,1,1,143803,0,0,0,0,0,0,not_measured,0,0,0,1,0,0,1,false,,,0
report-tool,notify_team,notify_team_10,10,warm,drm:permanent_only,2,1,35140,0,0,0,0,0,0,not_measured,0,0,0,1,0,0,1,false,,,0
report-tool,weekly_report,weekly_report_11,11,warm,drm:permanent_only,1,1,371310,0,0,0,0,0,0,not_measured,0,0,0,1,0,0,1,false,,,0
report-tool,notify_team,notify_team_12,12,warm,drm:permanent_only,2,1,79856,0,0,0,0,0,0,not_measured,0,0,0,1,0,0,1,false,,,0
research-browser,fetch_and_summarize,fetch_and_summarize_13,13,cold,drm:permanent_only,4,1,2052388,0,0,0,0,0,0,not_measured,0,0,1,1,0,0,1,false,,,0
research-browser,sync_notes,sync_notes_14,14,cold,drm:permanent_only,4,1,2053366,0,0,0,0,0,0,not_measured,0,1,0,1,0,0,1,false,,,0
research-browser,fetch_and_summarize,fetch_and_summarize_15,15,warm,drm:permanent_only,4,1,2162766,0,0,0,0,0,0,not_measured,0,0,1,1,0,0,1,false,,,0
research-browser,sync_notes,sync_notes_16,16,warm,drm:permanent_only,4,1,1953914,0,0,0,0,0,0,not_measured,0,1,0,1,0,0,1,false,,,0
research-browser,fetch_and_summarize,fetch_and_summarize_17,17,warm,drm:permanent_only,4,2,2173524,0,0,0,0,0,0,not_measured,0,0,1,2,0,0,2,false,,,0
research-browser,sync_notes,sync_notes_18,18,warm,drm:permanent_only,4,2,9493896,0,0,0,0,0,0,not_measured,0,1,0,3,0,0,2,false,,,0
utility-daemon,session_state,session_state_19,19,cold,drm:permanent_only,3,1,89780,0,0,0,0,0,0,not_measured,0,0,0,3,0,0,1,false,,,0
utility-daemon,idle_tick,idle_tick_20,20,cold,drm:permanent_only,3,1,2169506,0,0,0,0,0,0,not_measured,0,0,0,3,0,0,1,false,,,0
utility-daemon,session_state,session_state_21,21,warm,drm:permanent_only,3,1,267916,0,0,0,0,0,0,not_measured,0,0,0,3,0,0,1,false,,,0
utility-daemon,idle_tick,idle_tick_22,22,warm,drm:permanent_only,3,1,2592931,0,0,0,0,0,0,not_measured,0,0,0,3,0,0,1,false,,,0
utility-daemon,session_state,session_state_23,23,warm,drm:permanent_only,3,1,247149,0,0,0,0,0,0,not_measured,0,0,0,3,0,0,1,false,,,0
utility-daemon,idle_tick,idle_tick_24,24,warm,drm:permanent_only,3,1,2549652,0,0,0,0,0,0,not_measured,0,0,0,3,0,0,1,false,,,0
dev-editor,build_and_hash,build_and_hash_25,25,warm,drm:permanent_only,3,2,2791394,0,0,0,0,0,0,not_measured,1,0,0,4,0,0,2,false,,,0
dev-editor,save_and_backup,save_and_backup_26,26,warm,drm:permanent_only,1,1,671339,0,0,0,0,0,0,not_measured,0,0,0,4,0,0,1,false,,,0
dev-editor,build_and_hash,build_and_hash_27,27,warm,drm:permanent_only,1,1,2131253,0,0,0,0,0,0,not_measured,1,0,0,4,0,0,1,false,,,0
dev-editor,save_and_backup,save_and_backup_28,28,warm,drm:permanent_only,1,1,691284,0,0,0,0,0,0,not_measured,0,0,0,4,0,0,1,false,,,0
dev-editor,build_and_hash,build_and_hash_29,29,warm,drm:permanent_only,1,1,2422871,0,0,0,0,0,0,not_measured,1,0,0,4,0,0,1,false,,,0
dev-editor,save_and_backup,save_and_backup_30,30,warm,drm:permanent_only,1,1,802033,0,0,0,0,0,0,not_measured,0,0,0,4,0,0,1,false,,,0
dev-editor,build_and_hash,build_and_hash_31,31,warm,drm:permanent_only,1,1,2532864,0,0,0,0,0,0,not_measured,1,0,0,4,0,0,1,false,,,0
dev-editor,save_and_backup,save_and_backup_32,32,warm,drm:permanent_only,1,1,1106115,0,0,0,0,0,0,not_measured,0,0,0,4,0,0,1,false,,,0
dev-editor,build_and_hash,build_and_hash_33,33,warm,drm:permanent_only,1,1,2392082,0,0,0,0,0,0,not_measured,1,0,0,4,0,0,1,false,,,0
dev-editor,save_and_backup,save_and_backup_34,34,warm,drm:permanent_only,1,1,721558,0,0,0,0,0,0,not_measured,0,0,0,4,0,0,1,false,,,0
dev-editor,build_and_hash,build_and_hash_35,35,warm,drm:permanent_only,1,1,2262056,0,0,0,0,0,0,not_measured,1,0,0,4,0,0,1,false,,,0
dev-editor,save_and_backup,save_and_backup_36,36,warm,drm:permanent_only,1,1,1153937,0,0,0,0,0,0,not_measured,0,0,0,4,0,0,1,false,,,0
dev-editor,build_and_hash,build_and_hash_37,37,warm,drm:permanent_only,1,1,2390928,0,0,0,0,0,0,not_measured,1,0,0,4,0,0,1,false,,,0
dev-editor,save_and_backup,save_and_backup_38,38,warm,drm:permanent_only,1,1,774701,0,0,0,0,0,0,not_measured,0,0,0,4,0,0,1,false,,,0
dev-editor,build_and_hash,build_and_hash_39,39,warm,drm:permanent_only,1,1,2242017,0,0,0,0,0,0,not_measured,1,0,0,4,0,0,1,false,,,0
dev-editor,save_and_backup,save_and_backup_40,40,warm,drm:permanent_only,1,1,1211032,0,0,0,0,0,0,not_measured,0,0,0,4,0,0,1,false,,,0
dev-editor,build_and_hash,build_and_hash_41,41,warm,drm:permanent_only,1,1,2506441,0,0,0,0,0,0,not_measured,1,0,0,4,0,0,1,false,,,0
dev-editor,save_and_backup,save_and_backup_42,42,warm,drm:permanent_only,1,1,1039839,0,0,0,0,0,0,not_measured,0,0,0,4,0,0,1,false,,,0
dev-editor,build_and_hash,build_and_hash_43,43,warm,drm:permanent_only,1,1,2327772,0,0,0,0,0,0,not_measured,1,0,0,4,0,0,1,false,,,0
dev-editor,save_and_backup,save_and_backup_44,44,warm,drm:permanent_only,1,1,922654,0,0,0,0,0,0,not_measured,0,0,0,4,0,0,1,false,,,0
dev-editor,build_and_hash,build_and_hash_45,45,warm,drm:permanent_only,1,1,2368674,0,0,0,0,0,0,not_measured,1,0,0,4,0,0,1,false,,,0
dev-editor,save_and_backup,save_and_backup_46,46,warm,drm:permanent_only,1,1,1101466,0,0,0,0,0,0,not_measured,0,0,0,4,0,0,1,false,,,0
dev-editor,build_and_hash,build_and_hash_47,47,warm,drm:permanent_only,1,1,2376079,0,0,0,0,0,0,not_measured,1,0,0,4,0,0,1,false,,,0
dev-editor,save_and_backup,save_and_backup_48,48,warm,drm:permanent_only,1,1,984535,0,0,0,0,0,0,not_measured,0,0,0,4,0,0,1,false,,,0
dev-editor,build_and_hash,build_and_hash_49,49,warm,drm:permanent_only,1,1,2298195,0,0,0,0,0,0,not_measured,1,0,0,4,0,0,1,false,,,0
dev-editor,save_and_backup,save_and_backup_50,50,warm,drm:permanent_only,1,1,1375406,0,0,0,0,0,0,not_measured,0,0,0,4,0,0,1,false,,,0
dev-editor,build_and_hash,build_and_hash_51,51,warm,drm:permanent_only,1,1,2463859,0,0,0,0,0,0,not_measured,1,0,0,4,0,0,1,false,,,0
dev-editor,save_and_backup,save_and_backup_52,52,warm,drm:permanent_only,1,1,2043917,0,0,0,0,0,0,not_measured,0,0,0,4,0,0,1,false,,,0
dev-editor,build_and_hash,build_and_hash_53,53,warm,drm:permanent_only,1,1,2723353,0,0,0,0,0,0,not_measured,1,0,0,4,0,0,1,false,,,0
dev-editor,save_and_backup,save_and_backup_54,54,warm,drm:permanent_only,1,1,1444848,0,0,0,0,0,0,not_measured,0,0,0,4,0,0,1,false,,,0
dev-editor,build_and_hash,build_and_hash_55,55,warm,drm:permanent_only,1,1,2829813,0,0,0,0,0,0,not_measured,1,0,0,4,0,0,1,false,,,0
dev-editor,save_and_backup,save_and_backup_56,56,warm,drm:permanent_only,1,1,1369426,0,0,0,0,0,0,not_measured,0,0,0,4,0,0,1,false,,,0
dev-editor,build_and_hash,build_and_hash_57,57,warm,drm:permanent_only,1,1,2773322,0,0,0,0,0,0,not_measured,1,0,0,4,0,0,1,false,,,0
dev-editor,save_and_backup,save_and_backup_58,58,warm,drm:permanent_only,1,1,1408383,0,0,0,0,0,0,not_measured,0,0,0,4,0,0,1,false,,,0
dev-editor,build_and_hash,build_and_hash_59,59,warm,drm:permanent_only,1,1,2417010,0,0,0,0,0,0,not_measured,1,0,0,4,0,0,1,false,,,0
dev-editor,save_and_backup,save_and_backup_60,60,warm,drm:permanent_only,1,1,1494068,0,0,0,0,0,0,not_measured,0,0,0,4,0,0,1,false,,,0
dev-editor,build_and_hash,build_and_hash_61,61,warm,drm:permanent_only,1,1,2584832,0,0,0,0,0,0,not_measured,1,0,0,4,0,0,1,false,,,0
dev-editor,save_and_backup,save_and_backup_62,62,warm,drm:permanent_only,1,1,1615891,0,0,0,0,0,0,not_measured,0,0,0,4,0,0,1,false,,,0
dev-editor,build_and_hash,build_and_hash_63,63,warm,drm:permanent_only,1,1,2738082,0,0,0,0,0,0,not_measured,1,0,0,4,0,0,1,false,,,0
dev-editor,save_and_backup,save_and_backup_64,64,warm,drm:permanent_only,1,1,1560683,0,0,0,0,0,0,not_measured,0,0,0,4,0,0,1,false,,,0
dev-editor,build_and_hash,build_and_hash_65,65,warm,drm:permanent_only,1,1,2583055,0,0,0,0,0,0,not_measured,1,0,0,4,0,0,1,false,,,0
dev-editor,save_and_backup,save_and_backup_66,66,warm,drm:permanent_only,1,1,1530887,0,0,0,0,0,0,not_measured,0,0,0,4,0,0,1,false,,,0
dev-editor,build_and_hash,build_and_hash_67,67,warm,drm:permanent_only,1,1,2226983,0,0,0,0,0,0,not_measured,1,0,0,4,0,0,1,false,,,0
dev-editor,save_and_backup,save_and_backup_68,68,warm,drm:permanent_only,1,1,1805315,0,0,0,0,0,0,not_measured,0,0,0,4,0,0,1,false,,,0
dev-editor,build_and_hash,build_and_hash_69,69,warm,drm:permanent_only,1,1,2457336,0,0,0,0,0,0,not_measured,1,0,0,4,0,0,1,false,,,0
dev-editor,save_and_backup,save_and_backup_70,70,warm,drm:permanent_only,1,1,1828011,0,0,0,0,0,0,not_measured,0,0,0,4,0,0,1,false,,,0
dev-editor,build_and_hash,build_and_hash_71,71,warm,drm:permanent_only,1,1,2471701,0,0,0,0,0,0,not_measured,1,0,0,4,0,0,1,false,,,0
dev-editor,save_and_backup,save_and_backup_72,72,warm,drm:permanent_only,1,1,1895254,0,0,0,0,0,0,not_measured,0,0,0,4,0,0,1,false,,,0
dev-editor,build_and_hash,build_and_hash_73,73,warm,drm:permanent_only,1,1,2438719,0,0,0,0,0,0,not_measured,1,0,0,4,0,0,1,false,,,0
dev-editor,save_and_backup,save_and_backup_74,74,warm,drm:permanent_only,1,1,1678119,0,0,0,0,0,0,not_measured,0,0,0,4,0,0,1,false,,,0
dev-editor,build_and_hash,build_and_hash_75,75,warm,drm:permanent_only,1,1,2563066,0,0,0,0,0,0,not_measured,1,0,0,4,0,0,1,false,,,0
dev-editor,save_and_backup,save_and_backup_76,76,warm,drm:permanent_only,1,1,1610541,0,0,0,0,0,0,not_measured,0,0,0,4,0,0,1,false,,,0
dev-editor,build_and_hash,build_and_hash_77,77,warm,drm:permanent_only,1,1,2327539,0,0,0,0,0,0,not_measured,1,0,0,4,0,0,1,false,,,0
dev-editor,save_and_backup,save_and_backup_78,78,warm,drm:permanent_only,1,1,2319822,0,0,0,0,0,0,not_measured,0,0,0,4,0,0,1,false,,,0
dev-editor,build_and_hash,build_and_hash_79,79,warm,drm:permanent_only,1,1,2641736,0,0,0,0,0,0,not_measured,1,0,0,4,0,0,1,false,,,0
dev-editor,save_and_backup,save_and_backup_80,80,warm,drm:permanent_only,1,1,2878849,0,0,0,0,0,0,not_measured,0,0,0,4,0,0,1,false,,,0
dev-editor,build_and_hash,build_and_hash_81,81,warm,drm:permanent_only,1,1,3006464,0,0,0,0,0,0,not_measured,1,0,0,4,0,0,1,false,,,0
dev-editor,save_and_backup,save_and_backup_82,82,warm,drm:permanent_only,1,1,2128598,0,0,0,0,0,0,not_measured,0,0,0,4,0,0,1,false,,,0
dev-editor,build_and_hash,build_and_hash_83,83,warm,drm:permanent_only,1,1,2789917,0,0,0,0,0,0,not_measured,1,0,0,4,0,0,1,false,,,0
dev-editor,save_and_backup,save_and_backup_84,84,warm,drm:permanent_only,1,1,1908253,0,0,0,0,0,0,not_measured,0,0,0,4,0,0,1,false,,,0
report-tool,weekly_report,weekly_report_85,85,warm,drm:permanent_only,1,1,2085980,0,0,0,0,0,0,not_measured,0,0,0,4,0,0,1,false,,,0
report-tool,notify_team,notify_team_86,86,warm,drm:permanent_only,2,1,376887,0,0,0,0,0,0,not_measured,0,0,0,4,0,0,1,false,,,0
report-tool,weekly_report,weekly_report_87,87,warm,drm:permanent_only,1,1,2305343,0,0,0,0,0,0,not_measured,0,0,0,4,0,0,1,false,,,0
report-tool,notify_team,notify_team_88,88,warm,drm:permanent_only,2,1,380162,0,0,0,0,0,0,not_measured,0,0,0,4,0,0,1,false,,,0
report-tool,weekly_report,weekly_report_89,89,warm,drm:permanent_only,1,1,3225439,0,0,0,0,0,0,not_measured,0,0,0,4,0,0,1,false,,,0
report-tool,notify_team,notify_team_90,90,warm,drm:permanent_only,2,2,645382,0,0,0,0,0,0,not_measured,0,0,0,5,0,0,2,false,,,0
report-tool,weekly_report,weekly_report_91,91,warm,drm:permanent_only,1,1,2938585,0,0,0,0,0,0,not_measured,0,0,0,5,0,0,1,false,,,0
report-tool,notify_team,notify_team_92,92,warm,drm:permanent_only,1,1,239187,0,0,0,0,0,0,not_measured,0,0,0,5,0,0,1,false,,,0
report-tool,weekly_report,weekly_report_93,93,warm,drm:permanent_only,1,1,2798493,0,0,0,0,0,0,not_measured,0,0,0,5,0,0,1,false,,,0
report-tool,notify_team,notify_team_94,94,warm,drm:permanent_only,1,1,240566,0,0,0,0,0,0,not_measured,0,0,0,5,0,0,1,false,,,0
report-tool,weekly_report,weekly_report_95,95,warm,drm:permanent_only,1,1,2901617,0,0,0,0,0,0,not_measured,0,0,0,5,0,0,1,false,,,0
report-tool,notify_team,notify_team_96,96,warm,drm:permanent_only,1,1,247325,0,0,0,0,0,0,not_measured,0,0,0,5,0,0,1,false,,,0
report-tool,weekly_report,weekly_report_97,97,warm,drm:permanent_only,1,1,2734067,0,0,0,0,0,0,not_measured,0,0,0,5,0,0,1,false,,,0
report-tool,notify_team,notify_team_98,98,warm,drm:permanent_only,1,1,245773,0,0,0,0,0,0,not_measured,0,0,0,5,0,0,1,false,,,0
report-tool,weekly_report,weekly_report_99,99,warm,drm:permanent_only,1,1,2748896,0,0,0,0,0,0,not_measured,0,0,0,5,0,0,1,false,,,0
report-tool,notify_team,notify_team_100,100,warm,drm:permanent_only,1,1,216018,0,0,0,0,0,0,not_measured,0,0,0,5,0,0,1,false,,,0
report-tool,weekly_report,weekly_report_101,101,warm,drm:permanent_only,1,1,2761467,0,0,0,0,0,0,not_measured,0,0,0,5,0,0,1,false,,,0
report-tool,notify_team,notify_team_102,102,warm,drm:permanent_only,1,1,245794,0,0,0,0,0,0,not_measured,0,0,0,5,0,0,1,false,,,0
report-tool,weekly_report,weekly_report_103,103,warm,drm:permanent_only,1,1,2922808,0,0,0,0,0,0,not_measured,0,0,0,5,0,0,1,false,,,0
report-tool,notify_team,notify_team_104,104,warm,drm:permanent_only,1,1,276855,0,0,0,0,0,0,not_measured,0,0,0,5,0,0,1,false,,,0
report-tool,weekly_report,weekly_report_105,105,warm,drm:permanent_only,1,1,2903772,0,0,0,0,0,0,not_measured,0,0,0,5,0,0,1,false,,,0
report-tool,notify_team,notify_team_106,106,warm,drm:permanent_only,1,1,337386,0,0,0,0,0,0,not_measured,0,0,0,5,0,0,1,false,,,0
report-tool,weekly_report,weekly_report_107,107,warm,drm:permanent_only,1,1,2981683,0,0,0,0,0,0,not_measured,0,0,0,5,0,0,1,false,,,0
report-tool,notify_team,notify_team_108,108,warm,drm:permanent_only,1,1,234560,0,0,0,0,0,0,not_measured,0,0,0,5,0,0,1,false,,,0
report-tool,weekly_report,weekly_report_109,109,warm,drm:permanent_only,1,1,2949591,0,0,0,0,0,0,not_measured,0,0,0,5,0,0,1,false,,,0
report-tool,notify_team,notify_team_110,110,warm,drm:permanent_only,1,1,261004,0,0,0,0,0,0,not_measured,0,0,0,5,0,0,1,false,,,0
report-tool,weekly_report,weekly_report_111,111,warm,drm:permanent_only,1,1,3454592,0,0,0,0,0,0,not_measured,0,0,0,5,0,0,1,false,,,0
report-tool,notify_team,notify_team_112,112,warm,drm:permanent_only,1,1,245338,0,0,0,0,0,0,not_measured,0,0,0,5,0,0,1,false,,,0
report-tool,weekly_report,weekly_report_113,113,warm,drm:permanent_only,1,1,2556570,0,0,0,0,0,0,not_measured,0,0,0,5,0,0,1,false,,,0
report-tool,notify_team,notify_team_114,114,warm,drm:permanent_only,1,1,237664,0,0,0,0,0,0,not_measured,0,0,0,5,0,0,1,false,,,0
report-tool,weekly_report,weekly_report_115,115,warm,drm:permanent_only,1,1,2438026,0,0,0,0,0,0,not_measured,0,0,0,5,0,0,1,false,,,0
report-tool,notify_team,notify_team_116,116,warm,drm:permanent_only,1,1,292301,0,0,0,0,0,0,not_measured,0,0,0,5,0,0,1,false,,,0
report-tool,weekly_report,weekly_report_117,117,warm,drm:permanent_only,1,1,2675266,0,0,0,0,0,0,not_measured,0,0,0,5,0,0,1,false,,,0
report-tool,notify_team,notify_team_118,118,warm,drm:permanent_only,1,1,288607,0,0,0,0,0,0,not_measured,0,0,0,5,0,0,1,false,,,0
report-tool,weekly_report,weekly_report_119,119,warm,drm:permanent_only,1,1,2666875,0,0,0,0,0,0,not_measured,0,0,0,5,0,0,1,false,,,0
report-tool,notify_team,notify_team_120,120,warm,drm:permanent_only,1,1,283790,0,0,0,0,0,0,not_measured,0,0,0,5,0,0,1,false,,,0
report-tool,weekly_report,weekly_report_121,121,warm,drm:permanent_only,1,1,2704418,0,0,0,0,0,0,not_measured,0,0,0,5,0,0,1,false,,,0
report-tool,notify_team,notify_team_122,122,warm,drm:permanent_only,1,1,292757,0,0,0,0,0,0,not_measured,0,0,0,5,0,0,1,false,,,0
report-tool,weekly_report,weekly_report_123,123,warm,drm:permanent_only,1,1,2774183,0,0,0,0,0,0,not_measured,0,0,0,5,0,0,1,false,,,0
report-tool,notify_team,notify_team_124,124,warm,drm:permanent_only,1,1,343086,0,0,0,0,0,0,not_measured,0,0,0,5,0,0,1,false,,,0
report-tool,weekly_report,weekly_report_125,125,warm,drm:permanent_only,1,1,2899489,0,0,0,0,0,0,not_measured,0,0,0,5,0,0,1,false,,,0
report-tool,notify_team,notify_team_126,126,warm,drm:permanent_only,1,1,296270,0,0,0,0,0,0,not_measured,0,0,0,5,0,0,1,false,,,0
report-tool,weekly_report,weekly_report_127,127,warm,drm:permanent_only,1,1,2853758,0,0,0,0,0,0,not_measured,0,0,0,5,0,0,1,false,,,0
report-tool,notify_team,notify_team_128,128,warm,drm:permanent_only,1,1,268852,0,0,0,0,0,0,not_measured,0,0,0,5,0,0,1,false,,,0
report-tool,weekly_report,weekly_report_129,129,warm,drm:permanent_only,1,1,2814439,0,0,0,0,0,0,not_measured,0,0,0,5,0,0,1,false,,,0
report-tool,notify_team,notify_team_130,130,warm,drm:permanent_only,1,1,284699,0,0,0,0,0,0,not_measured,0,0,0,5,0,0,1,false,,,0
report-tool,weekly_report,weekly_report_131,131,warm,drm:permanent_only,1,1,2924666,0,0,0,0,0,0,not_measured,0,0,0,5,0,0,1,false,,,0
report-tool,notify_team,notify_team_132,132,warm,drm:permanent_only,1,1,302421,0,0,0,0,0,0,not_measured,0,0,0,5,0,0,1,false,,,0
report-tool,weekly_report,weekly_report_133,133,warm,drm:permanent_only,1,1,2947888,0,0,0,0,0,0,not_measured,0,0,0,5,0,0,1,false,,,0
report-tool,notify_team,notify_team_134,134,warm,drm:permanent_only,1,1,352667,0,0,0,0,0,0,not_measured,0,0,0,5,0,0,1,false,,,0
report-tool,weekly_report,weekly_report_135,135,warm,drm:permanent_only,1,1,2919188,0,0,0,0,0,0,not_measured,0,0,0,5,0,0,1,false,,,0
report-tool,notify_team,notify_team_136,136,warm,drm:permanent_only,1,1,289825,0,0,0,0,0,0,not_measured,0,0,0,5,0,0,1,false,,,0
report-tool,weekly_report,weekly_report_137,137,warm,drm:permanent_only,1,1,3030575,0,0,0,0,0,0,not_measured,0,0,0,5,0,0,1,false,,,0
report-tool,notify_team,notify_team_138,138,warm,drm:permanent_only,1,1,296862,0,0,0,0,0,0,not_measured,0,0,0,5,0,0,1,false,,,0
report-tool,weekly_report,weekly_report_139,139,warm,drm:permanent_only,1,1,3476707,0,0,0,0,0,0,not_measured,0,0,0,5,0,0,1,false,,,0
report-tool,notify_team,notify_team_140,140,warm,drm:permanent_only,1,1,316493,0,0,0,0,0,0,not_measured,0,0,0,5,0,0,1,false,,,0
research-browser,fetch_and_summarize,fetch_and_summarize_141,141,warm,drm:permanent_only,1,1,3810528,0,0,0,0,0,0,not_measured,0,0,1,5,0,0,1,false,,,0
research-browser,sync_notes,sync_notes_142,142,warm,drm:permanent_only,1,1,4298264,0,0,0,0,0,0,not_measured,0,1,0,5,0,0,1,false,,,0
research-browser,fetch_and_summarize,fetch_and_summarize_143,143,warm,drm:permanent_only,1,1,4573418,0,0,0,0,0,0,not_measured,0,0,1,5,0,0,1,false,,,0
research-browser,sync_notes,sync_notes_144,144,warm,drm:permanent_only,1,1,3872143,0,0,0,0,0,0,not_measured,0,1,0,5,0,0,1,false,,,0
research-browser,fetch_and_summarize,fetch_and_summarize_145,145,warm,drm:permanent_only,1,1,4333231,0,0,0,0,0,0,not_measured,0,0,1,5,0,0,1,false,,,0
research-browser,sync_notes,sync_notes_146,146,warm,drm:permanent_only,1,1,4097651,0,0,0,0,0,0,not_measured,0,1,0,5,0,0,1,false,,,0
research-browser,fetch_and_summarize,fetch_and_summarize_147,147,warm,drm:permanent_only,1,1,4466914,0,0,0,0,0,0,not_measured,0,0,1,5,0,0,1,false,,,0
research-browser,sync_notes,sync_notes_148,148,warm,drm:permanent_only,1,1,2134514,0,0,0,0,0,0,not_measured,0,1,0,5,0,0,1,false,,,0
research-browser,fetch_and_summarize,fetch_and_summarize_149,149,warm,drm:permanent_only,1,1,2156384,0,0,0,0,0,0,not_measured,0,0,1,5,0,0,1,false,,,0
research-browser,sync_notes,sync_notes_150,150,warm,drm:permanent_only,1,1,2085080,0,0,0,0,0,0,not_measured,0,1,0,5,0,0,1,false,,,0
research-browser,fetch_and_summarize,fetch_and_summarize_151,151,warm,drm:permanent_only,1,1,2204017,0,0,0,0,0,0,not_measured,0,0,1,5,0,0,1,false,,,0
research-browser,sync_notes,sync_notes_152,152,warm,drm:permanent_only,1,1,4485093,0,0,0,0,0,0,not_measured,0,1,0,5,0,0,1,false,,,0
research-browser,fetch_and_summarize,fetch_and_summarize_153,153,warm,drm:permanent_only,1,1,4053326,0,0,0,0,0,0,not_measured,0,0,1,5,0,0,1,false,,,0
research-browser,sync_notes,sync_notes_154,154,warm,drm:permanent_only,1,1,4401225,0,0,0,0,0,0,not_measured,0,1,0,5,0,0,1,false,,,0
research-browser,fetch_and_summarize,fetch_and_summarize_155,155,warm,drm:permanent_only,1,1,4114507,0,0,0,0,0,0,not_measured,0,0,1,5,0,0,1,false,,,0
research-browser,sync_notes,sync_notes_156,156,warm,drm:permanent_only,1,1,4269490,0,0,0,0,0,0,not_measured,0,1,0,5,0,0,1,false,,,0
research-browser,fetch_and_summarize,fetch_and_summarize_157,157,warm,drm:permanent_only,1,1,4137301,0,0,0,0,0,0,not_measured,0,0,1,5,0,0,1,false,,,0
research-browser,sync_notes,sync_notes_158,158,warm,drm:permanent_only,1,1,4230070,0,0,0,0,0,0,not_measured,0,1,0,5,0,0,1,false,,,0
research-browser,fetch_and_summarize,fetch_and_summarize_159,159,warm,drm:permanent_only,1,1,4167074,0,0,0,0,0,0,not_measured,0,0,1,5,0,0,1,false,,,0
research-browser,sync_notes,sync_notes_160,160,warm,drm:permanent_only,1,1,4259014,0,0,0,0,0,0,not_measured,0,1,0,5,0,0,1,false,,,0
research-browser,fetch_and_summarize,fetch_and_summarize_161,161,warm,drm:permanent_only,1,1,4226763,0,0,0,0,0,0,not_measured,0,0,1,5,0,0,1,false,,,0
research-browser,sync_notes,sync_notes_162,162,warm,drm:permanent_only,1,1,4097299,0,0,0,0,0,0,not_measured,0,1,0,5,0,0,1,false,,,0
research-browser,fetch_and_summarize,fetch_and_summarize_163,163,warm,drm:permanent_only,1,1,4210741,0,0,0,0,0,0,not_measured,0,0,1,5,0,0,1,false,,,0
research-browser,sync_notes,sync_notes_164,164,warm,drm:permanent_only,1,1,4144924,0,0,0,0,0,0,not_measured,0,1,0,5,0,0,1,false,,,0
research-browser,fetch_and_summarize,fetch_and_summarize_165,165,warm,drm:permanent_only,1,1,4323393,0,0,0,0,0,0,not_measured,0,0,1,5,0,0,1,false,,,0
research-browser,sync_notes,sync_notes_166,166,warm,drm:permanent_only,1,1,4070829,0,0,0,0,0,0,not_measured,0,1,0,5,0,0,1,false,,,0
research-browser,fetch_and_summarize,fetch_and_summarize_167,167,warm,drm:permanent_only,1,1,4214155,0,0,0,0,0,0,not_measured,0,0,1,5,0,0,1,false,,,0
research-browser,sync_notes,sync_notes_168,168,warm,drm:permanent_only,1,1,4248463,0,0,0,0,0,0,not_measured,0,1,0,5,0,0,1,false,,,0
research-browser,fetch_and_summarize,fetch_and_summarize_169,169,warm,drm:permanent_only,1,1,4380979,0,0,0,0,0,0,not_measured,0,0,1,5,0,0,1,false,,,0
research-browser,sync_notes,sync_notes_170,170,warm,drm:permanent_only,1,1,4034623,0,0,0,0,0,0,not_measured,0,1,0,5,0,0,1,false,,,0
research-browser,fetch_and_summarize,fetch_and_summarize_171,171,warm,drm:permanent_only,1,1,4263699,0,0,0,0,0,0,not_measured,0,0,1,5,0,0,1,false,,,0
research-browser,sync_notes,sync_notes_172,172,warm,drm:permanent_only,1,1,4120527,0,0,0,0,0,0,not_measured,0,1,0,5,0,0,1,false,,,0
research-browser,fetch_and_summarize,fetch_and_summarize_173,173,warm,drm:permanent_only,1,1,4296457,0,0,0,0,0,0,not_measured,0,0,1,5,0,0,1,false,,,0
research-browser,sync_notes,sync_notes_174,174,warm,drm:permanent_only,1,1,4096471,0,0,0,0,0,0,not_measured,0,1,0,5,0,0,1,false,,,0
research-browser,fetch_and_summarize,fetch_and_summarize_175,175,warm,drm:permanent_only,1,1,4340497,0,0,0,0,0,0,not_measured,0,0,1,5,0,0,1,false,,,0
research-browser,sync_notes,sync_notes_176,176,warm,drm:permanent_only,1,1,4014537,0,0,0,0,0,0,not_measured,0,1,0,5,0,0,1,false,,,0
research-browser,fetch_and_summarize,fetch_and_summarize_177,177,warm,drm:permanent_only,1,1,4359524,0,0,0,0,0,0,not_measured,0,0,1,5,0,0,1,false,,,0
research-browser,sync_notes,sync_notes_178,178,warm,drm:permanent_only,1,1,4000343,0,0,0,0,0,0,not_measured,0,1,0,5,0,0,1,false,,,0
research-browser,fetch_and_summarize,fetch_and_summarize_179,179,warm,drm:permanent_only,1,1,4407006,0,0,0,0,0,0,not_measured,0,0,1,5,0,0,1,false,,,0
research-browser,sync_notes,sync_notes_180,180,warm,drm:permanent_only,1,1,4062350,0,0,0,0,0,0,not_measured,0,1,0,5,0,0,1,false,,,0
research-browser,fetch_and_summarize,fetch_and_summarize_181,181,warm,drm:permanent_only,1,1,4527925,0,0,0,0,0,0,not_measured,0,0,1,5,0,0,1,false,,,0
research-browser,sync_notes,sync_notes_182,182,warm,drm:permanent_only,1,1,5882439,0,0,0,0,0,0,not_measured,0,1,0,5,0,0,1,false,,,0
research-browser,fetch_and_summarize,fetch_and_summarize_183,183,warm,drm:permanent_only,1,1,4571873,0,0,0,0,0,0,not_measured,0,0,1,5,0,0,1,false,,,0
research-browser,sync_notes,sync_notes_184,184,warm,drm:permanent_only,1,1,3859008,0,0,0,0,0,0,not_measured,0,1,0,5,0,0,1,false,,,0
research-browser,fetch_and_summarize,fetch_and_summarize_185,185,warm,drm:permanent_only,1,1,4659741,0,0,0,0,0,0,not_measured,0,0,1,5,0,0,1,false,,,0
research-browser,sync_notes,sync_notes_186,186,warm,drm:permanent_only,1,1,3656704,0,0,0,0,0,0,not_measured,0,1,0,5,0,0,1,false,,,0
research-browser,fetch_and_summarize,fetch_and_summarize_187,187,warm,drm:permanent_only,1,1,4855575,0,0,0,0,0,0,not_measured,0,0,1,5,0,0,1,false,,,0
research-browser,sync_notes,sync_notes_188,188,warm,drm:permanent_only,1,1,3562328,0,0,0,0,0,0,not_measured,0,1,0,5,0,0,1,false,,,0
research-browser,fetch_and_summarize,fetch_and_summarize_189,189,warm,drm:permanent_only,1,1,4854182,0,0,0,0,0,0,not_measured,0,0,1,5,0,0,1,false,,,0
research-browser,sync_notes,sync_notes_190,190,warm,drm:permanent_only,1,1,3601921,0,0,0,0,0,0,not_measured,0,1,0,5,0,0,1,false,,,0
utility-daemon,session_state,session_state_191,191,warm,drm:permanent_only,3,2,2195145,0,0,0,0,0,0,not_measured,0,0,0,6,0,0,2,false,,,0
utility-daemon,idle_tick,idle_tick_192,192,warm,drm:permanent_only,3,2,4216847,0,0,0,0,0,0,not_measured,0,0,0,7,0,0,2,false,,,0
utility-daemon,session_state,session_state_193,193,warm,drm:permanent_only,1,1,2382663,0,0,0,0,0,0,not_measured,0,0,0,7,0,0,1,false,,,0
utility-daemon,idle_tick,idle_tick_194,194,warm,drm:permanent_only,1,1,4245188,0,0,0,0,0,0,not_measured,0,0,0,7,0,0,1,false,,,0
utility-daemon,session_state,session_state_195,195,warm,drm:permanent_only,1,1,2496141,0,0,0,0,0,0,not_measured,0,0,0,7,0,0,1,false,,,0
utility-daemon,idle_tick,idle_tick_196,196,warm,drm:permanent_only,1,1,4536525,0,0,0,0,0,0,not_measured,0,0,0,7,0,0,1,false,,,0
utility-daemon,session_state,session_state_197,197,warm,drm:permanent_only,1,1,2307422,0,0,0,0,0,0,not_measured,0,0,0,7,0,0,1,false,,,0
utility-daemon,idle_tick,idle_tick_198,198,warm,drm:permanent_only,1,1,4209779,0,0,0,0,0,0,not_measured,0,0,0,7,0,0,1,false,,,0
utility-daemon,session_state,session_state_199,199,warm,drm:permanent_only,1,1,2106637,0,0,0,0,0,0,not_measured,0,0,0,7,0,0,1,false,,,0
utility-daemon,idle_tick,idle_tick_200,200,warm,drm:permanent_only,1,1,4231189,0,0,0,0,0,0,not_measured,0,0,0,7,0,0,1,false,,,0
utility-daemon,session_state,session_state_201,201,warm,drm:permanent_only,1,1,2453708,0,0,0,0,0,0,not_measured,0,0,0,7,0,0,1,false,,,0
utility-daemon,idle_tick,idle_tick_202,202,warm,drm:permanent_only,1,1,4191546,0,0,0,0,0,0,not_measured,0,0,0,7,0,0,1,false,,,0
utility-daemon,session_state,session_state_203,203,warm,drm:permanent_only,1,1,2114505,0,0,0,0,0,0,not_measured,0,0,0,7,0,0,1,false,,,0
utility-daemon,idle_tick,idle_tick_204,204,warm,drm:permanent_only,1,1,4060173,0,0,0,0,0,0,not_measured,0,0,0,7,0,0,1,false,,,0
utility-daemon,session_state,session_state_205,205,warm,drm:permanent_only,1,1,2134449,0,0,0,0,0,0,not_measured,0,0,0,7,0,0,1,false,,,0
utility-daemon,idle_tick,idle_tick_206,206,warm,drm:permanent_only,1,1,4108618,0,0,0,0,0,0,not_measured,0,0,0,7,0,0,1,false,,,0
utility-daemon,session_state,session_state_207,207,warm,drm:permanent_only,1,1,2097210,0,0,0,0,0,0,not_measured,0,0,0,7,0,0,1,false,,,0
utility-daemon,idle_tick,idle_tick_208,208,warm,drm:permanent_only,1,1,4193067,0,0,0,0,0,0,not_measured,0,0,0,7,0,0,1,false,,,0
utility-daemon,session_state,session_state_209,209,warm,drm:permanent_only,1,1,2363388,0,0,0,0,0,0,not_measured,0,0,0,7,0,0,1,false,,,0
utility-daemon,idle_tick,idle_tick_210,210,warm,drm:permanent_only,1,1,4064074,0,0,0,0,0,0,not_measured,0,0,0,7,0,0,1,false,,,0
utility-daemon,session_state,session_state_211,211,warm,drm:permanent_only,1,1,2270733,0,0,0,0,0,0,not_measured,0,0,0,7,0,0,1,false,,,0
utility-daemon,idle_tick,idle_tick_212,212,warm,drm:permanent_only,1,1,4255953,0,0,0,0,0,0,not_measured,0,0,0,7,0,0,1,false,,,0
utility-daemon,session_state,session_state_213,213,warm,drm:permanent_only,1,1,2443818,0,0,0,0,0,0,not_measured,0,0,0,7,0,0,1,false,,,0
utility-daemon,idle_tick,idle_tick_214,214,warm,drm:permanent_only,1,1,4404006,0,0,0,0,0,0,not_measured,0,0,0,7,0,0,1,false,,,0
utility-daemon,session_state,session_state_215,215,warm,drm:permanent_only,1,1,2180653,0,0,0,0,0,0,not_measured,0,0,0,7,0,0,1,false,,,0
utility-daemon,idle_tick,idle_tick_216,216,warm,drm:permanent_only,1,1,4373628,0,0,0,0,0,0,not_measured,0,0,0,7,0,0,1,false,,,0
utility-daemon,session_state,session_state_217,217,warm,drm:permanent_only,1,1,2301778,0,0,0,0,0,0,not_measured,0,0,0,7,0,0,1,false,,,0
utility-daemon,idle_tick,idle_tick_218,218,warm,drm:permanent_only,1,1,4387575,0,0,0,0,0,0,not_measured,0,0,0,7,0,0,1,false,,,0
utility-daemon,session_state,session_state_219,219,warm,drm:permanent_only,1,1,2323684,0,0,0,0,0,0,not_measured,0,0,0,7,0,0,1,false,,,0
utility-daemon,idle_tick,idle_tick_220,220,warm,drm:permanent_only,1,1,4892897,0,0,0,0,0,0,not_measured,0,0,0,7,0,0,1,false,,,0
utility-daemon,session_state,session_state_221,221,warm,drm:permanent_only,1,1,3326625,0,0,0,0,0,0,not_measured,0,0,0,7,0,0,1,false,,,0
utility-daemon,idle_tick,idle_tick_222,222,warm,drm:permanent_only,1,1,4458828,0,0,0,0,0,0,not_measured,0,0,0,7,0,0,1,false,,,0
utility-daemon,session_state,session_state_223,223,warm,drm:permanent_only,1,1,2627265,0,0,0,0,0,0,not_measured,0,0,0,7,0,0,1,false,,,0
utility-daemon,idle_tick,idle_tick_224,224,warm,drm:permanent_only,1,1,4600659,0,0,0,0,0,0,not_measured,0,0,0,7,0,0,1,false,,,0
utility-daemon,session_state,session_state_225,225,warm,drm:permanent_only,1,1,2362806,0,0,0,0,0,0,not_measured,0,0,0,7,0,0,1,false,,,0
utility-daemon,idle_tick,idle_tick_226,226,warm,drm:permanent_only,1,1,4086202,0,0,0,0,0,0,not_measured,0,0,0,7,0,0,1,false,,,0
utility-daemon,session_state,session_state_227,227,warm,drm:permanent_only,1,1,2183586,0,0,0,0,0,0,not_measured,0,0,0,7,0,0,1,false,,,0
utility-daemon,idle_tick,idle_tick_228,228,warm,drm:permanent_only,1,1,4207056,0,0,0,0,0,0,not_measured,0,0,0,7,0,0,1,false,,,0
utility-daemon,session_state,session_state_229,229,warm,drm:permanent_only,1,1,2169683,0,0,0,0,0,0,not_measured,0,0,0,7,0,0,1,false,,,0
utility-daemon,idle_tick,idle_tick_230,230,warm,drm:permanent_only,1,1,4076544,0,0,0,0,0,0,not_measured,0,0,0,7,0,0,1,false,,,0
utility-daemon,session_state,session_state_231,231,warm,drm:permanent_only,1,1,2217095,0,0,0,0,0,0,not_measured,0,0,0,7,0,0,1,false,,,0
utility-daemon,idle_tick,idle_tick_232,232,warm,drm:permanent_only,1,1,4237977,0,0,0,0,0,0,not_measured,0,0,0,7,0,0,1,false,,,0
utility-daemon,session_state,session_state_233,233,warm,drm:permanent_only,1,1,2069948,0,0,0,0,0,0,not_measured,0,0,0,7,0,0,1,false,,,0
utility-daemon,idle_tick,idle_tick_234,234,warm,drm:permanent_only,1,1,4140334,0,0,0,0,0,0,not_measured,0,0,0,7,0,0,1,false,,,0
utility-daemon,session_state,session_state_235,235,warm,drm:permanent_only,1,1,2179783,0,0,0,0,0,0,not_measured,0,0,0,7,0,0,1,false,,,0
utility-daemon,idle_tick,idle_tick_236,236,warm,drm:permanent_only,1,1,4127495,0,0,0,0,0,0,not_measured,0,0,0,7,0,0,1,false,,,0
utility-daemon,session_state,session_state_237,237,warm,drm:permanent_only,1,1,2129888,0,0,0,0,0,0,not_measured,0,0,0,7,0,0,1,false,,,0
utility-daemon,idle_tick,idle_tick_238,238,warm,drm:permanent_only,1,1,4470400,0,0,0,0,0,0,not_measured,0,0,0,7,0,0,1,false,,,0
utility-daemon,session_state,session_state_239,239,warm,drm:permanent_only,1,1,2503578,0,0,0,0,0,0,not_measured,0,0,0,7,0,0,1,false,,,0
utility-daemon,idle_tick,idle_tick_240,240,warm,drm:permanent_only,1,1,4181581,0,0,0,0,0,0,not_measured,0,0,0,7,0,0,1,false,,,0
utility-daemon,session_state,session_state_241,241,warm,drm:permanent_only,1,1,2435070,0,0,0,0,0,0,not_measured,0,0,0,7,0,0,1,false,,,0
utility-daemon,idle_tick,idle_tick_242,242,warm,drm:permanent_only,1,1,4179715,0,0,0,0,0,0,not_measured,0,0,0,7,0,0,1,false,,,0
utility-daemon,session_state,session_state_243,243,warm,drm:permanent_only,1,1,2284614,0,0,0,0,0,0,not_measured,0,0,0,7,0,0,1,false,,,0
utility-daemon,idle_tick,idle_tick_244,244,warm,drm:permanent_only,1,1,4428136,0,0,0,0,0,0,not_measured,0,0,0,7,0,0,1,false,,,0
utility-daemon,session_state,session_state_245,245,warm,drm:permanent_only,1,1,3027227,0,0,0,0,0,0,not_measured,0,0,0,7,0,0,1,false,,,0
utility-daemon,idle_tick,idle_tick_246,246,warm,drm:permanent_only,1,1,4271029,0,0,0,0,0,0,not_measured,0,0,0,7,0,0,1,false,,,0
utility-daemon,session_state,session_state_247,247,warm,drm:permanent_only,1,1,2192865,0,0,0,0,0,0,not_measured,0,0,0,7,0,0,1,false,,,0
utility-daemon,idle_tick,idle_tick_248,248,warm,drm:permanent_only,1,1,4340191,0,0,0,0,0,0,not_measured,0,0,0,7,0,0,1,false,,,0
utility-daemon,session_state,session_state_249,249,warm,drm:permanent_only,1,1,2221272,0,0,0,0,0,0,not_measured,0,0,0,7,0,0,1,false,,,0
utility-daemon,idle_tick,idle_tick_250,250,warm,drm:permanent_only,1,1,4277700,0,0,0,0,0,0,not_measured,0,0,0,7,0,0,1,false,,,0
report-tool,weekly_report,weekly_report_251,251,warm,drm:permanent_only,6,1,5875815,0,0,0,0,0,0,not_measured,0,0,0,7,0,0,1,false,,,0
report-tool,weekly_report,weekly_report_252,252,warm,drm:permanent_only,6,1,10917829,0,0,0,0,0,0,not_measured,0,0,0,7,0,0,1,false,,,0
report-tool,weekly_report,weekly_report_253,253,warm,drm:permanent_only,6,2,10810376,0,0,0,0,0,0,not_measured,0,0,0,8,0,0,2,false,,,0
report-tool,weekly_report,weekly_report_254,254,warm,drm:permanent_only,2,1,12654474,0,0,0,0,0,0,not_measured,0,0,0,8,0,0,1,false,,,0
report-tool,weekly_report,weekly_report_255,255,warm,drm:permanent_only,2,1,13225044,0,0,0,0,0,0,not_measured,0,0,0,8,0,0,1,false,,,0
report-tool,weekly_report,weekly_report_256,256,warm,drm:permanent_only,2,1,12012231,0,0,0,0,0,0,not_measured,0,0,0,8,0,0,1,false,,,0
report-tool,weekly_report,weekly_report_257,257,warm,drm:permanent_only,2,1,12504948,0,0,0,0,0,0,not_measured,0,0,0,8,0,0,1,false,,,0
report-tool,weekly_report,weekly_report_258,258,warm,drm:permanent_only,2,1,11944523,0,0,0,0,0,0,not_measured,0,0,0,8,0,0,1,false,,,0
report-tool,weekly_report,weekly_report_259,259,warm,drm:permanent_only,2,1,12217012,0,0,0,0,0,0,not_measured,0,0,0,8,0,0,1,false,,,0
report-tool,weekly_report,weekly_report_260,260,warm,drm:permanent_only,2,1,12377390,0,0,0,0,0,0,not_measured,0,0,0,8,0,0,1,false,,,0
dev-editor,save_and_backup,save_and_backup_261,261,warm,drm:permanent_only,1,1,8729368,0,0,0,0,0,0,not_measured,0,0,0,8,0,0,1,false,,,0
dev-editor,save_and_backup,save_and_backup_262,262,warm,drm:permanent_only,1,1,10579366,0,0,0,0,0,0,not_measured,0,0,0,8,0,0,1,false,,,0
dev-editor,save_and_backup,save_and_backup_263,263,warm,drm:permanent_only,1,1,8902154,0,0,0,0,0,0,not_measured,0,0,0,8,0,0,1,false,,,0
dev-editor,save_and_backup,save_and_backup_264,264,warm,drm:permanent_only,1,1,8838564,0,0,0,0,0,0,not_measured,0,0,0,8,0,0,1,false,,,0
dev-editor,save_and_backup,save_and_backup_265,265,warm,drm:permanent_only,1,1,8803255,0,0,0,0,0,0,not_measured,0,0,0,8,0,0,1,false,,,0
dev-editor,save_and_backup,save_and_backup_266,266,warm,drm:permanent_only,1,1,8737270,0,0,0,0,0,0,not_measured,0,0,0,8,0,0,1,false,,,0
dev-editor,save_and_backup,save_and_backup_267,267,warm,drm:permanent_only,1,1,9654305,0,0,0,0,0,0,not_measured,0,0,0,8,0,0,1,false,,,0
dev-editor,save_and_backup,save_and_backup_268,268,warm,drm:permanent_only,1,1,8769571,0,0,0,0,0,0,not_measured,0,0,0,8,0,0,1,false,,,0
dev-editor,save_and_backup,save_and_backup_82,269,warm,drm:permanent_only,1,0,147152,0,0,0,0,0,0,not_measured,0,0,0,8,0,0,0,false,,,0
utility-daemon,idle_tick,idle_tick_202,270,warm,drm:permanent_only,1,0,2148774,0,0,0,0,0,0,not_measured,0,0,0,8,0,0,0,false,,,0
research-browser,sync_notes,sync_notes_176,271,warm,drm:permanent_only,1,0,1879722,0,0,0,0,0,0,not_measured,0,1,0,8,0,0,0,false,,,0
research-browser,fetch_and_summarize,fetch_and_summarize_157,272,warm,drm:permanent_only,1,0,1040993,0,0,0,0,0,0,not_measured,0,0,1,8,0,0,0,false,,,0
dev-editor,save_and_backup,save_and_backup_62,273,warm,drm:permanent_only,1,0,105228,0,0,0,0,0,0,not_measured,0,0,0,8,0,0,0,false,,,0
research-browser,sync_notes,sync_notes_16,274,warm,drm:permanent_only,1,0,950656,0,0,0,0,0,0,not_measured,0,1,0,8,0,0,0,false,,,0
research-browser,fetch_and_summarize,fetch_and_summarize_177,275,warm,drm:permanent_only,1,0,1039636,0,0,0,0,0,0,not_measured,0,0,1,8,0,0,0,false,,,0
dev-editor,build_and_hash,build_and_hash_55,276,warm,drm:permanent_only,1,0,2487425,0,0,0,0,0,0,not_measured,1,0,0,8,0,0,0,false,,,0
research-browser,fetch_and_summarize,fetch_and_summarize_151,277,warm,drm:permanent_only,1,0,1760447,0,0,0,0,0,0,not_measured,0,0,1,8,0,0,0,false,,,0
report-tool,weekly_report,weekly_report_256,278,warm,drm:permanent_only,1,0,124775,0,0,0,0,0,0,not_measured,0,0,0,8,0,0,0,false,,,0
dev-editor,build_and_hash,build_and_hash_31,279,warm,drm:permanent_only,1,0,2250607,0,0,0,0,0,0,not_measured,1,0,0,8,0,0,0,false,,,0
report-tool,notify_team,notify_team_128,280,warm,drm:permanent_only,1,0,56130,0,0,0,0,0,0,not_measured,0,0,0,8,0,0,0,false,,,0
report-tool,notify_team,notify_team_112,281,warm,drm:permanent_only,1,0,24020,0,0,0,0,0,0,not_measured,0,0,0,8,0,0,0,false,,,0
dev-editor,build_and_hash,build_and_hash_79,282,warm,drm:permanent_only,1,0,1780587,0,0,0,0,0,0,not_measured,1,0,0,8,0,0,0,false,,,0
report-tool,notify_team,notify_team_120,283,warm,drm:permanent_only,1,0,67421,0,0,0,0,0,0,not_measured,0,0,0,8,0,0,0,false,,,0
dev-editor,build_and_hash,build_and_hash_3,284,warm,drm:permanent_only,1,0,1800376,0,0,0,0,0,0,not_measured,1,0,0,8,0,0,0,false,,,0
report-tool,weekly_report,weekly_report_117,285,warm,drm:permanent_only,1,0,107656,0,0,0,0,0,0,not_measured,0,0,0,8,0,0,0,false,,,0
utility-daemon,session_state,session_state_211,286,warm,drm:permanent_only,1,0,81759,0,0,0,0,0,0,not_measured,0,0,0,8,0,0,0,false,,,0
research-browser,fetch_and_summarize,fetch_and_summarize_185,287,warm,drm:permanent_only,1,0,2001728,0,0,0,0,0,0,not_measured,0,0,1,8,0,0,0,false,,,0
utility-daemon,session_state,session_state_193,288,warm,drm:permanent_only,1,0,81635,0,0,0,0,0,0,not_measured,0,0,0,8,0,0,0,false,,,0
dev-editor,noise,noise_269,289,cold,drm:permanent_only,2,1,1311329,0,0,0,0,0,0,not_measured,0,0,0,8,0,0,1,false,,,0
dev-editor,noise,noise_270,290,warm,drm:permanent_only,2,1,1040789,0,0,0,0,0,0,not_measured,0,0,0,8,0,0,1,false,,,0
dev-editor,noise,noise_271,291,warm,drm:permanent_only,2,1,948145,0,0,0,0,0,0,not_measured,0,0,0,8,0,0,1,false,,,0
dev-editor,noise,noise_272,292,warm,drm:permanent_only,2,1,5066967,0,0,0,0,0,0,not_measured,0,0,0,8,0,0,1,false,,,0
dev-editor,noise,noise_273,293,warm,drm:permanent_only,2,1,4065382,0,0,0,0,0,0,not_measured,0,0,2,8,0,0,1,false,,,0
dev-editor,noise,noise_274,294,warm,drm:permanent_only,2,1,5052179,0,0,0,0,0,0,not_measured,0,2,0,8,0,0,1,false,,,0
dev-editor,noise,noise_275,295,warm,drm:permanent_only,2,1,5823369,0,0,0,0,0,0,not_measured,2,0,0,8,0,0,1,false,,,0
dev-editor,noise,noise_276,296,warm,drm:permanent_only,2,1,1074277,0,0,0,0,0,0,not_measured,0,0,0,8,0,0,1,false,,,0
dev-editor,noise,noise_277,297,warm,drm:permanent_only,2,1,1269311,0,0,0,0,0,0,not_measured,0,0,0,8,0,0,1,false,,,0
dev-editor,noise,noise_278,298,warm,drm:permanent_only,2,1,866534,0,0,0,0,0,0,not_measured,0,0,0,8,0,0,1,false,,,0
dev-editor,noise,noise_279,299,warm,drm:permanent_only,3,1,1873126,0,0,0,0,0,0,not_measured,0,0,0,8,0,0,1,false,,,0
dev-editor,noise,noise_280,300,warm,drm:permanent_only,3,1,1935950,0,0,0,0,0,0,not_measured,0,0,0,8,0,0,1,false,,,0
dev-editor,noise,noise_281,301,warm,drm:permanent_only,3,1,1879638,0,0,0,0,0,0,not_measured,0,0,0,8,0,0,1,false,,,0
dev-editor,noise,noise_282,302,warm,drm:permanent_only,3,1,7968389,0,0,0,0,0,0,not_measured,0,0,0,8,0,0,1,false,,,0
dev-editor,noise,noise_283,303,warm,drm:permanent_only,3,1,7900055,0,0,0,0,0,0,not_measured,0,0,3,8,0,0,1,false,,,0
dev-editor,build_and_hash,build_and_hash_1,1,cold,drm:provisional_permanent,3,1,2561380,0,0,0,0,0,0,not_measured,1,0,0,0,0,0,1,false,,,0
dev-editor,save_and_backup,save_and_backup_2,2,cold,drm:provisional_permanent,5,1,84076,0,0,0,0,0,0,not_measured,0,0,0,0,0,0,1,false,,,0
dev-editor,build_and_hash,build_and_hash_3,3,warm,drm:provisional_permanent,3,1,2034522,0,0,0,0,0,0,not_measured,1,0,0,0,0,0,1,false,,,0
dev-editor,save_and_backup,save_and_backup_4,4,warm,drm:provisional_permanent,5,1,108325,0,0,0,0,0,0,not_measured,0,0,0,0,0,0,1,false,,,0
dev-editor,build_and_hash,build_and_hash_5,5,warm,drm:provisional_permanent,3,1,1771355,0,0,0,0,0,0,not_measured,1,0,0,0,0,0,1,false,,,0
dev-editor,save_and_backup,save_and_backup_6,6,warm,drm:provisional_permanent,5,1,62892,0,0,0,0,0,0,not_measured,0,0,0,0,0,0,1,false,,,0
report-tool,weekly_report,weekly_report_7,7,cold,drm:provisional_permanent,5,1,93478,0,0,0,0,0,0,not_measured,0,0,0,0,0,0,1,false,,,0
report-tool,notify_team,notify_team_8,8,cold,drm:provisional_permanent,2,1,29175,0,0,0,0,0,0,not_measured,0,0,0,0,0,0,1,false,,,0
report-tool,weekly_report,weekly_report_9,9,warm,drm:provisional_permanent,5,1,51434,0,0,0,0,0,0,not_measured,0,0,0,0,0,0,1,false,,,0
report-tool,notify_team,notify_team_10,10,warm,drm:provisional_permanent,2,1,20673,0,0,0,0,0,0,not_measured,0,0,0,0,0,0,1,false,,,0
report-tool,weekly_report,weekly_report_11,11,warm,drm:provisional_permanent,5,1,56124,0,0,0,0,0,0,not_measured,0,0,0,0,0,0,1,false,,,0
report-tool,notify_team,notify_team_12,12,warm,drm:provisional_permanent,2,1,18655,0,0,0,0,0,0,not_measured,0,0,0,0,0,0,1,false,,,0
research-browser,fetch_and_summarize,fetch_and_summarize_13,13,cold,drm:provisional_permanent,4,1,1594162,0,0,0,0,0,0,not_measured,0,0,1,0,0,0,1,false,,,0
research-browser,sync_notes,sync_notes_14,14,cold,drm:provisional_permanent,4,1,2178911,0,0,0,0,0,0,not_measured,0,1,0,0,0,0,1,false,,,0
research-browser,fetch_and_summarize,fetch_and_summarize_15,15,warm,drm:provisional_permanent,4,1,2104158,0,0,0,0,0,0,not_measured,0,0,1,0,0,0,1,false,,,0
research-browser,sync_notes,sync_notes_16,16,warm,drm:provisional_permanent,4,1,2111721,0,0,0,0,0,0,not_measured,0,1,0,0,0,0,1,false,,,0
research-browser,fetch_and_summarize,fetch_and_summarize_17,17,warm,drm:provisional_permanent,4,1,2185331,0,0,0,0,0,0,not_measured,0,0,1,0,0,0,1,false,,,0
research-browser,sync_notes,sync_notes_18,18,warm,drm:provisional_permanent,4,1,1905233,0,0,0,0,0,0,not_measured,0,1,0,0,0,0,1,false,,,0
utility-daemon,session_state,session_state_19,19,cold,drm:provisional_permanent,3,1,32387,0,0,0,0,0,0,not_measured,0,0,0,0,0,0,1,false,,,0
utility-daemon,idle_tick,idle_tick_20,20,cold,drm:provisional_permanent,3,1,2252144,0,0,0,0,0,0,not_measured,0,0,0,0,0,0,1,false,,,0
utility-daemon,session_state,session_state_21,21,warm,drm:provisional_permanent,3,1,129619,0,0,0,0,0,0,not_measured,0,0,0,0,0,0,1,false,,,0
utility-daemon,idle_tick,idle_tick_22,22,warm,drm:provisional_permanent,3,1,2367409,0,0,0,0,0,0,not_measured,0,0,0,0,0,0,1,false,,,0
utility-daemon,session_state,session_state_23,23,warm,drm:provisional_permanent,3,1,110959,0,0,0,0,0,0,not_measured,0,0,0,0,0,0,1,false,,,0
utility-daemon,idle_tick,idle_tick_24,24,warm,drm:provisional_permanent,3,1,2402639,0,0,0,0,0,0,not_measured,0,0,0,0,0,0,1,false,,,0
dev-editor,build_and_hash,build_and_hash_25,25,warm,drm:provisional_permanent,3,1,2408851,0,0,0,0,0,0,not_measured,1,0,0,1,1,0,1,false,,,0
dev-editor,save_and_backup,save_and_backup_26,26,warm,drm:provisional_permanent,1,1,133260,0,0,0,0,0,0,not_measured,0,0,0,1,1,0,1,false,,,0
dev-editor,build_and_hash,build_and_hash_27,27,warm,drm:provisional_permanent,3,1,2161262,0,0,0,0,0,0,not_measured,1,0,0,1,1,0,1,false,,,0
dev-editor,save_and_backup,save_and_backup_28,28,warm,drm:provisional_permanent,1,1,111959,0,0,0,0,0,0,not_measured,0,0,0,1,1,0,1,false,,,0
dev-editor,build_and_hash,build_and_hash_29,29,warm,drm:provisional_permanent,3,1,2061824,0,0,0,0,0,0,not_measured,1,0,0,1,1,0,1,false,,,0
dev-editor,save_and_backup,save_and_backup_30,30,warm,drm:provisional_permanent,1,1,187990,0,0,0,0,0,0,not_measured,0,0,0,1,1,0,1,false,,,0
dev-editor,build_and_hash,build_and_hash_31,31,warm,drm:provisional_permanent,3,1,1854664,0,0,0,0,0,0,not_measured,1,0,0,1,1,0,1,false,,,0
dev-editor,save_and_backup,save_and_backup_32,32,warm,drm:provisional_permanent,1,1,109011,0,0,0,0,0,0,not_measured,0,0,0,1,1,0,1,false,,,0
dev-editor,build_and_hash,build_and_hash_33,33,warm,drm:provisional_permanent,3,1,2164353,0,0,0,0,0,0,not_measured,1,0,0,1,1,0,1,false,,,0
dev-editor,save_and_backup,save_and_backup_34,34,warm,drm:provisional_permanent,1,1,82393,0,0,0,0,0,0,not_measured,0,0,0,1,1,0,1,false,,,0
dev-editor,build_and_hash,build_and_hash_35,35,warm,drm:provisional_permanent,3,1,1849725,0,0,0,0,0,0,not_measured,1,0,0,1,1,0,1,false,,,0
dev-editor,save_and_backup,save_and_backup_36,36,warm,drm:provisional_permanent,1,1,69040,0,0,0,0,0,0,not_measured,0,0,0,1,1,0,1,false,,,0
dev-editor,build_and_hash,build_and_hash_37,37,warm,drm:provisional_permanent,3,1,1812625,0,0,0,0,0,0,not_measured,1,0,0,1,1,0,1,false,,,0
dev-editor,save_and_backup,save_and_backup_38,38,warm,drm:provisional_permanent,1,1,74539,0,0,0,0,0,0,not_measured,0,0,0,1,1,0,1,false,,,0
dev-editor,build_and_hash,build_and_hash_39,39,warm,drm:provisional_permanent,3,1,2008298,0,0,0,0,0,0,not_measured,1,0,0,1,1,0,1,false,,,0
dev-editor,save_and_backup,save_and_backup_40,40,warm,drm:provisional_permanent,1,1,445536,0,0,0,0,0,0,not_measured,0,0,0,2,2,0,1,false,,,0
dev-editor,build_and_hash,build_and_hash_41,41,warm,drm:provisional_permanent,2,1,2108672,0,0,0,0,0,0,not_measured,1,0,0,2,2,0,1,false,,,0
dev-editor,save_and_backup,save_and_backup_42,42,warm,drm:provisional_permanent,1,1,94840,0,0,0,0,0,0,not_measured,0,0,0,2,2,0,1,false,,,0
dev-editor,build_and_hash,build_and_hash_43,43,warm,drm:provisional_permanent,2,1,1899525,0,0,0,0,0,0,not_measured,1,0,0,2,2,0,1,false,,,0
dev-editor,save_and_backup,save_and_backup_44,44,warm,drm:provisional_permanent,1,1,69025,0,0,0,0,0,0,not_measured,0,0,0,2,2,0,1,false,,,0
dev-editor,build_and_hash,build_and_hash_45,45,warm,drm:provisional_permanent,2,1,1679437,0,0,0,0,0,0,not_measured,1,0,0,2,2,0,1,false,,,0
dev-editor,save_and_backup,save_and_backup_46,46,warm,drm:provisional_permanent,1,1,71005,0,0,0,0,0,0,not_measured,0,0,0,2,2,0,1,false,,,0
dev-editor,build_and_hash,build_and_hash_47,47,warm,drm:provisional_permanent,2,1,2110444,0,0,0,0,0,0,not_measured,1,0,0,2,2,0,1,false,,,0
dev-editor,save_and_backup,save_and_backup_48,48,warm,drm:provisional_permanent,1,1,87686,0,0,0,0,0,0,not_measured,0,0,0,2,2,0,1,false,,,0
dev-editor,build_and_hash,build_and_hash_49,49,warm,drm:provisional_permanent,2,1,1798242,0,0,0,0,0,0,not_measured,1,0,0,2,2,0,1,false,,,0
dev-editor,save_and_backup,save_and_backup_50,50,warm,drm:provisional_permanent,1,1,77262,0,0,0,0,0,0,not_measured,0,0,0,2,2,0,1,false,,,0
dev-editor,build_and_hash,build_and_hash_51,51,warm,drm:provisional_permanent,2,1,2307103,0,0,0,0,0,0,not_measured,1,0,0,2,2,0,1,false,,,0
dev-editor,save_and_backup,save_and_backup_52,52,warm,drm:provisional_permanent,1,1,76181,0,0,0,0,0,0,not_measured,0,0,0,2,2,0,1,false,,,0
dev-editor,build_and_hash,build_and_hash_53,53,warm,drm:provisional_permanent,2,1,1774316,0,0,0,0,0,0,not_measured,1,0,0,2,2,0,1,false,,,0
dev-editor,save_and_backup,save_and_backup_54,54,warm,drm:provisional_permanent,1,1,71517,0,0,0,0,0,0,not_measured,0,0,0,2,2,0,1,false,,,0
dev-editor,build_and_hash,build_and_hash_55,55,warm,drm:provisional_permanent,2,1,1813298,0,0,0,0,0,0,not_measured,1,0,0,2,2,0,1,false,,,0
dev-editor,save_and_backup,save_and_backup_56,56,warm,drm:provisional_permanent,1,1,89244,0,0,0,0,0,0,not_measured,0,0,0,2,2,0,1,false,,,0
dev-editor,build_and_hash,build_and_hash_57,57,warm,drm:provisional_permanent,2,1,1889623,0,0,0,0,0,0,not_measured,1,0,0,2,2,0,1,false,,,0
dev-editor,save_and_backup,save_and_backup_58,58,warm,drm:provisional_permanent,1,1,93109,0,0,0,0,0,0,not_measured,0,0,0,2,2,0,1,false,,,0
dev-editor,build_and_hash,build_and_hash_59,59,warm,drm:provisional_permanent,2,1,1973202,0,0,0,0,0,0,not_measured,1,0,0,2,2,0,1,false,,,0
dev-editor,save_and_backup,save_and_backup_60,60,warm,drm:provisional_permanent,1,1,396214,0,0,0,0,0,0,not_measured,0,0,0,2,3,0,1,false,,,0
dev-editor,build_and_hash,build_and_hash_61,61,warm,drm:provisional_permanent,2,1,1844552,0,0,0,0,0,0,not_measured,1,0,0,2,3,0,1,false,,,0
dev-editor,save_and_backup,save_and_backup_62,62,warm,drm:provisional_permanent,1,1,73339,0,0,0,0,0,0,not_measured,0,0,0,2,3,0,1,false,,,0
dev-editor,build_and_hash,build_and_hash_63,63,warm,drm:provisional_permanent,2,1,2049008,0,0,0,0,0,0,not_measured,1,0,0,2,3,0,1,false,,,0
dev-editor,save_and_backup,save_and_backup_64,64,warm,drm:provisional_permanent,1,1,65088,0,0,0,0,0,0,not_measured,0,0,0,2,3,0,1,false,,,0
dev-editor,build_and_hash,build_and_hash_65,65,warm,drm:provisional_permanent,2,1,2055958,0,0,0,0,0,0,not_measured,1,0,0,2,3,0,1,false,,,0
dev-editor,save_and_backup,save_and_backup_66,66,warm,drm:provisional_permanent,1,1,67660,0,0,0,0,0,0,not_measured,0,0,0,2,3,0,1,false,,,0
dev-editor,build_and_hash,build_and_hash_67,67,warm,drm:provisional_permanent,2,1,1938581,0,0,0,0,0,0,not_measured,1,0,0,2,3,0,1,false,,,0
dev-editor,save_and_backup,save_and_backup_68,68,warm,drm:provisional_permanent,1,1,68490,0,0,0,0,0,0,not_measured,0,0,0,2,3,0,1,false,,,0
dev-editor,build_and_hash,build_and_hash_69,69,warm,drm:provisional_permanent,2,1,1958880,0,0,0,0,0,0,not_measured,1,0,0,2,3,0,1,false,,,0
dev-editor,save_and_backup,save_and_backup_70,70,warm,drm:provisional_permanent,1,1,261802,0,0,0,0,0,0,not_measured,0,0,0,2,3,0,1,false,,,0
dev-editor,build_and_hash,build_and_hash_71,71,warm,drm:provisional_permanent,2,1,2005605,0,0,0,0,0,0,not_measured,1,0,0,2,3,0,1,false,,,0
dev-editor,save_and_backup,save_and_backup_72,72,warm,drm:provisional_permanent,1,1,106028,0,0,0,0,0,0,not_measured,0,0,0,2,3,0,1,false,,,0
dev-editor,build_and_hash,build_and_hash_73,73,warm,drm:provisional_permanent,2,1,2103230,0,0,0,0,0,0,not_measured,1,0,0,2,3,0,1,false,,,0
dev-editor,save_and_backup,save_and_backup_74,74,warm,drm:provisional_permanent,1,1,72897,0,0,0,0,0,0,not_measured,0,0,0,2,3,0,1,false,,,0
dev-editor,build_and_hash,build_and_hash_75,75,warm,drm:provisional_permanent,2,1,1892582,0,0,0,0,0,0,not_measured,1,0,0,2,3,0,1,false,,,0
dev-editor,save_and_backup,save_and_backup_76,76,warm,drm:provisional_permanent,1,1,104053,0,0,0,0,0,0,not_measured,0,0,0,2,3,0,1,false,,,0
dev-editor,build_and_hash,build_and_hash_77,77,warm,drm:provisional_permanent,2,1,2030531,0,0,0,0,0,0,not_measured,1,0,0,2,3,0,1,false,,,0
dev-editor,save_and_backup,save_and_backup_78,78,warm,drm:provisional_permanent,1,1,69195,0,0,0,0,0,0,not_measured,0,0,0,2,3,0,1,false,,,0
dev-editor,build_and_hash,build_and_hash_79,79,warm,drm:provisional_permanent,2,1,1930502,0,0,0,0,0,0,not_measured,1,0,0,2,3,0,1,false,,,0
dev-editor,save_and_backup,save_and_backup_80,80,warm,drm:provisional_permanent,1,1,666063,0,0,0,0,0,0,not_measured,0,0,0,2,4,0,1,false,,,0
dev-editor,build_and_hash,build_and_hash_81,81,warm,drm:provisional_permanent,2,1,1745706,0,0,0,0,0,0,not_measured,1,0,0,2,4,0,1,false,,,0
dev-editor,save_and_backup,save_and_backup_82,82,warm,drm:provisional_permanent,1,1,76511,0,0,0,0,0,0,not_measured,0,0,0,2,4,0,1,false,,,0
dev-editor,build_and_hash,build_and_hash_83,83,warm,drm:provisional_permanent,2,1,1980057,0,0,0,0,0,0,not_measured,1,0,0,2,4,0,1,false,,,0
dev-editor,save_and_backup,save_and_backup_84,84,warm,drm:provisional_permanent,1,1,68383,0,0,0,0,0,0,not_measured,0,0,0,2,4,0,1,false,,,0
report-tool,weekly_report,weekly_report_85,85,warm,drm:provisional_permanent,5,1,101371,0,0,0,0,0,0,not_measured,0,0,0,0,1,0,1,false,,,0
report-tool,notify_team,notify_team_86,86,warm,drm:provisional_permanent,1,1,45375,0,0,0,0,0,0,not_measured,0,0,0,0,1,0,1,false,,,0
report-tool,weekly_report,weekly_report_87,87,warm,drm:provisional_permanent,5,1,61486,0,0,0,0,0,0,not_measured,0,0,0,0,1,0,1,false,,,0
report-tool,notify_team,notify_team_88,88,warm,drm:provisional_permanent,1,1,24254,0,0,0,0,0,0,not_measured,0,0,0,0,1,0,1,false,,,0
report-tool,weekly_report,weekly_report_89,89,warm,drm:provisional_permanent,5,1,57810,0,0,0,0,0,0,not_measured,0,0,0,0,1,0,1,false,,,0
report-tool,notify_team,notify_team_90,90,warm,drm:provisional_permanent,1,1,20751,0,0,0,0,0,0,not_measured,0,0,0,0,1,0,1,false,,,0
report-tool,weekly_report,weekly_report_91,91,warm,drm:provisional_permanent,5,1,49532,0,0,0,0,0,0,not_measured,0,0,0,0,1,0,1,false,,,0
report-tool,notify_team,notify_team_92,92,warm,drm:provisional_permanent,1,1,18421,0,0,0,0,0,0,not_measured,0,0,0,0,1,0,1,false,,,0
report-tool,weekly_report,weekly_report_93,93,warm,drm:provisional_permanent,5,1,107054,0,0,0,0,0,0,not_measured,0,0,0,0,1,0,1,false,,,0
report-tool,notify_team,notify_team_94,94,warm,drm:provisional_permanent,1,1,34664,0,0,0,0,0,0,not_measured,0,0,0,0,1,0,1,false,,,0
report-tool,weekly_report,weekly_report_95,95,warm,drm:provisional_permanent,5,1,128431,0,0,0,0,0,0,not_measured,0,0,0,0,1,0,1,false,,,0
report-tool,notify_team,notify_team_96,96,warm,drm:provisional_permanent,1,1,68853,0,0,0,0,0,0,not_measured,0,0,0,0,1,0,1,false,,,0
report-tool,weekly_report,weekly_report_97,97,warm,drm:provisional_permanent,5,1,57796,0,0,0,0,0,0,not_measured,0,0,0,0,1,0,1,false,,,0
report-tool,notify_team,notify_team_98,98,warm,drm:provisional_permanent,1,1,20445,0,0,0,0,0,0,not_measured,0,0,0,0,1,0,1,false,,,0
report-tool,weekly_report,weekly_report_99,99,warm,drm:provisional_permanent,5,1,48734,0,0,0,0,0,0,not_measured,0,0,0,0,1,0,1,false,,,0
report-tool,notify_team,notify_team_100,100,warm,drm:provisional_permanent,1,1,755159,0,0,0,0,0,0,not_measured,0,0,0,1,0,0,1,false,,,0
report-tool,weekly_report,weekly_report_101,101,warm,drm:provisional_permanent,5,1,67732,0,0,0,0,0,0,not_measured,0,0,0,1,0,0,1,false,,,0
report-tool,notify_team,notify_team_102,102,warm,drm:provisional_permanent,1,1,31875,0,0,0,0,0,0,not_measured,0,0,0,1,0,0,1,false,,,0
report-tool,weekly_report,weekly_report_103,103,warm,drm:provisional_permanent,5,1,85747,0,0,0,0,0,0,not_measured,0,0,0,1,0,0,1,false,,,0
report-tool,notify_team,notify_team_104,104,warm,drm:provisional_permanent,1,1,26300,0,0,0,0,0,0,not_measured,0,0,0,1,0,0,1,false,,,0
report-tool,weekly_report,weekly_report_105,105,warm,drm:provisional_permanent,5,1,130165,0,0,0,0,0,0,not_measured,0,0,0,1,0,0,1,false,,,0
report-tool,notify_team,notify_team_106,106,warm,drm:provisional_permanent,1,1,33097,0,0,0,0,0,0,not_measured,0,0,0,1,0,0,1,false,,,0
report-tool,weekly_report,weekly_report_107,107,warm,drm:provisional_permanent,5,1,81215,0,0,0,0,0,0,not_measured,0,0,0,1,0,0,1,false,,,0
report-tool,notify_team,notify_team_108,108,warm,drm:provisional_permanent,1,1,22882,0,0,0,0,0,0,not_measured,0,0,0,1,0,0,1,false,,,0
report-tool,weekly_report,weekly_report_109,109,warm,drm:provisional_permanent,5,1,52796,0,0,0,0,0,0,not_measured,0,0,0,1,0,0,1,false,,,0
report-tool,notify_team,notify_team_110,110,warm,drm:provisional_permanent,1,1,28092,0,0,0,0,0,0,not_measured,0,0,0,1,0,0,1,false,,,0
report-tool,weekly_report,weekly_report_111,111,warm,drm:provisional_permanent,5,1,48900,0,0,0,0,0,0,not_measured,0,0,0,1,0,0,1,false,,,0
report-tool,notify_team,notify_team_112,112,warm,drm:provisional_permanent,1,1,19833,0,0,0,0,0,0,not_measured,0,0,0,1,0,0,1,false,,,0
report-tool,weekly_report,weekly_report_113,113,warm,drm:provisional_permanent,5,1,45924,0,0,0,0,0,0,not_measured,0,0,0,1,0,0,1,false,,,0
report-tool,notify_team,notify_team_114,114,warm,drm:provisional_permanent,1,1,18446,0,0,0,0,0,0,not_measured,0,0,0,1,0,0,1,false,,,0
report-tool,weekly_report,weekly_report_115,115,warm,drm:provisional_permanent,5,1,47783,0,0,0,0,0,0,not_measured,0,0,0,1,0,0,1,false,,,0
report-tool,notify_team,notify_team_116,116,warm,drm:provisional_permanent,1,1,18271,0,0,0,0,0,0,not_measured,0,0,0,1,0,0,1,false,,,0
report-tool,weekly_report,weekly_report_117,117,warm,drm:provisional_permanent,5,1,43354,0,0,0,0,0,0,not_measured,0,0,0,1,0,0,1,false,,,0
report-tool,notify_team,notify_team_118,118,warm,drm:provisional_permanent,1,1,18027,0,0,0,0,0,0,not_measured,0,0,0,1,0,0,1,false,,,0
report-tool,weekly_report,weekly_report_119,119,warm,drm:provisional_permanent,5,1,43847,0,0,0,0,0,0,not_measured,0,0,0,1,0,0,1,false,,,0
report-tool,notify_team,notify_team_120,120,warm,drm:provisional_permanent,1,1,25074,0,0,0,0,0,0,not_measured,0,0,0,1,0,0,1,false,,,0
report-tool,weekly_report,weekly_report_121,121,warm,drm:provisional_permanent,5,1,244553,0,0,0,0,0,0,not_measured,0,0,0,1,0,0,1,false,,,0
report-tool,notify_team,notify_team_122,122,warm,drm:provisional_permanent,1,1,30769,0,0,0,0,0,0,not_measured,0,0,0,1,0,0,1,false,,,0
report-tool,weekly_report,weekly_report_123,123,warm,drm:provisional_permanent,5,1,105101,0,0,0,0,0,0,not_measured,0,0,0,1,0,0,1,false,,,0
report-tool,notify_team,notify_team_124,124,warm,drm:provisional_permanent,1,1,21162,0,0,0,0,0,0,not_measured,0,0,0,1,0,0,1,false,,,0
report-tool,weekly_report,weekly_report_125,125,warm,drm:provisional_permanent,5,1,48235,0,0,0,0,0,0,not_measured,0,0,0,1,0,0,1,false,,,0
report-tool,notify_team,notify_team_126,126,warm,drm:provisional_permanent,1,1,20196,0,0,0,0,0,0,not_measured,0,0,0,1,0,0,1,false,,,0
report-tool,weekly_report,weekly_report_127,127,warm,drm:provisional_permanent,5,1,109536,0,0,0,0,0,0,not_measured,0,0,0,1,0,0,1,false,,,0
report-tool,notify_team,notify_team_128,128,warm,drm:provisional_permanent,1,1,22550,0,0,0,0,0,0,not_measured,0,0,0,1,0,0,1,false,,,0
report-tool,weekly_report,weekly_report_129,129,warm,drm:provisional_permanent,5,1,54476,0,0,0,0,0,0,not_measured,0,0,0,1,0,0,1,false,,,0
report-tool,notify_team,notify_team_130,130,warm,drm:provisional_permanent,1,1,19193,0,0,0,0,0,0,not_measured,0,0,0,1,0,0,1,false,,,0
report-tool,weekly_report,weekly_report_131,131,warm,drm:provisional_permanent,5,1,50136,0,0,0,0,0,0,not_measured,0,0,0,1,0,0,1,false,,,0
report-tool,notify_team,notify_team_132,132,warm,drm:provisional_permanent,1,1,18593,0,0,0,0,0,0,not_measured,0,0,0,1,0,0,1,false,,,0
report-tool,weekly_report,weekly_report_133,133,warm,drm:provisional_permanent,5,1,46803,0,0,0,0,0,0,not_measured,0,0,0,1,0,0,1,false,,,0
report-tool,notify_team,notify_team_134,134,warm,drm:provisional_permanent,1,1,18641,0,0,0,0,0,0,not_measured,0,0,0,1,0,0,1,false,,,0
report-tool,weekly_report,weekly_report_135,135,warm,drm:provisional_permanent,5,1,88300,0,0,0,0,0,0,not_measured,0,0,0,1,0,0,1,false,,,0
report-tool,notify_team,notify_team_136,136,warm,drm:provisional_permanent,1,1,22828,0,0,0,0,0,0,not_measured,0,0,0,1,0,0,1,false,,,0
report-tool,weekly_report,weekly_report_137,137,warm,drm:provisional_permanent,5,1,49004,0,0,0,0,0,0,not_measured,0,0,0,1,0,0,1,false,,,0
report-tool,notify_team,notify_team_138,138,warm,drm:provisional_permanent,1,1,19991,0,0,0,0,0,0,not_measured,0,0,0,1,0,0,1,false,,,0
report-tool,weekly_report,weekly_report_139,139,warm,drm:provisional_permanent,5,1,46658,0,0,0,0,0,0,not_measured,0,0,0,1,0,0,1,false,,,0
report-tool,notify_team,notify_team_140,140,warm,drm:provisional_permanent,1,1,27976,0,0,0,0,0,0,not_measured,0,0,0,1,0,0,1,false,,,0
research-browser,fetch_and_summarize,fetch_and_summarize_141,141,warm,drm:provisional_permanent,4,1,396839,0,0,0,0,0,0,not_measured,0,0,1,1,1,0,1,false,,,0
research-browser,sync_notes,sync_notes_142,142,warm,drm:provisional_permanent,1,1,497461,0,0,0,0,0,0,not_measured,0,1,0,1,1,0,1,false,,,0
research-browser,fetch_and_summarize,fetch_and_summarize_143,143,warm,drm:provisional_permanent,4,1,1610282,0,0,0,0,0,0,not_measured,0,0,1,1,1,0,1,false,,,0
research-browser,sync_notes,sync_notes_144,144,warm,drm:provisional_permanent,1,1,512803,0,0,0,0,0,0,not_measured,0,1,0,1,1,0,1,false,,,0
research-browser,fetch_and_summarize,fetch_and_summarize_145,145,warm,drm:provisional_permanent,4,1,1600151,0,0,0,0,0,0,not_measured,0,0,1,1,1,0,1,false,,,0
research-browser,sync_notes,sync_notes_146,146,warm,drm:provisional_permanent,1,1,515278,0,0,0,0,0,0,not_measured,0,1,0,1,1,0,1,false,,,0
research-browser,fetch_and_summarize,fetch_and_summarize_147,147,warm,drm:provisional_permanent,4,1,1612933,0,0,0,0,0,0,not_measured,0,0,1,1,1,0,1,false,,,0
research-browser,sync_notes,sync_notes_148,148,warm,drm:provisional_permanent,1,1,456799,0,0,0,0,0,0,not_measured,0,1,0,1,1,0,1,false,,,0
research-browser,fetch_and_summarize,fetch_and_summarize_149,149,warm,drm:provisional_permanent,4,1,1709329,0,0,0,0,0,0,not_measured,0,0,1,1,1,0,1,false,,,0
research-browser,sync_notes,sync_notes_150,150,warm,drm:provisional_permanent,1,1,379963,0,0,0,0,0,0,not_measured,0,1,0,1,1,0,1,false,,,0
research-browser,fetch_and_summarize,fetch_and_summarize_151,151,warm,drm:provisional_permanent,4,1,1681697,0,0,0,0,0,0,not_measured,0,0,1,1,1,0,1,false,,,0
research-browser,sync_notes,sync_notes_152,152,warm,drm:provisional_permanent,1,1,411169,0,0,0,0,0,0,not_measured,0,1,0,1,1,0,1,false,,,0
research-browser,fetch_and_summarize,fetch_and_summarize_153,153,warm,drm:provisional_permanent,4,1,1718841,0,0,0,0,0,0,not_measured,0,0,1,1,1,0,1,false,,,0
research-browser,sync_notes,sync_notes_154,154,warm,drm:provisional_permanent,1,1,373304,0,0,0,0,0,0,not_measured,0,1,0,1,1,0,1,false,,,0
research-browser,fetch_and_summarize,fetch_and_summarize_155,155,warm,drm:provisional_permanent,4,1,1789855,0,0,0,0,0,0,not_measured,0,0,1,1,1,0,1,false,,,0
research-browser,sync_notes,sync_notes_156,156,warm,drm:provisional_permanent,1,1,307985,0,0,0,0,0,0,not_measured,0,1,0,1,1,0,1,false,,,0
research-browser,fetch_and_summarize,fetch_and_summarize_157,157,warm,drm:provisional_permanent,4,1,1846061,0,0,0,0,0,0,not_measured,0,0,1,1,1,0,1,false,,,0
research-browser,sync_notes,sync_notes_158,158,warm,drm:provisional_permanent,1,1,282684,0,0,0,0,0,0,not_measured,0,1,0,1,1,0,1,false,,,0
research-browser,fetch_and_summarize,fetch_and_summarize_159,159,warm,drm:provisional_permanent,4,1,2012676,0,0,0,0,0,0,not_measured,0,0,1,1,1,0,1,false,,,0
research-browser,sync_notes,sync_notes_160,160,warm,drm:provisional_permanent,1,1,2304325,0,0,0,0,0,0,not_measured,0,1,0,1,2,0,1,false,,,0
research-browser,fetch_and_summarize,fetch_and_summarize_161,161,warm,drm:provisional_permanent,4,1,1767449,0,0,0,0,0,0,not_measured,0,0,1,1,2,0,1,false,,,0
research-browser,sync_notes,sync_notes_162,162,warm,drm:provisional_permanent,1,1,220100,0,0,0,0,0,0,not_measured,0,1,0,1,2,0,1,false,,,0
research-browser,fetch_and_summarize,fetch_and_summarize_163,163,warm,drm:provisional_permanent,4,1,1932843,0,0,0,0,0,0,not_measured,0,0,1,1,2,0,1,false,,,0
research-browser,sync_notes,sync_notes_164,164,warm,drm:provisional_permanent,1,1,2318676,0,0,0,0,0,0,not_measured,0,1,0,1,2,0,1,false,,,0
research-browser,fetch_and_summarize,fetch_and_summarize_165,165,warm,drm:provisional_permanent,4,1,1915601,0,0,0,0,0,0,not_measured,0,0,1,1,2,0,1,false,,,0
research-browser,sync_notes,sync_notes_166,166,warm,drm:provisional_permanent,1,1,114120,0,0,0,0,0,0,not_measured,0,1,0,1,2,0,1,false,,,0
research-browser,fetch_and_summarize,fetch_and_summarize_167,167,warm,drm:provisional_permanent,4,1,2030903,0,0,0,0,0,0,not_measured,0,0,1,1,2,0,1,false,,,0
research-browser,sync_notes,sync_notes_168,168,warm,drm:provisional_permanent,1,1,2169632,0,0,0,0,0,0,not_measured,0,1,0,1,2,0,1,false,,,0
research-browser,fetch_and_summarize,fetch_and_summarize_169,169,warm,drm:provisional_permanent,4,1,1973989,0,0,0,0,0,0,not_measured,0,0,1,1,2,0,1,false,,,0
research-browser,sync_notes,sync_notes_170,170,warm,drm:provisional_permanent,1,1,173339,0,0,0,0,0,0,not_measured,0,1,0,1,2,0,1,false,,,0
research-browser,fetch_and_summarize,fetch_and_summarize_171,171,warm,drm:provisional_permanent,4,1,1960977,0,0,0,0,0,0,not_measured,0,0,1,1,2,0,1,false,,,0
research-browser,sync_notes,sync_notes_172,172,warm,drm:provisional_permanent,1,1,2187705,0,0,0,0,0,0,not_measured,0,1,0,1,2,0,1,false,,,0
research-browser,fetch_and_summarize,fetch_and_summarize_173,173,warm,drm:provisional_permanent,4,1,1943441,0,0,0,0,0,0,not_measured,0,0,1,1,2,0,1,false,,,0
research-browser,sync_notes,sync_notes_174,174,warm,drm:provisional_permanent,1,1,138317,0,0,0,0,0,0,not_measured,0,1,0,1,2,0,1,false,,,0
research-browser,fetch_and_summarize,fetch_and_summarize_175,175,warm,drm:provisional_permanent,4,1,1909851,0,0,0,0,0,0,not_measured,0,0,1,1,2,0,1,false,,,0
research-browser,sync_notes,sync_notes_176,176,warm,drm:provisional_permanent,1,1,196824,0,0,0,0,0,0,not_measured,0,1,0,1,2,0,1,false,,,0
research-browser,fetch_and_summarize,fetch_and_summarize_177,177,warm,drm:provisional_permanent,4,1,1913799,0,0,0,0,0,0,not_measured,0,0,1,1,2,0,1,false,,,0
research-browser,sync_notes,sync_notes_178,178,warm,drm:provisional_permanent,1,1,166699,0,0,0,0,0,0,not_measured,0,1,0,1,2,0,1,false,,,0
research-browser,fetch_and_summarize,fetch_and_summarize_179,179,warm,drm:provisional_permanent,4,1,1953861,0,0,0,0,0,0,not_measured,0,0,1,1,2,0,1,false,,,0
research-browser,sync_notes,sync_notes_180,180,warm,drm:provisional_permanent,1,1,277140,0,0,0,0,0,0,not_measured,0,1,0,1,3,0,1,false,,,0
research-browser,fetch_and_summarize,fetch_and_summarize_181,181,warm,drm:provisional_permanent,4,1,1854553,0,0,0,0,0,0,not_measured,0,0,1,1,3,0,1,false,,,0
research-browser,sync_notes,sync_notes_182,182,warm,drm:provisional_permanent,1,1,2260987,0,0,0,0,0,0,not_measured,0,1,0,1,3,0,1,false,,,0
research-browser,fetch_and_summarize,fetch_and_summarize_183,183,warm,drm:provisional_permanent,4,1,1952748,0,0,0,0,0,0,not_measured,0,0,1,1,3,0,1,false,,,0
research-browser,sync_notes,sync_notes_184,184,warm,drm:provisional_permanent,1,1,2195418,0,0,0,0,0,0,not_measured,0,1,0,1,3,0,1,false,,,0
research-browser,fetch_and_summarize,fetch_and_summarize_185,185,warm,drm:provisional_permanent,4,1,2128702,0,0,0,0,0,0,not_measured,0,0,1,1,3,0,1,false,,,0
research-browser,sync_notes,sync_notes_186,186,warm,drm:provisional_permanent,1,1,2058357,0,0,0,0,0,0,not_measured,0,1,0,1,3,0,1,false,,,0
research-browser,fetch_and_summarize,fetch_and_summarize_187,187,warm,drm:provisional_permanent,4,1,2070926,0,0,0,0,0,0,not_measured,0,0,1,1,3,0,1,false,,,0
research-browser,sync_notes,sync_notes_188,188,warm,drm:provisional_permanent,1,1,2107642,0,0,0,0,0,0,not_measured,0,1,0,1,3,0,1,false,,,0
research-browser,fetch_and_summarize,fetch_and_summarize_189,189,warm,drm:provisional_permanent,4,1,2176316,0,0,0,0,0,0,not_measured,0,0,1,1,3,0,1,false,,,0
research-browser,sync_notes,sync_notes_190,190,warm,drm:provisional_permanent,1,1,2038715,0,0,0,0,0,0,not_measured,0,1,0,1,3,0,1,false,,,0
utility-daemon,session_state,session_state_191,191,warm,drm:provisional_permanent,3,1,78295,0,0,0,0,0,0,not_measured,0,0,0,0,1,0,1,false,,,0
utility-daemon,idle_tick,idle_tick_192,192,warm,drm:provisional_permanent,1,1,2194153,0,0,0,0,0,0,not_measured,0,0,0,0,1,0,1,false,,,0
utility-daemon,session_state,session_state_193,193,warm,drm:provisional_permanent,3,1,80683,0,0,0,0,0,0,not_measured,0,0,0,0,1,0,1,false,,,0
utility-daemon,idle_tick,idle_tick_194,194,warm,drm:provisional_permanent,1,1,2470551,0,0,0,0,0,0,not_measured,0,0,0,0,1,0,1,false,,,0
utility-daemon,session_state,session_state_195,195,warm,drm:provisional_permanent,3,1,142658,0,0,0,0,0,0,not_measured,0,0,0,0,1,0,1,false,,,0
utility-daemon,idle_tick,idle_tick_196,196,warm,drm:provisional_permanent,1,1,2249563,0,0,0,0,0,0,not_measured,0,0,0,0,1,0,1,false,,,0
utility-daemon,session_state,session_state_197,197,warm,drm:provisional_permanent,3,1,135522,0,0,0,0,0,0,not_measured,0,0,0,0,1,0,1,false,,,0
utility-daemon,idle_tick,idle_tick_198,198,warm,drm:provisional_permanent,1,1,2180293,0,0,0,0,0,0,not_measured,0,0,0,0,1,0,1,false,,,0
utility-daemon,session_state,session_state_199,199,warm,drm:provisional_permanent,3,1,83398,0,0,0,0,0,0,not_measured,0,0,0,0,1,0,1,false,,,0
utility-daemon,idle_tick,idle_tick_200,200,warm,drm:provisional_permanent,1,1,2612723,0,0,0,0,0,0,not_measured,0,0,0,1,1,0,1,false,,,0
utility-daemon,session_state,session_state_201,201,warm,drm:provisional_permanent,3,1,132190,0,0,0,0,0,0,not_measured,0,0,0,1,1,0,1,false,,,0
utility-daemon,idle_tick,idle_tick_202,202,warm,drm:provisional_permanent,1,1,2168138,0,0,0,0,0,0,not_measured,0,0,0,1,1,0,1,false,,,0
utility-daemon,session_state,session_state_203,203,warm,drm:provisional_permanent,3,1,101035,0,0,0,0,0,0,not_measured,0,0,0,1,1,0,1,false,,,0
utility-daemon,idle_tick,idle_tick_204,204,warm,drm:provisional_permanent,1,1,2124600,0,0,0,0,0,0,not_measured,0,0,0,1,1,0,1,false,,,0
utility-daemon,session_state,session_state_205,205,warm,drm:provisional_permanent,3,1,146793,0,0,0,0,0,0,not_measured,0,0,0,1,1,0,1,false,,,0
utility-daemon,idle_tick,idle_tick_206,206,warm,drm:provisional_permanent,1,1,2155990,0,0,0,0,0,0,not_measured,0,0,0,1,1,0,1,false,,,0
utility-daemon,session_state,session_state_207,207,warm,drm:provisional_permanent,3,1,78236,0,0,0,0,0,0,not_measured,0,0,0,1,1,0,1,false,,,0
utility-daemon,idle_tick,idle_tick_208,208,warm,drm:provisional_permanent,1,1,2241990,0,0,0,0,0,0,not_measured,0,0,0,1,1,0,1,false,,,0
utility-daemon,session_state,session_state_209,209,warm,drm:provisional_permanent,3,1,82380,0,0,0,0,0,0,not_measured,0,0,0,1,1,0,1,false,,,0
utility-daemon,idle_tick,idle_tick_210,210,warm,drm:provisional_permanent,1,1,2322524,0,0,0,0,0,0,not_measured,0,0,0,1,1,0,1,false,,,0
utility-daemon,session_state,session_state_211,211,warm,drm:provisional_permanent,3,1,75640,0,0,0,0,0,0,not_measured,0,0,0,1,1,0,1,false,,,0
utility-daemon,idle_tick,idle_tick_212,212,warm,drm:provisional_permanent,1,1,2249340,0,0,0,0,0,0,not_measured,0,0,0,1,1,0,1,false,,,0
utility-daemon,session_state,session_state_213,213,warm,drm:provisional_permanent,3,1,126008,0,0,0,0,0,0,not_measured,0,0,0,1,1,0,1,false,,,0
utility-daemon,idle_tick,idle_tick_214,214,warm,drm:provisional_permanent,1,1,2178182,0,0,0,0,0,0,not_measured,0,0,0,1,1,0,1,false,,,0
utility-daemon,session_state,session_state_215,215,warm,drm:provisional_permanent,3,1,113664,0,0,0,0,0,0,not_measured,0,0,0,1,1,0,1,false,,,0
utility-daemon,idle_tick,idle_tick_216,216,warm,drm:provisional_permanent,1,1,2153448,0,0,0,0,0,0,not_measured,0,0,0,1,1,0,1,false,,,0
utility-daemon,session_state,session_state_217,217,warm,drm:provisional_permanent,3,1,74363,0,0,0,0,0,0,not_measured,0,0,0,1,1,0,1,false,,,0
utility-daemon,idle_tick,idle_tick_218,218,warm,drm:provisional_permanent,1,1,2174169,0,0,0,0,0,0,not_measured,0,0,0,1,1,0,1,false,,,0
utility-daemon,session_state,session_state_219,219,warm,drm:provisional_permanent,3,1,126475,0,0,0,0,0,0,not_measured,0,0,0,1,1,0,1,false,,,0
utility-daemon,idle_tick,idle_tick_220,220,warm,drm:provisional_permanent,1,1,2280910,0,0,0,0,0,0,not_measured,0,0,0,1,2,0,1,false,,,0
utility-daemon,session_state,session_state_221,221,warm,drm:provisional_permanent,3,1,82000,0,0,0,0,0,0,not_measured,0,0,0,1,2,0,1,false,,,0
utility-daemon,idle_tick,idle_tick_222,222,warm,drm:provisional_permanent,1,1,2158261,0,0,0,0,0,0,not_measured,0,0,0,1,2,0,1,false,,,0
utility-daemon,session_state,session_state_223,223,warm,drm:provisional_permanent,3,1,112735,0,0,0,0,0,0,not_measured,0,0,0,1,2,0,1,false,,,0
utility-daemon,idle_tick,idle_tick_224,224,warm,drm:provisional_permanent,1,1,2430809,0,0,0,0,0,0,not_measured,0,0,0,1,2,0,1,false,,,0
utility-daemon,session_state,session_state_225,225,warm,drm:provisional_permanent,3,1,79287,0,0,0,0,0,0,not_measured,0,0,0,1,2,0,1,false,,,0
utility-daemon,idle_tick,idle_tick_226,226,warm,drm:provisional_permanent,1,1,2375166,0,0,0,0,0,0,not_measured,0,0,0,1,2,0,1,false,,,0
utility-daemon,session_state,session_state_227,227,warm,drm:provisional_permanent,3,1,73637,0,0,0,0,0,0,not_measured,0,0,0,1,2,0,1,false,,,0
utility-daemon,idle_tick,idle_tick_228,228,warm,drm:provisional_permanent,1,1,2165511,0,0,0,0,0,0,not_measured,0,0,0,1,2,0,1,false,,,0
utility-daemon,session_state,session_state_229,229,warm,drm:provisional_permanent,3,1,74105,0,0,0,0,0,0,not_measured,0,0,0,1,2,0,1,false,,,0
utility-daemon,idle_tick,idle_tick_230,230,warm,drm:provisional_permanent,1,1,2365012,0,0,0,0,0,0,not_measured,0,0,0,1,2,0,1,false,,,0
utility-daemon,session_state,session_state_231,231,warm,drm:provisional_permanent,3,1,119119,0,0,0,0,0,0,not_measured,0,0,0,1,2,0,1,false,,,0
utility-daemon,idle_tick,idle_tick_232,232,warm,drm:provisional_permanent,1,1,2116838,0,0,0,0,0,0,not_measured,0,0,0,1,2,0,1,false,,,0
utility-daemon,session_state,session_state_233,233,warm,drm:provisional_permanent,3,1,71606,0,0,0,0,0,0,not_measured,0,0,0,1,2,0,1,false,,,0
utility-daemon,idle_tick,idle_tick_234,234,warm,drm:provisional_permanent,1,1,2487672,0,0,0,0,0,0,not_measured,0,0,0,1,2,0,1,false,,,0
utility-daemon,session_state,session_state_235,235,warm,drm:provisional_permanent,3,1,151049,0,0,0,0,0,0,not_measured,0,0,0,1,2,0,1,false,,,0
utility-daemon,idle_tick,idle_tick_236,236,warm,drm:provisional_permanent,1,1,2132906,0,0,0,0,0,0,not_measured,0,0,0,1,2,0,1,false,,,0
utility-daemon,session_state,session_state_237,237,warm,drm:provisional_permanent,3,1,153578,0,0,0,0,0,0,not_measured,0,0,0,1,2,0,1,false,,,0
utility-daemon,idle_tick,idle_tick_238,238,warm,drm:provisional_permanent,1,1,2336630,0,0,0,0,0,0,not_measured,0,0,0,1,2,0,1,false,,,0
utility-daemon,session_state,session_state_239,239,warm,drm:provisional_permanent,3,1,128431,0,0,0,0,0,0,not_measured,0,0,0,1,2,0,1,false,,,0
utility-daemon,idle_tick,idle_tick_240,240,warm,drm:provisional_permanent,1,1,2219912,0,0,0,0,0,0,not_measured,0,0,0,1,2,0,1,false,,,0
utility-daemon,session_state,session_state_241,241,warm,drm:provisional_permanent,3,1,131525,0,0,0,0,0,0,not_measured,0,0,0,1,2,0,1,false,,,0
utility-daemon,idle_tick,idle_tick_242,242,warm,drm:provisional_permanent,1,1,2162656,0,0,0,0,0,0,not_measured,0,0,0,1,2,0,1,false,,,0
utility-daemon,session_state,session_state_243,243,warm,drm:provisional_permanent,3,1,129991,0,0,0,0,0,0,not_measured,0,0,0,1,2,0,1,false,,,0
utility-daemon,idle_tick,idle_tick_244,244,warm,drm:provisional_permanent,1,1,2158785,0,0,0,0,0,0,not_measured,0,0,0,1,2,0,1,false,,,0
utility-daemon,session_state,session_state_245,245,warm,drm:provisional_permanent,3,1,78472,0,0,0,0,0,0,not_measured,0,0,0,1,2,0,1,false,,,0
utility-daemon,idle_tick,idle_tick_246,246,warm,drm:provisional_permanent,1,1,2392444,0,0,0,0,0,0,not_measured,0,0,0,1,2,0,1,false,,,0
utility-daemon,session_state,session_state_247,247,warm,drm:provisional_permanent,3,1,97471,0,0,0,0,0,0,not_measured,0,0,0,1,2,0,1,false,,,0
utility-daemon,idle_tick,idle_tick_248,248,warm,drm:provisional_permanent,1,1,2134042,0,0,0,0,0,0,not_measured,0,0,0,1,2,0,1,false,,,0
utility-daemon,session_state,session_state_249,249,warm,drm:provisional_permanent,3,1,185412,0,0,0,0,0,0,not_measured,0,0,0,1,2,0,1,false,,,0
utility-daemon,idle_tick,idle_tick_250,250,warm,drm:provisional_permanent,1,1,2126710,0,0,0,0,0,0,not_measured,0,0,0,1,2,0,1,false,,,0
report-tool,weekly_report,weekly_report_251,251,warm,drm:provisional_permanent,6,1,188666,0,0,0,0,0,0,not_measured,0,0,0,1,0,0,1,false,,,0
report-tool,weekly_report,weekly_report_252,252,warm,drm:provisional_permanent,6,1,124904,0,0,0,0,0,0,not_measured,0,0,0,1,0,0,1,false,,,0
report-tool,weekly_report,weekly_report_253,253,warm,drm:provisional_permanent,6,1,69756,0,0,0,0,0,0,not_measured,0,0,0,1,0,0,1,false,,,0
report-tool,weekly_report,weekly_report_254,254,warm,drm:provisional_permanent,6,1,69387,0,0,0,0,0,0,not_measured,0,0,0,1,0,0,1,false,,,0
report-tool,weekly_report,weekly_report_255,255,warm,drm:provisional_permanent,6,1,95572,0,0,0,0,0,0,not_measured,0,0,0,1,0,0,1,false,,,0
report-tool,weekly_report,weekly_report_256,256,warm,drm:provisional_permanent,6,1,65245,0,0,0,0,0,0,not_measured,0,0,0,1,0,0,1,false,,,0
report-tool,weekly_report,weekly_report_257,257,warm,drm:provisional_permanent,6,1,63442,0,0,0,0,0,0,not_measured,0,0,0,1,0,0,1,false,,,0
report-tool,weekly_report,weekly_report_258,258,warm,drm:provisional_permanent,6,1,68418,0,0,0,0,0,0,not_measured,0,0,0,1,0,0,1,false,,,0
report-tool,weekly_report,weekly_report_259,259,warm,drm:provisional_permanent,6,1,59231,0,0,0,0,0,0,not_measured,0,0,0,1,0,0,1,false,,,0
report-tool,weekly_report,weekly_report_260,260,warm,drm:provisional_permanent,6,1,668478,0,0,0,0,0,0,not_measured,0,0,0,2,1,0,1,false,,,0
dev-editor,save_and_backup,save_and_backup_261,261,warm,drm:provisional_permanent,1,1,110317,0,0,0,0,0,0,not_measured,0,0,0,2,5,0,1,false,,,0
dev-editor,save_and_backup,save_and_backup_262,262,warm,drm:provisional_permanent,1,1,70539,0,0,0,0,0,0,not_measured,0,0,0,2,5,0,1,false,,,0
dev-editor,save_and_backup,save_and_backup_263,263,warm,drm:provisional_permanent,1,1,124145,0,0,0,0,0,0,not_measured,0,0,0,2,5,0,1,false,,,0
dev-editor,save_and_backup,save_and_backup_264,264,warm,drm:provisional_permanent,1,1,71855,0,0,0,0,0,0,not_measured,0,0,0,2,5,0,1,false,,,0
dev-editor,save_and_backup,save_and_backup_265,265,warm,drm:provisional_permanent,1,1,66255,0,0,0,0,0,0,not_measured,0,0,0,2,5,0,1,false,,,0
dev-editor,save_and_backup,save_and_backup_266,266,warm,drm:provisional_permanent,1,1,69283,0,0,0,0,0,0,not_measured,0,0,0,2,5,0,1,false,,,0
dev-editor,save_and_backup,save_and_backup_267,267,warm,drm:provisional_permanent,1,1,101519,0,0,0,0,0,0,not_measured,0,0,0,2,5,0,1,false,,,0
dev-editor,save_and_backup,save_and_backup_268,268,warm,drm:provisional_permanent,1,1,62098,0,0,0,0,0,0,not_measured,0,0,0,2,5,0,1,false,,,0
dev-editor,save_and_backup,save_and_backup_82,269,warm,drm:provisional_permanent,1,0,104461,0,0,0,0,0,0,not_measured,0,0,0,2,5,0,0,false,,,0
utility-daemon,idle_tick,idle_tick_202,270,warm,drm:provisional_permanent,1,0,2376815,0,0,0,0,0,0,not_measured,0,0,0,1,2,0,0,false,,,0
research-browser,sync_notes,sync_notes_176,271,warm,drm:provisional_permanent,1,0,1442438,0,0,0,0,0,0,not_measured,0,1,0,1,4,0,0,false,,,0
research-browser,fetch_and_summarize,fetch_and_summarize_157,272,warm,drm:provisional_permanent,1,0,2091458,0,0,0,0,0,0,not_measured,0,0,1,1,4,0,0,false,,,0
dev-editor,save_and_backup,save_and_backup_62,273,warm,drm:provisional_permanent,1,0,102891,0,0,0,0,0,0,not_measured,0,0,0,2,5,0,0,false,,,0
research-browser,sync_notes,sync_notes_16,274,warm,drm:provisional_permanent,1,0,2092619,0,0,0,0,0,0,not_measured,0,1,0,1,4,0,0,false,,,0
research-browser,fetch_and_summarize,fetch_and_summarize_177,275,warm,drm:provisional_permanent,1,0,2055152,0,0,0,0,0,0,not_measured,0,0,1,1,4,0,0,false,,,0
dev-editor,build_and_hash,build_and_hash_55,276,warm,drm:provisional_permanent,1,0,2429137,0,0,0,0,0,0,not_measured,1,0,0,2,5,0,0,false,,,0
research-browser,fetch_and_summarize,fetch_and_summarize_151,277,warm,drm:provisional_permanent,1,0,1859070,0,0,0,0,0,0,not_measured,0,0,1,1,4,0,0,false,,,0
report-tool,weekly_report,weekly_report_256,278,warm,drm:provisional_permanent,1,0,161392,0,0,0,0,0,0,not_measured,0,0,0,2,1,0,0,false,,,0
dev-editor,build_and_hash,build_and_hash_31,279,warm,drm:provisional_permanent,1,0,1946017,0,0,0,0,0,0,not_measured,1,0,0,2,5,0,0,false,,,0
report-tool,notify_team,notify_team_128,280,warm,drm:provisional_permanent,1,0,766890,0,0,0,0,0,0,not_measured,0,0,0,2,1,0,0,false,,,0
report-tool,notify_team,notify_team_112,281,warm,drm:provisional_permanent,1,0,28298,0,0,0,0,0,0,not_measured,0,0,0,2,1,0,0,false,,,0
dev-editor,build_and_hash,build_and_hash_79,282,warm,drm:provisional_permanent,1,0,1797607,0,0,0,0,0,0,not_measured,1,0,0,2,6,0,0,false,,,0
report-tool,notify_team,notify_team_120,283,warm,drm:provisional_permanent,1,0,34729,0,0,0,0,0,0,not_measured,0,0,0,2,1,0,0,false,,,0
dev-editor,build_and_hash,build_and_hash_3,284,warm,drm:provisional_permanent,1,0,1781784,0,0,0,0,0,0,not_measured,1,0,0,2,6,0,0,false,,,0
report-tool,weekly_report,weekly_report_117,285,warm,drm:provisional_permanent,1,0,95833,0,0,0,0,0,0,not_measured,0,0,0,2,1,0,0,false,,,0
utility-daemon,session_state,session_state_211,286,warm,drm:provisional_permanent,1,0,68709,0,0,0,0,0,0,not_measured,0,0,0,1,2,0,0,false,,,0
research-browser,fetch_and_summarize,fetch_and_summarize_185,287,warm,drm:provisional_permanent,1,0,1797617,0,0,0,0,0,0,not_measured,0,0,1,1,4,0,0,false,,,0
utility-daemon,session_state,session_state_193,288,warm,drm:provisional_permanent,1,0,118031,0,0,0,0,0,0,not_measured,0,0,0,1,2,0,0,false,,,0
dev-editor,noise,noise_269,289,cold,drm:provisional_permanent,2,1,24621,0,0,0,0,0,0,not_measured,0,0,0,2,6,0,1,false,,,0
dev-editor,noise,noise_270,290,warm,drm:provisional_permanent,2,1,16160,0,0,0,0,0,0,not_measured,0,0,0,2,6,0,1,false,,,0
dev-editor,noise,noise_271,291,warm,drm:provisional_permanent,2,1,47779,0,0,0,0,0,0,not_measured,0,0,0,2,6,0,1,false,,,0
dev-editor,noise,noise_272,292,warm,drm:provisional_permanent,2,1,4374420,0,0,0,0,0,0,not_measured,0,0,0,2,6,0,1,false,,,0
dev-editor,noise,noise_273,293,warm,drm:provisional_permanent,2,1,3592487,0,0,0,0,0,0,not_measured,0,0,2,2,6,0,1,false,,,0
dev-editor,noise,noise_274,294,warm,drm:provisional_permanent,2,1,4150508,0,0,0,0,0,0,not_measured,0,2,0,2,6,0,1,false,,,0
dev-editor,noise,noise_275,295,warm,drm:provisional_permanent,2,1,3869542,0,0,0,0,0,0,not_measured,2,0,0,2,6,0,1,false,,,0
dev-editor,noise,noise_276,296,warm,drm:provisional_permanent,2,1,20445,0,0,0,0,0,0,not_measured,0,0,0,2,6,0,1,false,,,0
dev-editor,noise,noise_277,297,warm,drm:provisional_permanent,2,1,268544,0,0,0,0,0,0,not_measured,0,0,0,2,6,0,1,false,,,0
dev-editor,noise,noise_278,298,warm,drm:provisional_permanent,2,1,50649,0,0,0,0,0,0,not_measured,0,0,0,2,6,0,1,false,,,0
dev-editor,noise,noise_279,299,warm,drm:provisional_permanent,3,1,27035,0,0,0,0,0,0,not_measured,0,0,0,2,6,0,1,false,,,0
dev-editor,noise,noise_280,300,warm,drm:provisional_permanent,3,1,62203,0,0,0,0,0,0,not_measured,0,0,0,2,0,0,1,false,,,0
dev-editor,noise,noise_281,301,warm,drm:provisional_permanent,3,1,52518,0,0,0,0,0,0,not_measured,0,0,0,2,0,0,1,false,,,0
dev-editor,noise,noise_282,302,warm,drm:provisional_permanent,3,1,6164905,0,0,0,0,0,0,not_measured,0,0,0,2,0,0,1,false,,,0
dev-editor,noise,noise_283,303,warm,drm:provisional_permanent,3,1,6471523,0,0,0,0,0,0,not_measured,0,0,3,2,0,0,1,false,,,0
dev-editor,build_and_hash,build_and_hash_1,1,cold,drm:specialized,3,1,2103696,0,0,0,0,0,0,not_measured,1,0,0,0,0,0,1,false,,,0
dev-editor,save_and_backup,save_and_backup_2,2,cold,drm:specialized,5,1,93653,0,0,0,0,0,0,not_measured,0,0,0,0,0,0,1,false,,,0
dev-editor,build_and_hash,build_and_hash_3,3,warm,drm:specialized,3,1,2200698,0,0,0,0,0,0,not_measured,1,0,0,0,0,0,1,false,,,0
dev-editor,save_and_backup,save_and_backup_4,4,warm,drm:specialized,5,1,76831,0,0,0,0,0,0,not_measured,0,0,0,0,0,0,1,false,,,0
dev-editor,build_and_hash,build_and_hash_5,5,warm,drm:specialized,3,1,2184173,0,0,0,0,0,0,not_measured,1,0,0,0,0,0,1,false,,,0
dev-editor,save_and_backup,save_and_backup_6,6,warm,drm:specialized,5,1,92282,0,0,0,0,0,0,not_measured,0,0,0,0,0,0,1,false,,,0
report-tool,weekly_report,weekly_report_7,7,cold,drm:specialized,5,1,121677,0,0,0,0,0,0,not_measured,0,0,0,0,0,0,1,false,,,0
report-tool,notify_team,notify_team_8,8,cold,drm:specialized,2,1,30089,0,0,0,0,0,0,not_measured,0,0,0,0,0,0,1,false,,,0
report-tool,weekly_report,weekly_report_9,9,warm,drm:specialized,5,1,59956,0,0,0,0,0,0,not_measured,0,0,0,0,0,1,1,false,,,0
report-tool,notify_team,notify_team_10,10,warm,drm:specialized,2,1,22387,0,0,0,0,0,0,not_measured,0,0,0,0,0,1,1,false,,,0
report-tool,weekly_report,weekly_report_11,11,warm,drm:specialized,5,1,55749,0,0,0,0,0,0,not_measured,0,0,0,0,0,1,1,false,,,0
report-tool,notify_team,notify_team_12,12,warm,drm:specialized,2,1,20296,0,0,0,0,0,0,not_measured,0,0,0,0,0,1,1,false,,,0
research-browser,fetch_and_summarize,fetch_and_summarize_13,13,cold,drm:specialized,4,1,1336275,0,0,0,0,0,0,not_measured,0,0,1,0,0,1,1,false,,,0
research-browser,sync_notes,sync_notes_14,14,cold,drm:specialized,4,1,2073416,0,0,0,0,0,0,not_measured,0,1,0,0,0,2,1,false,,,0
research-browser,fetch_and_summarize,fetch_and_summarize_15,15,warm,drm:specialized,4,1,2123166,0,0,0,0,0,0,not_measured,0,0,1,0,0,2,1,false,,,0
research-browser,sync_notes,sync_notes_16,16,warm,drm:specialized,4,1,2088425,0,0,0,0,0,0,not_measured,0,1,0,0,0,3,1,false,,,0
research-browser,fetch_and_summarize,fetch_and_summarize_17,17,warm,drm:specialized,4,1,2357027,0,0,0,0,0,0,not_measured,0,0,1,0,0,4,1,false,,,0
research-browser,sync_notes,sync_notes_18,18,warm,drm:specialized,4,1,1892368,0,0,0,0,0,0,not_measured,0,1,0,0,0,5,1,false,,,0
utility-daemon,session_state,session_state_19,19,cold,drm:specialized,3,1,34505,0,0,0,0,0,0,not_measured,0,0,0,0,0,5,1,false,,,0
utility-daemon,idle_tick,idle_tick_20,20,cold,drm:specialized,3,1,2479078,0,0,0,0,0,0,not_measured,0,0,0,0,0,5,1,false,,,0
utility-daemon,session_state,session_state_21,21,warm,drm:specialized,3,1,76534,0,0,0,0,0,0,not_measured,0,0,0,0,0,5,1,false,,,0
utility-daemon,idle_tick,idle_tick_22,22,warm,drm:specialized,3,1,2124694,0,0,0,0,0,0,not_measured,0,0,0,0,0,5,1,false,,,0
utility-daemon,session_state,session_state_23,23,warm,drm:specialized,3,1,77645,0,0,0,0,0,0,not_measured,0,0,0,0,0,5,1,false,,,0
utility-daemon,idle_tick,idle_tick_24,24,warm,drm:specialized,3,1,2346810,0,0,0,0,0,0,not_measured,0,0,0,0,0,5,1,false,,,0
dev-editor,build_and_hash,build_and_hash_25,25,warm,drm:specialized,3,1,2138615,0,0,0,0,0,0,not_measured,1,0,0,1,1,5,1,false,,,0
dev-editor,save_and_backup,save_and_backup_26,26,warm,drm:specialized,1,1,143723,0,0,0,0,0,0,not_measured,0,0,0,1,1,5,1,false,,,0
dev-editor,build_and_hash,build_and_hash_27,27,warm,drm:specialized,3,1,1852493,0,0,0,0,0,0,not_measured,1,0,0,1,1,6,1,false,,,0
dev-editor,save_and_backup,save_and_backup_28,28,warm,drm:specialized,1,1,93039,0,0,0,0,0,0,not_measured,0,0,0,1,1,6,1,false,,,0
dev-editor,build_and_hash,build_and_hash_29,29,warm,drm:specialized,3,1,2092335,0,0,0,0,0,0,not_measured,1,0,0,1,1,6,1,false,,,0
dev-editor,save_and_backup,save_and_backup_30,30,warm,drm:specialized,1,1,104375,0,0,0,0,0,0,not_measured,0,0,0,1,1,6,1,false,,,0
dev-editor,build_and_hash,build_and_hash_31,31,warm,drm:specialized,3,1,2153970,0,0,0,0,0,0,not_measured,1,0,0,1,1,6,1,false,,,0
dev-editor,save_and_backup,save_and_backup_32,32,warm,drm:specialized,1,1,128664,0,0,0,0,0,0,not_measured,0,0,0,1,1,6,1,false,,,0
dev-editor,build_and_hash,build_and_hash_33,33,warm,drm:specialized,3,1,1693540,0,0,0,0,0,0,not_measured,1,0,0,1,1,6,1,false,,,0
dev-editor,save_and_backup,save_and_backup_34,34,warm,drm:specialized,1,1,88476,0,0,0,0,0,0,not_measured,0,0,0,1,1,6,1,false,,,0
dev-editor,build_and_hash,build_and_hash_35,35,warm,drm:specialized,3,1,1839634,0,0,0,0,0,0,not_measured,1,0,0,1,1,6,1,false,,,0
dev-editor,save_and_backup,save_and_backup_36,36,warm,drm:specialized,1,1,126156,0,0,0,0,0,0,not_measured,0,0,0,1,1,8,1,false,,,0
dev-editor,build_and_hash,build_and_hash_37,37,warm,drm:specialized,3,1,1881429,0,0,0,0,0,0,not_measured,1,0,0,1,1,8,1,false,,,0
dev-editor,save_and_backup,save_and_backup_38,38,warm,drm:specialized,1,1,86975,0,0,0,0,0,0,not_measured,0,0,0,1,1,9,1,false,,,0
dev-editor,build_and_hash,build_and_hash_39,39,warm,drm:specialized,3,1,2020264,0,0,0,0,0,0,not_measured,1,0,0,1,1,9,1,false,,,0
dev-editor,save_and_backup,save_and_backup_40,40,warm,drm:specialized,1,1,320077,0,0,0,0,0,0,not_measured,0,0,0,2,2,10,1,false,,,0
dev-editor,build_and_hash,build_and_hash_41,41,warm,drm:specialized,2,1,1770133,0,0,0,0,0,0,not_measured,1,0,0,2,2,10,1,false,,,0
dev-editor,save_and_backup,save_and_backup_42,42,warm,drm:specialized,1,1,166499,0,0,0,0,0,0,not_measured,0,0,0,2,2,10,1,false,,,0
dev-editor,build_and_hash,build_and_hash_43,43,warm,drm:specialized,2,1,2104100,0,0,0,0,0,0,not_measured,1,0,0,2,2,10,1,false,,,0
dev-editor,save_and_backup,save_and_backup_44,44,warm,drm:specialized,1,1,81826,0,0,0,0,0,0,not_measured,0,0,0,2,2,11,1,false,,,0
dev-editor,build_and_hash,build_and_hash_45,45,warm,drm:specialized,2,1,1703403,0,0,0,0,0,0,not_measured,1,0,0,2,2,11,1,false,,,0
dev-editor,save_and_backup,save_and_backup_46,46,warm,drm:specialized,1,1,110331,0,0,0,0,0,0,not_measured,0,0,0,2,2,11,1,true,fuse:dev-editor:transform.extract>transform.summarize,Verified,0
dev-editor,build_and_hash,build_and_hash_47,47,warm,drm:specialized,2,1,1844383,0,0,0,0,0,0,not_measured,1,0,0,2,2,11,1,false,,,0
dev-editor,save_and_backup,save_and_backup_48,48,warm,drm:specialized,1,1,90960,0,0,0,0,0,0,not_measured,0,0,0,2,2,12,1,true,fuse:dev-editor:transform.extract>transform.summarize,Verified,0
dev-editor,build_and_hash,build_and_hash_49,49,warm,drm:specialized,2,1,1789994,0,0,0,0,0,0,not_measured,1,0,0,2,2,12,1,true,fuse:dev-editor:transform.summarize,Verified,0
dev-editor,save_and_backup,save_and_backup_50,50,warm,drm:specialized,1,1,60499,0,0,0,0,0,0,not_measured,0,0,0,2,2,12,1,true,fuse:dev-editor:transform.extract>transform.summarize,Verified,0
dev-editor,build_and_hash,build_and_hash_51,51,warm,drm:specialized,2,1,1980041,0,0,0,0,0,0,not_measured,1,0,0,2,2,12,1,false,,,0
dev-editor,save_and_backup,save_and_backup_52,52,warm,drm:specialized,1,1,69335,0,0,0,0,0,0,not_measured,0,0,0,2,2,13,1,true,fuse:dev-editor:transform.extract>transform.summarize,Verified,0
dev-editor,build_and_hash,build_and_hash_53,53,warm,drm:specialized,2,1,1667625,0,0,0,0,0,0,not_measured,1,0,0,2,2,13,1,false,,,0
dev-editor,save_and_backup,save_and_backup_54,54,warm,drm:specialized,1,1,64408,0,0,0,0,0,0,not_measured,0,0,0,2,2,14,1,true,fuse:dev-editor:transform.extract>transform.summarize,Verified,0
dev-editor,build_and_hash,build_and_hash_55,55,warm,drm:specialized,2,1,2193692,0,0,0,0,0,0,not_measured,1,0,0,2,2,14,1,true,fuse:dev-editor:transform.summarize,Verified,0
dev-editor,save_and_backup,save_and_backup_56,56,warm,drm:specialized,1,1,82850,0,0,0,0,0,0,not_measured,0,0,0,2,2,14,1,false,,,0
dev-editor,build_and_hash,build_and_hash_57,57,warm,drm:specialized,2,1,1952666,0,0,0,0,0,0,not_measured,1,0,0,2,2,14,1,true,fuse:dev-editor:transform.summarize,Verified,0
dev-editor,save_and_backup,save_and_backup_58,58,warm,drm:specialized,1,1,81300,0,0,0,0,0,0,not_measured,0,0,0,2,2,14,1,false,,,0
dev-editor,build_and_hash,build_and_hash_59,59,warm,drm:specialized,2,1,2031987,0,0,0,0,0,0,not_measured,1,0,0,2,2,14,1,true,fuse:dev-editor:transform.summarize,Verified,0
dev-editor,save_and_backup,save_and_backup_60,60,warm,drm:specialized,1,1,527224,0,0,0,0,0,0,not_measured,0,0,0,2,3,15,1,true,fuse:dev-editor:transform.extract>transform.summarize,Verified,0
dev-editor,build_and_hash,build_and_hash_61,61,warm,drm:specialized,2,1,1896091,0,0,0,0,0,0,not_measured,1,0,0,2,3,15,1,true,fuse:dev-editor:transform.summarize,Verified,0
dev-editor,save_and_backup,save_and_backup_62,62,warm,drm:specialized,1,1,90087,0,0,0,0,0,0,not_measured,0,0,0,2,3,15,1,false,,,0
dev-editor,build_and_hash,build_and_hash_63,63,warm,drm:specialized,2,1,2130623,0,0,0,0,0,0,not_measured,1,0,0,2,3,15,1,false,,,0
dev-editor,save_and_backup,save_and_backup_64,64,warm,drm:specialized,1,1,62465,0,0,0,0,0,0,not_measured,0,0,0,2,3,15,1,true,fuse:dev-editor:transform.extract>transform.summarize,Verified,0
dev-editor,build_and_hash,build_and_hash_65,65,warm,drm:specialized,2,1,1732265,0,0,0,0,0,0,not_measured,1,0,0,2,3,15,1,false,,,0
dev-editor,save_and_backup,save_and_backup_66,66,warm,drm:specialized,1,1,75074,0,0,0,0,0,0,not_measured,0,0,0,2,3,16,1,true,fuse:dev-editor:transform.extract>transform.summarize,Verified,0
dev-editor,build_and_hash,build_and_hash_67,67,warm,drm:specialized,2,1,1815387,0,0,0,0,0,0,not_measured,1,0,0,2,3,16,1,true,fuse:dev-editor:transform.summarize,Verified,0
dev-editor,save_and_backup,save_and_backup_68,68,warm,drm:specialized,1,1,82083,0,0,0,0,0,0,not_measured,0,0,0,2,3,17,1,true,fuse:dev-editor:transform.extract>transform.summarize,Verified,0
dev-editor,build_and_hash,build_and_hash_69,69,warm,drm:specialized,2,1,2103493,0,0,0,0,0,0,not_measured,1,0,0,2,3,17,1,true,fuse:dev-editor:transform.summarize,Verified,0
dev-editor,save_and_backup,save_and_backup_70,70,warm,drm:specialized,1,1,71385,0,0,0,0,0,0,not_measured,0,0,0,2,3,17,1,true,fuse:dev-editor:transform.extract>transform.summarize,Verified,0
dev-editor,build_and_hash,build_and_hash_71,71,warm,drm:specialized,2,1,2076934,0,0,0,0,0,0,not_measured,1,0,0,2,3,17,1,true,fuse:dev-editor:transform.summarize,Verified,0
dev-editor,save_and_backup,save_and_backup_72,72,warm,drm:specialized,1,1,77607,0,0,0,0,0,0,not_measured,0,0,0,2,3,17,1,false,,,0
dev-editor,build_and_hash,build_and_hash_73,73,warm,drm:specialized,2,1,2100290,0,0,0,0,0,0,not_measured,1,0,0,2,3,17,1,true,fuse:dev-editor:transform.summarize,Verified,0
dev-editor,save_and_backup,save_and_backup_74,74,warm,drm:specialized,1,1,127490,0,0,0,0,0,0,not_measured,0,0,0,2,3,17,1,true,fuse:dev-editor:transform.extract>transform.summarize,Verified,0
dev-editor,build_and_hash,build_and_hash_75,75,warm,drm:specialized,2,1,2047064,0,0,0,0,0,0,not_measured,1,0,0,2,3,17,1,true,fuse:dev-editor:transform.summarize,Verified,0
dev-editor,save_and_backup,save_and_backup_76,76,warm,drm:specialized,1,1,157246,0,0,0,0,0,0,not_measured,0,0,0,2,3,18,1,false,,,0
dev-editor,build_and_hash,build_and_hash_77,77,warm,drm:specialized,2,1,1857514,0,0,0,0,0,0,not_measured,1,0,0,2,3,18,1,false,,,0
dev-editor,save_and_backup,save_and_backup_78,78,warm,drm:specialized,1,1,112820,0,0,0,0,0,0,not_measured,0,0,0,2,3,18,1,true,fuse:dev-editor:transform.extract>transform.summarize,Verified,0
dev-editor,build_and_hash,build_and_hash_79,79,warm,drm:specialized,2,1,1702837,0,0,0,0,0,0,not_measured,1,0,0,2,3,18,1,true,fuse:dev-editor:transform.summarize,Verified,0
dev-editor,save_and_backup,save_and_backup_80,80,warm,drm:specialized,1,1,578402,0,0,0,0,0,0,not_measured,0,0,0,2,4,18,1,false,,,0
dev-editor,build_and_hash,build_and_hash_81,81,warm,drm:specialized,2,1,1953170,0,0,0,0,0,0,not_measured,1,0,0,2,4,18,1,true,fuse:dev-editor:transform.summarize,Verified,0
dev-editor,save_and_backup,save_and_backup_82,82,warm,drm:specialized,1,1,86008,0,0,0,0,0,0,not_measured,0,0,0,2,4,18,1,true,read-avoid:dev-editor:inputs/report_9.csv+fuse:dev-editor:transform.extract>transform.summarize,,0
dev-editor,build_and_hash,build_and_hash_83,83,warm,drm:specialized,2,1,1671649,0,0,0,0,0,0,not_measured,1,0,0,2,4,18,1,true,fuse:dev-editor:transform.summarize,Verified,0
dev-editor,save_and_backup,save_and_backup_84,84,warm,drm:specialized,1,1,67453,0,0,0,0,0,0,not_measured,0,0,0,2,4,18,1,true,read-avoid:dev-editor:inputs/report_5.csv+fuse:dev-editor:transform.extract>transform.summarize,,0
report-tool,weekly_report,weekly_report_85,85,warm,drm:specialized,5,1,105241,0,0,0,0,0,0,not_measured,0,0,0,0,1,19,1,false,,,0
report-tool,notify_team,notify_team_86,86,warm,drm:specialized,1,1,59265,0,0,0,0,0,0,not_measured,0,0,0,0,1,19,1,false,,,0
report-tool,weekly_report,weekly_report_87,87,warm,drm:specialized,5,1,94755,0,0,0,0,0,0,not_measured,0,0,0,0,1,20,1,false,,,0
report-tool,notify_team,notify_team_88,88,warm,drm:specialized,1,1,41250,0,0,0,0,0,0,not_measured,0,0,0,0,1,20,1,false,,,0
report-tool,weekly_report,weekly_report_89,89,warm,drm:specialized,5,1,95429,0,0,0,0,0,0,not_measured,0,0,0,0,1,21,1,false,,,0
report-tool,notify_team,notify_team_90,90,warm,drm:specialized,1,1,24187,0,0,0,0,0,0,not_measured,0,0,0,0,1,21,1,false,,,0
report-tool,weekly_report,weekly_report_91,91,warm,drm:specialized,5,1,60069,0,0,0,0,0,0,not_measured,0,0,0,0,1,22,1,false,,,0
report-tool,notify_team,notify_team_92,92,warm,drm:specialized,1,1,19478,0,0,0,0,0,0,not_measured,0,0,0,0,1,22,1,false,,,0
report-tool,weekly_report,weekly_report_93,93,warm,drm:specialized,5,1,70424,0,0,0,0,0,0,not_measured,0,0,0,0,1,23,1,false,,,0
report-tool,notify_team,notify_team_94,94,warm,drm:specialized,1,1,20424,0,0,0,0,0,0,not_measured,0,0,0,0,1,23,1,false,,,0
report-tool,weekly_report,weekly_report_95,95,warm,drm:specialized,5,1,48618,0,0,0,0,0,0,not_measured,0,0,0,0,1,23,1,false,,,0
report-tool,notify_team,notify_team_96,96,warm,drm:specialized,1,1,18220,0,0,0,0,0,0,not_measured,0,0,0,0,1,23,1,false,,,0
report-tool,weekly_report,weekly_report_97,97,warm,drm:specialized,5,1,137315,0,0,0,0,0,0,not_measured,0,0,0,0,1,23,1,false,,,0
report-tool,notify_team,notify_team_98,98,warm,drm:specialized,1,1,22611,0,0,0,0,0,0,not_measured,0,0,0,0,1,23,1,false,,,0
report-tool,weekly_report,weekly_report_99,99,warm,drm:specialized,5,1,104351,0,0,0,0,0,0,not_measured,0,0,0,0,1,23,1,true,read-avoid:report-tool:inputs/report_6.csv,Verified,0
report-tool,notify_team,notify_team_100,100,warm,drm:specialized,1,1,620618,0,0,0,0,0,0,not_measured,0,0,0,1,0,23,1,false,,,0
report-tool,weekly_report,weekly_report_101,101,warm,drm:specialized,5,1,61395,0,0,0,0,0,0,not_measured,0,0,0,1,0,23,1,true,fuse:report-tool:transform.extract>transform.summarize,Verified,0
report-tool,notify_team,notify_team_102,102,warm,drm:specialized,1,1,27987,0,0,0,0,0,0,not_measured,0,0,0,1,0,23,1,false,,,0
report-tool,weekly_report,weekly_report_103,103,warm,drm:specialized,5,1,135449,0,0,0,0,0,0,not_measured,0,0,0,1,0,24,1,false,,,0
report-tool,notify_team,notify_team_104,104,warm,drm:specialized,1,1,27535,0,0,0,0,0,0,not_measured,0,0,0,1,0,24,1,false,,,0
report-tool,weekly_report,weekly_report_105,105,warm,drm:specialized,5,1,60361,0,0,0,0,0,0,not_measured,0,0,0,1,0,25,1,true,fuse:report-tool:transform.extract>transform.summarize,Verified,0
report-tool,notify_team,notify_team_106,106,warm,drm:specialized,1,1,40460,0,0,0,0,0,0,not_measured,0,0,0,1,0,25,1,false,,,0
report-tool,weekly_report,weekly_report_107,107,warm,drm:specialized,5,1,96527,0,0,0,0,0,0,not_measured,0,0,0,1,0,25,1,true,fuse:report-tool:transform.extract>transform.summarize,Verified,0
report-tool,notify_team,notify_team_108,108,warm,drm:specialized,1,1,27403,0,0,0,0,0,0,not_measured,0,0,0,1,0,25,1,false,,,0
report-tool,weekly_report,weekly_report_109,109,warm,drm:specialized,5,1,51783,0,0,0,0,0,0,not_measured,0,0,0,1,0,26,1,true,fuse:report-tool:transform.extract>transform.summarize,Verified,0
report-tool,notify_team,notify_team_110,110,warm,drm:specialized,1,1,20883,0,0,0,0,0,0,not_measured,0,0,0,1,0,26,1,false,,,0
report-tool,weekly_report,weekly_report_111,111,warm,drm:specialized,5,1,55751,0,0,0,0,0,0,not_measured,0,0,0,1,0,27,1,false,,,0
report-tool,notify_team,notify_team_112,112,warm,drm:specialized,1,1,27187,0,0,0,0,0,0,not_measured,0,0,0,1,0,27,1,false,,,0
report-tool,weekly_report,weekly_report_113,113,warm,drm:specialized,5,1,44392,0,0,0,0,0,0,not_measured,0,0,0,1,0,27,1,true,fuse:report-tool:transform.extract>transform.summarize,Verified,0
report-tool,notify_team,notify_team_114,114,warm,drm:specialized,1,1,20232,0,0,0,0,0,0,not_measured,0,0,0,1,0,27,1,false,,,0
report-tool,weekly_report,weekly_report_115,115,warm,drm:specialized,5,1,49544,0,0,0,0,0,0,not_measured,0,0,0,1,0,27,1,false,,,0
report-tool,notify_team,notify_team_116,116,warm,drm:specialized,1,1,19805,0,0,0,0,0,0,not_measured,0,0,0,1,0,27,1,false,,,0
report-tool,weekly_report,weekly_report_117,117,warm,drm:specialized,5,1,97235,0,0,0,0,0,0,not_measured,0,0,0,1,0,27,1,true,fuse:report-tool:transform.extract>transform.summarize,Verified,0
report-tool,notify_team,notify_team_118,118,warm,drm:specialized,1,1,22737,0,0,0,0,0,0,not_measured,0,0,0,1,0,27,1,false,,,0
report-tool,weekly_report,weekly_report_119,119,warm,drm:specialized,5,1,73358,0,0,0,0,0,0,not_measured,0,0,0,1,0,27,1,true,fuse:report-tool:transform.extract>transform.summarize,Verified,0
report-tool,notify_team,notify_team_120,120,warm,drm:specialized,1,1,31452,0,0,0,0,0,0,not_measured,0,0,0,1,0,27,1,false,,,0
report-tool,weekly_report,weekly_report_121,121,warm,drm:specialized,5,1,61430,0,0,0,0,0,0,not_measured,0,0,0,1,0,28,1,false,,,0
report-tool,notify_team,notify_team_122,122,warm,drm:specialized,1,1,22966,0,0,0,0,0,0,not_measured,0,0,0,1,0,28,1,false,,,0
report-tool,weekly_report,weekly_report_123,123,warm,drm:specialized,5,1,91684,0,0,0,0,0,0,not_measured,0,0,0,1,0,28,1,true,fuse:report-tool:transform.extract>transform.summarize,Verified,0
report-tool,notify_team,notify_team_124,124,warm,drm:specialized,1,1,24820,0,0,0,0,0,0,not_measured,0,0,0,1,0,28,1,false,,,0
report-tool,weekly_report,weekly_report_125,125,warm,drm:specialized,5,1,48245,0,0,0,0,0,0,not_measured,0,0,0,1,0,28,1,true,fuse:report-tool:transform.extract>transform.summarize,Verified,0
report-tool,notify_team,notify_team_126,126,warm,drm:specialized,1,1,19678,0,0,0,0,0,0,not_measured,0,0,0,1,0,28,1,false,,,0
report-tool,weekly_report,weekly_report_127,127,warm,drm:specialized,5,1,55633,0,0,0,0,0,0,not_measured,0,0,0,1,0,29,1,true,fuse:report-tool:transform.extract>transform.summarize,Verified,0
report-tool,notify_team,notify_team_128,128,warm,drm:specialized,1,1,19041,0,0,0,0,0,0,not_measured,0,0,0,1,0,29,1,false,,,0
report-tool,weekly_report,weekly_report_129,129,warm,drm:specialized,5,1,84856,0,0,0,0,0,0,not_measured,0,0,0,1,0,30,1,false,,,0
report-tool,notify_team,notify_team_130,130,warm,drm:specialized,1,1,21665,0,0,0,0,0,0,not_measured,0,0,0,1,0,30,1,false,,,0
report-tool,weekly_report,weekly_report_131,131,warm,drm:specialized,5,1,63863,0,0,0,0,0,0,not_measured,0,0,0,1,0,30,1,false,,,0
report-tool,notify_team,notify_team_132,132,warm,drm:specialized,1,1,20550,0,0,0,0,0,0,not_measured,0,0,0,1,0,30,1,false,,,0
report-tool,weekly_report,weekly_report_133,133,warm,drm:specialized,5,1,46864,0,0,0,0,0,0,not_measured,0,0,0,1,0,30,1,true,fuse:report-tool:transform.extract>transform.summarize,Verified,0
report-tool,notify_team,notify_team_134,134,warm,drm:specialized,1,1,19972,0,0,0,0,0,0,not_measured,0,0,0,1,0,30,1,false,,,0
report-tool,weekly_report,weekly_report_135,135,warm,drm:specialized,5,1,336085,0,0,0,0,0,0,not_measured,0,0,0,1,0,30,1,true,read-avoid:report-tool:inputs/report_6.csv+fuse:report-tool:transform.extract>transform.summarize,,0
report-tool,notify_team,notify_team_136,136,warm,drm:specialized,1,1,51646,0,0,0,0,0,0,not_measured,0,0,0,1,0,30,1,false,,,0
report-tool,weekly_report,weekly_report_137,137,warm,drm:specialized,5,1,83523,0,0,0,0,0,0,not_measured,0,0,0,1,0,30,1,true,read-avoid:report-tool:inputs/report_14.csv+fuse:report-tool:transform.extract>transform.summarize,,0
report-tool,notify_team,notify_team_138,138,warm,drm:specialized,1,1,25038,0,0,0,0,0,0,not_measured,0,0,0,1,0,30,1,false,,,0
report-tool,weekly_report,weekly_report_139,139,warm,drm:specialized,5,1,48670,0,0,0,0,0,0,not_measured,0,0,0,1,0,30,1,true,fuse:report-tool:transform.extract>transform.summarize,Verified,0
report-tool,notify_team,notify_team_140,140,warm,drm:specialized,1,1,31408,0,0,0,0,0,0,not_measured,0,0,0,1,0,30,1,false,,,0
research-browser,fetch_and_summarize,fetch_and_summarize_141,141,warm,drm:specialized,4,1,5227109,0,0,0,0,0,0,not_measured,0,0,1,1,1,30,1,false,,,0
research-browser,sync_notes,sync_notes_142,142,warm,drm:specialized,1,1,1850989,0,0,0,0,0,0,not_measured,0,1,0,1,1,31,1,false,,,0
research-browser,fetch_and_summarize,fetch_and_summarize_143,143,warm,drm:specialized,4,1,2265079,0,0,0,0,0,0,not_measured,0,0,1,1,1,31,1,false,,,0
research-browser,sync_notes,sync_notes_144,144,warm,drm:specialized,1,1,1873779,0,0,0,0,0,0,not_measured,0,1,0,1,1,32,1,false,,,0
research-browser,fetch_and_summarize,fetch_and_summarize_145,145,warm,drm:specialized,4,1,2286790,0,0,0,0,0,0,not_measured,0,0,1,1,1,32,1,false,,,0
research-browser,sync_notes,sync_notes_146,146,warm,drm:specialized,1,1,1888941,0,0,0,0,0,0,not_measured,0,1,0,1,1,33,1,false,,,0
research-browser,fetch_and_summarize,fetch_and_summarize_147,147,warm,drm:specialized,4,1,2360462,0,0,0,0,0,0,not_measured,0,0,1,1,1,33,1,false,,,0
research-browser,sync_notes,sync_notes_148,148,warm,drm:specialized,1,1,1855361,0,0,0,0,0,0,not_measured,0,1,0,1,1,33,1,false,,,0
research-browser,fetch_and_summarize,fetch_and_summarize_149,149,warm,drm:specialized,4,1,228694,0,0,0,0,0,0,not_measured,0,0,1,1,1,33,1,false,,,0
research-browser,sync_notes,sync_notes_150,150,warm,drm:specialized,1,1,1889505,0,0,0,0,0,0,not_measured,0,1,0,1,1,34,1,false,,,0
research-browser,fetch_and_summarize,fetch_and_summarize_151,151,warm,drm:specialized,4,1,255434,0,0,0,0,0,0,not_measured,0,0,1,1,1,34,1,true,fuse:research-browser:transform.extract>transform.summarize,Verified,0
research-browser,sync_notes,sync_notes_152,152,warm,drm:specialized,1,1,1808533,0,0,0,0,0,0,not_measured,0,1,0,1,1,35,1,false,,,0
research-browser,fetch_and_summarize,fetch_and_summarize_153,153,warm,drm:specialized,4,1,251525,0,0,0,0,0,0,not_measured,0,0,1,1,1,35,1,true,fuse:research-browser:transform.extract>transform.summarize,Verified,0
research-browser,sync_notes,sync_notes_154,154,warm,drm:specialized,1,1,1754382,0,0,0,0,0,0,not_measured,0,1,0,1,1,36,1,false,,,0
research-browser,fetch_and_summarize,fetch_and_summarize_155,155,warm,drm:specialized,4,1,371375,0,0,0,0,0,0,not_measured,0,0,1,1,1,36,1,true,fuse:research-browser:transform.extract>transform.summarize,Verified,0
research-browser,sync_notes,sync_notes_156,156,warm,drm:specialized,1,1,1795080,0,0,0,0,0,0,not_measured,0,1,0,1,1,37,1,false,,,0
research-browser,fetch_and_summarize,fetch_and_summarize_157,157,warm,drm:specialized,4,1,313748,0,0,0,0,0,0,not_measured,0,0,1,1,1,37,1,false,,,0
research-browser,sync_notes,sync_notes_158,158,warm,drm:specialized,1,1,1700003,0,0,0,0,0,0,not_measured,0,1,0,1,1,37,1,false,,,0
research-browser,fetch_and_summarize,fetch_and_summarize_159,159,warm,drm:specialized,4,1,334214,0,0,0,0,0,0,not_measured,0,0,1,1,1,37,1,true,fuse:research-browser:transform.extract>transform.summarize,Verified,0
research-browser,sync_notes,sync_notes_160,160,warm,drm:specialized,1,1,1919884,0,0,0,0,0,0,not_measured,0,1,0,1,2,37,1,true,fuse:research-browser:transform.summarize,Verified,0
research-browser,fetch_and_summarize,fetch_and_summarize_161,161,warm,drm:specialized,4,1,206358,0,0,0,0,0,0,not_measured,0,0,1,1,2,37,1,false,,,0
research-browser,sync_notes,sync_notes_162,162,warm,drm:specialized,1,1,1743896,0,0,0,0,0,0,not_measured,0,1,0,1,2,38,1,false,,,0
research-browser,fetch_and_summarize,fetch_and_summarize_163,163,warm,drm:specialized,4,1,346016,0,0,0,0,0,0,not_measured,0,0,1,1,2,38,1,true,fuse:research-browser:transform.extract>transform.summarize,Verified,0
research-browser,sync_notes,sync_notes_164,164,warm,drm:specialized,1,1,1739074,0,0,0,0,0,0,not_measured,0,1,0,1,2,39,1,false,,,0
research-browser,fetch_and_summarize,fetch_and_summarize_165,165,warm,drm:specialized,4,1,365480,0,0,0,0,0,0,not_measured,0,0,1,1,2,39,1,false,,,0
research-browser,sync_notes,sync_notes_166,166,warm,drm:specialized,1,1,1779770,0,0,0,0,0,0,not_measured,0,1,0,1,2,39,1,true,read-avoid:research-browser:inputs/report_13.csv+fuse:research-browser:transform.summarize,,0
research-browser,fetch_and_summarize,fetch_and_summarize_167,167,warm,drm:specialized,4,1,370508,0,0,0,0,0,0,not_measured,0,0,1,1,2,39,1,false,,,0
research-browser,sync_notes,sync_notes_168,168,warm,drm:specialized,1,1,1693135,0,0,0,0,0,0,not_measured,0,1,0,1,2,40,1,false,,,0
research-browser,fetch_and_summarize,fetch_and_summarize_169,169,warm,drm:specialized,4,1,391554,0,0,0,0,0,0,not_measured,0,0,1,1,2,40,1,true,fuse:research-browser:transform.extract>transform.summarize,Verified,0
research-browser,sync_notes,sync_notes_170,170,warm,drm:specialized,1,1,1700000,0,0,0,0,0,0,not_measured,0,1,0,1,2,40,1,true,fuse:research-browser:transform.summarize,Verified,0
research-browser,fetch_and_summarize,fetch_and_summarize_171,171,warm,drm:specialized,4,1,413477,0,0,0,0,0,0,not_measured,0,0,1,1,2,40,1,true,fuse:research-browser:transform.extract>transform.summarize,Verified,0
research-browser,sync_notes,sync_notes_172,172,warm,drm:specialized,1,1,1675097,0,0,0,0,0,0,not_measured,0,1,0,1,2,40,1,true,fuse:research-browser:transform.summarize,Verified,0
research-browser,fetch_and_summarize,fetch_and_summarize_173,173,warm,drm:specialized,4,1,523488,0,0,0,0,0,0,not_measured,0,0,1,1,2,40,1,true,fuse:research-browser:transform.extract>transform.summarize,Verified,0
research-browser,sync_notes,sync_notes_174,174,warm,drm:specialized,1,1,1559490,0,0,0,0,0,0,not_measured,0,1,0,1,2,40,1,false,,,0
research-browser,fetch_and_summarize,fetch_and_summarize_175,175,warm,drm:specialized,4,1,458633,0,0,0,0,0,0,not_measured,0,0,1,1,2,40,1,true,fuse:research-browser:transform.extract>transform.summarize,Verified,0
research-browser,sync_notes,sync_notes_176,176,warm,drm:specialized,1,1,1591041,0,0,0,0,0,0,not_measured,0,1,0,1,2,40,1,true,fuse:research-browser:transform.summarize,Verified,0
research-browser,fetch_and_summarize,fetch_and_summarize_177,177,warm,drm:specialized,4,1,650985,0,0,0,0,0,0,not_measured,0,0,1,1,2,40,1,true,fuse:research-browser:transform.extract>transform.summarize,Verified,0
research-browser,sync_notes,sync_notes_178,178,warm,drm:specialized,1,1,1427884,0,0,0,0,0,0,not_measured,0,1,0,1,2,40,1,false,,,0
research-browser,fetch_and_summarize,fetch_and_summarize_179,179,warm,drm:specialized,4,1,535199,0,0,0,0,0,0,not_measured,0,0,1,1,2,40,1,false,,,0
research-browser,sync_notes,sync_notes_180,180,warm,drm:specialized,1,1,1814298,0,0,0,0,0,0,not_measured,0,1,0,1,3,41,1,false,,,0
research-browser,fetch_and_summarize,fetch_and_summarize_181,181,warm,drm:specialized,4,1,314525,0,0,0,0,0,0,not_measured,0,0,1,1,3,41,1,true,fuse:research-browser:transform.extract>transform.summarize,Verified,0
research-browser,sync_notes,sync_notes_182,182,warm,drm:specialized,1,1,1563818,0,0,0,0,0,0,not_measured,0,1,0,1,3,41,1,true,fuse:research-browser:transform.summarize,Verified,0
research-browser,fetch_and_summarize,fetch_and_summarize_183,183,warm,drm:specialized,4,1,595909,0,0,0,0,0,0,not_measured,0,0,1,1,3,41,1,true,fuse:research-browser:transform.extract>transform.summarize,Verified,0
research-browser,sync_notes,sync_notes_184,184,warm,drm:specialized,1,1,1432937,0,0,0,0,0,0,not_measured,0,1,0,1,3,41,1,true,fuse:research-browser:transform.summarize,Verified,0
research-browser,fetch_and_summarize,fetch_and_summarize_185,185,warm,drm:specialized,4,1,669279,0,0,0,0,0,0,not_measured,0,0,1,1,3,41,1,true,fuse:research-browser:transform.extract>transform.summarize,Verified,0
research-browser,sync_notes,sync_notes_186,186,warm,drm:specialized,1,1,1386777,0,0,0,0,0,0,not_measured,0,1,0,1,3,42,1,false,,,0
research-browser,fetch_and_summarize,fetch_and_summarize_187,187,warm,drm:specialized,4,1,764895,0,0,0,0,0,0,not_measured,0,0,1,1,3,42,1,true,fuse:research-browser:transform.extract>transform.summarize,Verified,0
research-browser,sync_notes,sync_notes_188,188,warm,drm:specialized,1,1,1376850,0,0,0,0,0,0,not_measured,0,1,0,1,3,42,1,true,fuse:research-browser:transform.summarize,Verified,0
research-browser,fetch_and_summarize,fetch_and_summarize_189,189,warm,drm:specialized,4,1,764905,0,0,0,0,0,0,not_measured,0,0,1,1,3,42,1,true,fuse:research-browser:transform.extract>transform.summarize,Verified,0
research-browser,sync_notes,sync_notes_190,190,warm,drm:specialized,1,1,1266562,0,0,0,0,0,0,not_measured,0,1,0,1,3,42,1,true,fuse:research-browser:transform.summarize,Verified,0
utility-daemon,session_state,session_state_191,191,warm,drm:specialized,3,1,131137,0,0,0,0,0,0,not_measured,0,0,0,0,1,42,1,false,,,0
utility-daemon,idle_tick,idle_tick_192,192,warm,drm:specialized,1,1,2338673,0,0,0,0,0,0,not_measured,0,0,0,0,1,42,1,false,,,0
utility-daemon,session_state,session_state_193,193,warm,drm:specialized,3,1,76336,0,0,0,0,0,0,not_measured,0,0,0,0,1,42,1,false,,,0
utility-daemon,idle_tick,idle_tick_194,194,warm,drm:specialized,1,1,2317393,0,0,0,0,0,0,not_measured,0,0,0,0,1,42,1,false,,,0
utility-daemon,session_state,session_state_195,195,warm,drm:specialized,3,1,72621,0,0,0,0,0,0,not_measured,0,0,0,0,1,42,1,false,,,0
utility-daemon,idle_tick,idle_tick_196,196,warm,drm:specialized,1,1,2441244,0,0,0,0,0,0,not_measured,0,0,0,0,1,42,1,false,,,0
utility-daemon,session_state,session_state_197,197,warm,drm:specialized,3,1,122981,0,0,0,0,0,0,not_measured,0,0,0,0,1,42,1,false,,,0
utility-daemon,idle_tick,idle_tick_198,198,warm,drm:specialized,1,1,2289878,0,0,0,0,0,0,not_measured,0,0,0,0,1,42,1,false,,,0
utility-daemon,session_state,session_state_199,199,warm,drm:specialized,3,1,137704,0,0,0,0,0,0,not_measured,0,0,0,0,1,42,1,false,,,0
utility-daemon,idle_tick,idle_tick_200,200,warm,drm:specialized,1,1,2415077,0,0,0,0,0,0,not_measured,0,0,0,1,1,42,1,false,,,0
utility-daemon,session_state,session_state_201,201,warm,drm:specialized,3,1,87202,0,0,0,0,0,0,not_measured,0,0,0,1,1,42,1,false,,,0
utility-daemon,idle_tick,idle_tick_202,202,warm,drm:specialized,1,1,2105886,0,0,0,0,0,0,not_measured,0,0,0,1,1,42,1,false,,,0
utility-daemon,session_state,session_state_203,203,warm,drm:specialized,3,1,374801,0,0,0,0,0,0,not_measured,0,0,0,1,1,42,1,false,,,0
utility-daemon,idle_tick,idle_tick_204,204,warm,drm:specialized,1,1,2123714,0,0,0,0,0,0,not_measured,0,0,0,1,1,42,1,false,,,0
utility-daemon,session_state,session_state_205,205,warm,drm:specialized,3,1,98539,0,0,0,0,0,0,not_measured,0,0,0,1,1,42,1,false,,,0
utility-daemon,idle_tick,idle_tick_206,206,warm,drm:specialized,1,1,2173115,0,0,0,0,0,0,not_measured,0,0,0,1,1,42,1,false,,,0
utility-daemon,session_state,session_state_207,207,warm,drm:specialized,3,1,94126,0,0,0,0,0,0,not_measured,0,0,0,1,1,42,1,false,,,0
utility-daemon,idle_tick,idle_tick_208,208,warm,drm:specialized,1,1,2130900,0,0,0,0,0,0,not_measured,0,0,0,1,1,42,1,false,,,0
utility-daemon,session_state,session_state_209,209,warm,drm:specialized,3,1,76182,0,0,0,0,0,0,not_measured,0,0,0,1,1,42,1,false,,,0
utility-daemon,idle_tick,idle_tick_210,210,warm,drm:specialized,1,1,2405299,0,0,0,0,0,0,not_measured,0,0,0,1,1,42,1,false,,,0
utility-daemon,session_state,session_state_211,211,warm,drm:specialized,3,1,273705,0,0,0,0,0,0,not_measured,0,0,0,1,1,42,1,false,,,0
utility-daemon,idle_tick,idle_tick_212,212,warm,drm:specialized,1,1,2336225,0,0,0,0,0,0,not_measured,0,0,0,1,1,42,1,false,,,0
utility-daemon,session_state,session_state_213,213,warm,drm:specialized,3,1,204869,0,0,0,0,0,0,not_measured,0,0,0,1,1,42,1,false,,,0
utility-daemon,idle_tick,idle_tick_214,214,warm,drm:specialized,1,1,2210316,0,0,0,0,0,0,not_measured,0,0,0,1,1,42,1,false,,,0
utility-daemon,session_state,session_state_215,215,warm,drm:specialized,3,1,165787,0,0,0,0,0,0,not_measured,0,0,0,1,1,42,1,false,,,0
utility-daemon,idle_tick,idle_tick_216,216,warm,drm:specialized,1,1,2400213,0,0,0,0,0,0,not_measured,0,0,0,1,1,42,1,false,,,0
utility-daemon,session_state,session_state_217,217,warm,drm:specialized,3,1,87753,0,0,0,0,0,0,not_measured,0,0,0,1,1,42,1,false,,,0
utility-daemon,idle_tick,idle_tick_218,218,warm,drm:specialized,1,1,2204227,0,0,0,0,0,0,not_measured,0,0,0,1,1,42,1,false,,,0
utility-daemon,session_state,session_state_219,219,warm,drm:specialized,3,1,179610,0,0,0,0,0,0,not_measured,0,0,0,1,1,42,1,false,,,0
utility-daemon,idle_tick,idle_tick_220,220,warm,drm:specialized,1,1,2496339,0,0,0,0,0,0,not_measured,0,0,0,1,2,42,1,false,,,0
utility-daemon,session_state,session_state_221,221,warm,drm:specialized,3,1,76989,0,0,0,0,0,0,not_measured,0,0,0,1,2,42,1,false,,,0
utility-daemon,idle_tick,idle_tick_222,222,warm,drm:specialized,1,1,2172123,0,0,0,0,0,0,not_measured,0,0,0,1,2,42,1,false,,,0
utility-daemon,session_state,session_state_223,223,warm,drm:specialized,3,1,78500,0,0,0,0,0,0,not_measured,0,0,0,1,2,42,1,false,,,0
utility-daemon,idle_tick,idle_tick_224,224,warm,drm:specialized,1,1,2340253,0,0,0,0,0,0,not_measured,0,0,0,1,2,42,1,false,,,0
utility-daemon,session_state,session_state_225,225,warm,drm:specialized,3,1,114892,0,0,0,0,0,0,not_measured,0,0,0,1,2,42,1,false,,,0
utility-daemon,idle_tick,idle_tick_226,226,warm,drm:specialized,1,1,2254052,0,0,0,0,0,0,not_measured,0,0,0,1,2,42,1,false,,,0
utility-daemon,session_state,session_state_227,227,warm,drm:specialized,3,1,355584,0,0,0,0,0,0,not_measured,0,0,0,1,2,42,1,false,,,0
utility-daemon,idle_tick,idle_tick_228,228,warm,drm:specialized,1,1,2401726,0,0,0,0,0,0,not_measured,0,0,0,1,2,42,1,false,,,0
utility-daemon,session_state,session_state_229,229,warm,drm:specialized,3,1,92071,0,0,0,0,0,0,not_measured,0,0,0,1,2,42,1,false,,,0
utility-daemon,idle_tick,idle_tick_230,230,warm,drm:specialized,1,1,2165082,0,0,0,0,0,0,not_measured,0,0,0,1,2,42,1,false,,,0
utility-daemon,session_state,session_state_231,231,warm,drm:specialized,3,1,123862,0,0,0,0,0,0,not_measured,0,0,0,1,2,42,1,false,,,0
utility-daemon,idle_tick,idle_tick_232,232,warm,drm:specialized,1,1,2156890,0,0,0,0,0,0,not_measured,0,0,0,1,2,42,1,false,,,0
utility-daemon,session_state,session_state_233,233,warm,drm:specialized,3,1,281996,0,0,0,0,0,0,not_measured,0,0,0,1,2,42,1,false,,,0
utility-daemon,idle_tick,idle_tick_234,234,warm,drm:specialized,1,1,2170629,0,0,0,0,0,0,not_measured,0,0,0,1,2,42,1,false,,,0
utility-daemon,session_state,session_state_235,235,warm,drm:specialized,3,1,76943,0,0,0,0,0,0,not_measured,0,0,0,1,2,42,1,false,,,0
utility-daemon,idle_tick,idle_tick_236,236,warm,drm:specialized,1,1,2386988,0,0,0,0,0,0,not_measured,0,0,0,1,2,42,1,false,,,0
utility-daemon,session_state,session_state_237,237,warm,drm:specialized,3,1,201867,0,0,0,0,0,0,not_measured,0,0,0,1,2,42,1,false,,,0
utility-daemon,idle_tick,idle_tick_238,238,warm,drm:specialized,1,1,2140788,0,0,0,0,0,0,not_measured,0,0,0,1,2,42,1,false,,,0
utility-daemon,session_state,session_state_239,239,warm,drm:specialized,3,1,135130,0,0,0,0,0,0,not_measured,0,0,0,1,2,42,1,false,,,0
utility-daemon,idle_tick,idle_tick_240,240,warm,drm:specialized,1,1,2479989,0,0,0,0,0,0,not_measured,0,0,0,1,2,42,1,false,,,0
utility-daemon,session_state,session_state_241,241,warm,drm:specialized,3,1,99957,0,0,0,0,0,0,not_measured,0,0,0,1,2,42,1,false,,,0
utility-daemon,idle_tick,idle_tick_242,242,warm,drm:specialized,1,1,2126297,0,0,0,0,0,0,not_measured,0,0,0,1,2,42,1,false,,,0
utility-daemon,session_state,session_state_243,243,warm,drm:specialized,3,1,76314,0,0,0,0,0,0,not_measured,0,0,0,1,2,42,1,false,,,0
utility-daemon,idle_tick,idle_tick_244,244,warm,drm:specialized,1,1,2396002,0,0,0,0,0,0,not_measured,0,0,0,1,2,42,1,false,,,0
utility-daemon,session_state,session_state_245,245,warm,drm:specialized,3,1,89195,0,0,0,0,0,0,not_measured,0,0,0,1,2,42,1,false,,,0
utility-daemon,idle_tick,idle_tick_246,246,warm,drm:specialized,1,1,2122382,0,0,0,0,0,0,not_measured,0,0,0,1,2,42,1,false,,,0
utility-daemon,session_state,session_state_247,247,warm,drm:specialized,3,1,83685,0,0,0,0,0,0,not_measured,0,0,0,1,2,42,1,false,,,0
utility-daemon,idle_tick,idle_tick_248,248,warm,drm:specialized,1,1,2122484,0,0,0,0,0,0,not_measured,0,0,0,1,2,42,1,false,,,0
utility-daemon,session_state,session_state_249,249,warm,drm:specialized,3,1,119425,0,0,0,0,0,0,not_measured,0,0,0,1,2,42,1,false,,,0
utility-daemon,idle_tick,idle_tick_250,250,warm,drm:specialized,1,1,2378420,0,0,0,0,0,0,not_measured,0,0,0,1,2,42,1,false,,,0
report-tool,weekly_report,weekly_report_251,251,warm,drm:specialized,6,1,237950,0,0,0,0,0,0,not_measured,0,0,0,1,0,43,1,false,,,0
report-tool,weekly_report,weekly_report_252,252,warm,drm:specialized,6,1,83161,0,0,0,0,0,0,not_measured,0,0,0,1,0,43,1,false,,,0
report-tool,weekly_report,weekly_report_253,253,warm,drm:specialized,6,1,70194,0,0,0,0,0,0,not_measured,0,0,0,1,0,43,1,true,read-avoid:report-tool:inputs/report_14.csv,Verified,0
report-tool,weekly_report,weekly_report_254,254,warm,drm:specialized,6,1,114184,0,0,0,0,0,0,not_measured,0,0,0,1,0,44,1,false,,,0
report-tool,weekly_report,weekly_report_255,255,warm,drm:specialized,6,1,70838,0,0,0,0,0,0,not_measured,0,0,0,1,0,44,1,false,,,0
report-tool,weekly_report,weekly_report_256,256,warm,drm:specialized,6,1,64600,0,0,0,0,0,0,not_measured,0,0,0,1,0,44,1,true,read-avoid:report-tool:inputs/report_15.csv,Verified,0
report-tool,weekly_report,weekly_report_257,257,warm,drm:specialized,6,1,66685,0,0,0,0,0,0,not_measured,0,0,0,1,0,44,1,true,read-avoid:report-tool:inputs/report_15.csv,Verified,0
report-tool,weekly_report,weekly_report_258,258,warm,drm:specialized,6,1,119912,0,0,0,0,0,0,not_measured,0,0,0,1,0,44,1,true,read-avoid:report-tool:inputs/report_7.csv,Verified,0
report-tool,weekly_report,weekly_report_259,259,warm,drm:specialized,6,1,82376,0,0,0,0,0,0,not_measured,0,0,0,1,0,44,1,true,read-avoid:report-tool:inputs/report_15.csv+fuse:report-tool:transform.extract>transform.extract>transform.summarize,,0
report-tool,weekly_report,weekly_report_260,260,warm,drm:specialized,6,1,635841,0,0,0,0,0,0,not_measured,0,0,0,2,1,45,1,false,,,0
dev-editor,save_and_backup,save_and_backup_261,261,warm,drm:specialized,1,1,92305,0,0,0,0,0,0,not_measured,0,0,0,2,5,46,1,true,fuse:dev-editor:transform.extract>transform.summarize,Verified,0
dev-editor,save_and_backup,save_and_backup_262,262,warm,drm:specialized,1,1,69117,0,0,0,0,0,0,not_measured,0,0,0,2,5,46,1,false,,,0
dev-editor,save_and_backup,save_and_backup_263,263,warm,drm:specialized,1,1,106132,0,0,0,0,0,0,not_measured,0,0,0,2,5,46,1,true,fuse:dev-editor:transform.extract>transform.summarize,Verified,0
dev-editor,save_and_backup,save_and_backup_264,264,warm,drm:specialized,1,1,94603,0,0,0,0,0,0,not_measured,0,0,0,2,5,46,1,true,fuse:dev-editor:transform.extract>transform.summarize,Verified,0
dev-editor,save_and_backup,save_and_backup_265,265,warm,drm:specialized,1,1,112082,0,0,0,0,0,0,not_measured,0,0,0,2,5,46,1,true,fuse:dev-editor:transform.extract>transform.summarize,Verified,0
dev-editor,save_and_backup,save_and_backup_266,266,warm,drm:specialized,1,1,252222,0,0,0,0,0,0,not_measured,0,0,0,2,5,46,1,true,fuse:dev-editor:transform.extract>transform.summarize,Verified,0
dev-editor,save_and_backup,save_and_backup_267,267,warm,drm:specialized,1,1,99938,0,0,0,0,0,0,not_measured,0,0,0,2,5,46,1,true,fuse:dev-editor:transform.extract>transform.summarize,Verified,0
dev-editor,save_and_backup,save_and_backup_268,268,warm,drm:specialized,1,1,59972,0,0,0,0,0,0,not_measured,0,0,0,2,5,46,1,true,read-avoid:dev-editor:inputs/report_1.csv,Verified,0
dev-editor,save_and_backup,save_and_backup_82,269,warm,drm:specialized,1,0,88558,0,0,0,0,0,0,not_measured,0,0,0,2,5,46,0,true,read-avoid:dev-editor:inputs/report_9.csv+fuse:dev-editor:transform.extract>transform.summarize,,0
utility-daemon,idle_tick,idle_tick_202,270,warm,drm:specialized,1,0,2095884,0,0,0,0,0,0,not_measured,0,0,0,1,2,46,0,false,,,0
research-browser,sync_notes,sync_notes_176,271,warm,drm:specialized,1,0,1453744,0,0,0,0,0,0,not_measured,0,1,0,1,4,46,0,true,fuse:research-browser:transform.summarize,Verified,0
research-browser,fetch_and_summarize,fetch_and_summarize_157,272,warm,drm:specialized,1,0,932817,0,0,0,0,0,0,not_measured,0,0,1,1,4,46,0,false,,,0
dev-editor,save_and_backup,save_and_backup_62,273,warm,drm:specialized,1,0,97622,0,0,0,0,0,0,not_measured,0,0,0,2,5,47,0,true,fuse:dev-editor:transform.extract>transform.summarize,Verified,0
research-browser,sync_notes,sync_notes_16,274,warm,drm:specialized,1,0,1137888,0,0,0,0,0,0,not_measured,0,1,0,1,4,47,0,true,read-avoid:research-browser:inputs/report_13.csv,Verified,0
research-browser,fetch_and_summarize,fetch_and_summarize_177,275,warm,drm:specialized,1,0,885602,0,0,0,0,0,0,not_measured,0,0,1,1,4,47,0,true,fuse:research-browser:transform.extract>transform.summarize,Verified,0
dev-editor,build_and_hash,build_and_hash_55,276,warm,drm:specialized,1,0,2457769,0,0,0,0,0,0,not_measured,1,0,0,2,5,47,0,true,fuse:dev-editor:transform.summarize,Verified,0
research-browser,fetch_and_summarize,fetch_and_summarize_151,277,warm,drm:specialized,1,0,1726338,0,0,0,0,0,0,not_measured,0,0,1,1,4,47,0,true,fuse:research-browser:transform.extract>transform.summarize,Verified,0
report-tool,weekly_report,weekly_report_256,278,warm,drm:specialized,1,0,103048,0,0,0,0,0,0,not_measured,0,0,0,2,1,47,0,true,read-avoid:report-tool:inputs/report_15.csv+fuse:report-tool:transform.extract>transform.extract>transform.summarize,,0
dev-editor,build_and_hash,build_and_hash_31,279,warm,drm:specialized,1,0,2030791,0,0,0,0,0,0,not_measured,1,0,0,2,5,47,0,true,fuse:dev-editor:transform.summarize,Verified,0
report-tool,notify_team,notify_team_128,280,warm,drm:specialized,1,0,806307,0,0,0,0,0,0,not_measured,0,0,0,2,1,47,0,false,,,0
report-tool,notify_team,notify_team_112,281,warm,drm:specialized,1,0,30629,0,0,0,0,0,0,not_measured,0,0,0,2,1,47,0,false,,,0
dev-editor,build_and_hash,build_and_hash_79,282,warm,drm:specialized,1,0,1850985,0,0,0,0,0,0,not_measured,1,0,0,2,6,47,0,false,,,0
report-tool,notify_team,notify_team_120,283,warm,drm:specialized,1,0,44967,0,0,0,0,0,0,not_measured,0,0,0,2,1,47,0,false,,,0
dev-editor,build_and_hash,build_and_hash_3,284,warm,drm:specialized,1,0,1841292,0,0,0,0,0,0,not_measured,1,0,0,2,6,47,0,true,fuse:dev-editor:transform.summarize,Verified,0
report-tool,weekly_report,weekly_report_117,285,warm,drm:specialized,1,0,104907,0,0,0,0,0,0,not_measured,0,0,0,2,1,47,0,true,read-avoid:report-tool:inputs/report_13.csv+fuse:report-tool:transform.extract>transform.summarize,,0
utility-daemon,session_state,session_state_211,286,warm,drm:specialized,1,0,78303,0,0,0,0,0,0,not_measured,0,0,0,1,2,47,0,false,,,0
research-browser,fetch_and_summarize,fetch_and_summarize_185,287,warm,drm:specialized,1,0,1552079,0,0,0,0,0,0,not_measured,0,0,1,1,4,47,0,true,fuse:research-browser:transform.extract>transform.summarize,Verified,0
utility-daemon,session_state,session_state_193,288,warm,drm:specialized,1,0,115585,0,0,0,0,0,0,not_measured,0,0,0,1,2,47,0,false,,,0
dev-editor,noise,noise_269,289,cold,drm:specialized,2,1,32839,0,0,0,0,0,0,not_measured,0,0,0,2,6,47,1,false,,,0
dev-editor,noise,noise_270,290,warm,drm:specialized,2,1,16335,0,0,0,0,0,0,not_measured,0,0,0,2,6,47,1,false,,,0
dev-editor,noise,noise_271,291,warm,drm:specialized,2,1,50365,0,0,0,0,0,0,not_measured,0,0,0,2,6,47,1,false,,,0
dev-editor,noise,noise_272,292,warm,drm:specialized,2,1,4307266,0,0,0,0,0,0,not_measured,0,0,0,2,6,47,1,false,,,0
dev-editor,noise,noise_273,293,warm,drm:specialized,2,1,3694958,0,0,0,0,0,0,not_measured,0,0,2,2,6,47,1,false,,,0
dev-editor,noise,noise_274,294,warm,drm:specialized,2,1,3057102,0,0,0,0,0,0,not_measured,0,2,0,2,6,47,1,false,,,0
dev-editor,noise,noise_275,295,warm,drm:specialized,2,1,4298970,0,0,0,0,0,0,not_measured,2,0,0,2,6,47,1,false,,,0
dev-editor,noise,noise_276,296,warm,drm:specialized,2,1,78321,0,0,0,0,0,0,not_measured,0,0,0,2,6,47,1,false,,,0
dev-editor,noise,noise_277,297,warm,drm:specialized,2,1,247683,0,0,0,0,0,0,not_measured,0,0,0,2,6,47,1,false,,,0
dev-editor,noise,noise_278,298,warm,drm:specialized,2,1,21455,0,0,0,0,0,0,not_measured,0,0,0,2,6,47,1,false,,,0
dev-editor,noise,noise_279,299,warm,drm:specialized,3,1,34166,0,0,0,0,0,0,not_measured,0,0,0,2,6,48,1,false,,,0
dev-editor,noise,noise_280,300,warm,drm:specialized,3,1,62680,0,0,0,0,0,0,not_measured,0,0,0,2,0,48,1,false,,,0
dev-editor,noise,noise_281,301,warm,drm:specialized,3,1,54743,0,0,0,0,0,0,not_measured,0,0,0,2,0,48,1,false,,,0
dev-editor,noise,noise_282,302,warm,drm:specialized,3,1,6348800,0,0,0,0,0,0,not_measured,0,0,0,2,0,48,1,false,,,0
dev-editor,noise,noise_283,303,warm,drm:specialized,3,1,4684395,0,0,0,0,0,0,not_measured,0,0,3,2,0,48,1,false,,,0
