engine,application_id,workload_id,occurrence_index,wall_time_ns,warmth
BASELINE_0_stateless,dev-editor,build_and_hash,1,2065086,cold
BASELINE_0_stateless,dev-editor,save_and_backup,1,116647,cold
BASELINE_0_stateless,dev-editor,build_and_hash,2,1911931,warm
BASELINE_0_stateless,dev-editor,save_and_backup,2,59444,warm
BASELINE_0_stateless,dev-editor,build_and_hash,3,1772295,warm
BASELINE_0_stateless,dev-editor,save_and_backup,3,46188,warm
BASELINE_0_stateless,report-tool,weekly_report,1,33489,cold
BASELINE_0_stateless,report-tool,notify_team,1,24467,cold
BASELINE_0_stateless,report-tool,weekly_report,2,72741,warm
BASELINE_0_stateless,report-tool,notify_team,2,17658,warm
BASELINE_0_stateless,report-tool,weekly_report,3,44502,warm
BASELINE_0_stateless,report-tool,notify_team,3,20669,warm
BASELINE_0_stateless,research-browser,fetch_and_summarize,1,2199978,cold
BASELINE_0_stateless,research-browser,sync_notes,1,2028123,cold
BASELINE_0_stateless,research-browser,fetch_and_summarize,2,2424808,warm
BASELINE_0_stateless,research-browser,sync_notes,2,1847422,warm
BASELINE_0_stateless,research-browser,fetch_and_summarize,3,227337,warm
BASELINE_0_stateless,research-browser,sync_notes,3,1917706,warm
BASELINE_0_stateless,utility-daemon,session_state,1,26620,cold
BASELINE_0_stateless,utility-daemon,idle_tick,1,2121740,cold
BASELINE_0_stateless,utility-daemon,session_state,2,233080,warm
BASELINE_0_stateless,utility-daemon,idle_tick,2,2154487,warm
BASELINE_0_stateless,utility-daemon,session_state,3,161011,warm
BASELINE_0_stateless,utility-daemon,idle_tick,3,2084044,warm
BASELINE_0_stateless,dev-editor,build_and_hash,4,2252541,warm
BASELINE_0_stateless,dev-editor,save_and_backup,4,44537,warm
BASELINE_0_stateless,dev-editor,build_and_hash,5,2199386,warm
BASELINE_0_stateless,dev-editor,save_and_backup,5,50602,warm
BASELINE_0_stateless,dev-editor,build_and_hash,6,2538308,warm
BASELINE_0_stateless,dev-editor,save_and_backup,6,213042,warm
BASELINE_0_stateless,dev-editor,build_and_hash,7,2124979,warm
BASELINE_0_stateless,dev-editor,save_and_backup,7,89578,warm
BASELINE_0_stateless,dev-editor,build_and_hash,8,1801111,warm
BASELINE_0_stateless,dev-editor,save_and_backup,8,40719,warm
BASELINE_0_stateless,dev-editor,build_and_hash,9,1877195,warm
BASELINE_0_stateless,dev-editor,save_and_backup,9,39121,warm
BASELINE_0_stateless,dev-editor,build_and_hash,10,1966195,warm
BASELINE_0_stateless,dev-editor,save_and_backup,10,37590,warm
BASELINE_0_stateless,dev-editor,build_and_hash,11,1923076,warm
BASELINE_0_stateless,dev-editor,save_and_backup,11,260874,warm
BASELINE_0_stateless,dev-editor,build_and_hash,12,1866087,warm
BASELINE_0_stateless,dev-editor,save_and_backup,12,40589,warm
BASELINE_0_stateless,dev-editor,build_and_hash,13,1725007,warm
BASELINE_0_stateless,dev-editor,save_and_backup,13,37076,warm
BASELINE_0_stateless,dev-editor,build_and_hash,14,2193843,warm
BASELINE_0_stateless,dev-editor,save_and_backup,14,37682,warm
BASELINE_0_stateless,dev-editor,build_and_hash,15,1779850,warm
BASELINE_0_stateless,dev-editor,save_and_backup,15,150725,warm
BASELINE_0_stateless,dev-editor,build_and_hash,16,2351121,warm
BASELINE_0_stateless,dev-editor,save_and_backup,16,43007,warm
BASELINE_0_stateless,dev-editor,build_and_hash,17,1678358,warm
BASELINE_0_stateless,dev-editor,save_and_backup,17,86687,warm
BASELINE_0_stateless,dev-editor,build_and_hash,18,2040573,warm
BASELINE_0_stateless,dev-editor,save_and_backup,18,44282,warm
BASELINE_0_stateless,dev-editor,build_and_hash,19,1809466,warm
BASELINE_0_stateless,dev-editor,save_and_backup,19,53342,warm
BASELINE_0_stateless,dev-editor,build_and_hash,20,1886745,warm
BASELINE_0_stateless,dev-editor,save_and_backup,20,51424,warm
BASELINE_0_stateless,dev-editor,build_and_hash,21,2054685,warm
BASELINE_0_stateless,dev-editor,save_and_backup,21,83937,warm
BASELINE_0_stateless,dev-editor,build_and_hash,22,1745774,warm
BASELINE_0_stateless,dev-editor,save_and_backup,22,76880,warm
BASELINE_0_stateless,dev-editor,build_and_hash,23,1658113,warm
BASELINE_0_stateless,dev-editor,save_and_backup,23,93798,warm
BASELINE_0_stateless,dev-editor,build_and_hash,24,1919134,warm
BASELINE_0_stateless,dev-editor,save_and_backup,24,47167,warm
BASELINE_0_stateless,dev-editor,build_and_hash,25,1807387,warm
BASELINE_0_stateless,dev-editor,save_and_backup,25,40496,warm
BASELINE_0_stateless,dev-editor,build_and_hash,26,1717329,warm
BASELINE_0_stateless,dev-editor,save_and_backup,26,43234,warm
BASELINE_0_stateless,dev-editor,build_and_hash,27,1869349,warm
BASELINE_0_stateless,dev-editor,save_and_backup,27,69972,warm
BASELINE_0_stateless,dev-editor,build_and_hash,28,1894284,warm
BASELINE_0_stateless,dev-editor,save_and_backup,28,54987,warm
BASELINE_0_stateless,dev-editor,build_and_hash,29,1700437,warm
BASELINE_0_stateless,dev-editor,save_and_backup,29,44773,warm
BASELINE_0_stateless,dev-editor,build_and_hash,30,1800011,warm
BASELINE_0_stateless,dev-editor,save_and_backup,30,78005,warm
BASELINE_0_stateless,dev-editor,build_and_hash,31,1636756,warm
BASELINE_0_stateless,dev-editor,save_and_backup,31,82093,warm
BASELINE_0_stateless,dev-editor,build_and_hash,32,1977571,warm
BASELINE_0_stateless,dev-editor,save_and_backup,32,51769,warm
BASELINE_0_stateless,dev-editor,build_and_hash,33,1846936,warm
BASELINE_0_stateless,dev-editor,save_and_backup,33,47017,warm
BASELINE_0_stateless,report-tool,weekly_report,4,46074,warm
BASELINE_0_stateless,report-tool,notify_team,4,32739,warm
BASELINE_0_stateless,report-tool,weekly_report,5,43865,warm
BASELINE_0_stateless,report-tool,notify_team,5,69368,warm
BASELINE_0_stateless,report-tool,weekly_report,6,43417,warm
BASELINE_0_stateless,report-tool,notify_team,6,17553,warm
BASELINE_0_stateless,report-tool,weekly_report,7,36883,warm
BASELINE_0_stateless,report-tool,notify_team,7,14045,warm
BASELINE_0_stateless,report-tool,weekly_report,8,36270,warm
BASELINE_0_stateless,report-tool,notify_team,8,14278,warm
BASELINE_0_stateless,report-tool,weekly_report,9,32755,warm
BASELINE_0_stateless,report-tool,notify_team,9,13505,warm
BASELINE_0_stateless,report-tool,weekly_report,10,38682,warm
BASELINE_0_stateless,report-tool,notify_team,10,14140,warm
BASELINE_0_stateless,report-tool,weekly_report,11,222656,warm
BASELINE_0_stateless,report-tool,notify_team,11,18111,warm
BASELINE_0_stateless,report-tool,weekly_report,12,65867,warm
BASELINE_0_stateless,report-tool,notify_team,12,16784,warm
BASELINE_0_stateless,report-tool,weekly_report,13,39554,warm
BASELINE_0_stateless,report-tool,notify_team,13,14196,warm
BASELINE_0_stateless,report-tool,weekly_report,14,34218,warm
BASELINE_0_stateless,report-tool,notify_team,14,15874,warm
BASELINE_0_stateless,report-tool,weekly_report,15,70877,warm
BASELINE_0_stateless,report-tool,notify_team,15,16689,warm
BASELINE_0_stateless,report-tool,weekly_report,16,66409,warm
BASELINE_0_stateless,report-tool,notify_team,16,16369,warm
BASELINE_0_stateless,report-tool,weekly_report,17,35583,warm
BASELINE_0_stateless,report-tool,notify_team,17,13968,warm
BASELINE_0_stateless,report-tool,weekly_report,18,47607,warm
BASELINE_0_stateless,report-tool,notify_team,18,14998,warm
BASELINE_0_stateless,report-tool,weekly_report,19,36013,warm
BASELINE_0_stateless,report-tool,notify_team,19,14104,warm
BASELINE_0_stateless,report-tool,weekly_report,20,87368,warm
BASELINE_0_stateless,report-tool,notify_team,20,17034,warm
BASELINE_0_stateless,report-tool,weekly_report,21,35796,warm
BASELINE_0_stateless,report-tool,notify_team,21,14311,warm
BASELINE_0_stateless,report-tool,weekly_report,22,86919,warm
BASELINE_0_stateless,report-tool,notify_team,22,24427,warm
BASELINE_0_stateless,report-tool,weekly_report,23,107067,warm
BASELINE_0_stateless,report-tool,notify_team,23,17844,warm
BASELINE_0_stateless,report-tool,weekly_report,24,39431,warm
BASELINE_0_stateless,report-tool,notify_team,24,14768,warm
BASELINE_0_stateless,report-tool,weekly_report,25,36740,warm
BASELINE_0_stateless,report-tool,notify_team,25,15231,warm
BASELINE_0_stateless,report-tool,weekly_report,26,39219,warm
BASELINE_0_stateless,report-tool,notify_team,26,20501,warm
BASELINE_0_stateless,report-tool,weekly_report,27,37688,warm
BASELINE_0_stateless,report-tool,notify_team,27,18764,warm
BASELINE_0_stateless,report-tool,weekly_report,28,46591,warm
BASELINE_0_stateless,report-tool,notify_team,28,16678,warm
BASELINE_0_stateless,report-tool,weekly_report,29,37950,warm
BASELINE_0_stateless,report-tool,notify_team,29,14187,warm
BASELINE_0_stateless,report-tool,weekly_report,30,35981,warm
BASELINE_0_stateless,report-tool,notify_team,30,14192,warm
BASELINE_0_stateless,report-tool,weekly_report,31,66231,warm
BASELINE_0_stateless,report-tool,notify_team,31,18739,warm
BASELINE_0_stateless,research-browser,fetch_and_summarize,4,2165473,warm
BASELINE_0_stateless,research-browser,sync_notes,4,1333987,warm
BASELINE_0_stateless,research-browser,fetch_and_summarize,5,789720,warm
BASELINE_0_stateless,research-browser,sync_notes,5,1294848,warm
BASELINE_0_stateless,research-browser,fetch_and_summarize,6,865063,warm
BASELINE_0_stateless,research-browser,sync_notes,6,1243256,warm
BASELINE_0_stateless,research-browser,fetch_and_summarize,7,856770,warm
BASELINE_0_stateless,research-browser,sync_notes,7,1233894,warm
BASELINE_0_stateless,research-browser,fetch_and_summarize,8,862511,warm
BASELINE_0_stateless,research-browser,sync_notes,8,1232950,warm
BASELINE_0_stateless,research-browser,fetch_and_summarize,9,901558,warm
BASELINE_0_stateless,research-browser,sync_notes,9,1192848,warm
BASELINE_0_stateless,research-browser,fetch_and_summarize,10,946907,warm
BASELINE_0_stateless,research-browser,sync_notes,10,1149612,warm
BASELINE_0_stateless,research-browser,fetch_and_summarize,11,967753,warm
BASELINE_0_stateless,research-browser,sync_notes,11,1162718,warm
BASELINE_0_stateless,research-browser,fetch_and_summarize,12,990423,warm
BASELINE_0_stateless,research-browser,sync_notes,12,1128237,warm
BASELINE_0_stateless,research-browser,fetch_and_summarize,13,1117001,warm
BASELINE_0_stateless,research-browser,sync_notes,13,949237,warm
BASELINE_0_stateless,research-browser,fetch_and_summarize,14,1169988,warm
BASELINE_0_stateless,research-browser,sync_notes,14,915319,warm
BASELINE_0_stateless,research-browser,fetch_and_summarize,15,1257240,warm
BASELINE_0_stateless,research-browser,sync_notes,15,941869,warm
BASELINE_0_stateless,research-browser,fetch_and_summarize,16,1238663,warm
BASELINE_0_stateless,research-browser,sync_notes,16,927774,warm
BASELINE_0_stateless,research-browser,fetch_and_summarize,17,1244912,warm
BASELINE_0_stateless,research-browser,sync_notes,17,957237,warm
BASELINE_0_stateless,research-browser,fetch_and_summarize,18,1260768,warm
BASELINE_0_stateless,research-browser,sync_notes,18,818919,warm
BASELINE_0_stateless,research-browser,fetch_and_summarize,19,1379675,warm
BASELINE_0_stateless,research-browser,sync_notes,19,704834,warm
BASELINE_0_stateless,research-browser,fetch_and_summarize,20,1316973,warm
BASELINE_0_stateless,research-browser,sync_notes,20,763995,warm
BASELINE_0_stateless,research-browser,fetch_and_summarize,21,1356070,warm
BASELINE_0_stateless,research-browser,sync_notes,21,699615,warm
BASELINE_0_stateless,research-browser,fetch_and_summarize,22,1419319,warm
BASELINE_0_stateless,research-browser,sync_notes,22,744235,warm
BASELINE_0_stateless,research-browser,fetch_and_summarize,23,1602487,warm
BASELINE_0_stateless,research-browser,sync_notes,23,443220,warm
BASELINE_0_stateless,research-browser,fetch_and_summarize,24,1729738,warm
BASELINE_0_stateless,research-browser,sync_notes,24,377860,warm
BASELINE_0_stateless,research-browser,fetch_and_summarize,25,1651698,warm
BASELINE_0_stateless,research-browser,sync_notes,25,531401,warm
BASELINE_0_stateless,research-browser,fetch_and_summarize,26,1577231,warm
BASELINE_0_stateless,research-browser,sync_notes,26,421639,warm
BASELINE_0_stateless,research-browser,fetch_and_summarize,27,1678042,warm
BASELINE_0_stateless,research-browser,sync_notes,27,450255,warm
BASELINE_0_stateless,research-browser,fetch_and_summarize,28,1749195,warm
BASELINE_0_stateless,research-browser,sync_notes,28,390137,warm
BASELINE_0_stateless,utility-daemon,session_state,4,86752,warm
BASELINE_0_stateless,utility-daemon,idle_tick,4,2363037,warm
BASELINE_0_stateless,utility-daemon,session_state,5,65996,warm
BASELINE_0_stateless,utility-daemon,idle_tick,5,2166653,warm
BASELINE_0_stateless,utility-daemon,session_state,6,77414,warm
BASELINE_0_stateless,utility-daemon,idle_tick,6,2292028,warm
BASELINE_0_stateless,utility-daemon,session_state,7,176671,warm
BASELINE_0_stateless,utility-daemon,idle_tick,7,2205231,warm
BASELINE_0_stateless,utility-daemon,session_state,8,121252,warm
BASELINE_0_stateless,utility-daemon,idle_tick,8,2140719,warm
BASELINE_0_stateless,utility-daemon,session_state,9,104595,warm
BASELINE_0_stateless,utility-daemon,idle_tick,9,2298896,warm
BASELINE_0_stateless,utility-daemon,session_state,10,159984,warm
BASELINE_0_stateless,utility-daemon,idle_tick,10,2194175,warm
BASELINE_0_stateless,utility-daemon,session_state,11,75439,warm
BASELINE_0_stateless,utility-daemon,idle_tick,11,2124359,warm
BASELINE_0_stateless,utility-daemon,session_state,12,70113,warm
BASELINE_0_stateless,utility-daemon,idle_tick,12,2359094,warm
BASELINE_0_stateless,utility-daemon,session_state,13,69478,warm
BASELINE_0_stateless,utility-daemon,idle_tick,13,2145122,warm
BASELINE_0_stateless,utility-daemon,session_state,14,167136,warm
BASELINE_0_stateless,utility-daemon,idle_tick,14,2158074,warm
BASELINE_0_stateless,utility-daemon,session_state,15,123783,warm
BASELINE_0_stateless,utility-daemon,idle_tick,15,2117365,warm
BASELINE_0_stateless,utility-daemon,session_state,16,94537,warm
BASELINE_0_stateless,utility-daemon,idle_tick,16,2215413,warm
BASELINE_0_stateless,utility-daemon,session_state,17,118957,warm
BASELINE_0_stateless,utility-daemon,idle_tick,17,2134400,warm
BASELINE_0_stateless,utility-daemon,session_state,18,123232,warm
BASELINE_0_stateless,utility-daemon,idle_tick,18,2356662,warm
BASELINE_0_stateless,utility-daemon,session_state,19,200673,warm
BASELINE_0_stateless,utility-daemon,idle_tick,19,2165174,warm
BASELINE_0_stateless,utility-daemon,session_state,20,150734,warm
BASELINE_0_stateless,utility-daemon,idle_tick,20,2277006,warm
BASELINE_0_stateless,utility-daemon,session_state,21,133720,warm
BASELINE_0_stateless,utility-daemon,idle_tick,21,2272432,warm
BASELINE_0_stateless,utility-daemon,session_state,22,385487,warm
BASELINE_0_stateless,utility-daemon,idle_tick,22,2173835,warm
BASELINE_0_stateless,utility-daemon,session_state,23,73679,warm
BASELINE_0_stateless,utility-daemon,idle_tick,23,2132475,warm
BASELINE_0_stateless,utility-daemon,session_state,24,76434,warm
BASELINE_0_stateless,utility-daemon,idle_tick,24,2374885,warm
BASELINE_0_stateless,utility-daemon,session_state,25,91607,warm
BASELINE_0_stateless,utility-daemon,idle_tick,25,2365189,warm
BASELINE_0_stateless,utility-daemon,session_state,26,143832,warm
BASELINE_0_stateless,utility-daemon,idle_tick,26,2102627,warm
BASELINE_0_stateless,utility-daemon,session_state,27,104166,warm
BASELINE_0_stateless,utility-daemon,idle_tick,27,2289192,warm
BASELINE_0_stateless,utility-daemon,session_state,28,133018,warm
BASELINE_0_stateless,utility-daemon,idle_tick,28,2146698,warm
BASELINE_0_stateless,utility-daemon,session_state,29,70399,warm
BASELINE_0_stateless,utility-daemon,idle_tick,29,2150322,warm
BASELINE_0_stateless,utility-daemon,session_state,30,256585,warm
BASELINE_0_stateless,utility-daemon,idle_tick,30,2120203,warm
BASELINE_0_stateless,utility-daemon,session_state,31,194968,warm
BASELINE_0_stateless,utility-daemon,idle_tick,31,2163755,warm
BASELINE_0_stateless,utility-daemon,session_state,32,115904,warm
BASELINE_0_stateless,utility-daemon,idle_tick,32,2329152,warm
BASELINE_0_stateless,utility-daemon,session_state,33,107959,warm
BASELINE_0_stateless,utility-daemon,idle_tick,33,2113815,warm
BASELINE_0_stateless,report-tool,weekly_report,32,83571,warm
BASELINE_0_stateless,report-tool,weekly_report,33,116570,warm
BASELINE_0_stateless,report-tool,weekly_report,34,53671,warm
BASELINE_0_stateless,report-tool,weekly_report,35,44326,warm
BASELINE_0_stateless,report-tool,weekly_report,36,79628,warm
BASELINE_0_stateless,report-tool,weekly_report,37,52612,warm
BASELINE_0_stateless,report-tool,weekly_report,38,79472,warm
BASELINE_0_stateless,report-tool,weekly_report,39,47076,warm
BASELINE_0_stateless,report-tool,weekly_report,40,47830,warm
BASELINE_0_stateless,report-tool,weekly_report,41,63664,warm
BASELINE_0_stateless,dev-editor,save_and_backup,34,104222,warm
BASELINE_0_stateless,dev-editor,save_and_backup,35,241834,warm
BASELINE_0_stateless,dev-editor,save_and_backup,36,64190,warm
BASELINE_0_stateless,dev-editor,save_and_backup,37,174789,warm
BASELINE_0_stateless,dev-editor,save_and_backup,38,87690,warm
BASELINE_0_stateless,dev-editor,save_and_backup,39,140499,warm
BASELINE_0_stateless,dev-editor,save_and_backup,40,74291,warm
BASELINE_0_stateless,dev-editor,save_and_backup,41,41000,warm
BASELINE_0_stateless,dev-editor,save_and_backup,42,93768,warm
BASELINE_0_stateless,utility-daemon,idle_tick,34,2106120,warm
BASELINE_0_stateless,research-browser,sync_notes,29,494603,warm
BASELINE_0_stateless,research-browser,fetch_and_summarize,29,1659897,warm
BASELINE_0_stateless,dev-editor,save_and_backup,43,106121,warm
BASELINE_0_stateless,research-browser,sync_notes,30,320817,warm
BASELINE_0_stateless,research-browser,fetch_and_summarize,30,1659639,warm
BASELINE_0_stateless,dev-editor,build_and_hash,34,2386893,warm
BASELINE_0_stateless,research-browser,fetch_and_summarize,31,1837520,warm
BASELINE_0_stateless,report-tool,weekly_report,42,107647,warm
BASELINE_0_stateless,dev-editor,build_and_hash,35,1893485,warm
BASELINE_0_stateless,report-tool,notify_team,32,44022,warm
BASELINE_0_stateless,report-tool,notify_team,33,15455,warm
BASELINE_0_stateless,dev-editor,build_and_hash,36,1972835,warm
BASELINE_0_stateless,report-tool,notify_team,34,27389,warm
BASELINE_0_stateless,dev-editor,build_and_hash,37,1864551,warm
BASELINE_0_stateless,report-tool,weekly_report,43,91218,warm
BASELINE_0_stateless,utility-daemon,session_state,34,66720,warm
BASELINE_0_stateless,research-browser,fetch_and_summarize,32,2212454,warm
BASELINE_0_stateless,utility-daemon,session_state,35,72430,warm
BASELINE_0_stateless,dev-editor,noise,1,12165,cold
BASELINE_0_stateless,dev-editor,noise,2,9152,warm
BASELINE_0_stateless,dev-editor,noise,3,26940,warm
BASELINE_0_stateless,dev-editor,noise,4,4198302,warm
BASELINE_0_stateless,dev-editor,noise,5,4104297,warm
BASELINE_0_stateless,dev-editor,noise,6,2362335,warm
BASELINE_0_stateless,dev-editor,noise,7,3830016,warm
BASELINE_0_stateless,dev-editor,noise,8,7199,warm
BASELINE_0_stateless,dev-editor,noise,9,324940,warm
BASELINE_0_stateless,dev-editor,noise,10,26370,warm
BASELINE_0_stateless,dev-editor,noise,11,19004,warm
BASELINE_0_stateless,dev-editor,noise,12,15259,warm
BASELINE_0_stateless,dev-editor,noise,13,47472,warm
BASELINE_0_stateless,dev-editor,noise,14,6115077,warm
BASELINE_0_stateless,dev-editor,noise,15,6357842,warm
BASELINE_1_exact_cache,dev-editor,build_and_hash,1,2265738,cold
BASELINE_1_exact_cache,dev-editor,save_and_backup,1,54939,cold
BASELINE_1_exact_cache,dev-editor,build_and_hash,2,2117065,warm
BASELINE_1_exact_cache,dev-editor,save_and_backup,2,48045,warm
BASELINE_1_exact_cache,dev-editor,build_and_hash,3,1894054,warm
BASELINE_1_exact_cache,dev-editor,save_and_backup,3,44212,warm
BASELINE_1_exact_cache,report-tool,weekly_report,1,36811,cold
BASELINE_1_exact_cache,report-tool,notify_team,1,25334,cold
BASELINE_1_exact_cache,report-tool,weekly_report,2,104247,warm
BASELINE_1_exact_cache,report-tool,notify_team,2,20433,warm
BASELINE_1_exact_cache,report-tool,weekly_report,3,92526,warm
BASELINE_1_exact_cache,report-tool,notify_team,3,64076,warm
BASELINE_1_exact_cache,research-browser,fetch_and_summarize,1,1534326,cold
BASELINE_1_exact_cache,research-browser,sync_notes,1,2175609,cold
BASELINE_1_exact_cache,research-browser,fetch_and_summarize,2,2010581,warm
BASELINE_1_exact_cache,research-browser,sync_notes,2,2174381,warm
BASELINE_1_exact_cache,research-browser,fetch_and_summarize,3,2070696,warm
BASELINE_1_exact_cache,research-browser,sync_notes,3,2123853,warm
BASELINE_1_exact_cache,utility-daemon,session_state,1,28972,cold
BASELINE_1_exact_cache,utility-daemon,idle_tick,1,2166861,cold
BASELINE_1_exact_cache,utility-daemon,session_state,2,182670,warm
BASELINE_1_exact_cache,utility-daemon,idle_tick,2,2184105,warm
BASELINE_1_exact_cache,utility-daemon,session_state,3,659651,warm
BASELINE_1_exact_cache,utility-daemon,idle_tick,3,2435245,warm
BASELINE_1_exact_cache,dev-editor,build_and_hash,4,2150824,warm
BASELINE_1_exact_cache,dev-editor,save_and_backup,4,49088,warm
BASELINE_1_exact_cache,dev-editor,build_and_hash,5,1892801,warm
BASELINE_1_exact_cache,dev-editor,save_and_backup,5,43462,warm
BASELINE_1_exact_cache,dev-editor,build_and_hash,6,1994664,warm
BASELINE_1_exact_cache,dev-editor,save_and_backup,6,43312,warm
BASELINE_1_exact_cache,dev-editor,build_and_hash,7,1849313,warm
BASELINE_1_exact_cache,dev-editor,save_and_backup,7,87139,warm
BASELINE_1_exact_cache,dev-editor,build_and_hash,8,1938744,warm
BASELINE_1_exact_cache,dev-editor,save_and_backup,8,55179,warm
BASELINE_1_exact_cache,dev-editor,build_and_hash,9,1985311,warm
BASELINE_1_exact_cache,dev-editor,save_and_backup,9,57367,warm
BASELINE_1_exact_cache,dev-editor,build_and_hash,10,1940786,warm
BASELINE_1_exact_cache,dev-editor,save_and_backup,10,51359,warm
BASELINE_1_exact_cache,dev-editor,build_and_hash,11,1907203,warm
BASELINE_1_exact_cache,dev-editor,save_and_backup,11,43704,warm
BASELINE_1_exact_cache,dev-editor,build_and_hash,12,2208472,warm
BASELINE_1_exact_cache,dev-editor,save_and_backup,12,45420,warm
BASELINE_1_exact_cache,dev-editor,build_and_hash,13,1956173,warm
BASELINE_1_exact_cache,dev-editor,save_and_backup,13,39044,warm
BASELINE_1_exact_cache,dev-editor,build_and_hash,14,1997068,warm
BASELINE_1_exact_cache,dev-editor,save_and_backup,14,77036,warm
BASELINE_1_exact_cache,dev-editor,build_and_hash,15,1881098,warm
BASELINE_1_exact_cache,dev-editor,save_and_backup,15,79748,warm
BASELINE_1_exact_cache,dev-editor,build_and_hash,16,1846504,warm
BASELINE_1_exact_cache,dev-editor,save_and_backup,16,130213,warm
BASELINE_1_exact_cache,dev-editor,build_and_hash,17,1794935,warm
BASELINE_1_exact_cache,dev-editor,save_and_backup,17,38888,warm
BASELINE_1_exact_cache,dev-editor,build_and_hash,18,1783058,warm
BASELINE_1_exact_cache,dev-editor,save_and_backup,18,38414,warm
BASELINE_1_exact_cache,dev-editor,build_and_hash,19,1960860,warm
BASELINE_1_exact_cache,dev-editor,save_and_backup,19,41677,warm
BASELINE_1_exact_cache,dev-editor,build_and_hash,20,1853262,warm
BASELINE_1_exact_cache,dev-editor,save_and_backup,20,45467,warm
BASELINE_1_exact_cache,dev-editor,build_and_hash,21,1902753,warm
BASELINE_1_exact_cache,dev-editor,save_and_backup,21,64660,warm
BASELINE_1_exact_cache,dev-editor,build_and_hash,22,2225818,warm
BASELINE_1_exact_cache,dev-editor,save_and_backup,22,67609,warm
BASELINE_1_exact_cache,dev-editor,build_and_hash,23,1896211,warm
BASELINE_1_exact_cache,dev-editor,save_and_backup,23,96653,warm
BASELINE_1_exact_cache,dev-editor,build_and_hash,24,1708658,warm
BASELINE_1_exact_cache,dev-editor,save_and_backup,24,43494,warm
BASELINE_1_exact_cache,dev-editor,build_and_hash,25,1888851,warm
BASELINE_1_exact_cache,dev-editor,save_and_backup,25,49815,warm
BASELINE_1_exact_cache,dev-editor,build_and_hash,26,1824700,warm
BASELINE_1_exact_cache,dev-editor,save_and_backup,26,43284,warm
BASELINE_1_exact_cache,dev-editor,build_and_hash,27,2180008,warm
BASELINE_1_exact_cache,dev-editor,save_and_backup,27,42744,warm
BASELINE_1_exact_cache,dev-editor,build_and_hash,28,1803776,warm
BASELINE_1_exact_cache,dev-editor,save_and_backup,28,104954,warm
BASELINE_1_exact_cache,dev-editor,build_and_hash,29,2037498,warm
BASELINE_1_exact_cache,dev-editor,save_and_backup,29,46625,warm
BASELINE_1_exact_cache,dev-editor,build_and_hash,30,1905905,warm
BASELINE_1_exact_cache,dev-editor,save_and_backup,30,42835,warm
BASELINE_1_exact_cache,dev-editor,build_and_hash,31,1877263,warm
BASELINE_1_exact_cache,dev-editor,save_and_backup,31,91848,warm
BASELINE_1_exact_cache,dev-editor,build_and_hash,32,1830366,warm
BASELINE_1_exact_cache,dev-editor,save_and_backup,32,41492,warm
BASELINE_1_exact_cache,dev-editor,build_and_hash,33,2006194,warm
BASELINE_1_exact_cache,dev-editor,save_and_backup,33,53619,warm
BASELINE_1_exact_cache,report-tool,weekly_report,4,97792,warm
BASELINE_1_exact_cache,report-tool,notify_team,4,33823,warm
BASELINE_1_exact_cache,report-tool,weekly_report,5,47184,warm
BASELINE_1_exact_cache,report-tool,notify_team,5,21133,warm
BASELINE_1_exact_cache,report-tool,weekly_report,6,37431,warm
BASELINE_1_exact_cache,report-tool,notify_team,6,15249,warm
BASELINE_1_exact_cache,report-tool,weekly_report,7,69904,warm
BASELINE_1_exact_cache,report-tool,notify_team,7,17250,warm
BASELINE_1_exact_cache,report-tool,weekly_report,8,38581,warm
BASELINE_1_exact_cache,report-tool,notify_team,8,14589,warm
BASELINE_1_exact_cache,report-tool,weekly_report,9,35421,warm
BASELINE_1_exact_cache,report-tool,notify_team,9,14279,warm
BASELINE_1_exact_cache,report-tool,weekly_report,10,36724,warm
BASELINE_1_exact_cache,report-tool,notify_team,10,13874,warm
BASELINE_1_exact_cache,report-tool,weekly_report,11,47800,warm
BASELINE_1_exact_cache,report-tool,notify_team,11,14727,warm
BASELINE_1_exact_cache,report-tool,weekly_report,12,42276,warm
BASELINE_1_exact_cache,report-tool,notify_team,12,17523,warm
BASELINE_1_exact_cache,report-tool,weekly_report,13,36662,warm
BASELINE_1_exact_cache,report-tool,notify_team,13,80832,warm
BASELINE_1_exact_cache,report-tool,weekly_report,14,77662,warm
BASELINE_1_exact_cache,report-tool,notify_team,14,23893,warm
BASELINE_1_exact_cache,report-tool,weekly_report,15,71198,warm
BASELINE_1_exact_cache,report-tool,notify_team,15,16779,warm
BASELINE_1_exact_cache,report-tool,weekly_report,16,40789,warm
BASELINE_1_exact_cache,report-tool,notify_team,16,14476,warm
BASELINE_1_exact_cache,report-tool,weekly_report,17,36650,warm
BASELINE_1_exact_cache,report-tool,notify_team,17,14966,warm
BASELINE_1_exact_cache,report-tool,weekly_report,18,88060,warm
BASELINE_1_exact_cache,report-tool,notify_team,18,17395,warm
BASELINE_1_exact_cache,report-tool,weekly_report,19,36607,warm
BASELINE_1_exact_cache,report-tool,notify_team,19,57291,warm
BASELINE_1_exact_cache,report-tool,weekly_report,20,43170,warm
BASELINE_1_exact_cache,report-tool,notify_team,20,16609,warm
BASELINE_1_exact_cache,report-tool,weekly_report,21,49453,warm
BASELINE_1_exact_cache,report-tool,notify_team,21,59834,warm
BASELINE_1_exact_cache,report-tool,weekly_report,22,43199,warm
BASELINE_1_exact_cache,report-tool,notify_team,22,18157,warm
BASELINE_1_exact_cache,report-tool,weekly_report,23,82645,warm
BASELINE_1_exact_cache,report-tool,notify_team,23,15660,warm
BASELINE_1_exact_cache,report-tool,weekly_report,24,72480,warm
BASELINE_1_exact_cache,report-tool,notify_team,24,18180,warm
BASELINE_1_exact_cache,report-tool,weekly_report,25,70897,warm
BASELINE_1_exact_cache,report-tool,notify_team,25,17090,warm
BASELINE_1_exact_cache,report-tool,weekly_report,26,43999,warm
BASELINE_1_exact_cache,report-tool,notify_team,26,15435,warm
BASELINE_1_exact_cache,report-tool,weekly_report,27,37620,warm
BASELINE_1_exact_cache,report-tool,notify_team,27,14800,warm
BASELINE_1_exact_cache,report-tool,weekly_report,28,94483,warm
BASELINE_1_exact_cache,report-tool,notify_team,28,18575,warm
BASELINE_1_exact_cache,report-tool,weekly_report,29,46109,warm
BASELINE_1_exact_cache,report-tool,notify_team,29,14886,warm
BASELINE_1_exact_cache,report-tool,weekly_report,30,37313,warm
BASELINE_1_exact_cache,report-tool,notify_team,30,14288,warm
BASELINE_1_exact_cache,report-tool,weekly_report,31,80083,warm
BASELINE_1_exact_cache,report-tool,notify_team,31,19658,warm
BASELINE_1_exact_cache,research-browser,fetch_and_summarize,4,776934,warm
BASELINE_1_exact_cache,research-browser,sync_notes,4,1797736,warm
BASELINE_1_exact_cache,research-browser,fetch_and_summarize,5,2313115,warm
BASELINE_1_exact_cache,research-browser,sync_notes,5,1945531,warm
BASELINE_1_exact_cache,research-browser,fetch_and_summarize,6,2373376,warm
BASELINE_1_exact_cache,research-browser,sync_notes,6,1735355,warm
BASELINE_1_exact_cache,research-browser,fetch_and_summarize,7,325971,warm
BASELINE_1_exact_cache,research-browser,sync_notes,7,1757167,warm
BASELINE_1_exact_cache,research-browser,fetch_and_summarize,8,326705,warm
BASELINE_1_exact_cache,research-browser,sync_notes,8,1751522,warm
BASELINE_1_exact_cache,research-browser,fetch_and_summarize,9,401856,warm
BASELINE_1_exact_cache,research-browser,sync_notes,9,1737902,warm
BASELINE_1_exact_cache,research-browser,fetch_and_summarize,10,330193,warm
BASELINE_1_exact_cache,research-browser,sync_notes,10,1694717,warm
BASELINE_1_exact_cache,research-browser,fetch_and_summarize,11,393748,warm
BASELINE_1_exact_cache,research-browser,sync_notes,11,1765834,warm
BASELINE_1_exact_cache,research-browser,fetch_and_summarize,12,344990,warm
BASELINE_1_exact_cache,research-browser,sync_notes,12,1670199,warm
BASELINE_1_exact_cache,research-browser,fetch_and_summarize,13,395771,warm
BASELINE_1_exact_cache,research-browser,sync_notes,13,1696403,warm
BASELINE_1_exact_cache,research-browser,fetch_and_summarize,14,410179,warm
BASELINE_1_exact_cache,research-browser,sync_notes,14,1637149,warm
BASELINE_1_exact_cache,research-browser,fetch_and_summarize,15,458315,warm
BASELINE_1_exact_cache,research-browser,sync_notes,15,1636942,warm
BASELINE_1_exact_cache,research-browser,fetch_and_summarize,16,584574,warm
BASELINE_1_exact_cache,research-browser,sync_notes,16,1550465,warm
BASELINE_1_exact_cache,research-browser,fetch_and_summarize,17,524054,warm
BASELINE_1_exact_cache,research-browser,sync_notes,17,1514137,warm
BASELINE_1_exact_cache,research-browser,fetch_and_summarize,18,553127,warm
BASELINE_1_exact_cache,research-browser,sync_notes,18,1582850,warm
BASELINE_1_exact_cache,research-browser,fetch_and_summarize,19,608065,warm
BASELINE_1_exact_cache,research-browser,sync_notes,19,1476277,warm
BASELINE_1_exact_cache,research-browser,fetch_and_summarize,20,686776,warm
BASELINE_1_exact_cache,research-browser,sync_notes,20,1443670,warm
BASELINE_1_exact_cache,research-browser,fetch_and_summarize,21,641743,warm
BASELINE_1_exact_cache,research-browser,sync_notes,21,1379573,warm
BASELINE_1_exact_cache,research-browser,fetch_and_summarize,22,737189,warm
BASELINE_1_exact_cache,research-browser,sync_notes,22,1339211,warm
BASELINE_1_exact_cache,research-browser,fetch_and_summarize,23,790231,warm
BASELINE_1_exact_cache,research-browser,sync_notes,23,1248657,warm
BASELINE_1_exact_cache,research-browser,fetch_and_summarize,24,845579,warm
BASELINE_1_exact_cache,research-browser,sync_notes,24,1248976,warm
BASELINE_1_exact_cache,research-browser,fetch_and_summarize,25,951892,warm
BASELINE_1_exact_cache,research-browser,sync_notes,25,1162477,warm
BASELINE_1_exact_cache,research-browser,fetch_and_summarize,26,951587,warm
BASELINE_1_exact_cache,research-browser,sync_notes,26,1144269,warm
BASELINE_1_exact_cache,research-browser,fetch_and_summarize,27,986232,warm
BASELINE_1_exact_cache,research-browser,sync_notes,27,1166969,warm
BASELINE_1_exact_cache,research-browser,fetch_and_summarize,28,956199,warm
BASELINE_1_exact_cache,research-browser,sync_notes,28,1104361,warm
BASELINE_1_exact_cache,utility-daemon,session_state,4,149889,warm
BASELINE_1_exact_cache,utility-daemon,idle_tick,4,2156873,warm
BASELINE_1_exact_cache,utility-daemon,session_state,5,120192,warm
BASELINE_1_exact_cache,utility-daemon,idle_tick,5,2364814,warm
BASELINE_1_exact_cache,utility-daemon,session_state,6,131865,warm
BASELINE_1_exact_cache,utility-daemon,idle_tick,6,2209861,warm
BASELINE_1_exact_cache,utility-daemon,session_state,7,110864,warm
BASELINE_1_exact_cache,utility-daemon,idle_tick,7,2086432,warm
BASELINE_1_exact_cache,utility-daemon,session_state,8,106113,warm
BASELINE_1_exact_cache,utility-daemon,idle_tick,8,2142699,warm
BASELINE_1_exact_cache,utility-daemon,session_state,9,107366,warm
BASELINE_1_exact_cache,utility-daemon,idle_tick,9,2096152,warm
BASELINE_1_exact_cache,utility-daemon,session_state,10,126309,warm
BASELINE_1_exact_cache,utility-daemon,idle_tick,10,2138733,warm
BASELINE_1_exact_cache,utility-daemon,session_state,11,105122,warm
BASELINE_1_exact_cache,utility-daemon,idle_tick,11,2093389,warm
BASELINE_1_exact_cache,utility-daemon,session_state,12,170134,warm
BASELINE_1_exact_cache,utility-daemon,idle_tick,12,2119601,warm
BASELINE_1_exact_cache,utility-daemon,session_state,13,141927,warm
BASELINE_1_exact_cache,utility-daemon,idle_tick,13,2185207,warm
BASELINE_1_exact_cache,utility-daemon,session_state,14,186247,warm
BASELINE_1_exact_cache,utility-daemon,idle_tick,14,2217971,warm
BASELINE_1_exact_cache,utility-daemon,session_state,15,132835,warm
BASELINE_1_exact_cache,utility-daemon,idle_tick,15,2170759,warm
BASELINE_1_exact_cache,utility-daemon,session_state,16,158869,warm
BASELINE_1_exact_cache,utility-daemon,idle_tick,16,2279908,warm
BASELINE_1_exact_cache,utility-daemon,session_state,17,55951,warm
BASELINE_1_exact_cache,utility-daemon,idle_tick,17,2239992,warm
BASELINE_1_exact_cache,utility-daemon,session_state,18,121893,warm
BASELINE_1_exact_cache,utility-daemon,idle_tick,18,2405938,warm
BASELINE_1_exact_cache,utility-daemon,session_state,19,115131,warm
BASELINE_1_exact_cache,utility-daemon,idle_tick,19,2175956,warm
BASELINE_1_exact_cache,utility-daemon,session_state,20,89608,warm
BASELINE_1_exact_cache,utility-daemon,idle_tick,20,2093700,warm
BASELINE_1_exact_cache,utility-daemon,session_state,21,211348,warm
BASELINE_1_exact_cache,utility-daemon,idle_tick,21,2094146,warm
BASELINE_1_exact_cache,utility-daemon,session_state,22,182242,warm
BASELINE_1_exact_cache,utility-daemon,idle_tick,22,2166699,warm
BASELINE_1_exact_cache,utility-daemon,session_state,23,124854,warm
BASELINE_1_exact_cache,utility-daemon,idle_tick,23,2103022,warm
BASELINE_1_exact_cache,utility-daemon,session_state,24,122464,warm
BASELINE_1_exact_cache,utility-daemon,idle_tick,24,2366740,warm
BASELINE_1_exact_cache,utility-daemon,session_state,25,190034,warm
BASELINE_1_exact_cache,utility-daemon,idle_tick,25,2171885,warm
BASELINE_1_exact_cache,utility-daemon,session_state,26,71542,warm
BASELINE_1_exact_cache,utility-daemon,idle_tick,26,2418031,warm
BASELINE_1_exact_cache,utility-daemon,session_state,27,96235,warm
BASELINE_1_exact_cache,utility-daemon,idle_tick,27,2341721,warm
BASELINE_1_exact_cache,utility-daemon,session_state,28,137777,warm
BASELINE_1_exact_cache,utility-daemon,idle_tick,28,2097760,warm
BASELINE_1_exact_cache,utility-daemon,session_state,29,78096,warm
BASELINE_1_exact_cache,utility-daemon,idle_tick,29,2091638,warm
BASELINE_1_exact_cache,utility-daemon,session_state,30,156724,warm
BASELINE_1_exact_cache,utility-daemon,idle_tick,30,2177805,warm
BASELINE_1_exact_cache,utility-daemon,session_state,31,75300,warm
BASELINE_1_exact_cache,utility-daemon,idle_tick,31,2124879,warm
BASELINE_1_exact_cache,utility-daemon,session_state,32,73769,warm
BASELINE_1_exact_cache,utility-daemon,idle_tick,32,2358244,warm
BASELINE_1_exact_cache,utility-daemon,session_state,33,72367,warm
BASELINE_1_exact_cache,utility-daemon,idle_tick,33,2371824,warm
BASELINE_1_exact_cache,report-tool,weekly_report,32,567659,warm
BASELINE_1_exact_cache,report-tool,weekly_report,33,97761,warm
BASELINE_1_exact_cache,report-tool,weekly_report,34,143261,warm
BASELINE_1_exact_cache,report-tool,weekly_report,35,77345,warm
BASELINE_1_exact_cache,report-tool,weekly_report,36,71291,warm
BASELINE_1_exact_cache,report-tool,weekly_report,37,83847,warm
BASELINE_1_exact_cache,report-tool,weekly_report,38,126958,warm
BASELINE_1_exact_cache,report-tool,weekly_report,39,113978,warm
BASELINE_1_exact_cache,report-tool,weekly_report,40,75473,warm
BASELINE_1_exact_cache,report-tool,weekly_report,41,70429,warm
BASELINE_1_exact_cache,dev-editor,save_and_backup,34,119647,warm
BASELINE_1_exact_cache,dev-editor,save_and_backup,35,67334,warm
BASELINE_1_exact_cache,dev-editor,save_and_backup,36,134344,warm
BASELINE_1_exact_cache,dev-editor,save_and_backup,37,125713,warm
BASELINE_1_exact_cache,dev-editor,save_and_backup,38,72147,warm
BASELINE_1_exact_cache,dev-editor,save_and_backup,39,59120,warm
BASELINE_1_exact_cache,dev-editor,save_and_backup,40,137337,warm
BASELINE_1_exact_cache,dev-editor,save_and_backup,41,78191,warm
BASELINE_1_exact_cache,dev-editor,save_and_backup,42,4370,warm
BASELINE_1_exact_cache,utility-daemon,idle_tick,34,3252,warm
BASELINE_1_exact_cache,research-browser,sync_notes,29,4020,warm
BASELINE_1_exact_cache,research-browser,fetch_and_summarize,29,3382,warm
BASELINE_1_exact_cache,dev-editor,save_and_backup,43,3349,warm
BASELINE_1_exact_cache,research-browser,sync_notes,30,3345,warm
BASELINE_1_exact_cache,research-browser,fetch_and_summarize,30,3002,warm
BASELINE_1_exact_cache,dev-editor,build_and_hash,34,2989,warm
BASELINE_1_exact_cache,research-browser,fetch_and_summarize,31,3309,warm
BASELINE_1_exact_cache,report-tool,weekly_report,42,3926,warm
BASELINE_1_exact_cache,dev-editor,build_and_hash,35,4458,warm
BASELINE_1_exact_cache,report-tool,notify_team,32,4365,warm
BASELINE_1_exact_cache,report-tool,notify_team,33,4627,warm
BASELINE_1_exact_cache,dev-editor,build_and_hash,36,3920,warm
BASELINE_1_exact_cache,report-tool,notify_team,34,3500,warm
BASELINE_1_exact_cache,dev-editor,build_and_hash,37,3547,warm
BASELINE_1_exact_cache,report-tool,weekly_report,43,3565,warm
BASELINE_1_exact_cache,utility-daemon,session_state,34,3353,warm
BASELINE_1_exact_cache,research-browser,fetch_and_summarize,32,3995,warm
BASELINE_1_exact_cache,utility-daemon,session_state,35,3967,warm
BASELINE_1_exact_cache,dev-editor,noise,1,21846,cold
BASELINE_1_exact_cache,dev-editor,noise,2,15734,warm
BASELINE_1_exact_cache,dev-editor,noise,3,57475,warm
BASELINE_1_exact_cache,dev-editor,noise,4,4048964,warm
BASELINE_1_exact_cache,dev-editor,noise,5,3146935,warm
BASELINE_1_exact_cache,dev-editor,noise,6,3238944,warm
BASELINE_1_exact_cache,dev-editor,noise,7,4147258,warm
BASELINE_1_exact_cache,dev-editor,noise,8,8592,warm
BASELINE_1_exact_cache,dev-editor,noise,9,292351,warm
BASELINE_1_exact_cache,dev-editor,noise,10,14342,warm
BASELINE_1_exact_cache,dev-editor,noise,11,18179,warm
BASELINE_1_exact_cache,dev-editor,noise,12,10943,warm
BASELINE_1_exact_cache,dev-editor,noise,13,40464,warm
BASELINE_1_exact_cache,dev-editor,noise,14,6565207,warm
BASELINE_1_exact_cache,dev-editor,noise,15,4558084,warm
BASELINE_2_checkpoint_replay,dev-editor,build_and_hash,1,2067384,cold
BASELINE_2_checkpoint_replay,dev-editor,save_and_backup,1,365138,cold
BASELINE_2_checkpoint_replay,dev-editor,build_and_hash,2,2299778,warm
BASELINE_2_checkpoint_replay,dev-editor,save_and_backup,2,46979,warm
BASELINE_2_checkpoint_replay,dev-editor,build_and_hash,3,2060948,warm
BASELINE_2_checkpoint_replay,dev-editor,save_and_backup,3,48418,warm
BASELINE_2_checkpoint_replay,report-tool,weekly_report,1,44400,cold
BASELINE_2_checkpoint_replay,report-tool,notify_team,1,30247,cold
BASELINE_2_checkpoint_replay,report-tool,weekly_report,2,80649,warm
BASELINE_2_checkpoint_replay,report-tool,notify_team,2,18175,warm
BASELINE_2_checkpoint_replay,report-tool,weekly_report,3,38908,warm
BASELINE_2_checkpoint_replay,report-tool,notify_team,3,43944,warm
BASELINE_2_checkpoint_replay,research-browser,fetch_and_summarize,1,1291991,cold
BASELINE_2_checkpoint_replay,research-browser,sync_notes,1,2047522,cold
BASELINE_2_checkpoint_replay,research-browser,fetch_and_summarize,2,2138438,warm
BASELINE_2_checkpoint_replay,research-browser,sync_notes,2,2057072,warm
BASELINE_2_checkpoint_replay,research-browser,fetch_and_summarize,3,2247668,warm
BASELINE_2_checkpoint_replay,research-browser,sync_notes,3,1953812,warm
BASELINE_2_checkpoint_replay,utility-daemon,session_state,1,27081,cold
BASELINE_2_checkpoint_replay,utility-daemon,idle_tick,1,2139358,cold
BASELINE_2_checkpoint_replay,utility-daemon,session_state,2,218872,warm
BASELINE_2_checkpoint_replay,utility-daemon,idle_tick,2,2253285,warm
BASELINE_2_checkpoint_replay,utility-daemon,session_state,3,231475,warm
BASELINE_2_checkpoint_replay,utility-daemon,idle_tick,3,2128605,warm
BASELINE_2_checkpoint_replay,dev-editor,build_and_hash,4,2373932,warm
BASELINE_2_checkpoint_replay,dev-editor,save_and_backup,4,46018,warm
BASELINE_2_checkpoint_replay,dev-editor,build_and_hash,5,2392098,warm
BASELINE_2_checkpoint_replay,dev-editor,save_and_backup,5,47532,warm
BASELINE_2_checkpoint_replay,dev-editor,build_and_hash,6,1871930,warm
BASELINE_2_checkpoint_replay,dev-editor,save_and_backup,6,47493,warm
BASELINE_2_checkpoint_replay,dev-editor,build_and_hash,7,2172045,warm
BASELINE_2_checkpoint_replay,dev-editor,save_and_backup,7,112029,warm
BASELINE_2_checkpoint_replay,dev-editor,build_and_hash,8,1750270,warm
BASELINE_2_checkpoint_replay,dev-editor,save_and_backup,8,41167,warm
BASELINE_2_checkpoint_replay,dev-editor,build_and_hash,9,2027436,warm
BASELINE_2_checkpoint_replay,dev-editor,save_and_backup,9,80053,warm
BASELINE_2_checkpoint_replay,dev-editor,build_and_hash,10,2014779,warm
BASELINE_2_checkpoint_replay,dev-editor,save_and_backup,10,45504,warm
BASELINE_2_checkpoint_replay,dev-editor,build_and_hash,11,2002232,warm
BASELINE_2_checkpoint_replay,dev-editor,save_and_backup,11,59388,warm
BASELINE_2_checkpoint_replay,dev-editor,build_and_hash,12,1999503,warm
BASELINE_2_checkpoint_replay,dev-editor,save_and_backup,12,41416,warm
BASELINE_2_checkpoint_replay,dev-editor,build_and_hash,13,2032406,warm
BASELINE_2_checkpoint_replay,dev-editor,save_and_backup,13,46393,warm
BASELINE_2_checkpoint_replay,dev-editor,build_and_hash,14,2139288,warm
BASELINE_2_checkpoint_replay,dev-editor,save_and_backup,14,62598,warm
BASELINE_2_checkpoint_replay,dev-editor,build_and_hash,15,1875391,warm
BASELINE_2_checkpoint_replay,dev-editor,save_and_backup,15,98623,warm
BASELINE_2_checkpoint_replay,dev-editor,build_and_hash,16,2002176,warm
BASELINE_2_checkpoint_replay,dev-editor,save_and_backup,16,42609,warm
BASELINE_2_checkpoint_replay,dev-editor,build_and_hash,17,1907094,warm
BASELINE_2_checkpoint_replay,dev-editor,save_and_backup,17,43770,warm
BASELINE_2_checkpoint_replay,dev-editor,build_and_hash,18,1718992,warm
BASELINE_2_checkpoint_replay,dev-editor,save_and_backup,18,42022,warm
BASELINE_2_checkpoint_replay,dev-editor,build_and_hash,19,1956276,warm
BASELINE_2_checkpoint_replay,dev-editor,save_and_backup,19,46935,warm
BASELINE_2_checkpoint_replay,dev-editor,build_and_hash,20,1994017,warm
BASELINE_2_checkpoint_replay,dev-editor,save_and_backup,20,100101,warm
BASELINE_2_checkpoint_replay,dev-editor,build_and_hash,21,2041821,warm
BASELINE_2_checkpoint_replay,dev-editor,save_and_backup,21,87761,warm
BASELINE_2_checkpoint_replay,dev-editor,build_and_hash,22,1939971,warm
BASELINE_2_checkpoint_replay,dev-editor,save_and_backup,22,49730,warm
BASELINE_2_checkpoint_replay,dev-editor,build_and_hash,23,1883142,warm
BASELINE_2_checkpoint_replay,dev-editor,save_and_backup,23,81949,warm
BASELINE_2_checkpoint_replay,dev-editor,build_and_hash,24,1876060,warm
BASELINE_2_checkpoint_replay,dev-editor,save_and_backup,24,118559,warm
BASELINE_2_checkpoint_replay,dev-editor,build_and_hash,25,1812529,warm
BASELINE_2_checkpoint_replay,dev-editor,save_and_backup,25,67526,warm
BASELINE_2_checkpoint_replay,dev-editor,build_and_hash,26,1768924,warm
BASELINE_2_checkpoint_replay,dev-editor,save_and_backup,26,43336,warm
BASELINE_2_checkpoint_replay,dev-editor,build_and_hash,27,2167426,warm
BASELINE_2_checkpoint_replay,dev-editor,save_and_backup,27,43467,warm
BASELINE_2_checkpoint_replay,dev-editor,build_and_hash,28,1999205,warm
BASELINE_2_checkpoint_replay,dev-editor,save_and_backup,28,41564,warm
BASELINE_2_checkpoint_replay,dev-editor,build_and_hash,29,1955205,warm
BASELINE_2_checkpoint_replay,dev-editor,save_and_backup,29,43634,warm
BASELINE_2_checkpoint_replay,dev-editor,build_and_hash,30,1979837,warm
BASELINE_2_checkpoint_replay,dev-editor,save_and_backup,30,43338,warm
BASELINE_2_checkpoint_replay,dev-editor,build_and_hash,31,1930581,warm
BASELINE_2_checkpoint_replay,dev-editor,save_and_backup,31,106663,warm
BASELINE_2_checkpoint_replay,dev-editor,build_and_hash,32,2127968,warm
BASELINE_2_checkpoint_replay,dev-editor,save_and_backup,32,56917,warm
BASELINE_2_checkpoint_replay,dev-editor,build_and_hash,33,1759316,warm
BASELINE_2_checkpoint_replay,dev-editor,save_and_backup,33,82058,warm
BASELINE_2_checkpoint_replay,report-tool,weekly_report,4,37585,warm
BASELINE_2_checkpoint_replay,report-tool,notify_team,4,32129,warm
BASELINE_2_checkpoint_replay,report-tool,weekly_report,5,36799,warm
BASELINE_2_checkpoint_replay,report-tool,notify_team,5,19029,warm
BASELINE_2_checkpoint_replay,report-tool,weekly_report,6,35882,warm
BASELINE_2_checkpoint_replay,report-tool,notify_team,6,14794,warm
BASELINE_2_checkpoint_replay,report-tool,weekly_report,7,36811,warm
BASELINE_2_checkpoint_replay,report-tool,notify_team,7,15534,warm
BASELINE_2_checkpoint_replay,report-tool,weekly_report,8,90767,warm
BASELINE_2_checkpoint_replay,report-tool,notify_team,8,17444,warm
BASELINE_2_checkpoint_replay,report-tool,weekly_report,9,93903,warm
BASELINE_2_checkpoint_replay,report-tool,notify_team,9,18594,warm
BASELINE_2_checkpoint_replay,report-tool,weekly_report,10,41761,warm
BASELINE_2_checkpoint_replay,report-tool,notify_team,10,16419,warm
BASELINE_2_checkpoint_replay,report-tool,weekly_report,11,267324,warm
BASELINE_2_checkpoint_replay,report-tool,notify_team,11,43115,warm
BASELINE_2_checkpoint_replay,report-tool,weekly_report,12,48953,warm
BASELINE_2_checkpoint_replay,report-tool,notify_team,12,16377,warm
BASELINE_2_checkpoint_replay,report-tool,weekly_report,13,71078,warm
BASELINE_2_checkpoint_replay,report-tool,notify_team,13,16815,warm
BASELINE_2_checkpoint_replay,report-tool,weekly_report,14,37715,warm
BASELINE_2_checkpoint_replay,report-tool,notify_team,14,16001,warm
BASELINE_2_checkpoint_replay,report-tool,weekly_report,15,63443,warm
BASELINE_2_checkpoint_replay,report-tool,notify_team,15,16506,warm
BASELINE_2_checkpoint_replay,report-tool,weekly_report,16,40675,warm
BASELINE_2_checkpoint_replay,report-tool,notify_team,16,14387,warm
BASELINE_2_checkpoint_replay,report-tool,weekly_report,17,34541,warm
BASELINE_2_checkpoint_replay,report-tool,notify_team,17,13832,warm
BASELINE_2_checkpoint_replay,report-tool,weekly_report,18,45131,warm
BASELINE_2_checkpoint_replay,report-tool,notify_team,18,14789,warm
BASELINE_2_checkpoint_replay,report-tool,weekly_report,19,35782,warm
BASELINE_2_checkpoint_replay,report-tool,notify_team,19,14276,warm
BASELINE_2_checkpoint_replay,report-tool,weekly_report,20,35273,warm
BASELINE_2_checkpoint_replay,report-tool,notify_team,20,14085,warm
BASELINE_2_checkpoint_replay,report-tool,weekly_report,21,237842,warm
BASELINE_2_checkpoint_replay,report-tool,notify_team,21,17619,warm
BASELINE_2_checkpoint_replay,report-tool,weekly_report,22,84263,warm
BASELINE_2_checkpoint_replay,report-tool,notify_team,22,20679,warm
BASELINE_2_checkpoint_replay,report-tool,weekly_report,23,78106,warm
BASELINE_2_checkpoint_replay,report-tool,notify_team,23,15632,warm
BASELINE_2_checkpoint_replay,report-tool,weekly_report,24,70434,warm
BASELINE_2_checkpoint_replay,report-tool,notify_team,24,17056,warm
BASELINE_2_checkpoint_replay,report-tool,weekly_report,25,38773,warm
BASELINE_2_checkpoint_replay,report-tool,notify_team,25,14322,warm
BASELINE_2_checkpoint_replay,report-tool,weekly_report,26,38769,warm
BASELINE_2_checkpoint_replay,report-tool,notify_team,26,14252,warm
BASELINE_2_checkpoint_replay,report-tool,weekly_report,27,36101,warm
BASELINE_2_checkpoint_replay,report-tool,notify_team,27,13695,warm
BASELINE_2_checkpoint_replay,report-tool,weekly_report,28,36205,warm
BASELINE_2_checkpoint_replay,report-tool,notify_team,28,13997,warm
BASELINE_2_checkpoint_replay,report-tool,weekly_report,29,36420,warm
BASELINE_2_checkpoint_replay,report-tool,notify_team,29,13833,warm
BASELINE_2_checkpoint_replay,report-tool,weekly_report,30,37982,warm
BASELINE_2_checkpoint_replay,report-tool,notify_team,30,21205,warm
BASELINE_2_checkpoint_replay,report-tool,weekly_report,31,113806,warm
BASELINE_2_checkpoint_replay,report-tool,notify_team,31,37718,warm
BASELINE_2_checkpoint_replay,research-browser,fetch_and_summarize,4,2092370,warm
BASELINE_2_checkpoint_replay,research-browser,sync_notes,4,1750325,warm
BASELINE_2_checkpoint_replay,research-browser,fetch_and_summarize,5,446781,warm
BASELINE_2_checkpoint_replay,research-browser,sync_notes,5,1633508,warm
BASELINE_2_checkpoint_replay,research-browser,fetch_and_summarize,6,455258,warm
BASELINE_2_checkpoint_replay,research-browser,sync_notes,6,1718818,warm
BASELINE_2_checkpoint_replay,research-browser,fetch_and_summarize,7,413184,warm
BASELINE_2_checkpoint_replay,research-browser,sync_notes,7,1840163,warm
BASELINE_2_checkpoint_replay,research-browser,fetch_and_summarize,8,317131,warm
BASELINE_2_checkpoint_replay,research-browser,sync_notes,8,1772880,warm
BASELINE_2_checkpoint_replay,research-browser,fetch_and_summarize,9,353360,warm
BASELINE_2_checkpoint_replay,research-browser,sync_notes,9,1726091,warm
BASELINE_2_checkpoint_replay,research-browser,fetch_and_summarize,10,440198,warm
BASELINE_2_checkpoint_replay,research-browser,sync_notes,10,1618389,warm
BASELINE_2_checkpoint_replay,research-browser,fetch_and_summarize,11,419125,warm
BASELINE_2_checkpoint_replay,research-browser,sync_notes,11,1659830,warm
BASELINE_2_checkpoint_replay,research-browser,fetch_and_summarize,12,395174,warm
BASELINE_2_checkpoint_replay,research-browser,sync_notes,12,1752118,warm
BASELINE_2_checkpoint_replay,research-browser,fetch_and_summarize,13,389613,warm
BASELINE_2_checkpoint_replay,research-browser,sync_notes,13,1766443,warm
BASELINE_2_checkpoint_replay,research-browser,fetch_and_summarize,14,344965,warm
BASELINE_2_checkpoint_replay,research-browser,sync_notes,14,1757140,warm
BASELINE_2_checkpoint_replay,research-browser,fetch_and_summarize,15,498490,warm
BASELINE_2_checkpoint_replay,research-browser,sync_notes,15,1635338,warm
BASELINE_2_checkpoint_replay,research-browser,fetch_and_summarize,16,416668,warm
BASELINE_2_checkpoint_replay,research-browser,sync_notes,16,1725276,warm
BASELINE_2_checkpoint_replay,research-browser,fetch_and_summarize,17,424354,warm
BASELINE_2_checkpoint_replay,research-browser,sync_notes,17,1737435,warm
BASELINE_2_checkpoint_replay,research-browser,fetch_and_summarize,18,374234,warm
BASELINE_2_checkpoint_replay,research-browser,sync_notes,18,1693253,warm
BASELINE_2_checkpoint_replay,research-browser,fetch_and_summarize,19,784934,warm
BASELINE_2_checkpoint_replay,research-browser,sync_notes,19,1547685,warm
BASELINE_2_checkpoint_replay,research-browser,fetch_and_summarize,20,918436,warm
BASELINE_2_checkpoint_replay,research-browser,sync_notes,20,1284041,warm
BASELINE_2_checkpoint_replay,research-browser,fetch_and_summarize,21,716795,warm
BASELINE_2_checkpoint_replay,research-browser,sync_notes,21,1134575,warm
BASELINE_2_checkpoint_replay,research-browser,fetch_and_summarize,22,924510,warm
BASELINE_2_checkpoint_replay,research-browser,sync_notes,22,1179375,warm
BASELINE_2_checkpoint_replay,research-browser,fetch_and_summarize,23,984699,warm
BASELINE_2_checkpoint_replay,research-browser,sync_notes,23,1046341,warm
BASELINE_2_checkpoint_replay,research-browser,fetch_and_summarize,24,1144653,warm
BASELINE_2_checkpoint_replay,research-browser,sync_notes,24,968940,warm
BASELINE_2_checkpoint_replay,research-browser,fetch_and_summarize,25,1040211,warm
BASELINE_2_checkpoint_replay,research-browser,sync_notes,25,1046107,warm
BASELINE_2_checkpoint_replay,research-browser,fetch_and_summarize,26,1163281,warm
BASELINE_2_checkpoint_replay,research-browser,sync_notes,26,960803,warm
BASELINE_2_checkpoint_replay,research-browser,fetch_and_summarize,27,1110878,warm
BASELINE_2_checkpoint_replay,research-browser,sync_notes,27,979367,warm
BASELINE_2_checkpoint_replay,research-browser,fetch_and_summarize,28,1149531,warm
BASELINE_2_checkpoint_replay,research-browser,sync_notes,28,894252,warm
BASELINE_2_checkpoint_replay,utility-daemon,session_state,4,112343,warm
BASELINE_2_checkpoint_replay,utility-daemon,idle_tick,4,2221027,warm
BASELINE_2_checkpoint_replay,utility-daemon,session_state,5,98383,warm
BASELINE_2_checkpoint_replay,utility-daemon,idle_tick,5,2413748,warm
BASELINE_2_checkpoint_replay,utility-daemon,session_state,6,174512,warm
BASELINE_2_checkpoint_replay,utility-daemon,idle_tick,6,2200313,warm
BASELINE_2_checkpoint_replay,utility-daemon,session_state,7,96515,warm
BASELINE_2_checkpoint_replay,utility-daemon,idle_tick,7,2129546,warm
BASELINE_2_checkpoint_replay,utility-daemon,session_state,8,159994,warm
BASELINE_2_checkpoint_replay,utility-daemon,idle_tick,8,2111478,warm
BASELINE_2_checkpoint_replay,utility-daemon,session_state,9,149701,warm
BASELINE_2_checkpoint_replay,utility-daemon,idle_tick,9,2151194,warm
BASELINE_2_checkpoint_replay,utility-daemon,session_state,10,180030,warm
BASELINE_2_checkpoint_replay,utility-daemon,idle_tick,10,2391565,warm
BASELINE_2_checkpoint_replay,utility-daemon,session_state,11,318632,warm
BASELINE_2_checkpoint_replay,utility-daemon,idle_tick,11,2132610,warm
BASELINE_2_checkpoint_replay,utility-daemon,session_state,12,140406,warm
BASELINE_2_checkpoint_replay,utility-daemon,idle_tick,12,2137145,warm
BASELINE_2_checkpoint_replay,utility-daemon,session_state,13,80811,warm
BASELINE_2_checkpoint_replay,utility-daemon,idle_tick,13,2251114,warm
BASELINE_2_checkpoint_replay,utility-daemon,session_state,14,156052,warm
BASELINE_2_checkpoint_replay,utility-daemon,idle_tick,14,2413272,warm
BASELINE_2_checkpoint_replay,utility-daemon,session_state,15,156073,warm
BASELINE_2_checkpoint_replay,utility-daemon,idle_tick,15,2121044,warm
BASELINE_2_checkpoint_replay,utility-daemon,session_state,16,111963,warm
BASELINE_2_checkpoint_replay,utility-daemon,idle_tick,16,2115219,warm
BASELINE_2_checkpoint_replay,utility-daemon,session_state,17,286621,warm
BASELINE_2_checkpoint_replay,utility-daemon,idle_tick,17,2247032,warm
BASELINE_2_checkpoint_replay,utility-daemon,session_state,18,147311,warm
BASELINE_2_checkpoint_replay,utility-daemon,idle_tick,18,2210259,warm
BASELINE_2_checkpoint_replay,utility-daemon,session_state,19,155380,warm
BASELINE_2_checkpoint_replay,utility-daemon,idle_tick,19,2170613,warm
BASELINE_2_checkpoint_replay,utility-daemon,session_state,20,127565,warm
BASELINE_2_checkpoint_replay,utility-daemon,idle_tick,20,2279106,warm
BASELINE_2_checkpoint_replay,utility-daemon,session_state,21,831099,warm
BASELINE_2_checkpoint_replay,utility-daemon,idle_tick,21,2196691,warm
BASELINE_2_checkpoint_replay,utility-daemon,session_state,22,107135,warm
BASELINE_2_checkpoint_replay,utility-daemon,idle_tick,22,2289378,warm
BASELINE_2_checkpoint_replay,utility-daemon,session_state,23,104187,warm
BASELINE_2_checkpoint_replay,utility-daemon,idle_tick,23,2185723,warm
BASELINE_2_checkpoint_replay,utility-daemon,session_state,24,143070,warm
BASELINE_2_checkpoint_replay,utility-daemon,idle_tick,24,2263081,warm
BASELINE_2_checkpoint_replay,utility-daemon,session_state,25,119753,warm
BASELINE_2_checkpoint_replay,utility-daemon,idle_tick,25,2304867,warm
BASELINE_2_checkpoint_replay,utility-daemon,session_state,26,92198,warm
BASELINE_2_checkpoint_replay,utility-daemon,idle_tick,26,2293324,warm
BASELINE_2_checkpoint_replay,utility-daemon,session_state,27,212047,warm
BASELINE_2_checkpoint_replay,utility-daemon,idle_tick,27,2673207,warm
BASELINE_2_checkpoint_replay,utility-daemon,session_state,28,87402,warm
BASELINE_2_checkpoint_replay,utility-daemon,idle_tick,28,2192628,warm
BASELINE_2_checkpoint_replay,utility-daemon,session_state,29,89116,warm
BASELINE_2_checkpoint_replay,utility-daemon,idle_tick,29,2237315,warm
BASELINE_2_checkpoint_replay,utility-daemon,session_state,30,83296,warm
BASELINE_2_checkpoint_replay,utility-daemon,idle_tick,30,2110488,warm
BASELINE_2_checkpoint_replay,utility-daemon,session_state,31,136818,warm
BASELINE_2_checkpoint_replay,utility-daemon,idle_tick,31,2146138,warm
BASELINE_2_checkpoint_replay,utility-daemon,session_state,32,95302,warm
BASELINE_2_checkpoint_replay,utility-daemon,idle_tick,32,2117575,warm
BASELINE_2_checkpoint_replay,utility-daemon,session_state,33,89706,warm
BASELINE_2_checkpoint_replay,utility-daemon,idle_tick,33,2129035,warm
BASELINE_2_checkpoint_replay,report-tool,weekly_report,32,122974,warm
BASELINE_2_checkpoint_replay,report-tool,weekly_report,33,70326,warm
BASELINE_2_checkpoint_replay,report-tool,weekly_report,34,47693,warm
BASELINE_2_checkpoint_replay,report-tool,weekly_report,35,53536,warm
BASELINE_2_checkpoint_replay,report-tool,weekly_report,36,155572,warm
BASELINE_2_checkpoint_replay,report-tool,weekly_report,37,57063,warm
BASELINE_2_checkpoint_replay,report-tool,weekly_report,38,44635,warm
BASELINE_2_checkpoint_replay,report-tool,weekly_report,39,46936,warm
BASELINE_2_checkpoint_replay,report-tool,weekly_report,40,41912,warm
BASELINE_2_checkpoint_replay,report-tool,weekly_report,41,42969,warm
BASELINE_2_checkpoint_replay,dev-editor,save_and_backup,34,39448,warm
BASELINE_2_checkpoint_replay,dev-editor,save_and_backup,35,41056,warm
BASELINE_2_checkpoint_replay,dev-editor,save_and_backup,36,40887,warm
BASELINE_2_checkpoint_replay,dev-editor,save_and_backup,37,44833,warm
BASELINE_2_checkpoint_replay,dev-editor,save_and_backup,38,42207,warm
BASELINE_2_checkpoint_replay,dev-editor,save_and_backup,39,113178,warm
BASELINE_2_checkpoint_replay,dev-editor,save_and_backup,40,71082,warm
BASELINE_2_checkpoint_replay,dev-editor,save_and_backup,41,41270,warm
BASELINE_2_checkpoint_replay,dev-editor,save_and_backup,42,153013,warm
BASELINE_2_checkpoint_replay,utility-daemon,idle_tick,34,2129732,warm
BASELINE_2_checkpoint_replay,research-browser,sync_notes,29,1148989,warm
BASELINE_2_checkpoint_replay,research-browser,fetch_and_summarize,29,943914,warm
BASELINE_2_checkpoint_replay,dev-editor,save_and_backup,43,128883,warm
BASELINE_2_checkpoint_replay,research-browser,sync_notes,30,997290,warm
BASELINE_2_checkpoint_replay,research-browser,fetch_and_summarize,30,972096,warm
BASELINE_2_checkpoint_replay,dev-editor,build_and_hash,34,2364578,warm
BASELINE_2_checkpoint_replay,research-browser,fetch_and_summarize,31,1827054,warm
BASELINE_2_checkpoint_replay,report-tool,weekly_report,42,127532,warm
BASELINE_2_checkpoint_replay,dev-editor,build_and_hash,35,1930701,warm
BASELINE_2_checkpoint_replay,report-tool,notify_team,32,63847,warm
BASELINE_2_checkpoint_replay,report-tool,notify_team,33,23183,warm
BASELINE_2_checkpoint_replay,dev-editor,build_and_hash,36,1931998,warm
BASELINE_2_checkpoint_replay,report-tool,notify_team,34,30881,warm
BASELINE_2_checkpoint_replay,dev-editor,build_and_hash,37,1736188,warm
BASELINE_2_checkpoint_replay,report-tool,weekly_report,43,101690,warm
BASELINE_2_checkpoint_replay,utility-daemon,session_state,34,71862,warm
BASELINE_2_checkpoint_replay,research-browser,fetch_and_summarize,32,2365639,warm
BASELINE_2_checkpoint_replay,utility-daemon,session_state,35,313283,warm
BASELINE_2_checkpoint_replay,dev-editor,noise,1,13910,cold
BASELINE_2_checkpoint_replay,dev-editor,noise,2,8776,warm
BASELINE_2_checkpoint_replay,dev-editor,noise,3,29888,warm
BASELINE_2_checkpoint_replay,dev-editor,noise,4,4148474,warm
BASELINE_2_checkpoint_replay,dev-editor,noise,5,3838462,warm
BASELINE_2_checkpoint_replay,dev-editor,noise,6,3166024,warm
BASELINE_2_checkpoint_replay,dev-editor,noise,7,4458139,warm
BASELINE_2_checkpoint_replay,dev-editor,noise,8,9802,warm
BASELINE_2_checkpoint_replay,dev-editor,noise,9,359593,warm
BASELINE_2_checkpoint_replay,dev-editor,noise,10,23352,warm
BASELINE_2_checkpoint_replay,dev-editor,noise,11,19564,warm
BASELINE_2_checkpoint_replay,dev-editor,noise,12,11882,warm
BASELINE_2_checkpoint_replay,dev-editor,noise,13,46616,warm
BASELINE_2_checkpoint_replay,dev-editor,noise,14,6079711,warm
BASELINE_2_checkpoint_replay,dev-editor,noise,15,4878096,warm
BASELINE_3_static_macros,dev-editor,build_and_hash,1,2117,cold
BASELINE_3_static_macros,dev-editor,save_and_backup,1,1546,cold
BASELINE_3_static_macros,dev-editor,build_and_hash,2,570,warm
BASELINE_3_static_macros,dev-editor,save_and_backup,2,1443,warm
BASELINE_3_static_macros,dev-editor,build_and_hash,3,434,warm
BASELINE_3_static_macros,dev-editor,save_and_backup,3,447,warm
BASELINE_3_static_macros,report-tool,weekly_report,1,409,cold
BASELINE_3_static_macros,report-tool,notify_team,1,41294,cold
BASELINE_3_static_macros,report-tool,weekly_report,2,427,warm
BASELINE_3_static_macros,report-tool,notify_team,2,14208,warm
BASELINE_3_static_macros,report-tool,weekly_report,3,761,warm
BASELINE_3_static_macros,report-tool,notify_team,3,12250,warm
BASELINE_3_static_macros,research-browser,fetch_and_summarize,1,753,cold
BASELINE_3_static_macros,research-browser,sync_notes,1,956,cold
BASELINE_3_static_macros,research-browser,fetch_and_summarize,2,3122,warm
BASELINE_3_static_macros,research-browser,sync_notes,2,389,warm
BASELINE_3_static_macros,research-browser,fetch_and_summarize,3,710,warm
BASELINE_3_static_macros,research-browser,sync_notes,3,441,warm
BASELINE_3_static_macros,utility-daemon,session_state,1,541,cold
BASELINE_3_static_macros,utility-daemon,idle_tick,1,2114028,cold
BASELINE_3_static_macros,utility-daemon,session_state,2,1676,warm
BASELINE_3_static_macros,utility-daemon,idle_tick,2,2152906,warm
BASELINE_3_static_macros,utility-daemon,session_state,3,2405,warm
BASELINE_3_static_macros,utility-daemon,idle_tick,3,2200873,warm
BASELINE_3_static_macros,dev-editor,build_and_hash,4,3764,warm
BASELINE_3_static_macros,dev-editor,save_and_backup,4,1272,warm
BASELINE_3_static_macros,dev-editor,build_and_hash,5,656,warm
BASELINE_3_static_macros,dev-editor,save_and_backup,5,631,warm
BASELINE_3_static_macros,dev-editor,build_and_hash,6,8958,warm
BASELINE_3_static_macros,dev-editor,save_and_backup,6,773,warm
BASELINE_3_static_macros,dev-editor,build_and_hash,7,601,warm
BASELINE_3_static_macros,dev-editor,save_and_backup,7,581,warm
BASELINE_3_static_macros,dev-editor,build_and_hash,8,471,warm
BASELINE_3_static_macros,dev-editor,save_and_backup,8,500,warm
BASELINE_3_static_macros,dev-editor,build_and_hash,9,537,warm
BASELINE_3_static_macros,dev-editor,save_and_backup,9,731,warm
BASELINE_3_static_macros,dev-editor,build_and_hash,10,6318,warm
BASELINE_3_static_macros,dev-editor,save_and_backup,10,478,warm
BASELINE_3_static_macros,dev-editor,build_and_hash,11,418,warm
BASELINE_3_static_macros,dev-editor,save_and_backup,11,509,warm
BASELINE_3_static_macros,dev-editor,build_and_hash,12,45859,warm
BASELINE_3_static_macros,dev-editor,save_and_backup,12,820,warm
BASELINE_3_static_macros,dev-editor,build_and_hash,13,728,warm
BASELINE_3_static_macros,dev-editor,save_and_backup,13,673,warm
BASELINE_3_static_macros,dev-editor,build_and_hash,14,902,warm
BASELINE_3_static_macros,dev-editor,save_and_backup,14,796,warm
BASELINE_3_static_macros,dev-editor,build_and_hash,15,655,warm
BASELINE_3_static_macros,dev-editor,save_and_backup,15,600,warm
BASELINE_3_static_macros,dev-editor,build_and_hash,16,586,warm
BASELINE_3_static_macros,dev-editor,save_and_backup,16,544,warm
BASELINE_3_static_macros,dev-editor,build_and_hash,17,564,warm
BASELINE_3_static_macros,dev-editor,save_and_backup,17,689,warm
BASELINE_3_static_macros,dev-editor,build_and_hash,18,485,warm
BASELINE_3_static_macros,dev-editor,save_and_backup,18,645,warm
BASELINE_3_static_macros,dev-editor,build_and_hash,19,581,warm
BASELINE_3_static_macros,dev-editor,save_and_backup,19,621,warm
BASELINE_3_static_macros,dev-editor,build_and_hash,20,5338,warm
BASELINE_3_static_macros,dev-editor,save_and_backup,20,1110,warm
BASELINE_3_static_macros,dev-editor,build_and_hash,21,745,warm
BASELINE_3_static_macros,dev-editor,save_and_backup,21,611,warm
BASELINE_3_static_macros,dev-editor,build_and_hash,22,567,warm
BASELINE_3_static_macros,dev-editor,save_and_backup,22,575,warm
BASELINE_3_static_macros,dev-editor,build_and_hash,23,511,warm
BASELINE_3_static_macros,dev-editor,save_and_backup,23,582,warm
BASELINE_3_static_macros,dev-editor,build_and_hash,24,577,warm
BASELINE_3_static_macros,dev-editor,save_and_backup,24,772,warm
BASELINE_3_static_macros,dev-editor,build_and_hash,25,651,warm
BASELINE_3_static_macros,dev-editor,save_and_backup,25,584,warm
BASELINE_3_static_macros,dev-editor,build_and_hash,26,672,warm
BASELINE_3_static_macros,dev-editor,save_and_backup,26,590,warm
BASELINE_3_static_macros,dev-editor,build_and_hash,27,615,warm
BASELINE_3_static_macros,dev-editor,save_and_backup,27,12785,warm
BASELINE_3_static_macros,dev-editor,build_and_hash,28,642,warm
BASELINE_3_static_macros,dev-editor,save_and_backup,28,1243,warm
BASELINE_3_static_macros,dev-editor,build_and_hash,29,1015,warm
BASELINE_3_static_macros,dev-editor,save_and_backup,29,1192,warm
BASELINE_3_static_macros,dev-editor,build_and_hash,30,1339,warm
BASELINE_3_static_macros,dev-editor,save_and_backup,30,1410,warm
BASELINE_3_static_macros,dev-editor,build_and_hash,31,1169,warm
BASELINE_3_static_macros,dev-editor,save_and_backup,31,1264,warm
BASELINE_3_static_macros,dev-editor,build_and_hash,32,1273,warm
BASELINE_3_static_macros,dev-editor,save_and_backup,32,770,warm
BASELINE_3_static_macros,dev-editor,build_and_hash,33,647,warm
BASELINE_3_static_macros,dev-editor,save_and_backup,33,697,warm
BASELINE_3_static_macros,report-tool,weekly_report,4,800,warm
BASELINE_3_static_macros,report-tool,notify_team,4,59828,warm
BASELINE_3_static_macros,report-tool,weekly_report,5,977,warm
BASELINE_3_static_macros,report-tool,notify_team,5,16486,warm
BASELINE_3_static_macros,report-tool,weekly_report,6,889,warm
BASELINE_3_static_macros,report-tool,notify_team,6,13419,warm
BASELINE_3_static_macros,report-tool,weekly_report,7,6693,warm
BASELINE_3_static_macros,report-tool,notify_team,7,13176,warm
BASELINE_3_static_macros,report-tool,weekly_report,8,1116,warm
BASELINE_3_static_macros,report-tool,notify_team,8,12620,warm
BASELINE_3_static_macros,report-tool,weekly_report,9,963,warm
BASELINE_3_static_macros,report-tool,notify_team,9,12463,warm
BASELINE_3_static_macros,report-tool,weekly_report,10,879,warm
BASELINE_3_static_macros,report-tool,notify_team,10,14494,warm
BASELINE_3_static_macros,report-tool,weekly_report,11,824,warm
BASELINE_3_static_macros,report-tool,notify_team,11,12451,warm
BASELINE_3_static_macros,report-tool,weekly_report,12,898,warm
BASELINE_3_static_macros,report-tool,notify_team,12,12471,warm
BASELINE_3_static_macros,report-tool,weekly_report,13,1005,warm
BASELINE_3_static_macros,report-tool,notify_team,13,12557,warm
BASELINE_3_static_macros,report-tool,weekly_report,14,882,warm
BASELINE_3_static_macros,report-tool,notify_team,14,25914,warm
BASELINE_3_static_macros,report-tool,weekly_report,15,1053,warm
BASELINE_3_static_macros,report-tool,notify_team,15,15096,warm
BASELINE_3_static_macros,report-tool,weekly_report,16,1051,warm
BASELINE_3_static_macros,report-tool,notify_team,16,12644,warm
BASELINE_3_static_macros,report-tool,weekly_report,17,1134,warm
BASELINE_3_static_macros,report-tool,notify_team,17,12309,warm
BASELINE_3_static_macros,report-tool,weekly_report,18,11280,warm
BASELINE_3_static_macros,report-tool,notify_team,18,13807,warm
BASELINE_3_static_macros,report-tool,weekly_report,19,1113,warm
BASELINE_3_static_macros,report-tool,notify_team,19,12568,warm
BASELINE_3_static_macros,report-tool,weekly_report,20,956,warm
BASELINE_3_static_macros,report-tool,notify_team,20,12233,warm
BASELINE_3_static_macros,report-tool,weekly_report,21,1442,warm
BASELINE_3_static_macros,report-tool,notify_team,21,12614,warm
BASELINE_3_static_macros,report-tool,weekly_report,22,940,warm
BASELINE_3_static_macros,report-tool,notify_team,22,18564,warm
BASELINE_3_static_macros,report-tool,weekly_report,23,1741,warm
BASELINE_3_static_macros,report-tool,notify_team,23,19963,warm
BASELINE_3_static_macros,report-tool,weekly_report,24,1334,warm
BASELINE_3_static_macros,report-tool,notify_team,24,15551,warm
BASELINE_3_static_macros,report-tool,weekly_report,25,1480,warm
BASELINE_3_static_macros,report-tool,notify_team,25,13722,warm
BASELINE_3_static_macros,report-tool,weekly_report,26,1144,warm
BASELINE_3_static_macros,report-tool,notify_team,26,13703,warm
BASELINE_3_static_macros,report-tool,weekly_report,27,1248,warm
BASELINE_3_static_macros,report-tool,notify_team,27,107893,warm
BASELINE_3_static_macros,report-tool,weekly_report,28,41231,warm
BASELINE_3_static_macros,report-tool,notify_team,28,62493,warm
BASELINE_3_static_macros,report-tool,weekly_report,29,1913,warm
BASELINE_3_static_macros,report-tool,notify_team,29,28198,warm
BASELINE_3_static_macros,report-tool,weekly_report,30,1317,warm
BASELINE_3_static_macros,report-tool,notify_team,30,13061,warm
BASELINE_3_static_macros,report-tool,weekly_report,31,6965,warm
BASELINE_3_static_macros,report-tool,notify_team,31,12965,warm
BASELINE_3_static_macros,research-browser,fetch_and_summarize,4,1681,warm
BASELINE_3_static_macros,research-browser,sync_notes,4,1524,warm
BASELINE_3_static_macros,research-browser,fetch_and_summarize,5,1498,warm
BASELINE_3_static_macros,research-browser,sync_notes,5,1087,warm
BASELINE_3_static_macros,research-browser,fetch_and_summarize,6,1056,warm
BASELINE_3_static_macros,research-browser,sync_notes,6,1002,warm
BASELINE_3_static_macros,research-browser,fetch_and_summarize,7,998,warm
BASELINE_3_static_macros,research-browser,sync_notes,7,981,warm
BASELINE_3_static_macros,research-browser,fetch_and_summarize,8,1105,warm
BASELINE_3_static_macros,research-browser,sync_notes,8,1422,warm
BASELINE_3_static_macros,research-browser,fetch_and_summarize,9,1034,warm
BASELINE_3_static_macros,research-browser,sync_notes,9,1692,warm
BASELINE_3_static_macros,research-browser,fetch_and_summarize,10,1537,warm
BASELINE_3_static_macros,research-browser,sync_notes,10,1454,warm
BASELINE_3_static_macros,research-browser,fetch_and_summarize,11,1571,warm
BASELINE_3_static_macros,research-browser,sync_notes,11,1235,warm
BASELINE_3_static_macros,research-browser,fetch_and_summarize,12,1525,warm
BASELINE_3_static_macros,research-browser,sync_notes,12,1275,warm
BASELINE_3_static_macros,research-browser,fetch_and_summarize,13,1211,warm
BASELINE_3_static_macros,research-browser,sync_notes,13,1149,warm
BASELINE_3_static_macros,research-browser,fetch_and_summarize,14,1117,warm
BASELINE_3_static_macros,research-browser,sync_notes,14,1101,warm
BASELINE_3_static_macros,research-browser,fetch_and_summarize,15,1119,warm
BASELINE_3_static_macros,research-browser,sync_notes,15,1101,warm
BASELINE_3_static_macros,research-browser,fetch_and_summarize,16,1370,warm
BASELINE_3_static_macros,research-browser,sync_notes,16,1098,warm
BASELINE_3_static_macros,research-browser,fetch_and_summarize,17,1146,warm
BASELINE_3_static_macros,research-browser,sync_notes,17,1129,warm
BASELINE_3_static_macros,research-browser,fetch_and_summarize,18,1202,warm
BASELINE_3_static_macros,research-browser,sync_notes,18,1123,warm
BASELINE_3_static_macros,research-browser,fetch_and_summarize,19,1151,warm
BASELINE_3_static_macros,research-browser,sync_notes,19,1243,warm
BASELINE_3_static_macros,research-browser,fetch_and_summarize,20,1700,warm
BASELINE_3_static_macros,research-browser,sync_notes,20,1240,warm
BASELINE_3_static_macros,research-browser,fetch_and_summarize,21,1174,warm
BASELINE_3_static_macros,research-browser,sync_notes,21,1567,warm
BASELINE_3_static_macros,research-browser,fetch_and_summarize,22,1135,warm
BASELINE_3_static_macros,research-browser,sync_notes,22,1093,warm
BASELINE_3_static_macros,research-browser,fetch_and_summarize,23,1185,warm
BASELINE_3_static_macros,research-browser,sync_notes,23,1171,warm
BASELINE_3_static_macros,research-browser,fetch_and_summarize,24,1197,warm
BASELINE_3_static_macros,research-browser,sync_notes,24,1132,warm
BASELINE_3_static_macros,research-browser,fetch_and_summarize,25,1223,warm
BASELINE_3_static_macros,research-browser,sync_notes,25,1145,warm
BASELINE_3_static_macros,research-browser,fetch_and_summarize,26,1219,warm
BASELINE_3_static_macros,research-browser,sync_notes,26,1259,warm
BASELINE_3_static_macros,research-browser,fetch_and_summarize,27,1790,warm
BASELINE_3_static_macros,research-browser,sync_notes,27,1516,warm
BASELINE_3_static_macros,research-browser,fetch_and_summarize,28,2065,warm
BASELINE_3_static_macros,research-browser,sync_notes,28,1349,warm
BASELINE_3_static_macros,utility-daemon,session_state,4,1567,warm
BASELINE_3_static_macros,utility-daemon,idle_tick,4,2285152,warm
BASELINE_3_static_macros,utility-daemon,session_state,5,9194,warm
BASELINE_3_static_macros,utility-daemon,idle_tick,5,2225211,warm
BASELINE_3_static_macros,utility-daemon,session_state,6,7197,warm
BASELINE_3_static_macros,utility-daemon,idle_tick,6,2136734,warm
BASELINE_3_static_macros,utility-daemon,session_state,7,3853,warm
BASELINE_3_static_macros,utility-daemon,idle_tick,7,2350856,warm
BASELINE_3_static_macros,utility-daemon,session_state,8,2920,warm
BASELINE_3_static_macros,utility-daemon,idle_tick,8,2225255,warm
BASELINE_3_static_macros,utility-daemon,session_state,9,10602,warm
BASELINE_3_static_macros,utility-daemon,idle_tick,9,2117860,warm
BASELINE_3_static_macros,utility-daemon,session_state,10,4103,warm
BASELINE_3_static_macros,utility-daemon,idle_tick,10,2109309,warm
BASELINE_3_static_macros,utility-daemon,session_state,11,4035,warm
BASELINE_3_static_macros,utility-daemon,idle_tick,11,2109097,warm
BASELINE_3_static_macros,utility-daemon,session_state,12,2656,warm
BASELINE_3_static_macros,utility-daemon,idle_tick,12,2094704,warm
BASELINE_3_static_macros,utility-daemon,session_state,13,3019,warm
BASELINE_3_static_macros,utility-daemon,idle_tick,13,2098080,warm
BASELINE_3_static_macros,utility-daemon,session_state,14,3438,warm
BASELINE_3_static_macros,utility-daemon,idle_tick,14,2378539,warm
BASELINE_3_static_macros,utility-daemon,session_state,15,3161,warm
BASELINE_3_static_macros,utility-daemon,idle_tick,15,2097282,warm
BASELINE_3_static_macros,utility-daemon,session_state,16,3152,warm
BASELINE_3_static_macros,utility-daemon,idle_tick,16,2428591,warm
BASELINE_3_static_macros,utility-daemon,session_state,17,6381,warm
BASELINE_3_static_macros,utility-daemon,idle_tick,17,2144808,warm
BASELINE_3_static_macros,utility-daemon,session_state,18,4493,warm
BASELINE_3_static_macros,utility-daemon,idle_tick,18,2118102,warm
BASELINE_3_static_macros,utility-daemon,session_state,19,3313,warm
BASELINE_3_static_macros,utility-daemon,idle_tick,19,2363901,warm
BASELINE_3_static_macros,utility-daemon,session_state,20,3000,warm
BASELINE_3_static_macros,utility-daemon,idle_tick,20,2385161,warm
BASELINE_3_static_macros,utility-daemon,session_state,21,79006,warm
BASELINE_3_static_macros,utility-daemon,idle_tick,21,2401060,warm
BASELINE_3_static_macros,utility-daemon,session_state,22,9040,warm
BASELINE_3_static_macros,utility-daemon,idle_tick,22,2187001,warm
BASELINE_3_static_macros,utility-daemon,session_state,23,7198,warm
BASELINE_3_static_macros,utility-daemon,idle_tick,23,2117130,warm
BASELINE_3_static_macros,utility-daemon,session_state,24,5295,warm
BASELINE_3_static_macros,utility-daemon,idle_tick,24,2099116,warm
BASELINE_3_static_macros,utility-daemon,session_state,25,4417,warm
BASELINE_3_static_macros,utility-daemon,idle_tick,25,2176632,warm
BASELINE_3_static_macros,utility-daemon,session_state,26,11256,warm
BASELINE_3_static_macros,utility-daemon,idle_tick,26,2200161,warm
BASELINE_3_static_macros,utility-daemon,session_state,27,9104,warm
BASELINE_3_static_macros,utility-daemon,idle_tick,27,2313631,warm
BASELINE_3_static_macros,utility-daemon,session_state,28,5305,warm
BASELINE_3_static_macros,utility-daemon,idle_tick,28,2113286,warm
BASELINE_3_static_macros,utility-daemon,session_state,29,5611,warm
BASELINE_3_static_macros,utility-daemon,idle_tick,29,2101958,warm
BASELINE_3_static_macros,utility-daemon,session_state,30,3772,warm
BASELINE_3_static_macros,utility-daemon,idle_tick,30,2100795,warm
BASELINE_3_static_macros,utility-daemon,session_state,31,3777,warm
BASELINE_3_static_macros,utility-daemon,idle_tick,31,2108483,warm
BASELINE_3_static_macros,utility-daemon,session_state,32,3506,warm
BASELINE_3_static_macros,utility-daemon,idle_tick,32,2100903,warm
BASELINE_3_static_macros,utility-daemon,session_state,33,6087,warm
BASELINE_3_static_macros,utility-daemon,idle_tick,33,2466139,warm
BASELINE_3_static_macros,report-tool,weekly_report,32,83239,warm
BASELINE_3_static_macros,report-tool,weekly_report,33,53454,warm
BASELINE_3_static_macros,report-tool,weekly_report,34,39972,warm
BASELINE_3_static_macros,report-tool,weekly_report,35,93753,warm
BASELINE_3_static_macros,report-tool,weekly_report,36,43452,warm
BASELINE_3_static_macros,report-tool,weekly_report,37,88736,warm
BASELINE_3_static_macros,report-tool,weekly_report,38,45900,warm
BASELINE_3_static_macros,report-tool,weekly_report,39,39328,warm
BASELINE_3_static_macros,report-tool,weekly_report,40,37525,warm
BASELINE_3_static_macros,report-tool,weekly_report,41,48176,warm
BASELINE_3_static_macros,dev-editor,save_and_backup,34,2617,warm
BASELINE_3_static_macros,dev-editor,save_and_backup,35,2145,warm
BASELINE_3_static_macros,dev-editor,save_and_backup,36,2244,warm
BASELINE_3_static_macros,dev-editor,save_and_backup,37,1780,warm
BASELINE_3_static_macros,dev-editor,save_and_backup,38,2182,warm
BASELINE_3_static_macros,dev-editor,save_and_backup,39,2008,warm
BASELINE_3_static_macros,dev-editor,save_and_backup,40,1745,warm
BASELINE_3_static_macros,dev-editor,save_and_backup,41,1726,warm
BASELINE_3_static_macros,dev-editor,save_and_backup,42,2314,warm
BASELINE_3_static_macros,utility-daemon,idle_tick,34,2200095,warm
BASELINE_3_static_macros,research-browser,sync_notes,29,6750,warm
BASELINE_3_static_macros,research-browser,fetch_and_summarize,29,3098,warm
BASELINE_3_static_macros,dev-editor,save_and_backup,43,2768,warm
BASELINE_3_static_macros,research-browser,sync_notes,30,2646,warm
BASELINE_3_static_macros,research-browser,fetch_and_summarize,30,1936,warm
BASELINE_3_static_macros,dev-editor,build_and_hash,34,2520,warm
BASELINE_3_static_macros,research-browser,fetch_and_summarize,31,1810,warm
BASELINE_3_static_macros,report-tool,weekly_report,42,159444,warm
BASELINE_3_static_macros,dev-editor,build_and_hash,35,3177,warm
BASELINE_3_static_macros,report-tool,notify_team,32,39716,warm
BASELINE_3_static_macros,report-tool,notify_team,33,14984,warm
BASELINE_3_static_macros,dev-editor,build_and_hash,36,2156,warm
BASELINE_3_static_macros,report-tool,notify_team,34,13690,warm
BASELINE_3_static_macros,dev-editor,build_and_hash,37,1949,warm
BASELINE_3_static_macros,report-tool,weekly_report,43,2370,warm
BASELINE_3_static_macros,utility-daemon,session_state,34,1931,warm
BASELINE_3_static_macros,research-browser,fetch_and_summarize,32,2283,warm
BASELINE_3_static_macros,utility-daemon,session_state,35,2059,warm
BASELINE_3_static_macros,dev-editor,noise,1,14312,cold
BASELINE_3_static_macros,dev-editor,noise,2,9025,warm
BASELINE_3_static_macros,dev-editor,noise,3,64534,warm
BASELINE_3_static_macros,dev-editor,noise,4,4066569,warm
BASELINE_3_static_macros,dev-editor,noise,5,2343237,warm
BASELINE_3_static_macros,dev-editor,noise,6,4141324,warm
BASELINE_3_static_macros,dev-editor,noise,7,4752589,warm
BASELINE_3_static_macros,dev-editor,noise,8,10929,warm
BASELINE_3_static_macros,dev-editor,noise,9,324214,warm
BASELINE_3_static_macros,dev-editor,noise,10,14798,warm
BASELINE_3_static_macros,dev-editor,noise,11,19426,warm
BASELINE_3_static_macros,dev-editor,noise,12,11544,warm
BASELINE_3_static_macros,dev-editor,noise,13,61394,warm
BASELINE_3_static_macros,dev-editor,noise,14,6612979,warm
BASELINE_3_static_macros,dev-editor,noise,15,5202414,warm
BASELINE_4_per_app_cache,dev-editor,build_and_hash,1,2380306,cold
BASELINE_4_per_app_cache,dev-editor,save_and_backup,1,61756,cold
BASELINE_4_per_app_cache,dev-editor,build_and_hash,2,2219431,warm
BASELINE_4_per_app_cache,dev-editor,save_and_backup,2,54040,warm
BASELINE_4_per_app_cache,dev-editor,build_and_hash,3,2015160,warm
BASELINE_4_per_app_cache,dev-editor,save_and_backup,3,44893,warm
BASELINE_4_per_app_cache,report-tool,weekly_report,1,64522,cold
BASELINE_4_per_app_cache,report-tool,notify_team,1,28272,cold
BASELINE_4_per_app_cache,report-tool,weekly_report,2,43130,warm
BASELINE_4_per_app_cache,report-tool,notify_team,2,15503,warm
BASELINE_4_per_app_cache,report-tool,weekly_report,3,43884,warm
BASELINE_4_per_app_cache,report-tool,notify_team,3,14383,warm
BASELINE_4_per_app_cache,research-browser,fetch_and_summarize,1,1582118,cold
BASELINE_4_per_app_cache,research-browser,sync_notes,1,1985792,cold
BASELINE_4_per_app_cache,research-browser,fetch_and_summarize,2,2160605,warm
BASELINE_4_per_app_cache,research-browser,sync_notes,2,2034095,warm
BASELINE_4_per_app_cache,research-browser,fetch_and_summarize,3,2133086,warm
BASELINE_4_per_app_cache,research-browser,sync_notes,3,2097685,warm
BASELINE_4_per_app_cache,utility-daemon,session_state,1,26682,cold
BASELINE_4_per_app_cache,utility-daemon,idle_tick,1,2193776,cold
BASELINE_4_per_app_cache,utility-daemon,session_state,2,160352,warm
BASELINE_4_per_app_cache,utility-daemon,idle_tick,2,2114940,warm
BASELINE_4_per_app_cache,utility-daemon,session_state,3,123168,warm
BASELINE_4_per_app_cache,utility-daemon,idle_tick,3,2353772,warm
BASELINE_4_per_app_cache,dev-editor,build_and_hash,4,2880001,warm
BASELINE_4_per_app_cache,dev-editor,save_and_backup,4,48524,warm
BASELINE_4_per_app_cache,dev-editor,build_and_hash,5,2981291,warm
BASELINE_4_per_app_cache,dev-editor,save_and_backup,5,47064,warm
BASELINE_4_per_app_cache,dev-editor,build_and_hash,6,2285164,warm
BASELINE_4_per_app_cache,dev-editor,save_and_backup,6,92848,warm
BASELINE_4_per_app_cache,dev-editor,build_and_hash,7,2762773,warm
BASELINE_4_per_app_cache,dev-editor,save_and_backup,7,57385,warm
BASELINE_4_per_app_cache,dev-editor,build_and_hash,8,2614042,warm
BASELINE_4_per_app_cache,dev-editor,save_and_backup,8,127266,warm
BASELINE_4_per_app_cache,dev-editor,build_and_hash,9,2889149,warm
BASELINE_4_per_app_cache,dev-editor,save_and_backup,9,80015,warm
BASELINE_4_per_app_cache,dev-editor,build_and_hash,10,2643744,warm
BASELINE_4_per_app_cache,dev-editor,save_and_backup,10,68075,warm
BASELINE_4_per_app_cache,dev-editor,build_and_hash,11,2723160,warm
BASELINE_4_per_app_cache,dev-editor,save_and_backup,11,57012,warm
BASELINE_4_per_app_cache,dev-editor,build_and_hash,12,2565276,warm
BASELINE_4_per_app_cache,dev-editor,save_and_backup,12,42866,warm
BASELINE_4_per_app_cache,dev-editor,build_and_hash,13,2428077,warm
BASELINE_4_per_app_cache,dev-editor,save_and_backup,13,57897,warm
BASELINE_4_per_app_cache,dev-editor,build_and_hash,14,2036761,warm
BASELINE_4_per_app_cache,dev-editor,save_and_backup,14,47942,warm
BASELINE_4_per_app_cache,dev-editor,build_and_hash,15,2294930,warm
BASELINE_4_per_app_cache,dev-editor,save_and_backup,15,70953,warm
BASELINE_4_per_app_cache,dev-editor,build_and_hash,16,2644324,warm
BASELINE_4_per_app_cache,dev-editor,save_and_backup,16,53564,warm
BASELINE_4_per_app_cache,dev-editor,build_and_hash,17,2009105,warm
BASELINE_4_per_app_cache,dev-editor,save_and_backup,17,49864,warm
BASELINE_4_per_app_cache,dev-editor,build_and_hash,18,1787008,warm
BASELINE_4_per_app_cache,dev-editor,save_and_backup,18,51732,warm
BASELINE_4_per_app_cache,dev-editor,build_and_hash,19,2779629,warm
BASELINE_4_per_app_cache,dev-editor,save_and_backup,19,43594,warm
BASELINE_4_per_app_cache,dev-editor,build_and_hash,20,2645210,warm
BASELINE_4_per_app_cache,dev-editor,save_and_backup,20,52753,warm
BASELINE_4_per_app_cache,dev-editor,build_and_hash,21,2216080,warm
BASELINE_4_per_app_cache,dev-editor,save_and_backup,21,62619,warm
BASELINE_4_per_app_cache,dev-editor,build_and_hash,22,1796087,warm
BASELINE_4_per_app_cache,dev-editor,save_and_backup,22,72994,warm
BASELINE_4_per_app_cache,dev-editor,build_and_hash,23,1897500,warm
BASELINE_4_per_app_cache,dev-editor,save_and_backup,23,47259,warm
BASELINE_4_per_app_cache,dev-editor,build_and_hash,24,1737240,warm
BASELINE_4_per_app_cache,dev-editor,save_and_backup,24,52712,warm
BASELINE_4_per_app_cache,dev-editor,build_and_hash,25,2237803,warm
BASELINE_4_per_app_cache,dev-editor,save_and_backup,25,49959,warm
BASELINE_4_per_app_cache,dev-editor,build_and_hash,26,1926953,warm
BASELINE_4_per_app_cache,dev-editor,save_and_backup,26,47113,warm
BASELINE_4_per_app_cache,dev-editor,build_and_hash,27,1940392,warm
BASELINE_4_per_app_cache,dev-editor,save_and_backup,27,53583,warm
BASELINE_4_per_app_cache,dev-editor,build_and_hash,28,1708963,warm
BASELINE_4_per_app_cache,dev-editor,save_and_backup,28,43227,warm
BASELINE_4_per_app_cache,dev-editor,build_and_hash,29,2143444,warm
BASELINE_4_per_app_cache,dev-editor,save_and_backup,29,49382,warm
BASELINE_4_per_app_cache,dev-editor,build_and_hash,30,2165330,warm
BASELINE_4_per_app_cache,dev-editor,save_and_backup,30,46095,warm
BASELINE_4_per_app_cache,dev-editor,build_and_hash,31,2040728,warm
BASELINE_4_per_app_cache,dev-editor,save_and_backup,31,42434,warm
BASELINE_4_per_app_cache,dev-editor,build_and_hash,32,2047113,warm
BASELINE_4_per_app_cache,dev-editor,save_and_backup,32,48257,warm
BASELINE_4_per_app_cache,dev-editor,build_and_hash,33,2026665,warm
BASELINE_4_per_app_cache,dev-editor,save_and_backup,33,45266,warm
BASELINE_4_per_app_cache,report-tool,weekly_report,4,84467,warm
BASELINE_4_per_app_cache,report-tool,notify_team,4,34981,warm
BASELINE_4_per_app_cache,report-tool,weekly_report,5,40941,warm
BASELINE_4_per_app_cache,report-tool,notify_team,5,20064,warm
BASELINE_4_per_app_cache,report-tool,weekly_report,6,74427,warm
BASELINE_4_per_app_cache,report-tool,notify_team,6,18002,warm
BASELINE_4_per_app_cache,report-tool,weekly_report,7,39214,warm
BASELINE_4_per_app_cache,report-tool,notify_team,7,15329,warm
BASELINE_4_per_app_cache,report-tool,weekly_report,8,54892,warm
BASELINE_4_per_app_cache,report-tool,notify_team,8,24099,warm
BASELINE_4_per_app_cache,report-tool,weekly_report,9,137412,warm
BASELINE_4_per_app_cache,report-tool,notify_team,9,18474,warm
BASELINE_4_per_app_cache,report-tool,weekly_report,10,40209,warm
BASELINE_4_per_app_cache,report-tool,notify_team,10,63328,warm
BASELINE_4_per_app_cache,report-tool,weekly_report,11,45230,warm
BASELINE_4_per_app_cache,report-tool,notify_team,11,17063,warm
BASELINE_4_per_app_cache,report-tool,weekly_report,12,36156,warm
BASELINE_4_per_app_cache,report-tool,notify_team,12,15518,warm
BASELINE_4_per_app_cache,report-tool,weekly_report,13,73679,warm
BASELINE_4_per_app_cache,report-tool,notify_team,13,44676,warm
BASELINE_4_per_app_cache,report-tool,weekly_report,14,71116,warm
BASELINE_4_per_app_cache,report-tool,notify_team,14,19783,warm
BASELINE_4_per_app_cache,report-tool,weekly_report,15,36874,warm
BASELINE_4_per_app_cache,report-tool,notify_team,15,14630,warm
BASELINE_4_per_app_cache,report-tool,weekly_report,16,39230,warm
BASELINE_4_per_app_cache,report-tool,notify_team,16,14631,warm
BASELINE_4_per_app_cache,report-tool,weekly_report,17,38922,warm
BASELINE_4_per_app_cache,report-tool,notify_team,17,14660,warm
BASELINE_4_per_app_cache,report-tool,weekly_report,18,74012,warm
BASELINE_4_per_app_cache,report-tool,notify_team,18,16906,warm
BASELINE_4_per_app_cache,report-tool,weekly_report,19,36603,warm
BASELINE_4_per_app_cache,report-tool,notify_team,19,14552,warm
BASELINE_4_per_app_cache,report-tool,weekly_report,20,34046,warm
BASELINE_4_per_app_cache,report-tool,notify_team,20,14343,warm
BASELINE_4_per_app_cache,report-tool,weekly_report,21,34373,warm
BASELINE_4_per_app_cache,report-tool,notify_team,21,14556,warm
BASELINE_4_per_app_cache,report-tool,weekly_report,22,36719,warm
BASELINE_4_per_app_cache,report-tool,notify_team,22,17071,warm
BASELINE_4_per_app_cache,report-tool,weekly_report,23,109680,warm
BASELINE_4_per_app_cache,report-tool,notify_team,23,18621,warm
BASELINE_4_per_app_cache,report-tool,weekly_report,24,40450,warm
BASELINE_4_per_app_cache,report-tool,notify_team,24,15449,warm
BASELINE_4_per_app_cache,report-tool,weekly_report,25,39016,warm
BASELINE_4_per_app_cache,report-tool,notify_team,25,40504,warm
BASELINE_4_per_app_cache,report-tool,weekly_report,26,45671,warm
BASELINE_4_per_app_cache,report-tool,notify_team,26,16234,warm
BASELINE_4_per_app_cache,report-tool,weekly_report,27,38181,warm
BASELINE_4_per_app_cache,report-tool,notify_team,27,14767,warm
BASELINE_4_per_app_cache,report-tool,weekly_report,28,41389,warm
BASELINE_4_per_app_cache,report-tool,notify_team,28,14963,warm
BASELINE_4_per_app_cache,report-tool,weekly_report,29,36458,warm
BASELINE_4_per_app_cache,report-tool,notify_team,29,15092,warm
BASELINE_4_per_app_cache,report-tool,weekly_report,30,37325,warm
BASELINE_4_per_app_cache,report-tool,notify_team,30,14873,warm
BASELINE_4_per_app_cache,report-tool,weekly_report,31,42884,warm
BASELINE_4_per_app_cache,report-tool,notify_team,31,17155,warm
BASELINE_4_per_app_cache,research-browser,fetch_and_summarize,4,710996,warm
BASELINE_4_per_app_cache,research-browser,sync_notes,4,2171572,warm
BASELINE_4_per_app_cache,research-browser,fetch_and_summarize,5,2130471,warm
BASELINE_4_per_app_cache,research-browser,sync_notes,5,2058818,warm
BASELINE_4_per_app_cache,research-browser,fetch_and_summarize,6,2154953,warm
BASELINE_4_per_app_cache,research-browser,sync_notes,6,2160067,warm
BASELINE_4_per_app_cache,research-browser,fetch_and_summarize,7,2125473,warm
BASELINE_4_per_app_cache,research-browser,sync_notes,7,2080284,warm
BASELINE_4_per_app_cache,research-browser,fetch_and_summarize,8,2064547,warm
BASELINE_4_per_app_cache,research-browser,sync_notes,8,2227506,warm
BASELINE_4_per_app_cache,research-browser,fetch_and_summarize,9,2113611,warm
BASELINE_4_per_app_cache,research-browser,sync_notes,9,2025300,warm
BASELINE_4_per_app_cache,research-browser,fetch_and_summarize,10,2189334,warm
BASELINE_4_per_app_cache,research-browser,sync_notes,10,1979455,warm
BASELINE_4_per_app_cache,research-browser,fetch_and_summarize,11,2309022,warm
BASELINE_4_per_app_cache,research-browser,sync_notes,11,1889486,warm
BASELINE_4_per_app_cache,research-browser,fetch_and_summarize,12,2275272,warm
BASELINE_4_per_app_cache,research-browser,sync_notes,12,1843714,warm
BASELINE_4_per_app_cache,research-browser,fetch_and_summarize,13,259160,warm
BASELINE_4_per_app_cache,research-browser,sync_notes,13,1878874,warm
BASELINE_4_per_app_cache,research-browser,fetch_and_summarize,14,221792,warm
BASELINE_4_per_app_cache,research-browser,sync_notes,14,1871853,warm
BASELINE_4_per_app_cache,research-browser,fetch_and_summarize,15,255801,warm
BASELINE_4_per_app_cache,research-browser,sync_notes,15,1841636,warm
BASELINE_4_per_app_cache,research-browser,fetch_and_summarize,16,299938,warm
BASELINE_4_per_app_cache,research-browser,sync_notes,16,1813385,warm
BASELINE_4_per_app_cache,research-browser,fetch_and_summarize,17,319562,warm
BASELINE_4_per_app_cache,research-browser,sync_notes,17,1812916,warm
BASELINE_4_per_app_cache,research-browser,fetch_and_summarize,18,316975,warm
BASELINE_4_per_app_cache,research-browser,sync_notes,18,1757864,warm
BASELINE_4_per_app_cache,research-browser,fetch_and_summarize,19,362338,warm
BASELINE_4_per_app_cache,research-browser,sync_notes,19,1716101,warm
BASELINE_4_per_app_cache,research-browser,fetch_and_summarize,20,472464,warm
BASELINE_4_per_app_cache,research-browser,sync_notes,20,1637712,warm
BASELINE_4_per_app_cache,research-browser,fetch_and_summarize,21,464429,warm
BASELINE_4_per_app_cache,research-browser,sync_notes,21,1632439,warm
BASELINE_4_per_app_cache,research-browser,fetch_and_summarize,22,530869,warm
BASELINE_4_per_app_cache,research-browser,sync_notes,22,1567601,warm
BASELINE_4_per_app_cache,research-browser,fetch_and_summarize,23,584574,warm
BASELINE_4_per_app_cache,research-browser,sync_notes,23,1505436,warm
BASELINE_4_per_app_cache,research-browser,fetch_and_summarize,24,592836,warm
BASELINE_4_per_app_cache,research-browser,sync_notes,24,1503897,warm
BASELINE_4_per_app_cache,research-browser,fetch_and_summarize,25,619164,warm
BASELINE_4_per_app_cache,research-browser,sync_notes,25,1500085,warm
BASELINE_4_per_app_cache,research-browser,fetch_and_summarize,26,628598,warm
BASELINE_4_per_app_cache,research-browser,sync_notes,26,1454660,warm
BASELINE_4_per_app_cache,research-browser,fetch_and_summarize,27,690758,warm
BASELINE_4_per_app_cache,research-browser,sync_notes,27,1499139,warm
BASELINE_4_per_app_cache,research-browser,fetch_and_summarize,28,660209,warm
BASELINE_4_per_app_cache,research-browser,sync_notes,28,1453953,warm
BASELINE_4_per_app_cache,utility-daemon,session_state,4,71350,warm
BASELINE_4_per_app_cache,utility-daemon,idle_tick,4,2254482,warm
BASELINE_4_per_app_cache,utility-daemon,session_state,5,114895,warm
BASELINE_4_per_app_cache,utility-daemon,idle_tick,5,2395124,warm
BASELINE_4_per_app_cache,utility-daemon,session_state,6,155150,warm
BASELINE_4_per_app_cache,utility-daemon,idle_tick,6,2362280,warm
BASELINE_4_per_app_cache,utility-daemon,session_state,7,96333,warm
BASELINE_4_per_app_cache,utility-daemon,idle_tick,7,2360635,warm
BASELINE_4_per_app_cache,utility-daemon,session_state,8,92348,warm
BASELINE_4_per_app_cache,utility-daemon,idle_tick,8,2355272,warm
BASELINE_4_per_app_cache,utility-daemon,session_state,9,124663,warm
BASELINE_4_per_app_cache,utility-daemon,idle_tick,9,2376356,warm
BASELINE_4_per_app_cache,utility-daemon,session_state,10,91799,warm
BASELINE_4_per_app_cache,utility-daemon,idle_tick,10,2374389,warm
BASELINE_4_per_app_cache,utility-daemon,session_state,11,188431,warm
BASELINE_4_per_app_cache,utility-daemon,idle_tick,11,2328845,warm
BASELINE_4_per_app_cache,utility-daemon,session_state,12,135352,warm
BASELINE_4_per_app_cache,utility-daemon,idle_tick,12,2099960,warm
BASELINE_4_per_app_cache,utility-daemon,session_state,13,90278,warm
BASELINE_4_per_app_cache,utility-daemon,idle_tick,13,2369402,warm
BASELINE_4_per_app_cache,utility-daemon,session_state,14,147882,warm
BASELINE_4_per_app_cache,utility-daemon,idle_tick,14,2142894,warm
BASELINE_4_per_app_cache,utility-daemon,session_state,15,173499,warm
BASELINE_4_per_app_cache,utility-daemon,idle_tick,15,2373635,warm
BASELINE_4_per_app_cache,utility-daemon,session_state,16,164650,warm
BASELINE_4_per_app_cache,utility-daemon,idle_tick,16,2117638,warm
BASELINE_4_per_app_cache,utility-daemon,session_state,17,101035,warm
BASELINE_4_per_app_cache,utility-daemon,idle_tick,17,2127684,warm
BASELINE_4_per_app_cache,utility-daemon,session_state,18,115585,warm
BASELINE_4_per_app_cache,utility-daemon,idle_tick,18,2197303,warm
BASELINE_4_per_app_cache,utility-daemon,session_state,19,196460,warm
BASELINE_4_per_app_cache,utility-daemon,idle_tick,19,2150536,warm
BASELINE_4_per_app_cache,utility-daemon,session_state,20,83639,warm
BASELINE_4_per_app_cache,utility-daemon,idle_tick,20,2364356,warm
BASELINE_4_per_app_cache,utility-daemon,session_state,21,192051,warm
BASELINE_4_per_app_cache,utility-daemon,idle_tick,21,2375515,warm
BASELINE_4_per_app_cache,utility-daemon,session_state,22,146578,warm
BASELINE_4_per_app_cache,utility-daemon,idle_tick,22,2375243,warm
BASELINE_4_per_app_cache,utility-daemon,session_state,23,93591,warm
BASELINE_4_per_app_cache,utility-daemon,idle_tick,23,2369182,warm
BASELINE_4_per_app_cache,utility-daemon,session_state,24,69251,warm
BASELINE_4_per_app_cache,utility-daemon,idle_tick,24,2133144,warm
BASELINE_4_per_app_cache,utility-daemon,session_state,25,80366,warm
BASELINE_4_per_app_cache,utility-daemon,idle_tick,25,2258966,warm
BASELINE_4_per_app_cache,utility-daemon,session_state,26,162324,warm
BASELINE_4_per_app_cache,utility-daemon,idle_tick,26,2254706,warm
BASELINE_4_per_app_cache,utility-daemon,session_state,27,80364,warm
BASELINE_4_per_app_cache,utility-daemon,idle_tick,27,2365302,warm
BASELINE_4_per_app_cache,utility-daemon,session_state,28,110296,warm
BASELINE_4_per_app_cache,utility-daemon,idle_tick,28,2232376,warm
BASELINE_4_per_app_cache,utility-daemon,session_state,29,143984,warm
BASELINE_4_per_app_cache,utility-daemon,idle_tick,29,2150231,warm
BASELINE_4_per_app_cache,utility-daemon,session_state,30,74158,warm
BASELINE_4_per_app_cache,utility-daemon,idle_tick,30,2419209,warm
BASELINE_4_per_app_cache,utility-daemon,session_state,31,69473,warm
BASELINE_4_per_app_cache,utility-daemon,idle_tick,31,2461315,warm
BASELINE_4_per_app_cache,utility-daemon,session_state,32,126416,warm
BASELINE_4_per_app_cache,utility-daemon,idle_tick,32,2394936,warm
BASELINE_4_per_app_cache,utility-daemon,session_state,33,80351,warm
BASELINE_4_per_app_cache,utility-daemon,idle_tick,33,2132154,warm
BASELINE_4_per_app_cache,report-tool,weekly_report,32,86084,warm
BASELINE_4_per_app_cache,report-tool,weekly_report,33,63440,warm
BASELINE_4_per_app_cache,report-tool,weekly_report,34,49096,warm
BASELINE_4_per_app_cache,report-tool,weekly_report,35,44417,warm
BASELINE_4_per_app_cache,report-tool,weekly_report,36,45737,warm
BASELINE_4_per_app_cache,report-tool,weekly_report,37,115507,warm
BASELINE_4_per_app_cache,report-tool,weekly_report,38,115346,warm
BASELINE_4_per_app_cache,report-tool,weekly_report,39,49591,warm
BASELINE_4_per_app_cache,report-tool,weekly_report,40,52087,warm
BASELINE_4_per_app_cache,report-tool,weekly_report,41,44186,warm
BASELINE_4_per_app_cache,dev-editor,save_and_backup,34,45023,warm
BASELINE_4_per_app_cache,dev-editor,save_and_backup,35,46404,warm
BASELINE_4_per_app_cache,dev-editor,save_and_backup,36,115617,warm
BASELINE_4_per_app_cache,dev-editor,save_and_backup,37,96760,warm
BASELINE_4_per_app_cache,dev-editor,save_and_backup,38,53517,warm
BASELINE_4_per_app_cache,dev-editor,save_and_backup,39,42134,warm
BASELINE_4_per_app_cache,dev-editor,save_and_backup,40,70595,warm
BASELINE_4_per_app_cache,dev-editor,save_and_backup,41,102934,warm
BASELINE_4_per_app_cache,dev-editor,save_and_backup,42,5021,warm
BASELINE_4_per_app_cache,utility-daemon,idle_tick,34,4108,warm
BASELINE_4_per_app_cache,research-browser,sync_notes,29,3674,warm
BASELINE_4_per_app_cache,research-browser,fetch_and_summarize,29,3497,warm
BASELINE_4_per_app_cache,dev-editor,save_and_backup,43,3446,warm
BASELINE_4_per_app_cache,research-browser,sync_notes,30,4036,warm
BASELINE_4_per_app_cache,research-browser,fetch_and_summarize,30,2700,warm
BASELINE_4_per_app_cache,dev-editor,build_and_hash,34,3068,warm
BASELINE_4_per_app_cache,research-browser,fetch_and_summarize,31,2821,warm
BASELINE_4_per_app_cache,report-tool,weekly_report,42,2871,warm
BASELINE_4_per_app_cache,dev-editor,build_and_hash,35,3086,warm
BASELINE_4_per_app_cache,report-tool,notify_team,32,2605,warm
BASELINE_4_per_app_cache,report-tool,notify_team,33,2722,warm
BASELINE_4_per_app_cache,dev-editor,build_and_hash,36,2466,warm
BASELINE_4_per_app_cache,report-tool,notify_team,34,2602,warm
BASELINE_4_per_app_cache,dev-editor,build_and_hash,37,2718,warm
BASELINE_4_per_app_cache,report-tool,weekly_report,43,3689,warm
BASELINE_4_per_app_cache,utility-daemon,session_state,34,2647,warm
BASELINE_4_per_app_cache,research-browser,fetch_and_summarize,32,2645,warm
BASELINE_4_per_app_cache,utility-daemon,session_state,35,2926,warm
BASELINE_4_per_app_cache,dev-editor,noise,1,12353,cold
BASELINE_4_per_app_cache,dev-editor,noise,2,10431,warm
BASELINE_4_per_app_cache,dev-editor,noise,3,46180,warm
BASELINE_4_per_app_cache,dev-editor,noise,4,4159756,warm
BASELINE_4_per_app_cache,dev-editor,noise,5,3143556,warm
BASELINE_4_per_app_cache,dev-editor,noise,6,3920852,warm
BASELINE_4_per_app_cache,dev-editor,noise,7,4763451,warm
BASELINE_4_per_app_cache,dev-editor,noise,8,12177,warm
BASELINE_4_per_app_cache,dev-editor,noise,9,254049,warm
BASELINE_4_per_app_cache,dev-editor,noise,10,15825,warm
BASELINE_4_per_app_cache,dev-editor,noise,11,19865,warm
BASELINE_4_per_app_cache,dev-editor,noise,12,13179,warm
BASELINE_4_per_app_cache,dev-editor,noise,13,126320,warm
BASELINE_4_per_app_cache,dev-editor,noise,14,53907194,warm
BASELINE_4_per_app_cache,dev-editor,noise,15,5679587,warm
DRM_A_permanent_only,dev-editor,build_and_hash,1,2887549,cold
DRM_A_permanent_only,dev-editor,save_and_backup,1,102057,cold
DRM_A_permanent_only,dev-editor,build_and_hash,2,2292613,warm
DRM_A_permanent_only,dev-editor,save_and_backup,2,128568,warm
DRM_A_permanent_only,dev-editor,build_and_hash,3,2134545,warm
DRM_A_permanent_only,dev-editor,save_and_backup,3,83933,warm
DRM_A_permanent_only,report-tool,weekly_report,1,235329,cold
DRM_A_permanent_only,report-tool,notify_team,1,39116,cold
DRM_A_permanent_only,report-tool,weekly_report,2,143803,warm
DRM_A_permanent_only,report-tool,notify_team,2,35140,warm
DRM_A_permanent_only,report-tool,weekly_report,3,371310,warm
DRM_A_permanent_only,report-tool,notify_team,3,79856,warm
DRM_A_permanent_only,research-browser,fetch_and_summarize,1,2052388,cold
DRM_A_permanent_only,research-browser,sync_notes,1,2053366,cold
DRM_A_permanent_only,research-browser,fetch_and_summarize,2,2162766,warm
DRM_A_permanent_only,research-browser,sync_notes,2,1953914,warm
DRM_A_permanent_only,research-browser,fetch_and_summarize,3,2173524,warm
DRM_A_permanent_only,research-browser,sync_notes,3,9493896,warm
DRM_A_permanent_only,utility-daemon,session_state,1,89780,cold
DRM_A_permanent_only,utility-daemon,idle_tick,1,2169506,cold
DRM_A_permanent_only,utility-daemon,session_state,2,267916,warm
DRM_A_permanent_only,utility-daemon,idle_tick,2,2592931,warm
DRM_A_permanent_only,utility-daemon,session_state,3,247149,warm
DRM_A_permanent_only,utility-daemon,idle_tick,3,2549652,warm
DRM_A_permanent_only,dev-editor,build_and_hash,4,2791394,warm
DRM_A_permanent_only,dev-editor,save_and_backup,4,671339,warm
DRM_A_permanent_only,dev-editor,build_and_hash,5,2131253,warm
DRM_A_permanent_only,dev-editor,save_and_backup,5,691284,warm
DRM_A_permanent_only,dev-editor,build_and_hash,6,2422871,warm
DRM_A_permanent_only,dev-editor,save_and_backup,6,802033,warm
DRM_A_permanent_only,dev-editor,build_and_hash,7,2532864,warm
DRM_A_permanent_only,dev-editor,save_and_backup,7,1106115,warm
DRM_A_permanent_only,dev-editor,build_and_hash,8,2392082,warm
DRM_A_permanent_only,dev-editor,save_and_backup,8,721558,warm
DRM_A_permanent_only,dev-editor,build_and_hash,9,2262056,warm
DRM_A_permanent_only,dev-editor,save_and_backup,9,1153937,warm
DRM_A_permanent_only,dev-editor,build_and_hash,10,2390928,warm
DRM_A_permanent_only,dev-editor,save_and_backup,10,774701,warm
DRM_A_permanent_only,dev-editor,build_and_hash,11,2242017,warm
DRM_A_permanent_only,dev-editor,save_and_backup,11,1211032,warm
DRM_A_permanent_only,dev-editor,build_and_hash,12,2506441,warm
DRM_A_permanent_only,dev-editor,save_and_backup,12,1039839,warm
DRM_A_permanent_only,dev-editor,build_and_hash,13,2327772,warm
DRM_A_permanent_only,dev-editor,save_and_backup,13,922654,warm
DRM_A_permanent_only,dev-editor,build_and_hash,14,2368674,warm
DRM_A_permanent_only,dev-editor,save_and_backup,14,1101466,warm
DRM_A_permanent_only,dev-editor,build_and_hash,15,2376079,warm
DRM_A_permanent_only,dev-editor,save_and_backup,15,984535,warm
DRM_A_permanent_only,dev-editor,build_and_hash,16,2298195,warm
DRM_A_permanent_only,dev-editor,save_and_backup,16,1375406,warm
DRM_A_permanent_only,dev-editor,build_and_hash,17,2463859,warm
DRM_A_permanent_only,dev-editor,save_and_backup,17,2043917,warm
DRM_A_permanent_only,dev-editor,build_and_hash,18,2723353,warm
DRM_A_permanent_only,dev-editor,save_and_backup,18,1444848,warm
DRM_A_permanent_only,dev-editor,build_and_hash,19,2829813,warm
DRM_A_permanent_only,dev-editor,save_and_backup,19,1369426,warm
DRM_A_permanent_only,dev-editor,build_and_hash,20,2773322,warm
DRM_A_permanent_only,dev-editor,save_and_backup,20,1408383,warm
DRM_A_permanent_only,dev-editor,build_and_hash,21,2417010,warm
DRM_A_permanent_only,dev-editor,save_and_backup,21,1494068,warm
DRM_A_permanent_only,dev-editor,build_and_hash,22,2584832,warm
DRM_A_permanent_only,dev-editor,save_and_backup,22,1615891,warm
DRM_A_permanent_only,dev-editor,build_and_hash,23,2738082,warm
DRM_A_permanent_only,dev-editor,save_and_backup,23,1560683,warm
DRM_A_permanent_only,dev-editor,build_and_hash,24,2583055,warm
DRM_A_permanent_only,dev-editor,save_and_backup,24,1530887,warm
DRM_A_permanent_only,dev-editor,build_and_hash,25,2226983,warm
DRM_A_permanent_only,dev-editor,save_and_backup,25,1805315,warm
DRM_A_permanent_only,dev-editor,build_and_hash,26,2457336,warm
DRM_A_permanent_only,dev-editor,save_and_backup,26,1828011,warm
DRM_A_permanent_only,dev-editor,build_and_hash,27,2471701,warm
DRM_A_permanent_only,dev-editor,save_and_backup,27,1895254,warm
DRM_A_permanent_only,dev-editor,build_and_hash,28,2438719,warm
DRM_A_permanent_only,dev-editor,save_and_backup,28,1678119,warm
DRM_A_permanent_only,dev-editor,build_and_hash,29,2563066,warm
DRM_A_permanent_only,dev-editor,save_and_backup,29,1610541,warm
DRM_A_permanent_only,dev-editor,build_and_hash,30,2327539,warm
DRM_A_permanent_only,dev-editor,save_and_backup,30,2319822,warm
DRM_A_permanent_only,dev-editor,build_and_hash,31,2641736,warm
DRM_A_permanent_only,dev-editor,save_and_backup,31,2878849,warm
DRM_A_permanent_only,dev-editor,build_and_hash,32,3006464,warm
DRM_A_permanent_only,dev-editor,save_and_backup,32,2128598,warm
DRM_A_permanent_only,dev-editor,build_and_hash,33,2789917,warm
DRM_A_permanent_only,dev-editor,save_and_backup,33,1908253,warm
DRM_A_permanent_only,report-tool,weekly_report,4,2085980,warm
DRM_A_permanent_only,report-tool,notify_team,4,376887,warm
DRM_A_permanent_only,report-tool,weekly_report,5,2305343,warm
DRM_A_permanent_only,report-tool,notify_team,5,380162,warm
DRM_A_permanent_only,report-tool,weekly_report,6,3225439,warm
DRM_A_permanent_only,report-tool,notify_team,6,645382,warm
DRM_A_permanent_only,report-tool,weekly_report,7,2938585,warm
DRM_A_permanent_only,report-tool,notify_team,7,239187,warm
DRM_A_permanent_only,report-tool,weekly_report,8,2798493,warm
DRM_A_permanent_only,report-tool,notify_team,8,240566,warm
DRM_A_permanent_only,report-tool,weekly_report,9,2901617,warm
DRM_A_permanent_only,report-tool,notify_team,9,247325,warm
DRM_A_permanent_only,report-tool,weekly_report,10,2734067,warm
DRM_A_permanent_only,report-tool,notify_team,10,245773,warm
DRM_A_permanent_only,report-tool,weekly_report,11,2748896,warm
DRM_A_permanent_only,report-tool,notify_team,11,216018,warm
DRM_A_permanent_only,report-tool,weekly_report,12,2761467,warm
DRM_A_permanent_only,report-tool,notify_team,12,245794,warm
DRM_A_permanent_only,report-tool,weekly_report,13,2922808,warm
DRM_A_permanent_only,report-tool,notify_team,13,276855,warm
DRM_A_permanent_only,report-tool,weekly_report,14,2903772,warm
DRM_A_permanent_only,report-tool,notify_team,14,337386,warm
DRM_A_permanent_only,report-tool,weekly_report,15,2981683,warm
DRM_A_permanent_only,report-tool,notify_team,15,234560,warm
DRM_A_permanent_only,report-tool,weekly_report,16,2949591,warm
DRM_A_permanent_only,report-tool,notify_team,16,261004,warm
DRM_A_permanent_only,report-tool,weekly_report,17,3454592,warm
DRM_A_permanent_only,report-tool,notify_team,17,245338,warm
DRM_A_permanent_only,report-tool,weekly_report,18,2556570,warm
DRM_A_permanent_only,report-tool,notify_team,18,237664,warm
DRM_A_permanent_only,report-tool,weekly_report,19,2438026,warm
DRM_A_permanent_only,report-tool,notify_team,19,292301,warm
DRM_A_permanent_only,report-tool,weekly_report,20,2675266,warm
DRM_A_permanent_only,report-tool,notify_team,20,288607,warm
DRM_A_permanent_only,report-tool,weekly_report,21,2666875,warm
DRM_A_permanent_only,report-tool,notify_team,21,283790,warm
DRM_A_permanent_only,report-tool,weekly_report,22,2704418,warm
DRM_A_permanent_only,report-tool,notify_team,22,292757,warm
DRM_A_permanent_only,report-tool,weekly_report,23,2774183,warm
DRM_A_permanent_only,report-tool,notify_team,23,343086,warm
DRM_A_permanent_only,report-tool,weekly_report,24,2899489,warm
DRM_A_permanent_only,report-tool,notify_team,24,296270,warm
DRM_A_permanent_only,report-tool,weekly_report,25,2853758,warm
DRM_A_permanent_only,report-tool,notify_team,25,268852,warm
DRM_A_permanent_only,report-tool,weekly_report,26,2814439,warm
DRM_A_permanent_only,report-tool,notify_team,26,284699,warm
DRM_A_permanent_only,report-tool,weekly_report,27,2924666,warm
DRM_A_permanent_only,report-tool,notify_team,27,302421,warm
DRM_A_permanent_only,report-tool,weekly_report,28,2947888,warm
DRM_A_permanent_only,report-tool,notify_team,28,352667,warm
DRM_A_permanent_only,report-tool,weekly_report,29,2919188,warm
DRM_A_permanent_only,report-tool,notify_team,29,289825,warm
DRM_A_permanent_only,report-tool,weekly_report,30,3030575,warm
DRM_A_permanent_only,report-tool,notify_team,30,296862,warm
DRM_A_permanent_only,report-tool,weekly_report,31,3476707,warm
DRM_A_permanent_only,report-tool,notify_team,31,316493,warm
DRM_A_permanent_only,research-browser,fetch_and_summarize,4,3810528,warm
DRM_A_permanent_only,research-browser,sync_notes,4,4298264,warm
DRM_A_permanent_only,research-browser,fetch_and_summarize,5,4573418,warm
DRM_A_permanent_only,research-browser,sync_notes,5,3872143,warm
DRM_A_permanent_only,research-browser,fetch_and_summarize,6,4333231,warm
DRM_A_permanent_only,research-browser,sync_notes,6,4097651,warm
DRM_A_permanent_only,research-browser,fetch_and_summarize,7,4466914,warm
DRM_A_permanent_only,research-browser,sync_notes,7,2134514,warm
DRM_A_permanent_only,research-browser,fetch_and_summarize,8,2156384,warm
DRM_A_permanent_only,research-browser,sync_notes,8,2085080,warm
DRM_A_permanent_only,research-browser,fetch_and_summarize,9,2204017,warm
DRM_A_permanent_only,research-browser,sync_notes,9,4485093,warm
DRM_A_permanent_only,research-browser,fetch_and_summarize,10,4053326,warm
DRM_A_permanent_only,research-browser,sync_notes,10,4401225,warm
DRM_A_permanent_only,research-browser,fetch_and_summarize,11,4114507,warm
DRM_A_permanent_only,research-browser,sync_notes,11,4269490,warm
DRM_A_permanent_only,research-browser,fetch_and_summarize,12,4137301,warm
DRM_A_permanent_only,research-browser,sync_notes,12,4230070,warm
DRM_A_permanent_only,research-browser,fetch_and_summarize,13,4167074,warm
DRM_A_permanent_only,research-browser,sync_notes,13,4259014,warm
DRM_A_permanent_only,research-browser,fetch_and_summarize,14,4226763,warm
DRM_A_permanent_only,research-browser,sync_notes,14,4097299,warm
DRM_A_permanent_only,research-browser,fetch_and_summarize,15,4210741,warm
DRM_A_permanent_only,research-browser,sync_notes,15,4144924,warm
DRM_A_permanent_only,research-browser,fetch_and_summarize,16,4323393,warm
DRM_A_permanent_only,research-browser,sync_notes,16,4070829,warm
DRM_A_permanent_only,research-browser,fetch_and_summarize,17,4214155,warm
DRM_A_permanent_only,research-browser,sync_notes,17,4248463,warm
DRM_A_permanent_only,research-browser,fetch_and_summarize,18,4380979,warm
DRM_A_permanent_only,research-browser,sync_notes,18,4034623,warm
DRM_A_permanent_only,research-browser,fetch_and_summarize,19,4263699,warm
DRM_A_permanent_only,research-browser,sync_notes,19,4120527,warm
DRM_A_permanent_only,research-browser,fetch_and_summarize,20,4296457,warm
DRM_A_permanent_only,research-browser,sync_notes,20,4096471,warm
DRM_A_permanent_only,research-browser,fetch_and_summarize,21,4340497,warm
DRM_A_permanent_only,research-browser,sync_notes,21,4014537,warm
DRM_A_permanent_only,research-browser,fetch_and_summarize,22,4359524,warm
DRM_A_permanent_only,research-browser,sync_notes,22,4000343,warm
DRM_A_permanent_only,research-browser,fetch_and_summarize,23,4407006,warm
DRM_A_permanent_only,research-browser,sync_notes,23,4062350,warm
DRM_A_permanent_only,research-browser,fetch_and_summarize,24,4527925,warm
DRM_A_permanent_only,research-browser,sync_notes,24,5882439,warm
DRM_A_permanent_only,research-browser,fetch_and_summarize,25,4571873,warm
DRM_A_permanent_only,research-browser,sync_notes,25,3859008,warm
DRM_A_permanent_only,research-browser,fetch_and_summarize,26,4659741,warm
DRM_A_permanent_only,research-browser,sync_notes,26,3656704,warm
DRM_A_permanent_only,research-browser,fetch_and_summarize,27,4855575,warm
DRM_A_permanent_only,research-browser,sync_notes,27,3562328,warm
DRM_A_permanent_only,research-browser,fetch_and_summarize,28,4854182,warm
DRM_A_permanent_only,research-browser,sync_notes,28,3601921,warm
DRM_A_permanent_only,utility-daemon,session_state,4,2195145,warm
DRM_A_permanent_only,utility-daemon,idle_tick,4,4216847,warm
DRM_A_permanent_only,utility-daemon,session_state,5,2382663,warm
DRM_A_permanent_only,utility-daemon,idle_tick,5,4245188,warm
DRM_A_permanent_only,utility-daemon,session_state,6,2496141,warm
DRM_A_permanent_only,utility-daemon,idle_tick,6,4536525,warm
DRM_A_permanent_only,utility-daemon,session_state,7,2307422,warm
DRM_A_permanent_only,utility-daemon,idle_tick,7,4209779,warm
DRM_A_permanent_only,utility-daemon,session_state,8,2106637,warm
DRM_A_permanent_only,utility-daemon,idle_tick,8,4231189,warm
DRM_A_permanent_only,utility-daemon,session_state,9,2453708,warm
DRM_A_permanent_only,utility-daemon,idle_tick,9,4191546,warm
DRM_A_permanent_only,utility-daemon,session_state,10,2114505,warm
DRM_A_permanent_only,utility-daemon,idle_tick,10,4060173,warm
DRM_A_permanent_only,utility-daemon,session_state,11,2134449,warm
DRM_A_permanent_only,utility-daemon,idle_tick,11,4108618,warm
DRM_A_permanent_only,utility-daemon,session_state,12,2097210,warm
DRM_A_permanent_only,utility-daemon,idle_tick,12,4193067,warm
DRM_A_permanent_only,utility-daemon,session_state,13,2363388,warm
DRM_A_permanent_only,utility-daemon,idle_tick,13,4064074,warm
DRM_A_permanent_only,utility-daemon,session_state,14,2270733,warm
DRM_A_permanent_only,utility-daemon,idle_tick,14,4255953,warm
DRM_A_permanent_only,utility-daemon,session_state,15,2443818,warm
DRM_A_permanent_only,utility-daemon,idle_tick,15,4404006,warm
DRM_A_permanent_only,utility-daemon,session_state,16,2180653,warm
DRM_A_permanent_only,utility-daemon,idle_tick,16,4373628,warm
DRM_A_permanent_only,utility-daemon,session_state,17,2301778,warm
DRM_A_permanent_only,utility-daemon,idle_tick,17,4387575,warm
DRM_A_permanent_only,utility-daemon,session_state,18,2323684,warm
DRM_A_permanent_only,utility-daemon,idle_tick,18,4892897,warm
DRM_A_permanent_only,utility-daemon,session_state,19,3326625,warm
DRM_A_permanent_only,utility-daemon,idle_tick,19,4458828,warm
DRM_A_permanent_only,utility-daemon,session_state,20,2627265,warm
DRM_A_permanent_only,utility-daemon,idle_tick,20,4600659,warm
DRM_A_permanent_only,utility-daemon,session_state,21,2362806,warm
DRM_A_permanent_only,utility-daemon,idle_tick,21,4086202,warm
DRM_A_permanent_only,utility-daemon,session_state,22,2183586,warm
DRM_A_permanent_only,utility-daemon,idle_tick,22,4207056,warm
DRM_A_permanent_only,utility-daemon,session_state,23,2169683,warm
DRM_A_permanent_only,utility-daemon,idle_tick,23,4076544,warm
DRM_A_permanent_only,utility-daemon,session_state,24,2217095,warm
DRM_A_permanent_only,utility-daemon,idle_tick,24,4237977,warm
DRM_A_permanent_only,utility-daemon,session_state,25,2069948,warm
DRM_A_permanent_only,utility-daemon,idle_tick,25,4140334,warm
DRM_A_permanent_only,utility-daemon,session_state,26,2179783,warm
DRM_A_permanent_only,utility-daemon,idle_tick,26,4127495,warm
DRM_A_permanent_only,utility-daemon,session_state,27,2129888,warm
DRM_A_permanent_only,utility-daemon,idle_tick,27,4470400,warm
DRM_A_permanent_only,utility-daemon,session_state,28,2503578,warm
DRM_A_permanent_only,utility-daemon,idle_tick,28,4181581,warm
DRM_A_permanent_only,utility-daemon,session_state,29,2435070,warm
DRM_A_permanent_only,utility-daemon,idle_tick,29,4179715,warm
DRM_A_permanent_only,utility-daemon,session_state,30,2284614,warm
DRM_A_permanent_only,utility-daemon,idle_tick,30,4428136,warm
DRM_A_permanent_only,utility-daemon,session_state,31,3027227,warm
DRM_A_permanent_only,utility-daemon,idle_tick,31,4271029,warm
DRM_A_permanent_only,utility-daemon,session_state,32,2192865,warm
DRM_A_permanent_only,utility-daemon,idle_tick,32,4340191,warm
DRM_A_permanent_only,utility-daemon,session_state,33,2221272,warm
DRM_A_permanent_only,utility-daemon,idle_tick,33,4277700,warm
DRM_A_permanent_only,report-tool,weekly_report,32,5875815,warm
DRM_A_permanent_only,report-tool,weekly_report,33,10917829,warm
DRM_A_permanent_only,report-tool,weekly_report,34,10810376,warm
DRM_A_permanent_only,report-tool,weekly_report,35,12654474,warm
DRM_A_permanent_only,report-tool,weekly_report,36,13225044,warm
DRM_A_permanent_only,report-tool,weekly_report,37,12012231,warm
DRM_A_permanent_only,report-tool,weekly_report,38,12504948,warm
DRM_A_permanent_only,report-tool,weekly_report,39,11944523,warm
DRM_A_permanent_only,report-tool,weekly_report,40,12217012,warm
DRM_A_permanent_only,report-tool,weekly_report,41,12377390,warm
DRM_A_permanent_only,dev-editor,save_and_backup,34,8729368,warm
DRM_A_permanent_only,dev-editor,save_and_backup,35,10579366,warm
DRM_A_permanent_only,dev-editor,save_and_backup,36,8902154,warm
DRM_A_permanent_only,dev-editor,save_and_backup,37,8838564,warm
DRM_A_permanent_only,dev-editor,save_and_backup,38,8803255,warm
DRM_A_permanent_only,dev-editor,save_and_backup,39,8737270,warm
DRM_A_permanent_only,dev-editor,save_and_backup,40,9654305,warm
DRM_A_permanent_only,dev-editor,save_and_backup,41,8769571,warm
DRM_A_permanent_only,dev-editor,save_and_backup,42,147152,warm
DRM_A_permanent_only,utility-daemon,idle_tick,34,2148774,warm
DRM_A_permanent_only,research-browser,sync_notes,29,1879722,warm
DRM_A_permanent_only,research-browser,fetch_and_summarize,29,1040993,warm
DRM_A_permanent_only,dev-editor,save_and_backup,43,105228,warm
DRM_A_permanent_only,research-browser,sync_notes,30,950656,warm
DRM_A_permanent_only,research-browser,fetch_and_summarize,30,1039636,warm
DRM_A_permanent_only,dev-editor,build_and_hash,34,2487425,warm
DRM_A_permanent_only,research-browser,fetch_and_summarize,31,1760447,warm
DRM_A_permanent_only,report-tool,weekly_report,42,124775,warm
DRM_A_permanent_only,dev-editor,build_and_hash,35,2250607,warm
DRM_A_permanent_only,report-tool,notify_team,32,56130,warm
DRM_A_permanent_only,report-tool,notify_team,33,24020,warm
DRM_A_permanent_only,dev-editor,build_and_hash,36,1780587,warm
DRM_A_permanent_only,report-tool,notify_team,34,67421,warm
DRM_A_permanent_only,dev-editor,build_and_hash,37,1800376,warm
DRM_A_permanent_only,report-tool,weekly_report,43,107656,warm
DRM_A_permanent_only,utility-daemon,session_state,34,81759,warm
DRM_A_permanent_only,research-browser,fetch_and_summarize,32,2001728,warm
DRM_A_permanent_only,utility-daemon,session_state,35,81635,warm
DRM_A_permanent_only,dev-editor,noise,1,1311329,cold
DRM_A_permanent_only,dev-editor,noise,2,1040789,warm
DRM_A_permanent_only,dev-editor,noise,3,948145,warm
DRM_A_permanent_only,dev-editor,noise,4,5066967,warm
DRM_A_permanent_only,dev-editor,noise,5,4065382,warm
DRM_A_permanent_only,dev-editor,noise,6,5052179,warm
DRM_A_permanent_only,dev-editor,noise,7,5823369,warm
DRM_A_permanent_only,dev-editor,noise,8,1074277,warm
DRM_A_permanent_only,dev-editor,noise,9,1269311,warm
DRM_A_permanent_only,dev-editor,noise,10,866534,warm
DRM_A_permanent_only,dev-editor,noise,11,1873126,warm
DRM_A_permanent_only,dev-editor,noise,12,1935950,warm
DRM_A_permanent_only,dev-editor,noise,13,1879638,warm
DRM_A_permanent_only,dev-editor,noise,14,7968389,warm
DRM_A_permanent_only,dev-editor,noise,15,7900055,warm
DRM_B_provisional_permanent,dev-editor,build_and_hash,1,2561380,cold
DRM_B_provisional_permanent,dev-editor,save_and_backup,1,84076,cold
DRM_B_provisional_permanent,dev-editor,build_and_hash,2,2034522,warm
DRM_B_provisional_permanent,dev-editor,save_and_backup,2,108325,warm
DRM_B_provisional_permanent,dev-editor,build_and_hash,3,1771355,warm
DRM_B_provisional_permanent,dev-editor,save_and_backup,3,62892,warm
DRM_B_provisional_permanent,report-tool,weekly_report,1,93478,cold
DRM_B_provisional_permanent,report-tool,notify_team,1,29175,cold
DRM_B_provisional_permanent,report-tool,weekly_report,2,51434,warm
DRM_B_provisional_permanent,report-tool,notify_team,2,20673,warm
DRM_B_provisional_permanent,report-tool,weekly_report,3,56124,warm
DRM_B_provisional_permanent,report-tool,notify_team,3,18655,warm
DRM_B_provisional_permanent,research-browser,fetch_and_summarize,1,1594162,cold
DRM_B_provisional_permanent,research-browser,sync_notes,1,2178911,cold
DRM_B_provisional_permanent,research-browser,fetch_and_summarize,2,2104158,warm
DRM_B_provisional_permanent,research-browser,sync_notes,2,2111721,warm
DRM_B_provisional_permanent,research-browser,fetch_and_summarize,3,2185331,warm
DRM_B_provisional_permanent,research-browser,sync_notes,3,1905233,warm
DRM_B_provisional_permanent,utility-daemon,session_state,1,32387,cold
DRM_B_provisional_permanent,utility-daemon,idle_tick,1,2252144,cold
DRM_B_provisional_permanent,utility-daemon,session_state,2,129619,warm
DRM_B_provisional_permanent,utility-daemon,idle_tick,2,2367409,warm
DRM_B_provisional_permanent,utility-daemon,session_state,3,110959,warm
DRM_B_provisional_permanent,utility-daemon,idle_tick,3,2402639,warm
DRM_B_provisional_permanent,dev-editor,build_and_hash,4,2408851,warm
DRM_B_provisional_permanent,dev-editor,save_and_backup,4,133260,warm
DRM_B_provisional_permanent,dev-editor,build_and_hash,5,2161262,warm
DRM_B_provisional_permanent,dev-editor,save_and_backup,5,111959,warm
DRM_B_provisional_permanent,dev-editor,build_and_hash,6,2061824,warm
DRM_B_provisional_permanent,dev-editor,save_and_backup,6,187990,warm
DRM_B_provisional_permanent,dev-editor,build_and_hash,7,1854664,warm
DRM_B_provisional_permanent,dev-editor,save_and_backup,7,109011,warm
DRM_B_provisional_permanent,dev-editor,build_and_hash,8,2164353,warm
DRM_B_provisional_permanent,dev-editor,save_and_backup,8,82393,warm
DRM_B_provisional_permanent,dev-editor,build_and_hash,9,1849725,warm
DRM_B_provisional_permanent,dev-editor,save_and_backup,9,69040,warm
DRM_B_provisional_permanent,dev-editor,build_and_hash,10,1812625,warm
DRM_B_provisional_permanent,dev-editor,save_and_backup,10,74539,warm
DRM_B_provisional_permanent,dev-editor,build_and_hash,11,2008298,warm
DRM_B_provisional_permanent,dev-editor,save_and_backup,11,445536,warm
DRM_B_provisional_permanent,dev-editor,build_and_hash,12,2108672,warm
DRM_B_provisional_permanent,dev-editor,save_and_backup,12,94840,warm
DRM_B_provisional_permanent,dev-editor,build_and_hash,13,1899525,warm
DRM_B_provisional_permanent,dev-editor,save_and_backup,13,69025,warm
DRM_B_provisional_permanent,dev-editor,build_and_hash,14,1679437,warm
DRM_B_provisional_permanent,dev-editor,save_and_backup,14,71005,warm
DRM_B_provisional_permanent,dev-editor,build_and_hash,15,2110444,warm
DRM_B_provisional_permanent,dev-editor,save_and_backup,15,87686,warm
DRM_B_provisional_permanent,dev-editor,build_and_hash,16,1798242,warm
DRM_B_provisional_permanent,dev-editor,save_and_backup,16,77262,warm
DRM_B_provisional_permanent,dev-editor,build_and_hash,17,2307103,warm
DRM_B_provisional_permanent,dev-editor,save_and_backup,17,76181,warm
DRM_B_provisional_permanent,dev-editor,build_and_hash,18,1774316,warm
DRM_B_provisional_permanent,dev-editor,save_and_backup,18,71517,warm
DRM_B_provisional_permanent,dev-editor,build_and_hash,19,1813298,warm
DRM_B_provisional_permanent,dev-editor,save_and_backup,19,89244,warm
DRM_B_provisional_permanent,dev-editor,build_and_hash,20,1889623,warm
DRM_B_provisional_permanent,dev-editor,save_and_backup,20,93109,warm
DRM_B_provisional_permanent,dev-editor,build_and_hash,21,1973202,warm
DRM_B_provisional_permanent,dev-editor,save_and_backup,21,396214,warm
DRM_B_provisional_permanent,dev-editor,build_and_hash,22,1844552,warm
DRM_B_provisional_permanent,dev-editor,save_and_backup,22,73339,warm
DRM_B_provisional_permanent,dev-editor,build_and_hash,23,2049008,warm
DRM_B_provisional_permanent,dev-editor,save_and_backup,23,65088,warm
DRM_B_provisional_permanent,dev-editor,build_and_hash,24,2055958,warm
DRM_B_provisional_permanent,dev-editor,save_and_backup,24,67660,warm
DRM_B_provisional_permanent,dev-editor,build_and_hash,25,1938581,warm
DRM_B_provisional_permanent,dev-editor,save_and_backup,25,68490,warm
DRM_B_provisional_permanent,dev-editor,build_and_hash,26,1958880,warm
DRM_B_provisional_permanent,dev-editor,save_and_backup,26,261802,warm
DRM_B_provisional_permanent,dev-editor,build_and_hash,27,2005605,warm
DRM_B_provisional_permanent,dev-editor,save_and_backup,27,106028,warm
DRM_B_provisional_permanent,dev-editor,build_and_hash,28,2103230,warm
DRM_B_provisional_permanent,dev-editor,save_and_backup,28,72897,warm
DRM_B_provisional_permanent,dev-editor,build_and_hash,29,1892582,warm
DRM_B_provisional_permanent,dev-editor,save_and_backup,29,104053,warm
DRM_B_provisional_permanent,dev-editor,build_and_hash,30,2030531,warm
DRM_B_provisional_permanent,dev-editor,save_and_backup,30,69195,warm
DRM_B_provisional_permanent,dev-editor,build_and_hash,31,1930502,warm
DRM_B_provisional_permanent,dev-editor,save_and_backup,31,666063,warm
DRM_B_provisional_permanent,dev-editor,build_and_hash,32,1745706,warm
DRM_B_provisional_permanent,dev-editor,save_and_backup,32,76511,warm
DRM_B_provisional_permanent,dev-editor,build_and_hash,33,1980057,warm
DRM_B_provisional_permanent,dev-editor,save_and_backup,33,68383,warm
DRM_B_provisional_permanent,report-tool,weekly_report,4,101371,warm
DRM_B_provisional_permanent,report-tool,notify_team,4,45375,warm
DRM_B_provisional_permanent,report-tool,weekly_report,5,61486,warm
DRM_B_provisional_permanent,report-tool,notify_team,5,24254,warm
DRM_B_provisional_permanent,report-tool,weekly_report,6,57810,warm
DRM_B_provisional_permanent,report-tool,notify_team,6,20751,warm
DRM_B_provisional_permanent,report-tool,weekly_report,7,49532,warm
DRM_B_provisional_permanent,report-tool,notify_team,7,18421,warm
DRM_B_provisional_permanent,report-tool,weekly_report,8,107054,warm
DRM_B_provisional_permanent,report-tool,notify_team,8,34664,warm
DRM_B_provisional_permanent,report-tool,weekly_report,9,128431,warm
DRM_B_provisional_permanent,report-tool,notify_team,9,68853,warm
DRM_B_provisional_permanent,report-tool,weekly_report,10,57796,warm
DRM_B_provisional_permanent,report-tool,notify_team,10,20445,warm
DRM_B_provisional_permanent,report-tool,weekly_report,11,48734,warm
DRM_B_provisional_permanent,report-tool,notify_team,11,755159,warm
DRM_B_provisional_permanent,report-tool,weekly_report,12,67732,warm
DRM_B_provisional_permanent,report-tool,notify_team,12,31875,warm
DRM_B_provisional_permanent,report-tool,weekly_report,13,85747,warm
DRM_B_provisional_permanent,report-tool,notify_team,13,26300,warm
DRM_B_provisional_permanent,report-tool,weekly_report,14,130165,warm
DRM_B_provisional_permanent,report-tool,notify_team,14,33097,warm
DRM_B_provisional_permanent,report-tool,weekly_report,15,81215,warm
DRM_B_provisional_permanent,report-tool,notify_team,15,22882,warm
DRM_B_provisional_permanent,report-tool,weekly_report,16,52796,warm
DRM_B_provisional_permanent,report-tool,notify_team,16,28092,warm
DRM_B_provisional_permanent,report-tool,weekly_report,17,48900,warm
DRM_B_provisional_permanent,report-tool,notify_team,17,19833,warm
DRM_B_provisional_permanent,report-tool,weekly_report,18,45924,warm
DRM_B_provisional_permanent,report-tool,notify_team,18,18446,warm
DRM_B_provisional_permanent,report-tool,weekly_report,19,47783,warm
DRM_B_provisional_permanent,report-tool,notify_team,19,18271,warm
DRM_B_provisional_permanent,report-tool,weekly_report,20,43354,warm
DRM_B_provisional_permanent,report-tool,notify_team,20,18027,warm
DRM_B_provisional_permanent,report-tool,weekly_report,21,43847,warm
DRM_B_provisional_permanent,report-tool,notify_team,21,25074,warm
DRM_B_provisional_permanent,report-tool,weekly_report,22,244553,warm
DRM_B_provisional_permanent,report-tool,notify_team,22,30769,warm
DRM_B_provisional_permanent,report-tool,weekly_report,23,105101,warm
DRM_B_provisional_permanent,report-tool,notify_team,23,21162,warm
DRM_B_provisional_permanent,report-tool,weekly_report,24,48235,warm
DRM_B_provisional_permanent,report-tool,notify_team,24,20196,warm
DRM_B_provisional_permanent,report-tool,weekly_report,25,109536,warm
DRM_B_provisional_permanent,report-tool,notify_team,25,22550,warm
DRM_B_provisional_permanent,report-tool,weekly_report,26,54476,warm
DRM_B_provisional_permanent,report-tool,notify_team,26,19193,warm
DRM_B_provisional_permanent,report-tool,weekly_report,27,50136,warm
DRM_B_provisional_permanent,report-tool,notify_team,27,18593,warm
DRM_B_provisional_permanent,report-tool,weekly_report,28,46803,warm
DRM_B_provisional_permanent,report-tool,notify_team,28,18641,warm
DRM_B_provisional_permanent,report-tool,weekly_report,29,88300,warm
DRM_B_provisional_permanent,report-tool,notify_team,29,22828,warm
DRM_B_provisional_permanent,report-tool,weekly_report,30,49004,warm
DRM_B_provisional_permanent,report-tool,notify_team,30,19991,warm
DRM_B_provisional_permanent,report-tool,weekly_report,31,46658,warm
DRM_B_provisional_permanent,report-tool,notify_team,31,27976,warm
DRM_B_provisional_permanent,research-browser,fetch_and_summarize,4,396839,warm
DRM_B_provisional_permanent,research-browser,sync_notes,4,497461,warm
DRM_B_provisional_permanent,research-browser,fetch_and_summarize,5,1610282,warm
DRM_B_provisional_permanent,research-browser,sync_notes,5,512803,warm
DRM_B_provisional_permanent,research-browser,fetch_and_summarize,6,1600151,warm
DRM_B_provisional_permanent,research-browser,sync_notes,6,515278,warm
DRM_B_provisional_permanent,research-browser,fetch_and_summarize,7,1612933,warm
DRM_B_provisional_permanent,research-browser,sync_notes,7,456799,warm
DRM_B_provisional_permanent,research-browser,fetch_and_summarize,8,1709329,warm
DRM_B_provisional_permanent,research-browser,sync_notes,8,379963,warm
DRM_B_provisional_permanent,research-browser,fetch_and_summarize,9,1681697,warm
DRM_B_provisional_permanent,research-browser,sync_notes,9,411169,warm
DRM_B_provisional_permanent,research-browser,fetch_and_summarize,10,1718841,warm
DRM_B_provisional_permanent,research-browser,sync_notes,10,373304,warm
DRM_B_provisional_permanent,research-browser,fetch_and_summarize,11,1789855,warm
DRM_B_provisional_permanent,research-browser,sync_notes,11,307985,warm
DRM_B_provisional_permanent,research-browser,fetch_and_summarize,12,1846061,warm
DRM_B_provisional_permanent,research-browser,sync_notes,12,282684,warm
DRM_B_provisional_permanent,research-browser,fetch_and_summarize,13,2012676,warm
DRM_B_provisional_permanent,research-browser,sync_notes,13,2304325,warm
DRM_B_provisional_permanent,research-browser,fetch_and_summarize,14,1767449,warm
DRM_B_provisional_permanent,research-browser,sync_notes,14,220100,warm
DRM_B_provisional_permanent,research-browser,fetch_and_summarize,15,1932843,warm
DRM_B_provisional_permanent,research-browser,sync_notes,15,2318676,warm
DRM_B_provisional_permanent,research-browser,fetch_and_summarize,16,1915601,warm
DRM_B_provisional_permanent,research-browser,sync_notes,16,114120,warm
DRM_B_provisional_permanent,research-browser,fetch_and_summarize,17,2030903,warm
DRM_B_provisional_permanent,research-browser,sync_notes,17,2169632,warm
DRM_B_provisional_permanent,research-browser,fetch_and_summarize,18,1973989,warm
DRM_B_provisional_permanent,research-browser,sync_notes,18,173339,warm
DRM_B_provisional_permanent,research-browser,fetch_and_summarize,19,1960977,warm
DRM_B_provisional_permanent,research-browser,sync_notes,19,2187705,warm
DRM_B_provisional_permanent,research-browser,fetch_and_summarize,20,1943441,warm
DRM_B_provisional_permanent,research-browser,sync_notes,20,138317,warm
DRM_B_provisional_permanent,research-browser,fetch_and_summarize,21,1909851,warm
DRM_B_provisional_permanent,research-browser,sync_notes,21,196824,warm
DRM_B_provisional_permanent,research-browser,fetch_and_summarize,22,1913799,warm
DRM_B_provisional_permanent,research-browser,sync_notes,22,166699,warm
DRM_B_provisional_permanent,research-browser,fetch_and_summarize,23,1953861,warm
DRM_B_provisional_permanent,research-browser,sync_notes,23,277140,warm
DRM_B_provisional_permanent,research-browser,fetch_and_summarize,24,1854553,warm
DRM_B_provisional_permanent,research-browser,sync_notes,24,2260987,warm
DRM_B_provisional_permanent,research-browser,fetch_and_summarize,25,1952748,warm
DRM_B_provisional_permanent,research-browser,sync_notes,25,2195418,warm
DRM_B_provisional_permanent,research-browser,fetch_and_summarize,26,2128702,warm
DRM_B_provisional_permanent,research-browser,sync_notes,26,2058357,warm
DRM_B_provisional_permanent,research-browser,fetch_and_summarize,27,2070926,warm
DRM_B_provisional_permanent,research-browser,sync_notes,27,2107642,warm
DRM_B_provisional_permanent,research-browser,fetch_and_summarize,28,2176316,warm
DRM_B_provisional_permanent,research-browser,sync_notes,28,2038715,warm
DRM_B_provisional_permanent,utility-daemon,session_state,4,78295,warm
DRM_B_provisional_permanent,utility-daemon,idle_tick,4,2194153,warm
DRM_B_provisional_permanent,utility-daemon,session_state,5,80683,warm
DRM_B_provisional_permanent,utility-daemon,idle_tick,5,2470551,warm
DRM_B_provisional_permanent,utility-daemon,session_state,6,142658,warm
DRM_B_provisional_permanent,utility-daemon,idle_tick,6,2249563,warm
DRM_B_provisional_permanent,utility-daemon,session_state,7,135522,warm
DRM_B_provisional_permanent,utility-daemon,idle_tick,7,2180293,warm
DRM_B_provisional_permanent,utility-daemon,session_state,8,83398,warm
DRM_B_provisional_permanent,utility-daemon,idle_tick,8,2612723,warm
DRM_B_provisional_permanent,utility-daemon,session_state,9,132190,warm
DRM_B_provisional_permanent,utility-daemon,idle_tick,9,2168138,warm
DRM_B_provisional_permanent,utility-daemon,session_state,10,101035,warm
DRM_B_provisional_permanent,utility-daemon,idle_tick,10,2124600,warm
DRM_B_provisional_permanent,utility-daemon,session_state,11,146793,warm
DRM_B_provisional_permanent,utility-daemon,idle_tick,11,2155990,warm
DRM_B_provisional_permanent,utility-daemon,session_state,12,78236,warm
DRM_B_provisional_permanent,utility-daemon,idle_tick,12,2241990,warm
DRM_B_provisional_permanent,utility-daemon,session_state,13,82380,warm
DRM_B_provisional_permanent,utility-daemon,idle_tick,13,2322524,warm
DRM_B_provisional_permanent,utility-daemon,session_state,14,75640,warm
DRM_B_provisional_permanent,utility-daemon,idle_tick,14,2249340,warm
DRM_B_provisional_permanent,utility-daemon,session_state,15,126008,warm
DRM_B_provisional_permanent,utility-daemon,idle_tick,15,2178182,warm
DRM_B_provisional_permanent,utility-daemon,session_state,16,113664,warm
DRM_B_provisional_permanent,utility-daemon,idle_tick,16,2153448,warm
DRM_B_provisional_permanent,utility-daemon,session_state,17,74363,warm
DRM_B_provisional_permanent,utility-daemon,idle_tick,17,2174169,warm
DRM_B_provisional_permanent,utility-daemon,session_state,18,126475,warm
DRM_B_provisional_permanent,utility-daemon,idle_tick,18,2280910,warm
DRM_B_provisional_permanent,utility-daemon,session_state,19,82000,warm
DRM_B_provisional_permanent,utility-daemon,idle_tick,19,2158261,warm
DRM_B_provisional_permanent,utility-daemon,session_state,20,112735,warm
DRM_B_provisional_permanent,utility-daemon,idle_tick,20,2430809,warm
DRM_B_provisional_permanent,utility-daemon,session_state,21,79287,warm
DRM_B_provisional_permanent,utility-daemon,idle_tick,21,2375166,warm
DRM_B_provisional_permanent,utility-daemon,session_state,22,73637,warm
DRM_B_provisional_permanent,utility-daemon,idle_tick,22,2165511,warm
DRM_B_provisional_permanent,utility-daemon,session_state,23,74105,warm
DRM_B_provisional_permanent,utility-daemon,idle_tick,23,2365012,warm
DRM_B_provisional_permanent,utility-daemon,session_state,24,119119,warm
DRM_B_provisional_permanent,utility-daemon,idle_tick,24,2116838,warm
DRM_B_provisional_permanent,utility-daemon,session_state,25,71606,warm
DRM_B_provisional_permanent,utility-daemon,idle_tick,25,2487672,warm
DRM_B_provisional_permanent,utility-daemon,session_state,26,151049,warm
DRM_B_provisional_permanent,utility-daemon,idle_tick,26,2132906,warm
DRM_B_provisional_permanent,utility-daemon,session_state,27,153578,warm
DRM_B_provisional_permanent,utility-daemon,idle_tick,27,2336630,warm
DRM_B_provisional_permanent,utility-daemon,session_state,28,128431,warm
DRM_B_provisional_permanent,utility-daemon,idle_tick,28,2219912,warm
DRM_B_provisional_permanent,utility-daemon,session_state,29,131525,warm
DRM_B_provisional_permanent,utility-daemon,idle_tick,29,2162656,warm
DRM_B_provisional_permanent,utility-daemon,session_state,30,129991,warm
DRM_B_provisional_permanent,utility-daemon,idle_tick,30,2158785,warm
DRM_B_provisional_permanent,utility-daemon,session_state,31,78472,warm
DRM_B_provisional_permanent,utility-daemon,idle_tick,31,2392444,warm
DRM_B_provisional_permanent,utility-daemon,session_state,32,97471,warm
DRM_B_provisional_permanent,utility-daemon,idle_tick,32,2134042,warm
DRM_B_provisional_permanent,utility-daemon,session_state,33,185412,warm
DRM_B_provisional_permanent,utility-daemon,idle_tick,33,2126710,warm
DRM_B_provisional_permanent,report-tool,weekly_report,32,188666,warm
DRM_B_provisional_permanent,report-tool,weekly_report,33,124904,warm
DRM_B_provisional_permanent,report-tool,weekly_report,34,69756,warm
DRM_B_provisional_permanent,report-tool,weekly_report,35,69387,warm
DRM_B_provisional_permanent,report-tool,weekly_report,36,95572,warm
DRM_B_provisional_permanent,report-tool,weekly_report,37,65245,warm
DRM_B_provisional_permanent,report-tool,weekly_report,38,63442,warm
DRM_B_provisional_permanent,report-tool,weekly_report,39,68418,warm
DRM_B_provisional_permanent,report-tool,weekly_report,40,59231,warm
DRM_B_provisional_permanent,report-tool,weekly_report,41,668478,warm
DRM_B_provisional_permanent,dev-editor,save_and_backup,34,110317,warm
DRM_B_provisional_permanent,dev-editor,save_and_backup,35,70539,warm
DRM_B_provisional_permanent,dev-editor,save_and_backup,36,124145,warm
DRM_B_provisional_permanent,dev-editor,save_and_backup,37,71855,warm
DRM_B_provisional_permanent,dev-editor,save_and_backup,38,66255,warm
DRM_B_provisional_permanent,dev-editor,save_and_backup,39,69283,warm
DRM_B_provisional_permanent,dev-editor,save_and_backup,40,101519,warm
DRM_B_provisional_permanent,dev-editor,save_and_backup,41,62098,warm
DRM_B_provisional_permanent,dev-editor,save_and_backup,42,104461,warm
DRM_B_provisional_permanent,utility-daemon,idle_tick,34,2376815,warm
DRM_B_provisional_permanent,research-browser,sync_notes,29,1442438,warm
DRM_B_provisional_permanent,research-browser,fetch_and_summarize,29,2091458,warm
DRM_B_provisional_permanent,dev-editor,save_and_backup,43,102891,warm
DRM_B_provisional_permanent,research-browser,sync_notes,30,2092619,warm
DRM_B_provisional_permanent,research-browser,fetch_and_summarize,30,2055152,warm
DRM_B_provisional_permanent,dev-editor,build_and_hash,34,2429137,warm
DRM_B_provisional_permanent,research-browser,fetch_and_summarize,31,1859070,warm
DRM_B_provisional_permanent,report-tool,weekly_report,42,161392,warm
DRM_B_provisional_permanent,dev-editor,build_and_hash,35,1946017,warm
DRM_B_provisional_permanent,report-tool,notify_team,32,766890,warm
DRM_B_provisional_permanent,report-tool,notify_team,33,28298,warm
DRM_B_provisional_permanent,dev-editor,build_and_hash,36,1797607,warm
DRM_B_provisional_permanent,report-tool,notify_team,34,34729,warm
DRM_B_provisional_permanent,dev-editor,build_and_hash,37,1781784,warm
DRM_B_provisional_permanent,report-tool,weekly_report,43,95833,warm
DRM_B_provisional_permanent,utility-daemon,session_state,34,68709,warm
DRM_B_provisional_permanent,research-browser,fetch_and_summarize,32,1797617,warm
DRM_B_provisional_permanent,utility-daemon,session_state,35,118031,warm
DRM_B_provisional_permanent,dev-editor,noise,1,24621,cold
DRM_B_provisional_permanent,dev-editor,noise,2,16160,warm
DRM_B_provisional_permanent,dev-editor,noise,3,47779,warm
DRM_B_provisional_permanent,dev-editor,noise,4,4374420,warm
DRM_B_provisional_permanent,dev-editor,noise,5,3592487,warm
DRM_B_provisional_permanent,dev-editor,noise,6,4150508,warm
DRM_B_provisional_permanent,dev-editor,noise,7,3869542,warm
DRM_B_provisional_permanent,dev-editor,noise,8,20445,warm
DRM_B_provisional_permanent,dev-editor,noise,9,268544,warm
DRM_B_provisional_permanent,dev-editor,noise,10,50649,warm
DRM_B_provisional_permanent,dev-editor,noise,11,27035,warm
DRM_B_provisional_permanent,dev-editor,noise,12,62203,warm
DRM_B_provisional_permanent,dev-editor,noise,13,52518,warm
DRM_B_provisional_permanent,dev-editor,noise,14,6164905,warm
DRM_B_provisional_permanent,dev-editor,noise,15,6471523,warm
DRM_C_specialized,dev-editor,build_and_hash,1,2103696,cold
DRM_C_specialized,dev-editor,save_and_backup,1,93653,cold
DRM_C_specialized,dev-editor,build_and_hash,2,2200698,warm
DRM_C_specialized,dev-editor,save_and_backup,2,76831,warm
DRM_C_specialized,dev-editor,build_and_hash,3,2184173,warm
DRM_C_specialized,dev-editor,save_and_backup,3,92282,warm
DRM_C_specialized,report-tool,weekly_report,1,121677,cold
DRM_C_specialized,report-tool,notify_team,1,30089,cold
DRM_C_specialized,report-tool,weekly_report,2,59956,warm
DRM_C_specialized,report-tool,notify_team,2,22387,warm
DRM_C_specialized,report-tool,weekly_report,3,55749,warm
DRM_C_specialized,report-tool,notify_team,3,20296,warm
DRM_C_specialized,research-browser,fetch_and_summarize,1,1336275,cold
DRM_C_specialized,research-browser,sync_notes,1,2073416,cold
DRM_C_specialized,research-browser,fetch_and_summarize,2,2123166,warm
DRM_C_specialized,research-browser,sync_notes,2,2088425,warm
DRM_C_specialized,research-browser,fetch_and_summarize,3,2357027,warm
DRM_C_specialized,research-browser,sync_notes,3,1892368,warm
DRM_C_specialized,utility-daemon,session_state,1,34505,cold
DRM_C_specialized,utility-daemon,idle_tick,1,2479078,cold
DRM_C_specialized,utility-daemon,session_state,2,76534,warm
DRM_C_specialized,utility-daemon,idle_tick,2,2124694,warm
DRM_C_specialized,utility-daemon,session_state,3,77645,warm
DRM_C_specialized,utility-daemon,idle_tick,3,2346810,warm
DRM_C_specialized,dev-editor,build_and_hash,4,2138615,warm
DRM_C_specialized,dev-editor,save_and_backup,4,143723,warm
DRM_C_specialized,dev-editor,build_and_hash,5,1852493,warm
DRM_C_specialized,dev-editor,save_and_backup,5,93039,warm
DRM_C_specialized,dev-editor,build_and_hash,6,2092335,warm
DRM_C_specialized,dev-editor,save_and_backup,6,104375,warm
DRM_C_specialized,dev-editor,build_and_hash,7,2153970,warm
DRM_C_specialized,dev-editor,save_and_backup,7,128664,warm
DRM_C_specialized,dev-editor,build_and_hash,8,1693540,warm
DRM_C_specialized,dev-editor,save_and_backup,8,88476,warm
DRM_C_specialized,dev-editor,build_and_hash,9,1839634,warm
DRM_C_specialized,dev-editor,save_and_backup,9,126156,warm
DRM_C_specialized,dev-editor,build_and_hash,10,1881429,warm
DRM_C_specialized,dev-editor,save_and_backup,10,86975,warm
DRM_C_specialized,dev-editor,build_and_hash,11,2020264,warm
DRM_C_specialized,dev-editor,save_and_backup,11,320077,warm
DRM_C_specialized,dev-editor,build_and_hash,12,1770133,warm
DRM_C_specialized,dev-editor,save_and_backup,12,166499,warm
DRM_C_specialized,dev-editor,build_and_hash,13,2104100,warm
DRM_C_specialized,dev-editor,save_and_backup,13,81826,warm
DRM_C_specialized,dev-editor,build_and_hash,14,1703403,warm
DRM_C_specialized,dev-editor,save_and_backup,14,110331,warm
DRM_C_specialized,dev-editor,build_and_hash,15,1844383,warm
DRM_C_specialized,dev-editor,save_and_backup,15,90960,warm
DRM_C_specialized,dev-editor,build_and_hash,16,1789994,warm
DRM_C_specialized,dev-editor,save_and_backup,16,60499,warm
DRM_C_specialized,dev-editor,build_and_hash,17,1980041,warm
DRM_C_specialized,dev-editor,save_and_backup,17,69335,warm
DRM_C_specialized,dev-editor,build_and_hash,18,1667625,warm
DRM_C_specialized,dev-editor,save_and_backup,18,64408,warm
DRM_C_specialized,dev-editor,build_and_hash,19,2193692,warm
DRM_C_specialized,dev-editor,save_and_backup,19,82850,warm
DRM_C_specialized,dev-editor,build_and_hash,20,1952666,warm
DRM_C_specialized,dev-editor,save_and_backup,20,81300,warm
DRM_C_specialized,dev-editor,build_and_hash,21,2031987,warm
DRM_C_specialized,dev-editor,save_and_backup,21,527224,warm
DRM_C_specialized,dev-editor,build_and_hash,22,1896091,warm
DRM_C_specialized,dev-editor,save_and_backup,22,90087,warm
DRM_C_specialized,dev-editor,build_and_hash,23,2130623,warm
DRM_C_specialized,dev-editor,save_and_backup,23,62465,warm
DRM_C_specialized,dev-editor,build_and_hash,24,1732265,warm
DRM_C_specialized,dev-editor,save_and_backup,24,75074,warm
DRM_C_specialized,dev-editor,build_and_hash,25,1815387,warm
DRM_C_specialized,dev-editor,save_and_backup,25,82083,warm
DRM_C_specialized,dev-editor,build_and_hash,26,2103493,warm
DRM_C_specialized,dev-editor,save_and_backup,26,71385,warm
DRM_C_specialized,dev-editor,build_and_hash,27,2076934,warm
DRM_C_specialized,dev-editor,save_and_backup,27,77607,warm
DRM_C_specialized,dev-editor,build_and_hash,28,2100290,warm
DRM_C_specialized,dev-editor,save_and_backup,28,127490,warm
DRM_C_specialized,dev-editor,build_and_hash,29,2047064,warm
DRM_C_specialized,dev-editor,save_and_backup,29,157246,warm
DRM_C_specialized,dev-editor,build_and_hash,30,1857514,warm
DRM_C_specialized,dev-editor,save_and_backup,30,112820,warm
DRM_C_specialized,dev-editor,build_and_hash,31,1702837,warm
DRM_C_specialized,dev-editor,save_and_backup,31,578402,warm
DRM_C_specialized,dev-editor,build_and_hash,32,1953170,warm
DRM_C_specialized,dev-editor,save_and_backup,32,86008,warm
DRM_C_specialized,dev-editor,build_and_hash,33,1671649,warm
DRM_C_specialized,dev-editor,save_and_backup,33,67453,warm
DRM_C_specialized,report-tool,weekly_report,4,105241,warm
DRM_C_specialized,report-tool,notify_team,4,59265,warm
DRM_C_specialized,report-tool,weekly_report,5,94755,warm
DRM_C_specialized,report-tool,notify_team,5,41250,warm
DRM_C_specialized,report-tool,weekly_report,6,95429,warm
DRM_C_specialized,report-tool,notify_team,6,24187,warm
DRM_C_specialized,report-tool,weekly_report,7,60069,warm
DRM_C_specialized,report-tool,notify_team,7,19478,warm
DRM_C_specialized,report-tool,weekly_report,8,70424,warm
DRM_C_specialized,report-tool,notify_team,8,20424,warm
DRM_C_specialized,report-tool,weekly_report,9,48618,warm
DRM_C_specialized,report-tool,notify_team,9,18220,warm
DRM_C_specialized,report-tool,weekly_report,10,137315,warm
DRM_C_specialized,report-tool,notify_team,10,22611,warm
DRM_C_specialized,report-tool,weekly_report,11,104351,warm
DRM_C_specialized,report-tool,notify_team,11,620618,warm
DRM_C_specialized,report-tool,weekly_report,12,61395,warm
DRM_C_specialized,report-tool,notify_team,12,27987,warm
DRM_C_specialized,report-tool,weekly_report,13,135449,warm
DRM_C_specialized,report-tool,notify_team,13,27535,warm
DRM_C_specialized,report-tool,weekly_report,14,60361,warm
DRM_C_specialized,report-tool,notify_team,14,40460,warm
DRM_C_specialized,report-tool,weekly_report,15,96527,warm
DRM_C_specialized,report-tool,notify_team,15,27403,warm
DRM_C_specialized,report-tool,weekly_report,16,51783,warm
DRM_C_specialized,report-tool,notify_team,16,20883,warm
DRM_C_specialized,report-tool,weekly_report,17,55751,warm
DRM_C_specialized,report-tool,notify_team,17,27187,warm
DRM_C_specialized,report-tool,weekly_report,18,44392,warm
DRM_C_specialized,report-tool,notify_team,18,20232,warm
DRM_C_specialized,report-tool,weekly_report,19,49544,warm
DRM_C_specialized,report-tool,notify_team,19,19805,warm
DRM_C_specialized,report-tool,weekly_report,20,97235,warm
DRM_C_specialized,report-tool,notify_team,20,22737,warm
DRM_C_specialized,report-tool,weekly_report,21,73358,warm
DRM_C_specialized,report-tool,notify_team,21,31452,warm
DRM_C_specialized,report-tool,weekly_report,22,61430,warm
DRM_C_specialized,report-tool,notify_team,22,22966,warm
DRM_C_specialized,report-tool,weekly_report,23,91684,warm
DRM_C_specialized,report-tool,notify_team,23,24820,warm
DRM_C_specialized,report-tool,weekly_report,24,48245,warm
DRM_C_specialized,report-tool,notify_team,24,19678,warm
DRM_C_specialized,report-tool,weekly_report,25,55633,warm
DRM_C_specialized,report-tool,notify_team,25,19041,warm
DRM_C_specialized,report-tool,weekly_report,26,84856,warm
DRM_C_specialized,report-tool,notify_team,26,21665,warm
DRM_C_specialized,report-tool,weekly_report,27,63863,warm
DRM_C_specialized,report-tool,notify_team,27,20550,warm
DRM_C_specialized,report-tool,weekly_report,28,46864,warm
DRM_C_specialized,report-tool,notify_team,28,19972,warm
DRM_C_specialized,report-tool,weekly_report,29,336085,warm
DRM_C_specialized,report-tool,notify_team,29,51646,warm
DRM_C_specialized,report-tool,weekly_report,30,83523,warm
DRM_C_specialized,report-tool,notify_team,30,25038,warm
DRM_C_specialized,report-tool,weekly_report,31,48670,warm
DRM_C_specialized,report-tool,notify_team,31,31408,warm
DRM_C_specialized,research-browser,fetch_and_summarize,4,5227109,warm
DRM_C_specialized,research-browser,sync_notes,4,1850989,warm
DRM_C_specialized,research-browser,fetch_and_summarize,5,2265079,warm
DRM_C_specialized,research-browser,sync_notes,5,1873779,warm
DRM_C_specialized,research-browser,fetch_and_summarize,6,2286790,warm
DRM_C_specialized,research-browser,sync_notes,6,1888941,warm
DRM_C_specialized,research-browser,fetch_and_summarize,7,2360462,warm
DRM_C_specialized,research-browser,sync_notes,7,1855361,warm
DRM_C_specialized,research-browser,fetch_and_summarize,8,228694,warm
DRM_C_specialized,research-browser,sync_notes,8,1889505,warm
DRM_C_specialized,research-browser,fetch_and_summarize,9,255434,warm
DRM_C_specialized,research-browser,sync_notes,9,1808533,warm
DRM_C_specialized,research-browser,fetch_and_summarize,10,251525,warm
DRM_C_specialized,research-browser,sync_notes,10,1754382,warm
DRM_C_specialized,research-browser,fetch_and_summarize,11,371375,warm
DRM_C_specialized,research-browser,sync_notes,11,1795080,warm
DRM_C_specialized,research-browser,fetch_and_summarize,12,313748,warm
DRM_C_specialized,research-browser,sync_notes,12,1700003,warm
DRM_C_specialized,research-browser,fetch_and_summarize,13,334214,warm
DRM_C_specialized,research-browser,sync_notes,13,1919884,warm
DRM_C_specialized,research-browser,fetch_and_summarize,14,206358,warm
DRM_C_specialized,research-browser,sync_notes,14,1743896,warm
DRM_C_specialized,research-browser,fetch_and_summarize,15,346016,warm
DRM_C_specialized,research-browser,sync_notes,15,1739074,warm
DRM_C_specialized,research-browser,fetch_and_summarize,16,365480,warm
DRM_C_specialized,research-browser,sync_notes,16,1779770,warm
DRM_C_specialized,research-browser,fetch_and_summarize,17,370508,warm
DRM_C_specialized,research-browser,sync_notes,17,1693135,warm
DRM_C_specialized,research-browser,fetch_and_summarize,18,391554,warm
DRM_C_specialized,research-browser,sync_notes,18,1700000,warm
DRM_C_specialized,research-browser,fetch_and_summarize,19,413477,warm
DRM_C_specialized,research-browser,sync_notes,19,1675097,warm
DRM_C_specialized,research-browser,fetch_and_summarize,20,523488,warm
DRM_C_specialized,research-browser,sync_notes,20,1559490,warm
DRM_C_specialized,research-browser,fetch_and_summarize,21,458633,warm
DRM_C_specialized,research-browser,sync_notes,21,1591041,warm
DRM_C_specialized,research-browser,fetch_and_summarize,22,650985,warm
DRM_C_specialized,research-browser,sync_notes,22,1427884,warm
DRM_C_specialized,research-browser,fetch_and_summarize,23,535199,warm
DRM_C_specialized,research-browser,sync_notes,23,1814298,warm
DRM_C_specialized,research-browser,fetch_and_summarize,24,314525,warm
DRM_C_specialized,research-browser,sync_notes,24,1563818,warm
DRM_C_specialized,research-browser,fetch_and_summarize,25,595909,warm
DRM_C_specialized,research-browser,sync_notes,25,1432937,warm
DRM_C_specialized,research-browser,fetch_and_summarize,26,669279,warm
DRM_C_specialized,research-browser,sync_notes,26,1386777,warm
DRM_C_specialized,research-browser,fetch_and_summarize,27,764895,warm
DRM_C_specialized,research-browser,sync_notes,27,1376850,warm
DRM_C_specialized,research-browser,fetch_and_summarize,28,764905,warm
DRM_C_specialized,research-browser,sync_notes,28,1266562,warm
DRM_C_specialized,utility-daemon,session_state,4,131137,warm
DRM_C_specialized,utility-daemon,idle_tick,4,2338673,warm
DRM_C_specialized,utility-daemon,session_state,5,76336,warm
DRM_C_specialized,utility-daemon,idle_tick,5,2317393,warm
DRM_C_specialized,utility-daemon,session_state,6,72621,warm
DRM_C_specialized,utility-daemon,idle_tick,6,2441244,warm
DRM_C_specialized,utility-daemon,session_state,7,122981,warm
DRM_C_specialized,utility-daemon,idle_tick,7,2289878,warm
DRM_C_specialized,utility-daemon,session_state,8,137704,warm
DRM_C_specialized,utility-daemon,idle_tick,8,2415077,warm
DRM_C_specialized,utility-daemon,session_state,9,87202,warm
DRM_C_specialized,utility-daemon,idle_tick,9,2105886,warm
DRM_C_specialized,utility-daemon,session_state,10,374801,warm
DRM_C_specialized,utility-daemon,idle_tick,10,2123714,warm
DRM_C_specialized,utility-daemon,session_state,11,98539,warm
DRM_C_specialized,utility-daemon,idle_tick,11,2173115,warm
DRM_C_specialized,utility-daemon,session_state,12,94126,warm
DRM_C_specialized,utility-daemon,idle_tick,12,2130900,warm
DRM_C_specialized,utility-daemon,session_state,13,76182,warm
DRM_C_specialized,utility-daemon,idle_tick,13,2405299,warm
DRM_C_specialized,utility-daemon,session_state,14,273705,warm
DRM_C_specialized,utility-daemon,idle_tick,14,2336225,warm
DRM_C_specialized,utility-daemon,session_state,15,204869,warm
DRM_C_specialized,utility-daemon,idle_tick,15,2210316,warm
DRM_C_specialized,utility-daemon,session_state,16,165787,warm
DRM_C_specialized,utility-daemon,idle_tick,16,2400213,warm
DRM_C_specialized,utility-daemon,session_state,17,87753,warm
DRM_C_specialized,utility-daemon,idle_tick,17,2204227,warm
DRM_C_specialized,utility-daemon,session_state,18,179610,warm
DRM_C_specialized,utility-daemon,idle_tick,18,2496339,warm
DRM_C_specialized,utility-daemon,session_state,19,76989,warm
DRM_C_specialized,utility-daemon,idle_tick,19,2172123,warm
DRM_C_specialized,utility-daemon,session_state,20,78500,warm
DRM_C_specialized,utility-daemon,idle_tick,20,2340253,warm
DRM_C_specialized,utility-daemon,session_state,21,114892,warm
DRM_C_specialized,utility-daemon,idle_tick,21,2254052,warm
DRM_C_specialized,utility-daemon,session_state,22,355584,warm
DRM_C_specialized,utility-daemon,idle_tick,22,2401726,warm
DRM_C_specialized,utility-daemon,session_state,23,92071,warm
DRM_C_specialized,utility-daemon,idle_tick,23,2165082,warm
DRM_C_specialized,utility-daemon,session_state,24,123862,warm
DRM_C_specialized,utility-daemon,idle_tick,24,2156890,warm
DRM_C_specialized,utility-daemon,session_state,25,281996,warm
DRM_C_specialized,utility-daemon,idle_tick,25,2170629,warm
DRM_C_specialized,utility-daemon,session_state,26,76943,warm
DRM_C_specialized,utility-daemon,idle_tick,26,2386988,warm
DRM_C_specialized,utility-daemon,session_state,27,201867,warm
DRM_C_specialized,utility-daemon,idle_tick,27,2140788,warm
DRM_C_specialized,utility-daemon,session_state,28,135130,warm
DRM_C_specialized,utility-daemon,idle_tick,28,2479989,warm
DRM_C_specialized,utility-daemon,session_state,29,99957,warm
DRM_C_specialized,utility-daemon,idle_tick,29,2126297,warm
DRM_C_specialized,utility-daemon,session_state,30,76314,warm
DRM_C_specialized,utility-daemon,idle_tick,30,2396002,warm
DRM_C_specialized,utility-daemon,session_state,31,89195,warm
DRM_C_specialized,utility-daemon,idle_tick,31,2122382,warm
DRM_C_specialized,utility-daemon,session_state,32,83685,warm
DRM_C_specialized,utility-daemon,idle_tick,32,2122484,warm
DRM_C_specialized,utility-daemon,session_state,33,119425,warm
DRM_C_specialized,utility-daemon,idle_tick,33,2378420,warm
DRM_C_specialized,report-tool,weekly_report,32,237950,warm
DRM_C_specialized,report-tool,weekly_report,33,83161,warm
DRM_C_specialized,report-tool,weekly_report,34,70194,warm
DRM_C_specialized,report-tool,weekly_report,35,114184,warm
DRM_C_specialized,report-tool,weekly_report,36,70838,warm
DRM_C_specialized,report-tool,weekly_report,37,64600,warm
DRM_C_specialized,report-tool,weekly_report,38,66685,warm
DRM_C_specialized,report-tool,weekly_report,39,119912,warm
DRM_C_specialized,report-tool,weekly_report,40,82376,warm
DRM_C_specialized,report-tool,weekly_report,41,635841,warm
DRM_C_specialized,dev-editor,save_and_backup,34,92305,warm
DRM_C_specialized,dev-editor,save_and_backup,35,69117,warm
DRM_C_specialized,dev-editor,save_and_backup,36,106132,warm
DRM_C_specialized,dev-editor,save_and_backup,37,94603,warm
DRM_C_specialized,dev-editor,save_and_backup,38,112082,warm
DRM_C_specialized,dev-editor,save_and_backup,39,252222,warm
DRM_C_specialized,dev-editor,save_and_backup,40,99938,warm
DRM_C_specialized,dev-editor,save_and_backup,41,59972,warm
DRM_C_specialized,dev-editor,save_and_backup,42,88558,warm
DRM_C_specialized,utility-daemon,idle_tick,34,2095884,warm
DRM_C_specialized,research-browser,sync_notes,29,1453744,warm
DRM_C_specialized,research-browser,fetch_and_summarize,29,932817,warm
DRM_C_specialized,dev-editor,save_and_backup,43,97622,warm
DRM_C_specialized,research-browser,sync_notes,30,1137888,warm
DRM_C_specialized,research-browser,fetch_and_summarize,30,885602,warm
DRM_C_specialized,dev-editor,build_and_hash,34,2457769,warm
DRM_C_specialized,research-browser,fetch_and_summarize,31,1726338,warm
DRM_C_specialized,report-tool,weekly_report,42,103048,warm
DRM_C_specialized,dev-editor,build_and_hash,35,2030791,warm
DRM_C_specialized,report-tool,notify_team,32,806307,warm
DRM_C_specialized,report-tool,notify_team,33,30629,warm
DRM_C_specialized,dev-editor,build_and_hash,36,1850985,warm
DRM_C_specialized,report-tool,notify_team,34,44967,warm
DRM_C_specialized,dev-editor,build_and_hash,37,1841292,warm
DRM_C_specialized,report-tool,weekly_report,43,104907,warm
DRM_C_specialized,utility-daemon,session_state,34,78303,warm
DRM_C_specialized,research-browser,fetch_and_summarize,32,1552079,warm
DRM_C_specialized,utility-daemon,session_state,35,115585,warm
DRM_C_specialized,dev-editor,noise,1,32839,cold
DRM_C_specialized,dev-editor,noise,2,16335,warm
DRM_C_specialized,dev-editor,noise,3,50365,warm
DRM_C_specialized,dev-editor,noise,4,4307266,warm
DRM_C_specialized,dev-editor,noise,5,3694958,warm
DRM_C_specialized,dev-editor,noise,6,3057102,warm
DRM_C_specialized,dev-editor,noise,7,4298970,warm
DRM_C_specialized,dev-editor,noise,8,78321,warm
DRM_C_specialized,dev-editor,noise,9,247683,warm
DRM_C_specialized,dev-editor,noise,10,21455,warm
DRM_C_specialized,dev-editor,noise,11,34166,warm
DRM_C_specialized,dev-editor,noise,12,62680,warm
DRM_C_specialized,dev-editor,noise,13,54743,warm
DRM_C_specialized,dev-editor,noise,14,6348800,warm
DRM_C_specialized,dev-editor,noise,15,4684395,warm
