application_id,workload_id,task_id,episode_index,warmth,engine,representation_tokens,planning_decisions,wall_time_ns,cpu_time_ns,user_cpu_ns,system_cpu_ns,rss_kb,bytes_read,bytes_written,syscall_count,process_spawn_count,ipc_count,network_count,permanent_words,provisional_words,candidate_count,structural_changes,optimization_used,optimization_id,verification_status,rollback_count
api-service,api_get_user,api_get_user_1,1,cold,baseline:stateless,4,0,2429100,0,0,0,0,0,0,not_measured,0,0,1,0,0,0,0,false,,,0
api-service,session_touch,session_touch_2,2,cold,baseline:stateless,3,0,47620,0,0,0,0,0,0,not_measured,0,0,0,0,0,0,0,false,,,0
api-service,api_get_user,api_get_user_3,3,warm,baseline:stateless,4,0,1951668,0,0,0,0,0,0,not_measured,0,0,1,0,0,0,0,false,,,0
api-service,session_touch,session_touch_4,4,warm,baseline:stateless,3,0,135770,0,0,0,0,0,0,not_measured,0,0,0,0,0,0,0,false,,,0
api-service,api_get_user,api_get_user_5,5,warm,baseline:stateless,4,0,2199257,0,0,0,0,0,0,not_measured,0,0,1,0,0,0,0,false,,,0
api-service,session_touch,session_touch_6,6,warm,baseline:stateless,3,0,101464,0,0,0,0,0,0,not_measured,0,0,0,0,0,0,0,false,,,0
api-service,api_get_user,api_get_user_7,7,warm,baseline:stateless,4,0,1975521,0,0,0,0,0,0,not_measured,0,0,1,0,0,0,0,false,,,0
api-service,session_touch,session_touch_8,8,warm,baseline:stateless,3,0,76532,0,0,0,0,0,0,not_measured,0,0,0,0,0,0,0,false,,,0
api-service,api_get_user,api_get_user_9,9,warm,baseline:stateless,4,0,2090850,0,0,0,0,0,0,not_measured,0,0,1,0,0,0,0,false,,,0
api-service,session_touch,session_touch_10,10,warm,baseline:stateless,3,0,74366,0,0,0,0,0,0,not_measured,0,0,0,0,0,0,0,false,,,0
api-service,api_get_user,api_get_user_11,11,warm,baseline:stateless,4,0,2063241,0,0,0,0,0,0,not_measured,0,0,1,0,0,0,0,false,,,0
api-service,session_touch,session_touch_12,12,warm,baseline:stateless,3,0,96914,0,0,0,0,0,0,not_measured,0,0,0,0,0,0,0,false,,,0
api-service,api_get_user,api_get_user_13,13,warm,baseline:stateless,4,0,2054363,0,0,0,0,0,0,not_measured,0,0,1,0,0,0,0,false,,,0
api-service,session_touch,session_touch_14,14,warm,baseline:stateless,3,0,96445,0,0,0,0,0,0,not_measured,0,0,0,0,0,0,0,false,,,0
api-service,api_get_user,api_get_user_15,15,warm,baseline:stateless,4,0,2021518,0,0,0,0,0,0,not_measured,0,0,1,0,0,0,0,false,,,0
api-service,session_touch,session_touch_16,16,warm,baseline:stateless,3,0,139545,0,0,0,0,0,0,not_measured,0,0,0,0,0,0,0,false,,,0
api-service,api_get_user,api_get_user_17,17,warm,baseline:stateless,4,0,1971520,0,0,0,0,0,0,not_measured,0,0,1,0,0,0,0,false,,,0
api-service,session_touch,session_touch_18,18,warm,baseline:stateless,3,0,94721,0,0,0,0,0,0,not_measured,0,0,0,0,0,0,0,false,,,0
api-service,api_get_user,api_get_user_19,19,warm,baseline:stateless,4,0,2029070,0,0,0,0,0,0,not_measured,0,0,1,0,0,0,0,false,,,0
api-service,session_touch,session_touch_20,20,warm,baseline:stateless,3,0,97751,0,0,0,0,0,0,not_measured,0,0,0,0,0,0,0,false,,,0
api-service,api_get_user,api_get_user_21,21,warm,baseline:stateless,4,0,2032071,0,0,0,0,0,0,not_measured,0,0,1,0,0,0,0,false,,,0
api-service,session_touch,session_touch_22,22,warm,baseline:stateless,3,0,97679,0,0,0,0,0,0,not_measured,0,0,0,0,0,0,0,false,,,0
api-service,api_get_user,api_get_user_23,23,warm,baseline:stateless,4,0,2161172,0,0,0,0,0,0,not_measured,0,0,1,0,0,0,0,false,,,0
api-service,session_touch,session_touch_24,24,warm,baseline:stateless,3,0,89375,0,0,0,0,0,0,not_measured,0,0,0,0,0,0,0,false,,,0
api-service,api_get_user,api_get_user_25,25,warm,baseline:stateless,4,0,2031356,0,0,0,0,0,0,not_measured,0,0,1,0,0,0,0,false,,,0
api-service,session_touch,session_touch_26,26,warm,baseline:stateless,3,0,88877,0,0,0,0,0,0,not_measured,0,0,0,0,0,0,0,false,,,0
api-service,api_get_user,api_get_user_27,27,warm,baseline:stateless,4,0,2042944,0,0,0,0,0,0,not_measured,0,0,1,0,0,0,0,false,,,0
api-service,session_touch,session_touch_28,28,warm,baseline:stateless,3,0,100841,0,0,0,0,0,0,not_measured,0,0,0,0,0,0,0,false,,,0
api-service,api_get_user,api_get_user_29,29,warm,baseline:stateless,4,0,2028355,0,0,0,0,0,0,not_measured,0,0,1,0,0,0,0,false,,,0
api-service,session_touch,session_touch_30,30,warm,baseline:stateless,3,0,92562,0,0,0,0,0,0,not_measured,0,0,0,0,0,0,0,false,,,0
api-service,api_get_user,api_get_user_31,31,warm,baseline:stateless,4,0,2013630,0,0,0,0,0,0,not_measured,0,0,1,0,0,0,0,false,,,0
api-service,session_touch,session_touch_32,32,warm,baseline:stateless,3,0,92810,0,0,0,0,0,0,not_measured,0,0,0,0,0,0,0,false,,,0
api-service,api_get_user,api_get_user_33,33,warm,baseline:stateless,4,0,2032286,0,0,0,0,0,0,not_measured,0,0,1,0,0,0,0,false,,,0
api-service,session_touch,session_touch_34,34,warm,baseline:stateless,3,0,112049,0,0,0,0,0,0,not_measured,0,0,0,0,0,0,0,false,,,0
api-service,api_get_user,api_get_user_35,35,warm,baseline:stateless,4,0,2068568,0,0,0,0,0,0,not_measured,0,0,1,0,0,0,0,false,,,0
api-service,session_touch,session_touch_36,36,warm,baseline:stateless,3,0,107229,0,0,0,0,0,0,not_measured,0,0,0,0,0,0,0,false,,,0
api-service,api_get_user,api_get_user_37,37,warm,baseline:stateless,4,0,1961846,0,0,0,0,0,0,not_measured,0,0,1,0,0,0,0,false,,,0
api-service,session_touch,session_touch_38,38,warm,baseline:stateless,3,0,98946,0,0,0,0,0,0,not_measured,0,0,0,0,0,0,0,false,,,0
api-service,api_get_user,api_get_user_39,39,warm,baseline:stateless,4,0,2082052,0,0,0,0,0,0,not_measured,0,0,1,0,0,0,0,false,,,0
api-service,session_touch,session_touch_40,40,warm,baseline:stateless,3,0,102521,0,0,0,0,0,0,not_measured,0,0,0,0,0,0,0,false,,,0
api-service,api_get_user,api_get_user_41,41,warm,baseline:stateless,4,0,1963784,0,0,0,0,0,0,not_measured,0,0,1,0,0,0,0,false,,,0
api-service,session_touch,session_touch_42,42,warm,baseline:stateless,3,0,95213,0,0,0,0,0,0,not_measured,0,0,0,0,0,0,0,false,,,0
api-service,api_get_user,api_get_user_43,43,warm,baseline:stateless,4,0,2021223,0,0,0,0,0,0,not_measured,0,0,1,0,0,0,0,false,,,0
api-service,session_touch,session_touch_44,44,warm,baseline:stateless,3,0,90500,0,0,0,0,0,0,not_measured,0,0,0,0,0,0,0,false,,,0
api-service,api_get_user,api_get_user_45,45,warm,baseline:stateless,4,0,2026752,0,0,0,0,0,0,not_measured,0,0,1,0,0,0,0,false,,,0
api-service,session_touch,session_touch_46,46,warm,baseline:stateless,3,0,96081,0,0,0,0,0,0,not_measured,0,0,0,0,0,0,0,false,,,0
api-service,api_get_user,api_get_user_47,47,warm,baseline:stateless,4,0,2053091,0,0,0,0,0,0,not_measured,0,0,1,0,0,0,0,false,,,0
api-service,session_touch,session_touch_48,48,warm,baseline:stateless,3,0,162325,0,0,0,0,0,0,not_measured,0,0,0,0,0,0,0,false,,,0
api-service,api_get_user,api_get_user_49,49,warm,baseline:stateless,4,0,2060160,0,0,0,0,0,0,not_measured,0,0,1,0,0,0,0,false,,,0
api-service,session_touch,session_touch_50,50,warm,baseline:stateless,3,0,96407,0,0,0,0,0,0,not_measured,0,0,0,0,0,0,0,false,,,0
api-service,api_get_user,api_get_user_51,51,warm,baseline:stateless,4,0,1970313,0,0,0,0,0,0,not_measured,0,0,1,0,0,0,0,false,,,0
api-service,session_touch,session_touch_52,52,warm,baseline:stateless,3,0,95368,0,0,0,0,0,0,not_measured,0,0,0,0,0,0,0,false,,,0
api-service,api_get_user,api_get_user_53,53,warm,baseline:stateless,4,0,2350544,0,0,0,0,0,0,not_measured,0,0,1,0,0,0,0,false,,,0
api-service,session_touch,session_touch_54,54,warm,baseline:stateless,3,0,63642,0,0,0,0,0,0,not_measured,0,0,0,0,0,0,0,false,,,0
api-service,api_get_user,api_get_user_55,55,warm,baseline:stateless,4,0,2136228,0,0,0,0,0,0,not_measured,0,0,1,0,0,0,0,false,,,0
api-service,session_touch,session_touch_56,56,warm,baseline:stateless,3,0,145038,0,0,0,0,0,0,not_measured,0,0,0,0,0,0,0,false,,,0
api-service,api_get_user,api_get_user_57,57,warm,baseline:stateless,4,0,1961051,0,0,0,0,0,0,not_measured,0,0,1,0,0,0,0,false,,,0
api-service,session_touch,session_touch_58,58,warm,baseline:stateless,3,0,142459,0,0,0,0,0,0,not_measured,0,0,0,0,0,0,0,false,,,0
api-service,api_get_user,api_get_user_59,59,warm,baseline:stateless,4,0,1880368,0,0,0,0,0,0,not_measured,0,0,1,0,0,0,0,false,,,0
api-service,session_touch,session_touch_60,60,warm,baseline:stateless,3,0,99890,0,0,0,0,0,0,not_measured,0,0,0,0,0,0,0,false,,,0
api-service,api_get_user,api_get_user_61,61,warm,baseline:stateless,4,0,2003971,0,0,0,0,0,0,not_measured,0,0,1,0,0,0,0,false,,,0
api-service,session_touch,session_touch_62,62,warm,baseline:stateless,3,0,96251,0,0,0,0,0,0,not_measured,0,0,0,0,0,0,0,false,,,0
api-service,api_get_user,api_get_user_63,63,warm,baseline:stateless,4,0,2012866,0,0,0,0,0,0,not_measured,0,0,1,0,0,0,0,false,,,0
api-service,session_touch,session_touch_64,64,warm,baseline:stateless,3,0,110271,0,0,0,0,0,0,not_measured,0,0,0,0,0,0,0,false,,,0
api-service,api_get_user,api_get_user_65,65,warm,baseline:stateless,4,0,2008957,0,0,0,0,0,0,not_measured,0,0,1,0,0,0,0,false,,,0
api-service,session_touch,session_touch_66,66,warm,baseline:stateless,3,0,90816,0,0,0,0,0,0,not_measured,0,0,0,0,0,0,0,false,,,0
api-service,api_get_user,api_get_user_67,67,warm,baseline:stateless,4,0,2035479,0,0,0,0,0,0,not_measured,0,0,1,0,0,0,0,false,,,0
api-service,session_touch,session_touch_68,68,warm,baseline:stateless,3,0,98604,0,0,0,0,0,0,not_measured,0,0,0,0,0,0,0,false,,,0
api-service,api_get_user,api_get_user_69,69,warm,baseline:stateless,4,0,2022566,0,0,0,0,0,0,not_measured,0,0,1,0,0,0,0,false,,,0
api-service,session_touch,session_touch_70,70,warm,baseline:stateless,3,0,103900,0,0,0,0,0,0,not_measured,0,0,0,0,0,0,0,false,,,0
api-service,api_get_user,api_get_user_71,71,warm,baseline:stateless,4,0,2069036,0,0,0,0,0,0,not_measured,0,0,1,0,0,0,0,false,,,0
api-service,session_touch,session_touch_72,72,warm,baseline:stateless,3,0,135332,0,0,0,0,0,0,not_measured,0,0,0,0,0,0,0,false,,,0
api-service,api_get_user,api_get_user_73,73,warm,baseline:stateless,4,0,1921488,0,0,0,0,0,0,not_measured,0,0,1,0,0,0,0,false,,,0
api-service,session_touch,session_touch_74,74,warm,baseline:stateless,3,0,89248,0,0,0,0,0,0,not_measured,0,0,0,0,0,0,0,false,,,0
api-service,api_get_user,api_get_user_75,75,warm,baseline:stateless,4,0,2034448,0,0,0,0,0,0,not_measured,0,0,1,0,0,0,0,false,,,0
api-service,session_touch,session_touch_76,76,warm,baseline:stateless,3,0,89627,0,0,0,0,0,0,not_measured,0,0,0,0,0,0,0,false,,,0
api-service,api_get_user,api_get_user_77,77,warm,baseline:stateless,4,0,2045415,0,0,0,0,0,0,not_measured,0,0,1,0,0,0,0,false,,,0
api-service,session_touch,session_touch_78,78,warm,baseline:stateless,3,0,90269,0,0,0,0,0,0,not_measured,0,0,0,0,0,0,0,false,,,0
api-service,api_get_user,api_get_user_79,79,warm,baseline:stateless,4,0,2038559,0,0,0,0,0,0,not_measured,0,0,1,0,0,0,0,false,,,0
api-service,session_touch,session_touch_80,80,warm,baseline:stateless,3,0,89190,0,0,0,0,0,0,not_measured,0,0,0,0,0,0,0,false,,,0
api-service,api_get_user,api_get_user_81,81,warm,baseline:stateless,4,0,2094988,0,0,0,0,0,0,not_measured,0,0,1,0,0,0,0,false,,,0
api-service,session_touch,session_touch_82,82,warm,baseline:stateless,3,0,93475,0,0,0,0,0,0,not_measured,0,0,0,0,0,0,0,false,,,0
api-service,api_get_user,api_get_user_83,83,warm,baseline:stateless,4,0,2175620,0,0,0,0,0,0,not_measured,0,0,1,0,0,0,0,false,,,0
api-service,session_touch,session_touch_84,84,warm,baseline:stateless,3,0,91291,0,0,0,0,0,0,not_measured,0,0,0,0,0,0,0,false,,,0
api-service,api_get_user,api_get_user_85,85,warm,baseline:stateless,4,0,2044407,0,0,0,0,0,0,not_measured,0,0,1,0,0,0,0,false,,,0
api-service,session_touch,session_touch_86,86,warm,baseline:stateless,3,0,110602,0,0,0,0,0,0,not_measured,0,0,0,0,0,0,0,false,,,0
api-service,api_get_user,api_get_user_87,87,warm,baseline:stateless,4,0,1991203,0,0,0,0,0,0,not_measured,0,0,1,0,0,0,0,false,,,0
api-service,session_touch,session_touch_88,88,warm,baseline:stateless,3,0,143451,0,0,0,0,0,0,not_measured,0,0,0,0,0,0,0,false,,,0
api-service,api_get_user,api_get_user_89,89,warm,baseline:stateless,4,0,1961790,0,0,0,0,0,0,not_measured,0,0,1,0,0,0,0,false,,,0
api-service,session_touch,session_touch_90,90,warm,baseline:stateless,3,0,93736,0,0,0,0,0,0,not_measured,0,0,0,0,0,0,0,false,,,0
report-worker,daily_report,daily_report_91,91,cold,baseline:stateless,5,0,100705,0,0,0,0,0,0,not_measured,0,0,0,0,0,0,0,false,,,0
report-worker,archive_check,archive_check_92,92,cold,baseline:stateless,3,0,2542933,0,0,0,0,0,0,not_measured,1,0,0,0,0,0,0,false,,,0
report-worker,daily_report,daily_report_93,93,warm,baseline:stateless,5,0,67442,0,0,0,0,0,0,not_measured,0,0,0,0,0,0,0,false,,,0
report-worker,archive_check,archive_check_94,94,warm,baseline:stateless,3,0,2032599,0,0,0,0,0,0,not_measured,1,0,0,0,0,0,0,false,,,0
report-worker,daily_report,daily_report_95,95,warm,baseline:stateless,5,0,67512,0,0,0,0,0,0,not_measured,0,0,0,0,0,0,0,false,,,0
report-worker,archive_check,archive_check_96,96,warm,baseline:stateless,3,0,1878191,0,0,0,0,0,0,not_measured,1,0,0,0,0,0,0,false,,,0
report-worker,daily_report,daily_report_97,97,warm,baseline:stateless,5,0,62462,0,0,0,0,0,0,not_measured,0,0,0,0,0,0,0,false,,,0
report-worker,archive_check,archive_check_98,98,warm,baseline:stateless,3,0,1996436,0,0,0,0,0,0,not_measured,1,0,0,0,0,0,0,false,,,0
report-worker,daily_report,daily_report_99,99,warm,baseline:stateless,5,0,62990,0,0,0,0,0,0,not_measured,0,0,0,0,0,0,0,false,,,0
report-worker,archive_check,archive_check_100,100,warm,baseline:stateless,3,0,1908046,0,0,0,0,0,0,not_measured,1,0,0,0,0,0,0,false,,,0
report-worker,daily_report,daily_report_101,101,warm,baseline:stateless,5,0,67116,0,0,0,0,0,0,not_measured,0,0,0,0,0,0,0,false,,,0
report-worker,archive_check,archive_check_102,102,warm,baseline:stateless,3,0,1917464,0,0,0,0,0,0,not_measured,1,0,0,0,0,0,0,false,,,0
report-worker,daily_report,daily_report_103,103,warm,baseline:stateless,5,0,108672,0,0,0,0,0,0,not_measured,0,0,0,0,0,0,0,false,,,0
report-worker,archive_check,archive_check_104,104,warm,baseline:stateless,3,0,2391241,0,0,0,0,0,0,not_measured,1,0,0,0,0,0,0,false,,,0
report-worker,daily_report,daily_report_105,105,warm,baseline:stateless,5,0,104194,0,0,0,0,0,0,not_measured,0,0,0,0,0,0,0,false,,,0
report-worker,archive_check,archive_check_106,106,warm,baseline:stateless,3,0,1934480,0,0,0,0,0,0,not_measured,1,0,0,0,0,0,0,false,,,0
report-worker,daily_report,daily_report_107,107,warm,baseline:stateless,5,0,74087,0,0,0,0,0,0,not_measured,0,0,0,0,0,0,0,false,,,0
report-worker,archive_check,archive_check_108,108,warm,baseline:stateless,3,0,2061476,0,0,0,0,0,0,not_measured,1,0,0,0,0,0,0,false,,,0
report-worker,daily_report,daily_report_109,109,warm,baseline:stateless,5,0,66886,0,0,0,0,0,0,not_measured,0,0,0,0,0,0,0,false,,,0
report-worker,archive_check,archive_check_110,110,warm,baseline:stateless,3,0,1984960,0,0,0,0,0,0,not_measured,1,0,0,0,0,0,0,false,,,0
report-worker,daily_report,daily_report_111,111,warm,baseline:stateless,5,0,63534,0,0,0,0,0,0,not_measured,0,0,0,0,0,0,0,false,,,0
report-worker,archive_check,archive_check_112,112,warm,baseline:stateless,3,0,1817507,0,0,0,0,0,0,not_measured,1,0,0,0,0,0,0,false,,,0
report-worker,daily_report,daily_report_113,113,warm,baseline:stateless,5,0,104681,0,0,0,0,0,0,not_measured,0,0,0,0,0,0,0,false,,,0
report-worker,archive_check,archive_check_114,114,warm,baseline:stateless,3,0,1941145,0,0,0,0,0,0,not_measured,1,0,0,0,0,0,0,false,,,0
report-worker,daily_report,daily_report_115,115,warm,baseline:stateless,5,0,66306,0,0,0,0,0,0,not_measured,0,0,0,0,0,0,0,false,,,0
report-worker,archive_check,archive_check_116,116,warm,baseline:stateless,3,0,2005704,0,0,0,0,0,0,not_measured,1,0,0,0,0,0,0,false,,,0
report-worker,daily_report,daily_report_117,117,warm,baseline:stateless,5,0,82560,0,0,0,0,0,0,not_measured,0,0,0,0,0,0,0,false,,,0
report-worker,archive_check,archive_check_118,118,warm,baseline:stateless,3,0,2192940,0,0,0,0,0,0,not_measured,1,0,0,0,0,0,0,false,,,0
report-worker,daily_report,daily_report_119,119,warm,baseline:stateless,5,0,77192,0,0,0,0,0,0,not_measured,0,0,0,0,0,0,0,false,,,0
report-worker,archive_check,archive_check_120,120,warm,baseline:stateless,3,0,1853308,0,0,0,0,0,0,not_measured,1,0,0,0,0,0,0,false,,,0
report-worker,daily_report,daily_report_121,121,warm,baseline:stateless,5,0,77425,0,0,0,0,0,0,not_measured,0,0,0,0,0,0,0,false,,,0
report-worker,archive_check,archive_check_122,122,warm,baseline:stateless,3,0,1962505,0,0,0,0,0,0,not_measured,1,0,0,0,0,0,0,false,,,0
report-worker,daily_report,daily_report_123,123,warm,baseline:stateless,5,0,63966,0,0,0,0,0,0,not_measured,0,0,0,0,0,0,0,false,,,0
report-worker,archive_check,archive_check_124,124,warm,baseline:stateless,3,0,1803910,0,0,0,0,0,0,not_measured,1,0,0,0,0,0,0,false,,,0
report-worker,daily_report,daily_report_125,125,warm,baseline:stateless,5,0,64545,0,0,0,0,0,0,not_measured,0,0,0,0,0,0,0,false,,,0
report-worker,archive_check,archive_check_126,126,warm,baseline:stateless,3,0,1993054,0,0,0,0,0,0,not_measured,1,0,0,0,0,0,0,false,,,0
report-worker,daily_report,daily_report_127,127,warm,baseline:stateless,5,0,64393,0,0,0,0,0,0,not_measured,0,0,0,0,0,0,0,false,,,0
report-worker,archive_check,archive_check_128,128,warm,baseline:stateless,3,0,1885710,0,0,0,0,0,0,not_measured,1,0,0,0,0,0,0,false,,,0
report-worker,daily_report,daily_report_129,129,warm,baseline:stateless,5,0,73014,0,0,0,0,0,0,not_measured,0,0,0,0,0,0,0,false,,,0
report-worker,archive_check,archive_check_130,130,warm,baseline:stateless,3,0,1767372,0,0,0,0,0,0,not_measured,1,0,0,0,0,0,0,false,,,0
report-worker,daily_report,daily_report_131,131,warm,baseline:stateless,5,0,67801,0,0,0,0,0,0,not_measured,0,0,0,0,0,0,0,false,,,0
report-worker,archive_check,archive_check_132,132,warm,baseline:stateless,3,0,1769508,0,0,0,0,0,0,not_measured,1,0,0,0,0,0,0,false,,,0
report-worker,daily_report,daily_report_133,133,warm,baseline:stateless,5,0,122209,0,0,0,0,0,0,not_measured,0,0,0,0,0,0,0,false,,,0
report-worker,archive_check,archive_check_134,134,warm,baseline:stateless,3,0,1678113,0,0,0,0,0,0,not_measured,1,0,0,0,0,0,0,false,,,0
report-worker,daily_report,daily_report_135,135,warm,baseline:stateless,5,0,66733,0,0,0,0,0,0,not_measured,0,0,0,0,0,0,0,false,,,0
report-worker,archive_check,archive_check_136,136,warm,baseline:stateless,3,0,2027993,0,0,0,0,0,0,not_measured,1,0,0,0,0,0,0,false,,,0
report-worker,daily_report,daily_report_137,137,warm,baseline:stateless,5,0,70053,0,0,0,0,0,0,not_measured,0,0,0,0,0,0,0,false,,,0
report-worker,archive_check,archive_check_138,138,warm,baseline:stateless,3,0,2032272,0,0,0,0,0,0,not_measured,1,0,0,0,0,0,0,false,,,0
report-worker,daily_report,daily_report_139,139,warm,baseline:stateless,5,0,113629,0,0,0,0,0,0,not_measured,0,0,0,0,0,0,0,false,,,0
report-worker,archive_check,archive_check_140,140,warm,baseline:stateless,3,0,1875454,0,0,0,0,0,0,not_measured,1,0,0,0,0,0,0,false,,,0
report-worker,daily_report,daily_report_141,141,warm,baseline:stateless,5,0,114539,0,0,0,0,0,0,not_measured,0,0,0,0,0,0,0,false,,,0
report-worker,archive_check,archive_check_142,142,warm,baseline:stateless,3,0,1769536,0,0,0,0,0,0,not_measured,1,0,0,0,0,0,0,false,,,0
report-worker,daily_report,daily_report_143,143,warm,baseline:stateless,5,0,67680,0,0,0,0,0,0,not_measured,0,0,0,0,0,0,0,false,,,0
report-worker,archive_check,archive_check_144,144,warm,baseline:stateless,3,0,1773222,0,0,0,0,0,0,not_measured,1,0,0,0,0,0,0,false,,,0
report-worker,daily_report,daily_report_145,145,warm,baseline:stateless,5,0,82933,0,0,0,0,0,0,not_measured,0,0,0,0,0,0,0,false,,,0
report-worker,archive_check,archive_check_146,146,warm,baseline:stateless,3,0,1764436,0,0,0,0,0,0,not_measured,1,0,0,0,0,0,0,false,,,0
report-worker,daily_report,daily_report_147,147,warm,baseline:stateless,5,0,66728,0,0,0,0,0,0,not_measured,0,0,0,0,0,0,0,false,,,0
report-worker,archive_check,archive_check_148,148,warm,baseline:stateless,3,0,1893386,0,0,0,0,0,0,not_measured,1,0,0,0,0,0,0,false,,,0
report-worker,daily_report,daily_report_149,149,warm,baseline:stateless,5,0,67448,0,0,0,0,0,0,not_measured,0,0,0,0,0,0,0,false,,,0
report-worker,archive_check,archive_check_150,150,warm,baseline:stateless,3,0,1947192,0,0,0,0,0,0,not_measured,1,0,0,0,0,0,0,false,,,0
report-worker,daily_report,daily_report_151,151,warm,baseline:stateless,5,0,67875,0,0,0,0,0,0,not_measured,0,0,0,0,0,0,0,false,,,0
report-worker,archive_check,archive_check_152,152,warm,baseline:stateless,3,0,2017480,0,0,0,0,0,0,not_measured,1,0,0,0,0,0,0,false,,,0
report-worker,daily_report,daily_report_153,153,warm,baseline:stateless,5,0,124660,0,0,0,0,0,0,not_measured,0,0,0,0,0,0,0,false,,,0
report-worker,archive_check,archive_check_154,154,warm,baseline:stateless,3,0,1937614,0,0,0,0,0,0,not_measured,1,0,0,0,0,0,0,false,,,0
report-worker,daily_report,daily_report_155,155,warm,baseline:stateless,5,0,84375,0,0,0,0,0,0,not_measured,0,0,0,0,0,0,0,false,,,0
report-worker,archive_check,archive_check_156,156,warm,baseline:stateless,3,0,1847025,0,0,0,0,0,0,not_measured,1,0,0,0,0,0,0,false,,,0
report-worker,daily_report,daily_report_157,157,warm,baseline:stateless,5,0,70162,0,0,0,0,0,0,not_measured,0,0,0,0,0,0,0,false,,,0
report-worker,archive_check,archive_check_158,158,warm,baseline:stateless,3,0,1828712,0,0,0,0,0,0,not_measured,1,0,0,0,0,0,0,false,,,0
report-worker,daily_report,daily_report_159,159,warm,baseline:stateless,5,0,68395,0,0,0,0,0,0,not_measured,0,0,0,0,0,0,0,false,,,0
report-worker,archive_check,archive_check_160,160,warm,baseline:stateless,3,0,1692293,0,0,0,0,0,0,not_measured,1,0,0,0,0,0,0,false,,,0
report-worker,daily_report,daily_report_161,161,warm,baseline:stateless,5,0,93973,0,0,0,0,0,0,not_measured,0,0,0,0,0,0,0,false,,,0
report-worker,archive_check,archive_check_162,162,warm,baseline:stateless,3,0,2028471,0,0,0,0,0,0,not_measured,1,0,0,0,0,0,0,false,,,0
report-worker,daily_report,daily_report_163,163,warm,baseline:stateless,5,0,65644,0,0,0,0,0,0,not_measured,0,0,0,0,0,0,0,false,,,0
report-worker,archive_check,archive_check_164,164,warm,baseline:stateless,3,0,1739802,0,0,0,0,0,0,not_measured,1,0,0,0,0,0,0,false,,,0
report-worker,daily_report,daily_report_165,165,warm,baseline:stateless,5,0,91194,0,0,0,0,0,0,not_measured,0,0,0,0,0,0,0,false,,,0
report-worker,archive_check,archive_check_166,166,warm,baseline:stateless,3,0,1738786,0,0,0,0,0,0,not_measured,1,0,0,0,0,0,0,false,,,0
report-worker,daily_report,daily_report_167,167,warm,baseline:stateless,5,0,69326,0,0,0,0,0,0,not_measured,0,0,0,0,0,0,0,false,,,0
report-worker,archive_check,archive_check_168,168,warm,baseline:stateless,3,0,1861280,0,0,0,0,0,0,not_measured,1,0,0,0,0,0,0,false,,,0
report-worker,daily_report,daily_report_169,169,warm,baseline:stateless,5,0,66004,0,0,0,0,0,0,not_measured,0,0,0,0,0,0,0,false,,,0
report-worker,archive_check,archive_check_170,170,warm,baseline:stateless,3,0,1818691,0,0,0,0,0,0,not_measured,1,0,0,0,0,0,0,false,,,0
build-worker,checksum_artifact,checksum_artifact_171,171,cold,baseline:stateless,3,0,1785584,0,0,0,0,0,0,not_measured,1,0,0,0,0,0,0,false,,,0
build-worker,stage_output,stage_output_172,172,cold,baseline:stateless,5,0,124291,0,0,0,0,0,0,not_measured,0,0,0,0,0,0,0,false,,,0
build-worker,checksum_artifact,checksum_artifact_173,173,warm,baseline:stateless,3,0,1762840,0,0,0,0,0,0,not_measured,1,0,0,0,0,0,0,false,,,0
build-worker,stage_output,stage_output_174,174,warm,baseline:stateless,5,0,66241,0,0,0,0,0,0,not_measured,0,0,0,0,0,0,0,false,,,0
build-worker,checksum_artifact,checksum_artifact_175,175,warm,baseline:stateless,3,0,1733629,0,0,0,0,0,0,not_measured,1,0,0,0,0,0,0,false,,,0
build-worker,stage_output,stage_output_176,176,warm,baseline:stateless,5,0,65992,0,0,0,0,0,0,not_measured,0,0,0,0,0,0,0,false,,,0
build-worker,checksum_artifact,checksum_artifact_177,177,warm,baseline:stateless,3,0,1801986,0,0,0,0,0,0,not_measured,1,0,0,0,0,0,0,false,,,0
build-worker,stage_output,stage_output_178,178,warm,baseline:stateless,5,0,80555,0,0,0,0,0,0,not_measured,0,0,0,0,0,0,0,false,,,0
build-worker,checksum_artifact,checksum_artifact_179,179,warm,baseline:stateless,3,0,1745870,0,0,0,0,0,0,not_measured,1,0,0,0,0,0,0,false,,,0
build-worker,stage_output,stage_output_180,180,warm,baseline:stateless,5,0,139083,0,0,0,0,0,0,not_measured,0,0,0,0,0,0,0,false,,,0
build-worker,checksum_artifact,checksum_artifact_181,181,warm,baseline:stateless,3,0,1707889,0,0,0,0,0,0,not_measured,1,0,0,0,0,0,0,false,,,0
build-worker,stage_output,stage_output_182,182,warm,baseline:stateless,5,0,69500,0,0,0,0,0,0,not_measured,0,0,0,0,0,0,0,false,,,0
build-worker,checksum_artifact,checksum_artifact_183,183,warm,baseline:stateless,3,0,1850230,0,0,0,0,0,0,not_measured,1,0,0,0,0,0,0,false,,,0
build-worker,stage_output,stage_output_184,184,warm,baseline:stateless,5,0,70124,0,0,0,0,0,0,not_measured,0,0,0,0,0,0,0,false,,,0
build-worker,checksum_artifact,checksum_artifact_185,185,warm,baseline:stateless,3,0,1952201,0,0,0,0,0,0,not_measured,1,0,0,0,0,0,0,false,,,0
build-worker,stage_output,stage_output_186,186,warm,baseline:stateless,5,0,66831,0,0,0,0,0,0,not_measured,0,0,0,0,0,0,0,false,,,0
build-worker,checksum_artifact,checksum_artifact_187,187,warm,baseline:stateless,3,0,1801783,0,0,0,0,0,0,not_measured,1,0,0,0,0,0,0,false,,,0
build-worker,stage_output,stage_output_188,188,warm,baseline:stateless,5,0,75598,0,0,0,0,0,0,not_measured,0,0,0,0,0,0,0,false,,,0
build-worker,checksum_artifact,checksum_artifact_189,189,warm,baseline:stateless,3,0,1823036,0,0,0,0,0,0,not_measured,1,0,0,0,0,0,0,false,,,0
build-worker,stage_output,stage_output_190,190,warm,baseline:stateless,5,0,78843,0,0,0,0,0,0,not_measured,0,0,0,0,0,0,0,false,,,0
build-worker,checksum_artifact,checksum_artifact_191,191,warm,baseline:stateless,3,0,1849005,0,0,0,0,0,0,not_measured,1,0,0,0,0,0,0,false,,,0
build-worker,stage_output,stage_output_192,192,warm,baseline:stateless,5,0,67345,0,0,0,0,0,0,not_measured,0,0,0,0,0,0,0,false,,,0
build-worker,checksum_artifact,checksum_artifact_193,193,warm,baseline:stateless,3,0,1973985,0,0,0,0,0,0,not_measured,1,0,0,0,0,0,0,false,,,0
build-worker,stage_output,stage_output_194,194,warm,baseline:stateless,5,0,63257,0,0,0,0,0,0,not_measured,0,0,0,0,0,0,0,false,,,0
build-worker,checksum_artifact,checksum_artifact_195,195,warm,baseline:stateless,3,0,1938253,0,0,0,0,0,0,not_measured,1,0,0,0,0,0,0,false,,,0
build-worker,stage_output,stage_output_196,196,warm,baseline:stateless,5,0,76246,0,0,0,0,0,0,not_measured,0,0,0,0,0,0,0,false,,,0
build-worker,checksum_artifact,checksum_artifact_197,197,warm,baseline:stateless,3,0,1970917,0,0,0,0,0,0,not_measured,1,0,0,0,0,0,0,false,,,0
build-worker,stage_output,stage_output_198,198,warm,baseline:stateless,5,0,80260,0,0,0,0,0,0,not_measured,0,0,0,0,0,0,0,false,,,0
build-worker,checksum_artifact,checksum_artifact_199,199,warm,baseline:stateless,3,0,1809830,0,0,0,0,0,0,not_measured,1,0,0,0,0,0,0,false,,,0
build-worker,stage_output,stage_output_200,200,warm,baseline:stateless,5,0,68022,0,0,0,0,0,0,not_measured,0,0,0,0,0,0,0,false,,,0
build-worker,checksum_artifact,checksum_artifact_201,201,warm,baseline:stateless,3,0,1932831,0,0,0,0,0,0,not_measured,1,0,0,0,0,0,0,false,,,0
build-worker,stage_output,stage_output_202,202,warm,baseline:stateless,5,0,69223,0,0,0,0,0,0,not_measured,0,0,0,0,0,0,0,false,,,0
build-worker,checksum_artifact,checksum_artifact_203,203,warm,baseline:stateless,3,0,2056584,0,0,0,0,0,0,not_measured,1,0,0,0,0,0,0,false,,,0
build-worker,stage_output,stage_output_204,204,warm,baseline:stateless,5,0,93632,0,0,0,0,0,0,not_measured,0,0,0,0,0,0,0,false,,,0
build-worker,checksum_artifact,checksum_artifact_205,205,warm,baseline:stateless,3,0,2291664,0,0,0,0,0,0,not_measured,1,0,0,0,0,0,0,false,,,0
build-worker,stage_output,stage_output_206,206,warm,baseline:stateless,5,0,84505,0,0,0,0,0,0,not_measured,0,0,0,0,0,0,0,false,,,0
build-worker,checksum_artifact,checksum_artifact_207,207,warm,baseline:stateless,3,0,1743932,0,0,0,0,0,0,not_measured,1,0,0,0,0,0,0,false,,,0
build-worker,stage_output,stage_output_208,208,warm,baseline:stateless,5,0,95088,0,0,0,0,0,0,not_measured,0,0,0,0,0,0,0,false,,,0
build-worker,checksum_artifact,checksum_artifact_209,209,warm,baseline:stateless,3,0,1742860,0,0,0,0,0,0,not_measured,1,0,0,0,0,0,0,false,,,0
build-worker,stage_output,stage_output_210,210,warm,baseline:stateless,5,0,134133,0,0,0,0,0,0,not_measured,0,0,0,0,0,0,0,false,,,0
build-worker,checksum_artifact,checksum_artifact_211,211,warm,baseline:stateless,3,0,1737431,0,0,0,0,0,0,not_measured,1,0,0,0,0,0,0,false,,,0
build-worker,stage_output,stage_output_212,212,warm,baseline:stateless,5,0,70918,0,0,0,0,0,0,not_measured,0,0,0,0,0,0,0,false,,,0
build-worker,checksum_artifact,checksum_artifact_213,213,warm,baseline:stateless,3,0,1944543,0,0,0,0,0,0,not_measured,1,0,0,0,0,0,0,false,,,0
build-worker,stage_output,stage_output_214,214,warm,baseline:stateless,5,0,66952,0,0,0,0,0,0,not_measured,0,0,0,0,0,0,0,false,,,0
build-worker,checksum_artifact,checksum_artifact_215,215,warm,baseline:stateless,3,0,1765626,0,0,0,0,0,0,not_measured,1,0,0,0,0,0,0,false,,,0
build-worker,stage_output,stage_output_216,216,warm,baseline:stateless,5,0,84364,0,0,0,0,0,0,not_measured,0,0,0,0,0,0,0,false,,,0
build-worker,checksum_artifact,checksum_artifact_217,217,warm,baseline:stateless,3,0,1782211,0,0,0,0,0,0,not_measured,1,0,0,0,0,0,0,false,,,0
build-worker,stage_output,stage_output_218,218,warm,baseline:stateless,5,0,128270,0,0,0,0,0,0,not_measured,0,0,0,0,0,0,0,false,,,0
build-worker,checksum_artifact,checksum_artifact_219,219,warm,baseline:stateless,3,0,1787781,0,0,0,0,0,0,not_measured,1,0,0,0,0,0,0,false,,,0
build-worker,stage_output,stage_output_220,220,warm,baseline:stateless,5,0,138153,0,0,0,0,0,0,not_measured,0,0,0,0,0,0,0,false,,,0
build-worker,checksum_artifact,checksum_artifact_221,221,warm,baseline:stateless,3,0,1868204,0,0,0,0,0,0,not_measured,1,0,0,0,0,0,0,false,,,0
build-worker,stage_output,stage_output_222,222,warm,baseline:stateless,5,0,71497,0,0,0,0,0,0,not_measured,0,0,0,0,0,0,0,false,,,0
build-worker,checksum_artifact,checksum_artifact_223,223,warm,baseline:stateless,3,0,1881342,0,0,0,0,0,0,not_measured,1,0,0,0,0,0,0,false,,,0
build-worker,stage_output,stage_output_224,224,warm,baseline:stateless,5,0,69201,0,0,0,0,0,0,not_measured,0,0,0,0,0,0,0,false,,,0
build-worker,checksum_artifact,checksum_artifact_225,225,warm,baseline:stateless,3,0,1848318,0,0,0,0,0,0,not_measured,1,0,0,0,0,0,0,false,,,0
build-worker,stage_output,stage_output_226,226,warm,baseline:stateless,5,0,126210,0,0,0,0,0,0,not_measured,0,0,0,0,0,0,0,false,,,0
build-worker,checksum_artifact,checksum_artifact_227,227,warm,baseline:stateless,3,0,1767405,0,0,0,0,0,0,not_measured,1,0,0,0,0,0,0,false,,,0
build-worker,stage_output,stage_output_228,228,warm,baseline:stateless,5,0,70500,0,0,0,0,0,0,not_measured,0,0,0,0,0,0,0,false,,,0
build-worker,checksum_artifact,checksum_artifact_229,229,warm,baseline:stateless,3,0,1779362,0,0,0,0,0,0,not_measured,1,0,0,0,0,0,0,false,,,0
build-worker,stage_output,stage_output_230,230,warm,baseline:stateless,5,0,72325,0,0,0,0,0,0,not_measured,0,0,0,0,0,0,0,false,,,0
build-worker,checksum_artifact,checksum_artifact_231,231,warm,baseline:stateless,3,0,1933415,0,0,0,0,0,0,not_measured,1,0,0,0,0,0,0,false,,,0
build-worker,stage_output,stage_output_232,232,warm,baseline:stateless,5,0,68674,0,0,0,0,0,0,not_measured,0,0,0,0,0,0,0,false,,,0
build-worker,checksum_artifact,checksum_artifact_233,233,warm,baseline:stateless,3,0,1870726,0,0,0,0,0,0,not_measured,1,0,0,0,0,0,0,false,,,0
build-worker,stage_output,stage_output_234,234,warm,baseline:stateless,5,0,66402,0,0,0,0,0,0,not_measured,0,0,0,0,0,0,0,false,,,0
build-worker,checksum_artifact,checksum_artifact_235,235,warm,baseline:stateless,3,0,1988146,0,0,0,0,0,0,not_measured,1,0,0,0,0,0,0,false,,,0
build-worker,stage_output,stage_output_236,236,warm,baseline:stateless,5,0,69458,0,0,0,0,0,0,not_measured,0,0,0,0,0,0,0,false,,,0
build-worker,checksum_artifact,checksum_artifact_237,237,warm,baseline:stateless,3,0,1950736,0,0,0,0,0,0,not_measured,1,0,0,0,0,0,0,false,,,0
build-worker,stage_output,stage_output_238,238,warm,baseline:stateless,5,0,69632,0,0,0,0,0,0,not_measured,0,0,0,0,0,0,0,false,,,0
build-worker,checksum_artifact,checksum_artifact_239,239,warm,baseline:stateless,3,0,1936475,0,0,0,0,0,0,not_measured,1,0,0,0,0,0,0,false,,,0
build-worker,stage_output,stage_output_240,240,warm,baseline:stateless,5,0,77678,0,0,0,0,0,0,not_measured,0,0,0,0,0,0,0,false,,,0
job-processor,dequeue_notify,dequeue_notify_241,241,cold,baseline:stateless,4,0,894478,0,0,0,0,0,0,not_measured,0,1,0,0,0,0,0,false,,,0
job-processor,heartbeat,heartbeat_242,242,cold,baseline:stateless,3,0,2163446,0,0,0,0,0,0,not_measured,0,0,0,0,0,0,0,false,,,0
job-processor,dequeue_notify,dequeue_notify_243,243,warm,baseline:stateless,4,0,2031301,0,0,0,0,0,0,not_measured,0,1,0,0,0,0,0,false,,,0
job-processor,heartbeat,heartbeat_244,244,warm,baseline:stateless,3,0,2148094,0,0,0,0,0,0,not_measured,0,0,0,0,0,0,0,false,,,0
job-processor,dequeue_notify,dequeue_notify_245,245,warm,baseline:stateless,4,0,2051471,0,0,0,0,0,0,not_measured,0,1,0,0,0,0,0,false,,,0
job-processor,heartbeat,heartbeat_246,246,warm,baseline:stateless,3,0,2161930,0,0,0,0,0,0,not_measured,0,0,0,0,0,0,0,false,,,0
job-processor,dequeue_notify,dequeue_notify_247,247,warm,baseline:stateless,4,0,2044973,0,0,0,0,0,0,not_measured,0,1,0,0,0,0,0,false,,,0
job-processor,heartbeat,heartbeat_248,248,warm,baseline:stateless,3,0,2137936,0,0,0,0,0,0,not_measured,0,0,0,0,0,0,0,false,,,0
job-processor,dequeue_notify,dequeue_notify_249,249,warm,baseline:stateless,4,0,2119089,0,0,0,0,0,0,not_measured,0,1,0,0,0,0,0,false,,,0
job-processor,heartbeat,heartbeat_250,250,warm,baseline:stateless,3,0,2163775,0,0,0,0,0,0,not_measured,0,0,0,0,0,0,0,false,,,0
job-processor,dequeue_notify,dequeue_notify_251,251,warm,baseline:stateless,4,0,2020435,0,0,0,0,0,0,not_measured,0,1,0,0,0,0,0,false,,,0
job-processor,heartbeat,heartbeat_252,252,warm,baseline:stateless,3,0,2119061,0,0,0,0,0,0,not_measured,0,0,0,0,0,0,0,false,,,0
job-processor,dequeue_notify,dequeue_notify_253,253,warm,baseline:stateless,4,0,2068435,0,0,0,0,0,0,not_measured,0,1,0,0,0,0,0,false,,,0
job-processor,heartbeat,heartbeat_254,254,warm,baseline:stateless,3,0,2111279,0,0,0,0,0,0,not_measured,0,0,0,0,0,0,0,false,,,0
job-processor,dequeue_notify,dequeue_notify_255,255,warm,baseline:stateless,4,0,2110563,0,0,0,0,0,0,not_measured,0,1,0,0,0,0,0,false,,,0
job-processor,heartbeat,heartbeat_256,256,warm,baseline:stateless,3,0,2133310,0,0,0,0,0,0,not_measured,0,0,0,0,0,0,0,false,,,0
job-processor,dequeue_notify,dequeue_notify_257,257,warm,baseline:stateless,4,0,2064926,0,0,0,0,0,0,not_measured,0,1,0,0,0,0,0,false,,,0
job-processor,heartbeat,heartbeat_258,258,warm,baseline:stateless,3,0,2125917,0,0,0,0,0,0,not_measured,0,0,0,0,0,0,0,false,,,0
job-processor,dequeue_notify,dequeue_notify_259,259,warm,baseline:stateless,4,0,2069882,0,0,0,0,0,0,not_measured,0,1,0,0,0,0,0,false,,,0
job-processor,heartbeat,heartbeat_260,260,warm,baseline:stateless,3,0,2125793,0,0,0,0,0,0,not_measured,0,0,0,0,0,0,0,false,,,0
job-processor,dequeue_notify,dequeue_notify_261,261,warm,baseline:stateless,4,0,2071535,0,0,0,0,0,0,not_measured,0,1,0,0,0,0,0,false,,,0
job-processor,heartbeat,heartbeat_262,262,warm,baseline:stateless,3,0,2151862,0,0,0,0,0,0,not_measured,0,0,0,0,0,0,0,false,,,0
job-processor,dequeue_notify,dequeue_notify_263,263,warm,baseline:stateless,4,0,2091697,0,0,0,0,0,0,not_measured,0,1,0,0,0,0,0,false,,,0
job-processor,heartbeat,heartbeat_264,264,warm,baseline:stateless,3,0,2123383,0,0,0,0,0,0,not_measured,0,0,0,0,0,0,0,false,,,0
job-processor,dequeue_notify,dequeue_notify_265,265,warm,baseline:stateless,4,0,2061056,0,0,0,0,0,0,not_measured,0,1,0,0,0,0,0,false,,,0
job-processor,heartbeat,heartbeat_266,266,warm,baseline:stateless,3,0,2114594,0,0,0,0,0,0,not_measured,0,0,0,0,0,0,0,false,,,0
job-processor,dequeue_notify,dequeue_notify_267,267,warm,baseline:stateless,4,0,2065724,0,0,0,0,0,0,not_measured,0,1,0,0,0,0,0,false,,,0
job-processor,heartbeat,heartbeat_268,268,warm,baseline:stateless,3,0,2403608,0,0,0,0,0,0,not_measured,0,0,0,0,0,0,0,false,,,0
job-processor,dequeue_notify,dequeue_notify_269,269,warm,baseline:stateless,4,0,1866959,0,0,0,0,0,0,not_measured,0,1,0,0,0,0,0,false,,,0
job-processor,heartbeat,heartbeat_270,270,warm,baseline:stateless,3,0,2268542,0,0,0,0,0,0,not_measured,0,0,0,0,0,0,0,false,,,0
job-processor,dequeue_notify,dequeue_notify_271,271,warm,baseline:stateless,4,0,1859785,0,0,0,0,0,0,not_measured,0,1,0,0,0,0,0,false,,,0
job-processor,heartbeat,heartbeat_272,272,warm,baseline:stateless,3,0,2207733,0,0,0,0,0,0,not_measured,0,0,0,0,0,0,0,false,,,0
job-processor,dequeue_notify,dequeue_notify_273,273,warm,baseline:stateless,4,0,2104158,0,0,0,0,0,0,not_measured,0,1,0,0,0,0,0,false,,,0
job-processor,heartbeat,heartbeat_274,274,warm,baseline:stateless,3,0,2155085,0,0,0,0,0,0,not_measured,0,0,0,0,0,0,0,false,,,0
job-processor,dequeue_notify,dequeue_notify_275,275,warm,baseline:stateless,4,0,2033211,0,0,0,0,0,0,not_measured,0,1,0,0,0,0,0,false,,,0
job-processor,heartbeat,heartbeat_276,276,warm,baseline:stateless,3,0,2170663,0,0,0,0,0,0,not_measured,0,0,0,0,0,0,0,false,,,0
job-processor,dequeue_notify,dequeue_notify_277,277,warm,baseline:stateless,4,0,2117153,0,0,0,0,0,0,not_measured,0,1,0,0,0,0,0,false,,,0
job-processor,heartbeat,heartbeat_278,278,warm,baseline:stateless,3,0,2121625,0,0,0,0,0,0,not_measured,0,0,0,0,0,0,0,false,,,0
job-processor,dequeue_notify,dequeue_notify_279,279,warm,baseline:stateless,4,0,2097489,0,0,0,0,0,0,not_measured,0,1,0,0,0,0,0,false,,,0
job-processor,heartbeat,heartbeat_280,280,warm,baseline:stateless,3,0,2240752,0,0,0,0,0,0,not_measured,0,0,0,0,0,0,0,false,,,0
job-processor,dequeue_notify,dequeue_notify_281,281,warm,baseline:stateless,4,0,1827495,0,0,0,0,0,0,not_measured,0,1,0,0,0,0,0,false,,,0
job-processor,heartbeat,heartbeat_282,282,warm,baseline:stateless,3,0,2220779,0,0,0,0,0,0,not_measured,0,0,0,0,0,0,0,false,,,0
job-processor,dequeue_notify,dequeue_notify_283,283,warm,baseline:stateless,4,0,1947357,0,0,0,0,0,0,not_measured,0,1,0,0,0,0,0,false,,,0
job-processor,heartbeat,heartbeat_284,284,warm,baseline:stateless,3,0,2156350,0,0,0,0,0,0,not_measured,0,0,0,0,0,0,0,false,,,0
job-processor,dequeue_notify,dequeue_notify_285,285,warm,baseline:stateless,4,0,2035793,0,0,0,0,0,0,not_measured,0,1,0,0,0,0,0,false,,,0
job-processor,heartbeat,heartbeat_286,286,warm,baseline:stateless,3,0,2123617,0,0,0,0,0,0,not_measured,0,0,0,0,0,0,0,false,,,0
job-processor,dequeue_notify,dequeue_notify_287,287,warm,baseline:stateless,4,0,2070628,0,0,0,0,0,0,not_measured,0,1,0,0,0,0,0,false,,,0
job-processor,heartbeat,heartbeat_288,288,warm,baseline:stateless,3,0,2195076,0,0,0,0,0,0,not_measured,0,0,0,0,0,0,0,false,,,0
job-processor,dequeue_notify,dequeue_notify_289,289,warm,baseline:stateless,4,0,2068177,0,0,0,0,0,0,not_measured,0,1,0,0,0,0,0,false,,,0
job-processor,heartbeat,heartbeat_290,290,warm,baseline:stateless,3,0,2167299,0,0,0,0,0,0,not_measured,0,0,0,0,0,0,0,false,,,0
job-processor,dequeue_notify,dequeue_notify_291,291,warm,baseline:stateless,4,0,1979874,0,0,0,0,0,0,not_measured,0,1,0,0,0,0,0,false,,,0
job-processor,heartbeat,heartbeat_292,292,warm,baseline:stateless,3,0,2123875,0,0,0,0,0,0,not_measured,0,0,0,0,0,0,0,false,,,0
job-processor,dequeue_notify,dequeue_notify_293,293,warm,baseline:stateless,4,0,2058379,0,0,0,0,0,0,not_measured,0,1,0,0,0,0,0,false,,,0
job-processor,heartbeat,heartbeat_294,294,warm,baseline:stateless,3,0,2350725,0,0,0,0,0,0,not_measured,0,0,0,0,0,0,0,false,,,0
job-processor,dequeue_notify,dequeue_notify_295,295,warm,baseline:stateless,4,0,1897239,0,0,0,0,0,0,not_measured,0,1,0,0,0,0,0,false,,,0
job-processor,heartbeat,heartbeat_296,296,warm,baseline:stateless,3,0,2171687,0,0,0,0,0,0,not_measured,0,0,0,0,0,0,0,false,,,0
job-processor,dequeue_notify,dequeue_notify_297,297,warm,baseline:stateless,4,0,1404880,0,0,0,0,0,0,not_measured,0,1,0,0,0,0,0,false,,,0
job-processor,heartbeat,heartbeat_298,298,warm,baseline:stateless,3,0,2205413,0,0,0,0,0,0,not_measured,0,0,0,0,0,0,0,false,,,0
job-processor,dequeue_notify,dequeue_notify_299,299,warm,baseline:stateless,4,0,1464387,0,0,0,0,0,0,not_measured,0,1,0,0,0,0,0,false,,,0
job-processor,heartbeat,heartbeat_300,300,warm,baseline:stateless,3,0,2249098,0,0,0,0,0,0,not_measured,0,0,0,0,0,0,0,false,,,0
job-processor,dequeue_notify,dequeue_notify_301,301,warm,baseline:stateless,4,0,1890944,0,0,0,0,0,0,not_measured,0,1,0,0,0,0,0,false,,,0
job-processor,heartbeat,heartbeat_302,302,warm,baseline:stateless,3,0,2220712,0,0,0,0,0,0,not_measured,0,0,0,0,0,0,0,false,,,0
job-processor,dequeue_notify,dequeue_notify_303,303,warm,baseline:stateless,4,0,2102101,0,0,0,0,0,0,not_measured,0,1,0,0,0,0,0,false,,,0
job-processor,heartbeat,heartbeat_304,304,warm,baseline:stateless,3,0,2180615,0,0,0,0,0,0,not_measured,0,0,0,0,0,0,0,false,,,0
job-processor,dequeue_notify,dequeue_notify_305,305,warm,baseline:stateless,4,0,2028613,0,0,0,0,0,0,not_measured,0,1,0,0,0,0,0,false,,,0
job-processor,heartbeat,heartbeat_306,306,warm,baseline:stateless,3,0,2263421,0,0,0,0,0,0,not_measured,0,0,0,0,0,0,0,false,,,0
job-processor,dequeue_notify,dequeue_notify_307,307,warm,baseline:stateless,4,0,1921617,0,0,0,0,0,0,not_measured,0,1,0,0,0,0,0,false,,,0
job-processor,heartbeat,heartbeat_308,308,warm,baseline:stateless,3,0,2167790,0,0,0,0,0,0,not_measured,0,0,0,0,0,0,0,false,,,0
job-processor,dequeue_notify,dequeue_notify_309,309,warm,baseline:stateless,4,0,1994275,0,0,0,0,0,0,not_measured,0,1,0,0,0,0,0,false,,,0
job-processor,heartbeat,heartbeat_310,310,warm,baseline:stateless,3,0,2155973,0,0,0,0,0,0,not_measured,0,0,0,0,0,0,0,false,,,0
job-processor,dequeue_notify,dequeue_notify_311,311,warm,baseline:stateless,4,0,2052464,0,0,0,0,0,0,not_measured,0,1,0,0,0,0,0,false,,,0
job-processor,heartbeat,heartbeat_312,312,warm,baseline:stateless,3,0,2203878,0,0,0,0,0,0,not_measured,0,0,0,0,0,0,0,false,,,0
job-processor,dequeue_notify,dequeue_notify_313,313,warm,baseline:stateless,4,0,2028805,0,0,0,0,0,0,not_measured,0,1,0,0,0,0,0,false,,,0
job-processor,heartbeat,heartbeat_314,314,warm,baseline:stateless,3,0,2131023,0,0,0,0,0,0,not_measured,0,0,0,0,0,0,0,false,,,0
job-processor,dequeue_notify,dequeue_notify_315,315,warm,baseline:stateless,4,0,2054772,0,0,0,0,0,0,not_measured,0,1,0,0,0,0,0,false,,,0
job-processor,heartbeat,heartbeat_316,316,warm,baseline:stateless,3,0,2121415,0,0,0,0,0,0,not_measured,0,0,0,0,0,0,0,false,,,0
job-processor,dequeue_notify,dequeue_notify_317,317,warm,baseline:stateless,4,0,2161270,0,0,0,0,0,0,not_measured,0,1,0,0,0,0,0,false,,,0
job-processor,heartbeat,heartbeat_318,318,warm,baseline:stateless,3,0,2389156,0,0,0,0,0,0,not_measured,0,0,0,0,0,0,0,false,,,0
job-processor,dequeue_notify,dequeue_notify_319,319,warm,baseline:stateless,4,0,1942679,0,0,0,0,0,0,not_measured,0,1,0,0,0,0,0,false,,,0
job-processor,heartbeat,heartbeat_320,320,warm,baseline:stateless,3,0,2175524,0,0,0,0,0,0,not_measured,0,0,0,0,0,0,0,false,,,0
report-worker,daily_report,daily_report_321,321,warm,baseline:stateless,6,0,166087,0,0,0,0,0,0,not_measured,0,0,0,0,0,0,0,false,,,0
report-worker,daily_report,daily_report_322,322,warm,baseline:stateless,6,0,75643,0,0,0,0,0,0,not_measured,0,0,0,0,0,0,0,false,,,0
report-worker,daily_report,daily_report_323,323,warm,baseline:stateless,6,0,66799,0,0,0,0,0,0,not_measured,0,0,0,0,0,0,0,false,,,0
report-worker,daily_report,daily_report_324,324,warm,baseline:stateless,6,0,64870,0,0,0,0,0,0,not_measured,0,0,0,0,0,0,0,false,,,0
report-worker,daily_report,daily_report_325,325,warm,baseline:stateless,6,0,65152,0,0,0,0,0,0,not_measured,0,0,0,0,0,0,0,false,,,0
report-worker,daily_report,daily_report_326,326,warm,baseline:stateless,6,0,64488,0,0,0,0,0,0,not_measured,0,0,0,0,0,0,0,false,,,0
report-worker,daily_report,daily_report_327,327,warm,baseline:stateless,6,0,61985,0,0,0,0,0,0,not_measured,0,0,0,0,0,0,0,false,,,0
report-worker,daily_report,daily_report_328,328,warm,baseline:stateless,6,0,62680,0,0,0,0,0,0,not_measured,0,0,0,0,0,0,0,false,,,0
report-worker,daily_report,daily_report_329,329,warm,baseline:stateless,6,0,61554,0,0,0,0,0,0,not_measured,0,0,0,0,0,0,0,false,,,0
report-worker,daily_report,daily_report_330,330,warm,baseline:stateless,6,0,64589,0,0,0,0,0,0,not_measured,0,0,0,0,0,0,0,false,,,0
report-worker,daily_report,daily_report_331,331,warm,baseline:stateless,6,0,60926,0,0,0,0,0,0,not_measured,0,0,0,0,0,0,0,false,,,0
report-worker,daily_report,daily_report_332,332,warm,baseline:stateless,6,0,66361,0,0,0,0,0,0,not_measured,0,0,0,0,0,0,0,false,,,0
report-worker,daily_report,daily_report_333,333,warm,baseline:stateless,5,0,65581,0,0,0,0,0,0,not_measured,0,0,0,0,0,0,0,false,,,0
report-worker,daily_report,daily_report_334,334,warm,baseline:stateless,5,0,57170,0,0,0,0,0,0,not_measured,0,0,0,0,0,0,0,false,,,0
report-worker,daily_report,daily_report_335,335,warm,baseline:stateless,5,0,91730,0,0,0,0,0,0,not_measured,0,0,0,0,0,0,0,false,,,0
report-worker,daily_report,daily_report_336,336,warm,baseline:stateless,5,0,60018,0,0,0,0,0,0,not_measured,0,0,0,0,0,0,0,false,,,0
report-worker,daily_report,daily_report_337,337,warm,baseline:stateless,5,0,61171,0,0,0,0,0,0,not_measured,0,0,0,0,0,0,0,false,,,0
report-worker,daily_report,daily_report_338,338,warm,baseline:stateless,5,0,62749,0,0,0,0,0,0,not_measured,0,0,0,0,0,0,0,false,,,0
report-worker,daily_report,daily_report_339,339,warm,baseline:stateless,5,0,61813,0,0,0,0,0,0,not_measured,0,0,0,0,0,0,0,false,,,0
report-worker,daily_report,daily_report_340,340,warm,baseline:stateless,5,0,58861,0,0,0,0,0,0,not_measured,0,0,0,0,0,0,0,false,,,0
report-worker,daily_report,daily_report_341,341,warm,baseline:stateless,5,0,65224,0,0,0,0,0,0,not_measured,0,0,0,0,0,0,0,false,,,0
report-worker,daily_report,daily_report_342,342,warm,baseline:stateless,5,0,59330,0,0,0,0,0,0,not_measured,0,0,0,0,0,0,0,false,,,0
report-worker,daily_report,daily_report_343,343,warm,baseline:stateless,5,0,60114,0,0,0,0,0,0,not_measured,0,0,0,0,0,0,0,false,,,0
report-worker,daily_report,daily_report_344,344,warm,baseline:stateless,5,0,57833,0,0,0,0,0,0,not_measured,0,0,0,0,0,0,0,false,,,0
report-worker,daily_report,daily_report_345,345,warm,baseline:stateless,5,0,62650,0,0,0,0,0,0,not_measured,0,0,0,0,0,0,0,false,,,0
report-worker,daily_report,daily_report_346,346,warm,baseline:stateless,5,0,68994,0,0,0,0,0,0,not_measured,0,0,0,0,0,0,0,false,,,0
report-worker,daily_report,daily_report_347,347,warm,baseline:stateless,5,0,63399,0,0,0,0,0,0,not_measured,0,0,0,0,0,0,0,false,,,0
api-service,api_get_user,api_get_user_348,348,warm,baseline:stateless,4,0,386608,0,0,0,0,0,0,not_measured,0,0,1,0,0,0,0,false,,,0
api-service,session_touch,session_touch_349,349,warm,baseline:stateless,3,0,100606,0,0,0,0,0,0,not_measured,0,0,0,0,0,0,0,false,,,0
api-service,api_get_user,api_get_user_350,350,warm,baseline:stateless,4,0,2042356,0,0,0,0,0,0,not_measured,0,0,1,0,0,0,0,false,,,0
api-service,session_touch,session_touch_351,351,warm,baseline:stateless,3,0,96383,0,0,0,0,0,0,not_measured,0,0,0,0,0,0,0,false,,,0
api-service,api_get_user,api_get_user_352,352,warm,baseline:stateless,4,0,2012093,0,0,0,0,0,0,not_measured,0,0,1,0,0,0,0,false,,,0
api-service,session_touch,session_touch_353,353,warm,baseline:stateless,3,0,96008,0,0,0,0,0,0,not_measured,0,0,0,0,0,0,0,false,,,0
api-service,api_get_user,api_get_user_354,354,warm,baseline:stateless,4,0,2029310,0,0,0,0,0,0,not_measured,0,0,1,0,0,0,0,false,,,0
api-service,session_touch,session_touch_355,355,warm,baseline:stateless,3,0,95641,0,0,0,0,0,0,not_measured,0,0,0,0,0,0,0,false,,,0
api-service,api_get_user,api_get_user_356,356,warm,baseline:stateless,4,0,2018592,0,0,0,0,0,0,not_measured,0,0,1,0,0,0,0,false,,,0
api-service,session_touch,session_touch_357,357,warm,baseline:stateless,3,0,164490,0,0,0,0,0,0,not_measured,0,0,0,0,0,0,0,false,,,0
api-service,api_get_user,api_get_user_358,358,warm,baseline:stateless,4,0,1998058,0,0,0,0,0,0,not_measured,0,0,1,0,0,0,0,false,,,0
api-service,session_touch,session_touch_359,359,warm,baseline:stateless,3,0,101535,0,0,0,0,0,0,not_measured,0,0,0,0,0,0,0,false,,,0
api-service,api_get_user,api_get_user_360,360,warm,baseline:stateless,4,0,2007831,0,0,0,0,0,0,not_measured,0,0,1,0,0,0,0,false,,,0
api-service,session_touch,session_touch_361,361,warm,baseline:stateless,3,0,97951,0,0,0,0,0,0,not_measured,0,0,0,0,0,0,0,false,,,0
api-service,api_get_user,api_get_user_362,362,warm,baseline:stateless,4,0,2020889,0,0,0,0,0,0,not_measured,0,0,1,0,0,0,0,false,,,0
api-service,session_touch,session_touch_363,363,warm,baseline:stateless,3,0,94469,0,0,0,0,0,0,not_measured,0,0,0,0,0,0,0,false,,,0
api-service,api_get_user,api_get_user_364,364,warm,baseline:stateless,4,0,2048114,0,0,0,0,0,0,not_measured,0,0,1,0,0,0,0,false,,,0
api-service,session_touch,session_touch_365,365,warm,baseline:stateless,3,0,95367,0,0,0,0,0,0,not_measured,0,0,0,0,0,0,0,false,,,0
api-service,api_get_user,api_get_user_366,366,warm,baseline:stateless,4,0,2037552,0,0,0,0,0,0,not_measured,0,0,1,0,0,0,0,false,,,0
api-service,session_touch,session_touch_367,367,warm,baseline:stateless,3,0,94085,0,0,0,0,0,0,not_measured,0,0,0,0,0,0,0,false,,,0
api-service,api_get_user,api_get_user_368,368,warm,baseline:stateless,4,0,2022194,0,0,0,0,0,0,not_measured,0,0,1,0,0,0,0,false,,,0
api-service,session_touch,session_touch_369,369,warm,baseline:stateless,3,0,99277,0,0,0,0,0,0,not_measured,0,0,0,0,0,0,0,false,,,0
api-service,api_get_user,api_get_user_370,370,warm,baseline:stateless,4,0,2027060,0,0,0,0,0,0,not_measured,0,0,1,0,0,0,0,false,,,0
api-service,session_touch,session_touch_371,371,warm,baseline:stateless,3,0,120191,0,0,0,0,0,0,not_measured,0,0,0,0,0,0,0,false,,,0
api-service,api_get_user,api_get_user_372,372,warm,baseline:stateless,4,0,2013656,0,0,0,0,0,0,not_measured,0,0,1,0,0,0,0,false,,,0
api-service,session_touch,session_touch_373,373,warm,baseline:stateless,3,0,93795,0,0,0,0,0,0,not_measured,0,0,0,0,0,0,0,false,,,0
api-service,api_get_user,api_get_user_374,374,warm,baseline:stateless,4,0,2016213,0,0,0,0,0,0,not_measured,0,0,1,0,0,0,0,false,,,0
api-service,session_touch,session_touch_375,375,warm,baseline:stateless,3,0,94330,0,0,0,0,0,0,not_measured,0,0,0,0,0,0,0,false,,,0
api-service,api_get_user,api_get_user_376,376,warm,baseline:stateless,4,0,2033174,0,0,0,0,0,0,not_measured,0,0,1,0,0,0,0,false,,,0
api-service,session_touch,session_touch_377,377,warm,baseline:stateless,3,0,93832,0,0,0,0,0,0,not_measured,0,0,0,0,0,0,0,false,,,0
report-worker,daily_report,daily_report_378,378,warm,baseline:stateless,5,0,81523,0,0,0,0,0,0,not_measured,0,0,0,0,0,0,0,false,,,0
report-worker,archive_check,archive_check_379,379,warm,baseline:stateless,3,0,2219258,0,0,0,0,0,0,not_measured,1,0,0,0,0,0,0,false,,,0
report-worker,daily_report,daily_report_380,380,warm,baseline:stateless,5,0,82976,0,0,0,0,0,0,not_measured,0,0,0,0,0,0,0,false,,,0
report-worker,archive_check,archive_check_381,381,warm,baseline:stateless,3,0,2336266,0,0,0,0,0,0,not_measured,1,0,0,0,0,0,0,false,,,0
report-worker,daily_report,daily_report_382,382,warm,baseline:stateless,5,0,74623,0,0,0,0,0,0,not_measured,0,0,0,0,0,0,0,false,,,0
report-worker,archive_check,archive_check_383,383,warm,baseline:stateless,3,0,2070118,0,0,0,0,0,0,not_measured,1,0,0,0,0,0,0,false,,,0
report-worker,daily_report,daily_report_384,384,warm,baseline:stateless,5,0,71644,0,0,0,0,0,0,not_measured,0,0,0,0,0,0,0,false,,,0
report-worker,archive_check,archive_check_385,385,warm,baseline:stateless,3,0,1733162,0,0,0,0,0,0,not_measured,1,0,0,0,0,0,0,false,,,0
report-worker,daily_report,daily_report_386,386,warm,baseline:stateless,5,0,75785,0,0,0,0,0,0,not_measured,0,0,0,0,0,0,0,false,,,0
report-worker,archive_check,archive_check_387,387,warm,baseline:stateless,3,0,1936673,0,0,0,0,0,0,not_measured,1,0,0,0,0,0,0,false,,,0
report-worker,daily_report,daily_report_388,388,warm,baseline:stateless,5,0,68722,0,0,0,0,0,0,not_measured,0,0,0,0,0,0,0,false,,,0
report-worker,archive_check,archive_check_389,389,warm,baseline:stateless,3,0,1842623,0,0,0,0,0,0,not_measured,1,0,0,0,0,0,0,false,,,0
report-worker,daily_report,daily_report_390,390,warm,baseline:stateless,5,0,125080,0,0,0,0,0,0,not_measured,0,0,0,0,0,0,0,false,,,0
report-worker,archive_check,archive_check_391,391,warm,baseline:stateless,3,0,1921559,0,0,0,0,0,0,not_measured,1,0,0,0,0,0,0,false,,,0
report-worker,daily_report,daily_report_392,392,warm,baseline:stateless,5,0,69029,0,0,0,0,0,0,not_measured,0,0,0,0,0,0,0,false,,,0
report-worker,archive_check,archive_check_393,393,warm,baseline:stateless,3,0,1725488,0,0,0,0,0,0,not_measured,1,0,0,0,0,0,0,false,,,0
report-worker,daily_report,daily_report_394,394,warm,baseline:stateless,5,0,80014,0,0,0,0,0,0,not_measured,0,0,0,0,0,0,0,false,,,0
report-worker,archive_check,archive_check_395,395,warm,baseline:stateless,3,0,2096331,0,0,0,0,0,0,not_measured,1,0,0,0,0,0,0,false,,,0
report-worker,daily_report,daily_report_396,396,warm,baseline:stateless,5,0,70598,0,0,0,0,0,0,not_measured,0,0,0,0,0,0,0,false,,,0
report-worker,archive_check,archive_check_397,397,warm,baseline:stateless,3,0,1864081,0,0,0,0,0,0,not_measured,1,0,0,0,0,0,0,false,,,0
report-worker,daily_report,daily_report_398,398,warm,baseline:stateless,5,0,71492,0,0,0,0,0,0,not_measured,0,0,0,0,0,0,0,false,,,0
report-worker,archive_check,archive_check_399,399,warm,baseline:stateless,3,0,1930918,0,0,0,0,0,0,not_measured,1,0,0,0,0,0,0,false,,,0
report-worker,daily_report,daily_report_400,400,warm,baseline:stateless,5,0,76245,0,0,0,0,0,0,not_measured,0,0,0,0,0,0,0,false,,,0
report-worker,archive_check,archive_check_401,401,warm,baseline:stateless,3,0,1750099,0,0,0,0,0,0,not_measured,1,0,0,0,0,0,0,false,,,0
report-worker,daily_report,daily_report_402,402,warm,baseline:stateless,5,0,75797,0,0,0,0,0,0,not_measured,0,0,0,0,0,0,0,false,,,0
report-worker,archive_check,archive_check_403,403,warm,baseline:stateless,3,0,1919073,0,0,0,0,0,0,not_measured,1,0,0,0,0,0,0,false,,,0
report-worker,daily_report,daily_report_404,404,warm,baseline:stateless,5,0,73484,0,0,0,0,0,0,not_measured,0,0,0,0,0,0,0,false,,,0
report-worker,archive_check,archive_check_405,405,warm,baseline:stateless,3,0,1680156,0,0,0,0,0,0,not_measured,1,0,0,0,0,0,0,false,,,0
report-worker,daily_report,daily_report_406,406,warm,baseline:stateless,5,0,93625,0,0,0,0,0,0,not_measured,0,0,0,0,0,0,0,false,,,0
report-worker,archive_check,archive_check_407,407,warm,baseline:stateless,3,0,1825115,0,0,0,0,0,0,not_measured,1,0,0,0,0,0,0,false,,,0
build-worker,checksum_artifact,checksum_artifact_408,408,warm,baseline:stateless,3,0,1849915,0,0,0,0,0,0,not_measured,1,0,0,0,0,0,0,false,,,0
build-worker,stage_output,stage_output_409,409,warm,baseline:stateless,5,0,69927,0,0,0,0,0,0,not_measured,0,0,0,0,0,0,0,false,,,0
build-worker,checksum_artifact,checksum_artifact_410,410,warm,baseline:stateless,3,0,1910574,0,0,0,0,0,0,not_measured,1,0,0,0,0,0,0,false,,,0
build-worker,stage_output,stage_output_411,411,warm,baseline:stateless,5,0,71079,0,0,0,0,0,0,not_measured,0,0,0,0,0,0,0,false,,,0
build-worker,checksum_artifact,checksum_artifact_412,412,warm,baseline:stateless,3,0,1923837,0,0,0,0,0,0,not_measured,1,0,0,0,0,0,0,false,,,0
build-worker,stage_output,stage_output_413,413,warm,baseline:stateless,5,0,69212,0,0,0,0,0,0,not_measured,0,0,0,0,0,0,0,false,,,0
build-worker,checksum_artifact,checksum_artifact_414,414,warm,baseline:stateless,3,0,1996242,0,0,0,0,0,0,not_measured,1,0,0,0,0,0,0,false,,,0
build-worker,stage_output,stage_output_415,415,warm,baseline:stateless,5,0,70949,0,0,0,0,0,0,not_measured,0,0,0,0,0,0,0,false,,,0
build-worker,checksum_artifact,checksum_artifact_416,416,warm,baseline:stateless,3,0,1855994,0,0,0,0,0,0,not_measured,1,0,0,0,0,0,0,false,,,0
build-worker,stage_output,stage_output_417,417,warm,baseline:stateless,5,0,69317,0,0,0,0,0,0,not_measured,0,0,0,0,0,0,0,false,,,0
build-worker,checksum_artifact,checksum_artifact_418,418,warm,baseline:stateless,3,0,1826493,0,0,0,0,0,0,not_measured,1,0,0,0,0,0,0,false,,,0
build-worker,stage_output,stage_output_419,419,warm,baseline:stateless,5,0,68788,0,0,0,0,0,0,not_measured,0,0,0,0,0,0,0,false,,,0
build-worker,checksum_artifact,checksum_artifact_420,420,warm,baseline:stateless,3,0,2037490,0,0,0,0,0,0,not_measured,1,0,0,0,0,0,0,false,,,0
build-worker,stage_output,stage_output_421,421,warm,baseline:stateless,5,0,68631,0,0,0,0,0,0,not_measured,0,0,0,0,0,0,0,false,,,0
build-worker,checksum_artifact,checksum_artifact_422,422,warm,baseline:stateless,3,0,1721368,0,0,0,0,0,0,not_measured,1,0,0,0,0,0,0,false,,,0
build-worker,stage_output,stage_output_423,423,warm,baseline:stateless,5,0,67964,0,0,0,0,0,0,not_measured,0,0,0,0,0,0,0,false,,,0
build-worker,checksum_artifact,checksum_artifact_424,424,warm,baseline:stateless,3,0,1773215,0,0,0,0,0,0,not_measured,1,0,0,0,0,0,0,false,,,0
build-worker,stage_output,stage_output_425,425,warm,baseline:stateless,5,0,98128,0,0,0,0,0,0,not_measured,0,0,0,0,0,0,0,false,,,0
build-worker,checksum_artifact,checksum_artifact_426,426,warm,baseline:stateless,3,0,1776285,0,0,0,0,0,0,not_measured,1,0,0,0,0,0,0,false,,,0
build-worker,stage_output,stage_output_427,427,warm,baseline:stateless,5,0,67302,0,0,0,0,0,0,not_measured,0,0,0,0,0,0,0,false,,,0
build-worker,checksum_artifact,checksum_artifact_428,428,warm,baseline:stateless,3,0,1838937,0,0,0,0,0,0,not_measured,1,0,0,0,0,0,0,false,,,0
build-worker,stage_output,stage_output_429,429,warm,baseline:stateless,5,0,79210,0,0,0,0,0,0,not_measured,0,0,0,0,0,0,0,false,,,0
build-worker,checksum_artifact,checksum_artifact_430,430,warm,baseline:stateless,3,0,1658541,0,0,0,0,0,0,not_measured,1,0,0,0,0,0,0,false,,,0
build-worker,stage_output,stage_output_431,431,warm,baseline:stateless,5,0,70782,0,0,0,0,0,0,not_measured,0,0,0,0,0,0,0,false,,,0
build-worker,checksum_artifact,checksum_artifact_432,432,warm,baseline:stateless,3,0,1715491,0,0,0,0,0,0,not_measured,1,0,0,0,0,0,0,false,,,0
build-worker,stage_output,stage_output_433,433,warm,baseline:stateless,5,0,69857,0,0,0,0,0,0,not_measured,0,0,0,0,0,0,0,false,,,0
build-worker,checksum_artifact,checksum_artifact_434,434,warm,baseline:stateless,3,0,1719461,0,0,0,0,0,0,not_measured,1,0,0,0,0,0,0,false,,,0
build-worker,stage_output,stage_output_435,435,warm,baseline:stateless,5,0,70177,0,0,0,0,0,0,not_measured,0,0,0,0,0,0,0,false,,,0
build-worker,checksum_artifact,checksum_artifact_436,436,warm,baseline:stateless,3,0,1980446,0,0,0,0,0,0,not_measured,1,0,0,0,0,0,0,false,,,0
build-worker,stage_output,stage_output_437,437,warm,baseline:stateless,5,0,70933,0,0,0,0,0,0,not_measured,0,0,0,0,0,0,0,false,,,0
job-processor,dequeue_notify,dequeue_notify_438,438,warm,baseline:stateless,4,0,691287,0,0,0,0,0,0,not_measured,0,1,0,0,0,0,0,false,,,0
job-processor,heartbeat,heartbeat_439,439,warm,baseline:stateless,3,0,2184093,0,0,0,0,0,0,not_measured,0,0,0,0,0,0,0,false,,,0
job-processor,dequeue_notify,dequeue_notify_440,440,warm,baseline:stateless,4,0,1956627,0,0,0,0,0,0,not_measured,0,1,0,0,0,0,0,false,,,0
job-processor,heartbeat,heartbeat_441,441,warm,baseline:stateless,3,0,2353187,0,0,0,0,0,0,not_measured,0,0,0,0,0,0,0,false,,,0
job-processor,dequeue_notify,dequeue_notify_442,442,warm,baseline:stateless,4,0,1804861,0,0,0,0,0,0,not_measured,0,1,0,0,0,0,0,false,,,0
job-processor,heartbeat,heartbeat_443,443,warm,baseline:stateless,3,0,2184087,0,0,0,0,0,0,not_measured,0,0,0,0,0,0,0,false,,,0
job-processor,dequeue_notify,dequeue_notify_444,444,warm,baseline:stateless,4,0,2191755,0,0,0,0,0,0,not_measured,0,1,0,0,0,0,0,false,,,0
job-processor,heartbeat,heartbeat_445,445,warm,baseline:stateless,3,0,2192949,0,0,0,0,0,0,not_measured,0,0,0,0,0,0,0,false,,,0
job-processor,dequeue_notify,dequeue_notify_446,446,warm,baseline:stateless,4,0,1846547,0,0,0,0,0,0,not_measured,0,1,0,0,0,0,0,false,,,0
job-processor,heartbeat,heartbeat_447,447,warm,baseline:stateless,3,0,2228331,0,0,0,0,0,0,not_measured,0,0,0,0,0,0,0,false,,,0
job-processor,dequeue_notify,dequeue_notify_448,448,warm,baseline:stateless,4,0,1954020,0,0,0,0,0,0,not_measured,0,1,0,0,0,0,0,false,,,0
job-processor,heartbeat,heartbeat_449,449,warm,baseline:stateless,3,0,2474853,0,0,0,0,0,0,not_measured,0,0,0,0,0,0,0,false,,,0
job-processor,dequeue_notify,dequeue_notify_450,450,warm,baseline:stateless,4,0,1705339,0,0,0,0,0,0,not_measured,0,1,0,0,0,0,0,false,,,0
job-processor,heartbeat,heartbeat_451,451,warm,baseline:stateless,3,0,2423211,0,0,0,0,0,0,not_measured,0,0,0,0,0,0,0,false,,,0
job-processor,dequeue_notify,dequeue_notify_452,452,warm,baseline:stateless,4,0,1844887,0,0,0,0,0,0,not_measured,0,1,0,0,0,0,0,false,,,0
job-processor,heartbeat,heartbeat_453,453,warm,baseline:stateless,3,0,2225063,0,0,0,0,0,0,not_measured,0,0,0,0,0,0,0,false,,,0
job-processor,dequeue_notify,dequeue_notify_454,454,warm,baseline:stateless,4,0,1969005,0,0,0,0,0,0,not_measured,0,1,0,0,0,0,0,false,,,0
job-processor,heartbeat,heartbeat_455,455,warm,baseline:stateless,3,0,2153984,0,0,0,0,0,0,not_measured,0,0,0,0,0,0,0,false,,,0
job-processor,dequeue_notify,dequeue_notify_456,456,warm,baseline:stateless,4,0,2026665,0,0,0,0,0,0,not_measured,0,1,0,0,0,0,0,false,,,0
job-processor,heartbeat,heartbeat_457,457,warm,baseline:stateless,3,0,2178768,0,0,0,0,0,0,not_measured,0,0,0,0,0,0,0,false,,,0
job-processor,dequeue_notify,dequeue_notify_458,458,warm,baseline:stateless,4,0,1927247,0,0,0,0,0,0,not_measured,0,1,0,0,0,0,0,false,,,0
job-processor,heartbeat,heartbeat_459,459,warm,baseline:stateless,3,0,2284265,0,0,0,0,0,0,not_measured,0,0,0,0,0,0,0,false,,,0
job-processor,dequeue_notify,dequeue_notify_460,460,warm,baseline:stateless,4,0,1991536,0,0,0,0,0,0,not_measured,0,1,0,0,0,0,0,false,,,0
job-processor,heartbeat,heartbeat_461,461,warm,baseline:stateless,3,0,2127317,0,0,0,0,0,0,not_measured,0,0,0,0,0,0,0,false,,,0
job-processor,dequeue_notify,dequeue_notify_462,462,warm,baseline:stateless,4,0,2009853,0,0,0,0,0,0,not_measured,0,1,0,0,0,0,0,false,,,0
job-processor,heartbeat,heartbeat_463,463,warm,baseline:stateless,3,0,2119251,0,0,0,0,0,0,not_measured,0,0,0,0,0,0,0,false,,,0
job-processor,dequeue_notify,dequeue_notify_464,464,warm,baseline:stateless,4,0,2068474,0,0,0,0,0,0,not_measured,0,1,0,0,0,0,0,false,,,0
job-processor,heartbeat,heartbeat_465,465,warm,baseline:stateless,3,0,2124155,0,0,0,0,0,0,not_measured,0,0,0,0,0,0,0,false,,,0
job-processor,dequeue_notify,dequeue_notify_466,466,warm,baseline:stateless,4,0,2080359,0,0,0,0,0,0,not_measured,0,1,0,0,0,0,0,false,,,0
job-processor,heartbeat,heartbeat_467,467,warm,baseline:stateless,3,0,2123575,0,0,0,0,0,0,not_measured,0,0,0,0,0,0,0,false,,,0
build-worker,stage_output,stage_output_411,468,warm,baseline:stateless,5,0,132658,0,0,0,0,0,0,not_measured,0,0,0,0,0,0,0,false,,,0
build-worker,checksum_artifact,checksum_artifact_183,469,warm,baseline:stateless,3,0,2430780,0,0,0,0,0,0,not_measured,1,0,0,0,0,0,0,false,,,0
report-worker,daily_report,daily_report_113,470,warm,baseline:stateless,5,0,99794,0,0,0,0,0,0,not_measured,0,0,0,0,0,0,0,false,,,0
build-worker,stage_output,stage_output_204,471,warm,baseline:stateless,5,0,106881,0,0,0,0,0,0,not_measured,0,0,0,0,0,0,0,false,,,0
api-service,api_get_user,api_get_user_376,472,warm,baseline:stateless,4,0,2426464,0,0,0,0,0,0,not_measured,0,0,1,0,0,0,0,false,,,0
build-worker,stage_output,stage_output_200,473,warm,baseline:stateless,5,0,120238,0,0,0,0,0,0,not_measured,0,0,0,0,0,0,0,false,,,0
api-service,api_get_user,api_get_user_65,474,warm,baseline:stateless,4,0,1945811,0,0,0,0,0,0,not_measured,0,0,1,0,0,0,0,false,,,0
job-processor,dequeue_notify,dequeue_notify_283,475,warm,baseline:stateless,4,0,1152139,0,0,0,0,0,0,not_measured,0,1,0,0,0,0,0,false,,,0
api-service,api_get_user,api_get_user_67,476,warm,baseline:stateless,4,0,916978,0,0,0,0,0,0,not_measured,0,0,1,0,0,0,0,false,,,0
job-processor,heartbeat,heartbeat_320,477,warm,baseline:stateless,3,0,2195520,0,0,0,0,0,0,not_measured,0,0,0,0,0,0,0,false,,,0
report-worker,daily_report,daily_report_119,478,warm,baseline:stateless,5,0,163949,0,0,0,0,0,0,not_measured,0,0,0,0,0,0,0,false,,,0
api-service,api_get_user,api_get_user_372,479,warm,baseline:stateless,4,0,2093568,0,0,0,0,0,0,not_measured,0,0,1,0,0,0,0,false,,,0
api-service,session_touch,session_touch_365,480,warm,baseline:stateless,3,0,146260,0,0,0,0,0,0,not_measured,0,0,0,0,0,0,0,false,,,0
report-worker,archive_check,archive_check_168,481,warm,baseline:stateless,3,0,2146182,0,0,0,0,0,0,not_measured,1,0,0,0,0,0,0,false,,,0
api-service,session_touch,session_touch_62,482,warm,baseline:stateless,3,0,137541,0,0,0,0,0,0,not_measured,0,0,0,0,0,0,0,false,,,0
api-service,api_get_user,api_get_user_27,483,warm,baseline:stateless,4,0,1540758,0,0,0,0,0,0,not_measured,0,0,1,0,0,0,0,false,,,0
build-worker,checksum_artifact,checksum_artifact_418,484,warm,baseline:stateless,3,0,1931763,0,0,0,0,0,0,not_measured,1,0,0,0,0,0,0,false,,,0
job-processor,dequeue_notify,dequeue_notify_251,485,warm,baseline:stateless,4,0,1108842,0,0,0,0,0,0,not_measured,0,1,0,0,0,0,0,false,,,0
report-worker,archive_check,archive_check_114,486,warm,baseline:stateless,3,0,1972012,0,0,0,0,0,0,not_measured,1,0,0,0,0,0,0,false,,,0
report-worker,daily_report,daily_report_121,487,warm,baseline:stateless,5,0,183635,0,0,0,0,0,0,not_measured,0,0,0,0,0,0,0,false,,,0
report-worker,daily_report,daily_report_93,488,warm,baseline:stateless,5,0,151437,0,0,0,0,0,0,not_measured,0,0,0,0,0,0,0,false,,,0
job-processor,heartbeat,heartbeat_320,489,warm,baseline:stateless,3,0,2130608,0,0,0,0,0,0,not_measured,0,0,0,0,0,0,0,false,,,0
build-worker,checksum_artifact,checksum_artifact_221,490,warm,baseline:stateless,3,0,1854185,0,0,0,0,0,0,not_measured,1,0,0,0,0,0,0,false,,,0
job-processor,dequeue_notify,dequeue_notify_267,491,warm,baseline:stateless,4,0,1990156,0,0,0,0,0,0,not_measured,0,1,0,0,0,0,0,false,,,0
api-service,session_touch,session_touch_20,492,warm,baseline:stateless,3,0,138398,0,0,0,0,0,0,not_measured,0,0,0,0,0,0,0,false,,,0
api-service,noise,noise_468,493,cold,baseline:stateless,2,0,15113,0,0,0,0,0,0,not_measured,0,0,0,0,0,0,0,false,,,0
api-service,noise,noise_469,494,warm,baseline:stateless,2,0,11585,0,0,0,0,0,0,not_measured,0,0,0,0,0,0,0,false,,,0
api-service,noise,noise_470,495,warm,baseline:stateless,2,0,41769,0,0,0,0,0,0,not_measured,0,0,0,0,0,0,0,false,,,0
api-service,noise,noise_471,496,warm,baseline:stateless,2,0,4311310,0,0,0,0,0,0,not_measured,0,0,0,0,0,0,0,false,,,0
api-service,noise,noise_472,497,warm,baseline:stateless,2,0,2753121,0,0,0,0,0,0,not_measured,0,0,2,0,0,0,0,false,,,0
api-service,noise,noise_473,498,warm,baseline:stateless,2,0,3028430,0,0,0,0,0,0,not_measured,0,2,0,0,0,0,0,false,,,0
api-service,noise,noise_474,499,warm,baseline:stateless,2,0,3523342,0,0,0,0,0,0,not_measured,2,0,0,0,0,0,0,false,,,0
api-service,noise,noise_475,500,warm,baseline:stateless,2,0,8764,0,0,0,0,0,0,not_measured,0,0,0,0,0,0,0,false,,,0
api-service,noise,noise_476,501,warm,baseline:stateless,2,0,267165,0,0,0,0,0,0,not_measured,0,0,0,0,0,0,0,false,,,0
api-service,noise,noise_477,502,warm,baseline:stateless,2,0,14349,0,0,0,0,0,0,not_measured,0,0,0,0,0,0,0,false,,,0
api-service,noise,noise_478,503,warm,baseline:stateless,3,0,15985,0,0,0,0,0,0,not_measured,0,0,0,0,0,0,0,false,,,0
api-service,noise,noise_479,504,warm,baseline:stateless,3,0,13490,0,0,0,0,0,0,not_measured,0,0,0,0,0,0,0,false,,,0
api-service,noise,noise_480,505,warm,baseline:stateless,3,0,42881,0,0,0,0,0,0,not_measured,0,0,0,0,0,0,0,false,,,0
api-service,noise,noise_481,506,warm,baseline:stateless,3,0,6129273,0,0,0,0,0,0,not_measured,0,0,0,0,0,0,0,false,,,0
api-service,noise,noise_482,507,warm,baseline:stateless,3,0,5860466,0,0,0,0,0,0,not_measured,0,0,3,0,0,0,0,false,,,0
api-service,noise,noise_483,508,warm,baseline:stateless,3,0,4998505,0,0,0,0,0,0,not_measured,0,3,0,0,0,0,0,false,,,0
api-service,noise,noise_484,509,warm,baseline:stateless,3,0,6094827,0,0,0,0,0,0,not_measured,3,0,0,0,0,0,0,false,,,0
api-service,noise,noise_485,510,warm,baseline:stateless,3,0,21947,0,0,0,0,0,0,not_measured,0,0,0,0,0,0,0,false,,,0
api-service,noise,noise_486,511,warm,baseline:stateless,3,0,553502,0,0,0,0,0,0,not_measured,0,0,0,0,0,0,0,false,,,0
api-service,noise,noise_487,512,warm,baseline:stateless,3,0,27316,0,0,0,0,0,0,not_measured,0,0,0,0,0,0,0,false,,,0
api-service,api_get_user,api_get_user_1,1,cold,baseline:exact_cache,4,1,2252025,0,0,0,0,0,0,not_measured,0,0,1,0,0,0,1,false,,,0
api-service,session_touch,session_touch_2,2,cold,baseline:exact_cache,3,1,23409,0,0,0,0,0,0,not_measured,0,0,0,0,0,0,1,false,,,0
api-service,api_get_user,api_get_user_3,3,warm,baseline:exact_cache,4,1,2086733,0,0,0,0,0,0,not_measured,0,0,1,0,0,0,1,false,,,0
api-service,session_touch,session_touch_4,4,warm,baseline:exact_cache,3,1,90898,0,0,0,0,0,0,not_measured,0,0,0,0,0,0,1,false,,,0
api-service,api_get_user,api_get_user_5,5,warm,baseline:exact_cache,4,1,2034017,0,0,0,0,0,0,not_measured,0,0,1,0,0,0,1,false,,,0
api-service,session_touch,session_touch_6,6,warm,baseline:exact_cache,3,1,95267,0,0,0,0,0,0,not_measured,0,0,0,0,0,0,1,false,,,0
api-service,api_get_user,api_get_user_7,7,warm,baseline:exact_cache,4,1,1995166,0,0,0,0,0,0,not_measured,0,0,1,0,0,0,1,false,,,0
api-service,session_touch,session_touch_8,8,warm,baseline:exact_cache,3,1,74347,0,0,0,0,0,0,not_measured,0,0,0,0,0,0,1,false,,,0
api-service,api_get_user,api_get_user_9,9,warm,baseline:exact_cache,4,1,1962928,0,0,0,0,0,0,not_measured,0,0,1,0,0,0,1,false,,,0
api-service,session_touch,session_touch_10,10,warm,baseline:exact_cache,3,1,72515,0,0,0,0,0,0,not_measured,0,0,0,0,0,0,1,false,,,0
api-service,api_get_user,api_get_user_11,11,warm,baseline:exact_cache,4,1,2029423,0,0,0,0,0,0,not_measured,0,0,1,0,0,0,1,false,,,0
api-service,session_touch,session_touch_12,12,warm,baseline:exact_cache,3,1,145469,0,0,0,0,0,0,not_measured,0,0,0,0,0,0,1,false,,,0
api-service,api_get_user,api_get_user_13,13,warm,baseline:exact_cache,4,1,1982989,0,0,0,0,0,0,not_measured,0,0,1,0,0,0,1,false,,,0
api-service,session_touch,session_touch_14,14,warm,baseline:exact_cache,3,1,114040,0,0,0,0,0,0,not_measured,0,0,0,0,0,0,1,false,,,0
api-service,api_get_user,api_get_user_15,15,warm,baseline:exact_cache,4,1,2176138,0,0,0,0,0,0,not_measured,0,0,1,0,0,0,1,false,,,0
api-service,session_touch,session_touch_16,16,warm,baseline:exact_cache,3,1,107424,0,0,0,0,0,0,not_measured,0,0,0,0,0,0,1,false,,,0
api-service,api_get_user,api_get_user_17,17,warm,baseline:exact_cache,4,1,1813427,0,0,0,0,0,0,not_measured,0,0,1,0,0,0,1,false,,,0
api-service,session_touch,session_touch_18,18,warm,baseline:exact_cache,3,1,77279,0,0,0,0,0,0,not_measured,0,0,0,0,0,0,1,false,,,0
api-service,api_get_user,api_get_user_19,19,warm,baseline:exact_cache,4,1,2017565,0,0,0,0,0,0,not_measured,0,0,1,0,0,0,1,false,,,0
api-service,session_touch,session_touch_20,20,warm,baseline:exact_cache,3,1,122944,0,0,0,0,0,0,not_measured,0,0,0,0,0,0,1,false,,,0
api-service,api_get_user,api_get_user_21,21,warm,baseline:exact_cache,4,1,2055122,0,0,0,0,0,0,not_measured,0,0,1,0,0,0,1,false,,,0
api-service,session_touch,session_touch_22,22,warm,baseline:exact_cache,3,1,67776,0,0,0,0,0,0,not_measured,0,0,0,0,0,0,1,false,,,0
api-service,api_get_user,api_get_user_23,23,warm,baseline:exact_cache,4,1,2029312,0,0,0,0,0,0,not_measured,0,0,1,0,0,0,1,false,,,0
api-service,session_touch,session_touch_24,24,warm,baseline:exact_cache,3,1,70197,0,0,0,0,0,0,not_measured,0,0,0,0,0,0,1,false,,,0
api-service,api_get_user,api_get_user_25,25,warm,baseline:exact_cache,4,1,2056106,0,0,0,0,0,0,not_measured,0,0,1,0,0,0,1,false,,,0
api-service,session_touch,session_touch_26,26,warm,baseline:exact_cache,3,1,118426,0,0,0,0,0,0,not_measured,0,0,0,0,0,0,1,false,,,0
api-service,api_get_user,api_get_user_27,27,warm,baseline:exact_cache,4,1,2018791,0,0,0,0,0,0,not_measured,0,0,1,0,0,0,1,false,,,0
api-service,session_touch,session_touch_28,28,warm,baseline:exact_cache,3,1,71351,0,0,0,0,0,0,not_measured,0,0,0,0,0,0,1,false,,,0
api-service,api_get_user,api_get_user_29,29,warm,baseline:exact_cache,4,1,2056462,0,0,0,0,0,0,not_measured,0,0,1,0,0,0,1,false,,,0
api-service,session_touch,session_touch_30,30,warm,baseline:exact_cache,3,1,70895,0,0,0,0,0,0,not_measured,0,0,0,0,0,0,1,false,,,0
api-service,api_get_user,api_get_user_31,31,warm,baseline:exact_cache,4,1,2058520,0,0,0,0,0,0,not_measured,0,0,1,0,0,0,1,false,,,0
api-service,session_touch,session_touch_32,32,warm,baseline:exact_cache,3,1,135067,0,0,0,0,0,0,not_measured,0,0,0,0,0,0,1,false,,,0
api-service,api_get_user,api_get_user_33,33,warm,baseline:exact_cache,4,1,2062521,0,0,0,0,0,0,not_measured,0,0,1,0,0,0,1,false,,,0
api-service,session_touch,session_touch_34,34,warm,baseline:exact_cache,3,1,52988,0,0,0,0,0,0,not_measured,0,0,0,0,0,0,1,false,,,0
api-service,api_get_user,api_get_user_35,35,warm,baseline:exact_cache,4,1,1970553,0,0,0,0,0,0,not_measured,0,0,1,0,0,0,1,false,,,0
api-service,session_touch,session_touch_36,36,warm,baseline:exact_cache,3,1,72448,0,0,0,0,0,0,not_measured,0,0,0,0,0,0,1,false,,,0
api-service,api_get_user,api_get_user_37,37,warm,baseline:exact_cache,4,1,2007461,0,0,0,0,0,0,not_measured,0,0,1,0,0,0,1,false,,,0
api-service,session_touch,session_touch_38,38,warm,baseline:exact_cache,3,1,71049,0,0,0,0,0,0,not_measured,0,0,0,0,0,0,1,false,,,0
api-service,api_get_user,api_get_user_39,39,warm,baseline:exact_cache,4,1,2066995,0,0,0,0,0,0,not_measured,0,0,1,0,0,0,1,false,,,0
api-service,session_touch,session_touch_40,40,warm,baseline:exact_cache,3,1,90189,0,0,0,0,0,0,not_measured,0,0,0,0,0,0,1,false,,,0
api-service,api_get_user,api_get_user_41,41,warm,baseline:exact_cache,4,1,2032632,0,0,0,0,0,0,not_measured,0,0,1,0,0,0,1,false,,,0
api-service,session_touch,session_touch_42,42,warm,baseline:exact_cache,3,1,151268,0,0,0,0,0,0,not_measured,0,0,0,0,0,0,1,false,,,0
api-service,api_get_user,api_get_user_43,43,warm,baseline:exact_cache,4,1,1957980,0,0,0,0,0,0,not_measured,0,0,1,0,0,0,1,false,,,0
api-service,session_touch,session_touch_44,44,warm,baseline:exact_cache,3,1,261802,0,0,0,0,0,0,not_measured,0,0,0,0,0,0,1,false,,,0
api-service,api_get_user,api_get_user_45,45,warm,baseline:exact_cache,4,1,1900181,0,0,0,0,0,0,not_measured,0,0,1,0,0,0,1,false,,,0
api-service,session_touch,session_touch_46,46,warm,baseline:exact_cache,3,1,180372,0,0,0,0,0,0,not_measured,0,0,0,0,0,0,1,false,,,0
api-service,api_get_user,api_get_user_47,47,warm,baseline:exact_cache,4,1,1972603,0,0,0,0,0,0,not_measured,0,0,1,0,0,0,1,false,,,0
api-service,session_touch,session_touch_48,48,warm,baseline:exact_cache,3,1,234737,0,0,0,0,0,0,not_measured,0,0,0,0,0,0,1,false,,,0
api-service,api_get_user,api_get_user_49,49,warm,baseline:exact_cache,4,1,1869692,0,0,0,0,0,0,not_measured,0,0,1,0,0,0,1,false,,,0
api-service,session_touch,session_touch_50,50,warm,baseline:exact_cache,3,1,103473,0,0,0,0,0,0,not_measured,0,0,0,0,0,0,1,false,,,0
api-service,api_get_user,api_get_user_51,51,warm,baseline:exact_cache,4,1,1896395,0,0,0,0,0,0,not_measured,0,0,1,0,0,0,1,false,,,0
api-service,session_touch,session_touch_52,52,warm,baseline:exact_cache,3,1,120392,0,0,0,0,0,0,not_measured,0,0,0,0,0,0,1,false,,,0
api-service,api_get_user,api_get_user_53,53,warm,baseline:exact_cache,4,1,2016680,0,0,0,0,0,0,not_measured,0,0,1,0,0,0,1,false,,,0
api-service,session_touch,session_touch_54,54,warm,baseline:exact_cache,3,1,152438,0,0,0,0,0,0,not_measured,0,0,0,0,0,0,1,false,,,0
api-service,api_get_user,api_get_user_55,55,warm,baseline:exact_cache,4,1,1976178,0,0,0,0,0,0,not_measured,0,0,1,0,0,0,1,false,,,0
api-service,session_touch,session_touch_56,56,warm,baseline:exact_cache,3,1,121101,0,0,0,0,0,0,not_measured,0,0,0,0,0,0,1,false,,,0
api-service,api_get_user,api_get_user_57,57,warm,baseline:exact_cache,4,1,1986639,0,0,0,0,0,0,not_measured,0,0,1,0,0,0,1,false,,,0
api-service,session_touch,session_touch_58,58,warm,baseline:exact_cache,3,1,99167,0,0,0,0,0,0,not_measured,0,0,0,0,0,0,1,false,,,0
api-service,api_get_user,api_get_user_59,59,warm,baseline:exact_cache,4,1,2031783,0,0,0,0,0,0,not_measured,0,0,1,0,0,0,1,false,,,0
api-service,session_touch,session_touch_60,60,warm,baseline:exact_cache,3,1,75768,0,0,0,0,0,0,not_measured,0,0,0,0,0,0,1,false,,,0
api-service,api_get_user,api_get_user_61,61,warm,baseline:exact_cache,4,1,2006592,0,0,0,0,0,0,not_measured,0,0,1,0,0,0,1,false,,,0
api-service,session_touch,session_touch_62,62,warm,baseline:exact_cache,3,1,269180,0,0,0,0,0,0,not_measured,0,0,0,0,0,0,1,false,,,0
api-service,api_get_user,api_get_user_63,63,warm,baseline:exact_cache,4,1,1801167,0,0,0,0,0,0,not_measured,0,0,1,0,0,0,1,false,,,0
api-service,session_touch,session_touch_64,64,warm,baseline:exact_cache,3,1,112252,0,0,0,0,0,0,not_measured,0,0,0,0,0,0,1,false,,,0
api-service,api_get_user,api_get_user_65,65,warm,baseline:exact_cache,4,1,2009094,0,0,0,0,0,0,not_measured,0,0,1,0,0,0,1,false,,,0
api-service,session_touch,session_touch_66,66,warm,baseline:exact_cache,3,1,74659,0,0,0,0,0,0,not_measured,0,0,0,0,0,0,1,false,,,0
api-service,api_get_user,api_get_user_67,67,warm,baseline:exact_cache,4,1,2010897,0,0,0,0,0,0,not_measured,0,0,1,0,0,0,1,false,,,0
api-service,session_touch,session_touch_68,68,warm,baseline:exact_cache,3,1,75604,0,0,0,0,0,0,not_measured,0,0,0,0,0,0,1,false,,,0
api-service,api_get_user,api_get_user_69,69,warm,baseline:exact_cache,4,1,2100398,0,0,0,0,0,0,not_measured,0,0,1,0,0,0,1,false,,,0
api-service,session_touch,session_touch_70,70,warm,baseline:exact_cache,3,1,182545,0,0,0,0,0,0,not_measured,0,0,0,0,0,0,1,false,,,0
api-service,api_get_user,api_get_user_71,71,warm,baseline:exact_cache,4,1,1886502,0,0,0,0,0,0,not_measured,0,0,1,0,0,0,1,false,,,0
api-service,session_touch,session_touch_72,72,warm,baseline:exact_cache,3,1,110690,0,0,0,0,0,0,not_measured,0,0,0,0,0,0,1,false,,,0
api-service,api_get_user,api_get_user_73,73,warm,baseline:exact_cache,4,1,2068155,0,0,0,0,0,0,not_measured,0,0,1,0,0,0,1,false,,,0
api-service,session_touch,session_touch_74,74,warm,baseline:exact_cache,3,1,94647,0,0,0,0,0,0,not_measured,0,0,0,0,0,0,1,false,,,0
api-service,api_get_user,api_get_user_75,75,warm,baseline:exact_cache,4,1,2010595,0,0,0,0,0,0,not_measured,0,0,1,0,0,0,1,false,,,0
api-service,session_touch,session_touch_76,76,warm,baseline:exact_cache,3,1,88490,0,0,0,0,0,0,not_measured,0,0,0,0,0,0,1,false,,,0
api-service,api_get_user,api_get_user_77,77,warm,baseline:exact_cache,4,1,2017518,0,0,0,0,0,0,not_measured,0,0,1,0,0,0,1,false,,,0
api-service,session_touch,session_touch_78,78,warm,baseline:exact_cache,3,1,75772,0,0,0,0,0,0,not_measured,0,0,0,0,0,0,1,false,,,0
api-service,api_get_user,api_get_user_79,79,warm,baseline:exact_cache,4,1,2033395,0,0,0,0,0,0,not_measured,0,0,1,0,0,0,1,false,,,0
api-service,session_touch,session_touch_80,80,warm,baseline:exact_cache,3,1,78177,0,0,0,0,0,0,not_measured,0,0,0,0,0,0,1,false,,,0
api-service,api_get_user,api_get_user_81,81,warm,baseline:exact_cache,4,1,2169173,0,0,0,0,0,0,not_measured,0,0,1,0,0,0,1,false,,,0
api-service,session_touch,session_touch_82,82,warm,baseline:exact_cache,3,1,73861,0,0,0,0,0,0,not_measured,0,0,0,0,0,0,1,false,,,0
api-service,api_get_user,api_get_user_83,83,warm,baseline:exact_cache,4,1,2092701,0,0,0,0,0,0,not_measured,0,0,1,0,0,0,1,false,,,0
api-service,session_touch,session_touch_84,84,warm,baseline:exact_cache,3,1,74721,0,0,0,0,0,0,not_measured,0,0,0,0,0,0,1,false,,,0
api-service,api_get_user,api_get_user_85,85,warm,baseline:exact_cache,4,1,2032528,0,0,0,0,0,0,not_measured,0,0,1,0,0,0,1,false,,,0
api-service,session_touch,session_touch_86,86,warm,baseline:exact_cache,3,1,78432,0,0,0,0,0,0,not_measured,0,0,0,0,0,0,1,false,,,0
api-service,api_get_user,api_get_user_87,87,warm,baseline:exact_cache,4,1,2038384,0,0,0,0,0,0,not_measured,0,0,1,0,0,0,1,false,,,0
api-service,session_touch,session_touch_88,88,warm,baseline:exact_cache,3,1,73368,0,0,0,0,0,0,not_measured,0,0,0,0,0,0,1,false,,,0
api-service,api_get_user,api_get_user_89,89,warm,baseline:exact_cache,4,1,2045429,0,0,0,0,0,0,not_measured,0,0,1,0,0,0,1,false,,,0
api-service,session_touch,session_touch_90,90,warm,baseline:exact_cache,3,1,73833,0,0,0,0,0,0,not_measured,0,0,0,0,0,0,1,false,,,0
report-worker,daily_report,daily_report_91,91,cold,baseline:exact_cache,5,1,58005,0,0,0,0,0,0,not_measured,0,0,0,0,0,0,1,false,,,0
report-worker,archive_check,archive_check_92,92,cold,baseline:exact_cache,3,1,2265812,0,0,0,0,0,0,not_measured,1,0,0,0,0,0,1,false,,,0
report-worker,daily_report,daily_report_93,93,warm,baseline:exact_cache,5,1,46011,0,0,0,0,0,0,not_measured,0,0,0,0,0,0,1,false,,,0
report-worker,archive_check,archive_check_94,94,warm,baseline:exact_cache,3,1,2042656,0,0,0,0,0,0,not_measured,1,0,0,0,0,0,1,false,,,0
report-worker,daily_report,daily_report_95,95,warm,baseline:exact_cache,5,1,131571,0,0,0,0,0,0,not_measured,0,0,0,0,0,0,1,false,,,0
report-worker,archive_check,archive_check_96,96,warm,baseline:exact_cache,3,1,1739704,0,0,0,0,0,0,not_measured,1,0,0,0,0,0,1,false,,,0
report-worker,daily_report,daily_report_97,97,warm,baseline:exact_cache,5,1,42721,0,0,0,0,0,0,not_measured,0,0,0,0,0,0,1,false,,,0
report-worker,archive_check,archive_check_98,98,warm,baseline:exact_cache,3,1,2026799,0,0,0,0,0,0,not_measured,1,0,0,0,0,0,1,false,,,0
report-worker,daily_report,daily_report_99,99,warm,baseline:exact_cache,5,1,68838,0,0,0,0,0,0,not_measured,0,0,0,0,0,0,1,false,,,0
report-worker,archive_check,archive_check_100,100,warm,baseline:exact_cache,3,1,1852732,0,0,0,0,0,0,not_measured,1,0,0,0,0,0,1,false,,,0
report-worker,daily_report,daily_report_101,101,warm,baseline:exact_cache,5,1,106378,0,0,0,0,0,0,not_measured,0,0,0,0,0,0,1,false,,,0
report-worker,archive_check,archive_check_102,102,warm,baseline:exact_cache,3,1,2168256,0,0,0,0,0,0,not_measured,1,0,0,0,0,0,1,false,,,0
report-worker,daily_report,daily_report_103,103,warm,baseline:exact_cache,5,1,58591,0,0,0,0,0,0,not_measured,0,0,0,0,0,0,1,false,,,0
report-worker,archive_check,archive_check_104,104,warm,baseline:exact_cache,3,1,1935315,0,0,0,0,0,0,not_measured,1,0,0,0,0,0,1,false,,,0
report-worker,daily_report,daily_report_105,105,warm,baseline:exact_cache,5,1,55767,0,0,0,0,0,0,not_measured,0,0,0,0,0,0,1,false,,,0
report-worker,archive_check,archive_check_106,106,warm,baseline:exact_cache,3,1,1950787,0,0,0,0,0,0,not_measured,1,0,0,0,0,0,1,false,,,0
report-worker,daily_report,daily_report_107,107,warm,baseline:exact_cache,5,1,46911,0,0,0,0,0,0,not_measured,0,0,0,0,0,0,1,false,,,0
report-worker,archive_check,archive_check_108,108,warm,baseline:exact_cache,3,1,1905839,0,0,0,0,0,0,not_measured,1,0,0,0,0,0,1,false,,,0
report-worker,daily_report,daily_report_109,109,warm,baseline:exact_cache,5,1,51536,0,0,0,0,0,0,not_measured,0,0,0,0,0,0,1,false,,,0
report-worker,archive_check,archive_check_110,110,warm,baseline:exact_cache,3,1,2019592,0,0,0,0,0,0,not_measured,1,0,0,0,0,0,1,false,,,0
report-worker,daily_report,daily_report_111,111,warm,baseline:exact_cache,5,1,55543,0,0,0,0,0,0,not_measured,0,0,0,0,0,0,1,false,,,0
report-worker,archive_check,archive_check_112,112,warm,baseline:exact_cache,3,1,1937448,0,0,0,0,0,0,not_measured,1,0,0,0,0,0,1,false,,,0
report-worker,daily_report,daily_report_113,113,warm,baseline:exact_cache,5,1,73127,0,0,0,0,0,0,not_measured,0,0,0,0,0,0,1,false,,,0
report-worker,archive_check,archive_check_114,114,warm,baseline:exact_cache,3,1,1688150,0,0,0,0,0,0,not_measured,1,0,0,0,0,0,1,false,,,0
report-worker,daily_report,daily_report_115,115,warm,baseline:exact_cache,5,1,54964,0,0,0,0,0,0,not_measured,0,0,0,0,0,0,1,false,,,0
report-worker,archive_check,archive_check_116,116,warm,baseline:exact_cache,3,1,2054168,0,0,0,0,0,0,not_measured,1,0,0,0,0,0,1,false,,,0
report-worker,daily_report,daily_report_117,117,warm,baseline:exact_cache,5,1,47450,0,0,0,0,0,0,not_measured,0,0,0,0,0,0,1,false,,,0
report-worker,archive_check,archive_check_118,118,warm,baseline:exact_cache,3,1,1709806,0,0,0,0,0,0,not_measured,1,0,0,0,0,0,1,false,,,0
report-worker,daily_report,daily_report_119,119,warm,baseline:exact_cache,5,1,52276,0,0,0,0,0,0,not_measured,0,0,0,0,0,0,1,false,,,0
report-worker,archive_check,archive_check_120,120,warm,baseline:exact_cache,3,1,2034962,0,0,0,0,0,0,not_measured,1,0,0,0,0,0,1,false,,,0
report-worker,daily_report,daily_report_121,121,warm,baseline:exact_cache,5,1,59194,0,0,0,0,0,0,not_measured,0,0,0,0,0,0,1,false,,,0
report-worker,archive_check,archive_check_122,122,warm,baseline:exact_cache,3,1,2048760,0,0,0,0,0,0,not_measured,1,0,0,0,0,0,1,false,,,0
report-worker,daily_report,daily_report_123,123,warm,baseline:exact_cache,5,1,51259,0,0,0,0,0,0,not_measured,0,0,0,0,0,0,1,false,,,0
report-worker,archive_check,archive_check_124,124,warm,baseline:exact_cache,3,1,1832532,0,0,0,0,0,0,not_measured,1,0,0,0,0,0,1,false,,,0
report-worker,daily_report,daily_report_125,125,warm,baseline:exact_cache,5,1,50291,0,0,0,0,0,0,not_measured,0,0,0,0,0,0,1,false,,,0
report-worker,archive_check,archive_check_126,126,warm,baseline:exact_cache,3,1,1932249,0,0,0,0,0,0,not_measured,1,0,0,0,0,0,1,false,,,0
report-worker,daily_report,daily_report_127,127,warm,baseline:exact_cache,5,1,47608,0,0,0,0,0,0,not_measured,0,0,0,0,0,0,1,false,,,0
report-worker,archive_check,archive_check_128,128,warm,baseline:exact_cache,3,1,1691424,0,0,0,0,0,0,not_measured,1,0,0,0,0,0,1,false,,,0
report-worker,daily_report,daily_report_129,129,warm,baseline:exact_cache,5,1,148187,0,0,0,0,0,0,not_measured,0,0,0,0,0,0,1,false,,,0
report-worker,archive_check,archive_check_130,130,warm,baseline:exact_cache,3,1,1757056,0,0,0,0,0,0,not_measured,1,0,0,0,0,0,1,false,,,0
report-worker,daily_report,daily_report_131,131,warm,baseline:exact_cache,5,1,46972,0,0,0,0,0,0,not_measured,0,0,0,0,0,0,1,false,,,0
report-worker,archive_check,archive_check_132,132,warm,baseline:exact_cache,3,1,2189563,0,0,0,0,0,0,not_measured,1,0,0,0,0,0,1,false,,,0
report-worker,daily_report,daily_report_133,133,warm,baseline:exact_cache,5,1,74273,0,0,0,0,0,0,not_measured,0,0,0,0,0,0,1,false,,,0
report-worker,archive_check,archive_check_134,134,warm,baseline:exact_cache,3,1,1813919,0,0,0,0,0,0,not_measured,1,0,0,0,0,0,1,false,,,0
report-worker,daily_report,daily_report_135,135,warm,baseline:exact_cache,5,1,56746,0,0,0,0,0,0,not_measured,0,0,0,0,0,0,1,false,,,0
report-worker,archive_check,archive_check_136,136,warm,baseline:exact_cache,3,1,1990488,0,0,0,0,0,0,not_measured,1,0,0,0,0,0,1,false,,,0
report-worker,daily_report,daily_report_137,137,warm,baseline:exact_cache,5,1,58295,0,0,0,0,0,0,not_measured,0,0,0,0,0,0,1,false,,,0
report-worker,archive_check,archive_check_138,138,warm,baseline:exact_cache,3,1,1675929,0,0,0,0,0,0,not_measured,1,0,0,0,0,0,1,false,,,0
report-worker,daily_report,daily_report_139,139,warm,baseline:exact_cache,5,1,119115,0,0,0,0,0,0,not_measured,0,0,0,0,0,0,1,false,,,0
report-worker,archive_check,archive_check_140,140,warm,baseline:exact_cache,3,1,1978353,0,0,0,0,0,0,not_measured,1,0,0,0,0,0,1,false,,,0
report-worker,daily_report,daily_report_141,141,warm,baseline:exact_cache,5,1,58720,0,0,0,0,0,0,not_measured,0,0,0,0,0,0,1,false,,,0
report-worker,archive_check,archive_check_142,142,warm,baseline:exact_cache,3,1,1739221,0,0,0,0,0,0,not_measured,1,0,0,0,0,0,1,false,,,0
report-worker,daily_report,daily_report_143,143,warm,baseline:exact_cache,5,1,48690,0,0,0,0,0,0,not_measured,0,0,0,0,0,0,1,false,,,0
report-worker,archive_check,archive_check_144,144,warm,baseline:exact_cache,3,1,1752623,0,0,0,0,0,0,not_measured,1,0,0,0,0,0,1,false,,,0
report-worker,daily_report,daily_report_145,145,warm,baseline:exact_cache,5,1,53716,0,0,0,0,0,0,not_measured,0,0,0,0,0,0,1,false,,,0
report-worker,archive_check,archive_check_146,146,warm,baseline:exact_cache,3,1,2145881,0,0,0,0,0,0,not_measured,1,0,0,0,0,0,1,false,,,0
report-worker,daily_report,daily_report_147,147,warm,baseline:exact_cache,5,1,144600,0,0,0,0,0,0,not_measured,0,0,0,0,0,0,1,false,,,0
report-worker,archive_check,archive_check_148,148,warm,baseline:exact_cache,3,1,1767978,0,0,0,0,0,0,not_measured,1,0,0,0,0,0,1,false,,,0
report-worker,daily_report,daily_report_149,149,warm,baseline:exact_cache,5,1,46688,0,0,0,0,0,0,not_measured,0,0,0,0,0,0,1,false,,,0
report-worker,archive_check,archive_check_150,150,warm,baseline:exact_cache,3,1,1955150,0,0,0,0,0,0,not_measured,1,0,0,0,0,0,1,false,,,0
report-worker,daily_report,daily_report_151,151,warm,baseline:exact_cache,5,1,161914,0,0,0,0,0,0,not_measured,0,0,0,0,0,0,1,false,,,0
report-worker,archive_check,archive_check_152,152,warm,baseline:exact_cache,3,1,1853030,0,0,0,0,0,0,not_measured,1,0,0,0,0,0,1,false,,,0
report-worker,daily_report,daily_report_153,153,warm,baseline:exact_cache,5,1,134541,0,0,0,0,0,0,not_measured,0,0,0,0,0,0,1,false,,,0
report-worker,archive_check,archive_check_154,154,warm,baseline:exact_cache,3,1,1707568,0,0,0,0,0,0,not_measured,1,0,0,0,0,0,1,false,,,0
report-worker,daily_report,daily_report_155,155,warm,baseline:exact_cache,5,1,51772,0,0,0,0,0,0,not_measured,0,0,0,0,0,0,1,false,,,0
report-worker,archive_check,archive_check_156,156,warm,baseline:exact_cache,3,1,2007797,0,0,0,0,0,0,not_measured,1,0,0,0,0,0,1,false,,,0
report-worker,daily_report,daily_report_157,157,warm,baseline:exact_cache,5,1,54374,0,0,0,0,0,0,not_measured,0,0,0,0,0,0,1,false,,,0
report-worker,archive_check,archive_check_158,158,warm,baseline:exact_cache,3,1,2001719,0,0,0,0,0,0,not_measured,1,0,0,0,0,0,1,false,,,0
report-worker,daily_report,daily_report_159,159,warm,baseline:exact_cache,5,1,295116,0,0,0,0,0,0,not_measured,0,0,0,0,0,0,1,false,,,0
report-worker,archive_check,archive_check_160,160,warm,baseline:exact_cache,3,1,1790643,0,0,0,0,0,0,not_measured,1,0,0,0,0,0,1,false,,,0
report-worker,daily_report,daily_report_161,161,warm,baseline:exact_cache,5,1,57785,0,0,0,0,0,0,not_measured,0,0,0,0,0,0,1,false,,,0
report-worker,archive_check,archive_check_162,162,warm,baseline:exact_cache,3,1,1799309,0,0,0,0,0,0,not_measured,1,0,0,0,0,0,1,false,,,0
report-worker,daily_report,daily_report_163,163,warm,baseline:exact_cache,5,1,98490,0,0,0,0,0,0,not_measured,0,0,0,0,0,0,1,false,,,0
report-worker,archive_check,archive_check_164,164,warm,baseline:exact_cache,3,1,1821843,0,0,0,0,0,0,not_measured,1,0,0,0,0,0,1,false,,,0
report-worker,daily_report,daily_report_165,165,warm,baseline:exact_cache,5,1,51370,0,0,0,0,0,0,not_measured,0,0,0,0,0,0,1,false,,,0
report-worker,archive_check,archive_check_166,166,warm,baseline:exact_cache,3,1,1828539,0,0,0,0,0,0,not_measured,1,0,0,0,0,0,1,false,,,0
report-worker,daily_report,daily_report_167,167,warm,baseline:exact_cache,5,1,59066,0,0,0,0,0,0,not_measured,0,0,0,0,0,0,1,false,,,0
report-worker,archive_check,archive_check_168,168,warm,baseline:exact_cache,3,1,1745448,0,0,0,0,0,0,not_measured,1,0,0,0,0,0,1,false,,,0
report-worker,daily_report,daily_report_169,169,warm,baseline:exact_cache,5,1,45803,0,0,0,0,0,0,not_measured,0,0,0,0,0,0,1,false,,,0
report-worker,archive_check,archive_check_170,170,warm,baseline:exact_cache,3,1,1825803,0,0,0,0,0,0,not_measured,1,0,0,0,0,0,1,false,,,0
build-worker,checksum_artifact,checksum_artifact_171,171,cold,baseline:exact_cache,3,1,1720763,0,0,0,0,0,0,not_measured,1,0,0,0,0,0,1,false,,,0
build-worker,stage_output,stage_output_172,172,cold,baseline:exact_cache,5,1,169310,0,0,0,0,0,0,not_measured,0,0,0,0,0,0,1,false,,,0
build-worker,checksum_artifact,checksum_artifact_173,173,warm,baseline:exact_cache,3,1,1747322,0,0,0,0,0,0,not_measured,1,0,0,0,0,0,1,false,,,0
build-worker,stage_output,stage_output_174,174,warm,baseline:exact_cache,5,1,54750,0,0,0,0,0,0,not_measured,0,0,0,0,0,0,1,false,,,0
build-worker,checksum_artifact,checksum_artifact_175,175,warm,baseline:exact_cache,3,1,1731044,0,0,0,0,0,0,not_measured,1,0,0,0,0,0,1,false,,,0
build-worker,stage_output,stage_output_176,176,warm,baseline:exact_cache,5,1,47610,0,0,0,0,0,0,not_measured,0,0,0,0,0,0,1,false,,,0
build-worker,checksum_artifact,checksum_artifact_177,177,warm,baseline:exact_cache,3,1,2074054,0,0,0,0,0,0,not_measured,1,0,0,0,0,0,1,false,,,0
build-worker,stage_output,stage_output_178,178,warm,baseline:exact_cache,5,1,46781,0,0,0,0,0,0,not_measured,0,0,0,0,0,0,1,false,,,0
build-worker,checksum_artifact,checksum_artifact_179,179,warm,baseline:exact_cache,3,1,1878743,0,0,0,0,0,0,not_measured,1,0,0,0,0,0,1,false,,,0
build-worker,stage_output,stage_output_180,180,warm,baseline:exact_cache,5,1,44812,0,0,0,0,0,0,not_measured,0,0,0,0,0,0,1,false,,,0
build-worker,checksum_artifact,checksum_artifact_181,181,warm,baseline:exact_cache,3,1,2025237,0,0,0,0,0,0,not_measured,1,0,0,0,0,0,1,false,,,0
build-worker,stage_output,stage_output_182,182,warm,baseline:exact_cache,5,1,53284,0,0,0,0,0,0,not_measured,0,0,0,0,0,0,1,false,,,0
build-worker,checksum_artifact,checksum_artifact_183,183,warm,baseline:exact_cache,3,1,1898190,0,0,0,0,0,0,not_measured,1,0,0,0,0,0,1,false,,,0
build-worker,stage_output,stage_output_184,184,warm,baseline:exact_cache,5,1,66646,0,0,0,0,0,0,not_measured,0,0,0,0,0,0,1,false,,,0
build-worker,checksum_artifact,checksum_artifact_185,185,warm,baseline:exact_cache,3,1,1963959,0,0,0,0,0,0,not_measured,1,0,0,0,0,0,1,false,,,0
build-worker,stage_output,stage_output_186,186,warm,baseline:exact_cache,5,1,55679,0,0,0,0,0,0,not_measured,0,0,0,0,0,0,1,false,,,0
build-worker,checksum_artifact,checksum_artifact_187,187,warm,baseline:exact_cache,3,1,1978814,0,0,0,0,0,0,not_measured,1,0,0,0,0,0,1,false,,,0
build-worker,stage_output,stage_output_188,188,warm,baseline:exact_cache,5,1,53361,0,0,0,0,0,0,not_measured,0,0,0,0,0,0,1,false,,,0
build-worker,checksum_artifact,checksum_artifact_189,189,warm,baseline:exact_cache,3,1,2498630,0,0,0,0,0,0,not_measured,1,0,0,0,0,0,1,false,,,0
build-worker,stage_output,stage_output_190,190,warm,baseline:exact_cache,5,1,77504,0,0,0,0,0,0,not_measured,0,0,0,0,0,0,1,false,,,0
build-worker,checksum_artifact,checksum_artifact_191,191,warm,baseline:exact_cache,3,1,2016337,0,0,0,0,0,0,not_measured,1,0,0,0,0,0,1,false,,,0
build-worker,stage_output,stage_output_192,192,warm,baseline:exact_cache,5,1,48863,0,0,0,0,0,0,not_measured,0,0,0,0,0,0,1,false,,,0
build-worker,checksum_artifact,checksum_artifact_193,193,warm,baseline:exact_cache,3,1,2087059,0,0,0,0,0,0,not_measured,1,0,0,0,0,0,1,false,,,0
build-worker,stage_output,stage_output_194,194,warm,baseline:exact_cache,5,1,52663,0,0,0,0,0,0,not_measured,0,0,0,0,0,0,1,false,,,0
build-worker,checksum_artifact,checksum_artifact_195,195,warm,baseline:exact_cache,3,1,2648919,0,0,0,0,0,0,not_measured,1,0,0,0,0,0,1,false,,,0
build-worker,stage_output,stage_output_196,196,warm,baseline:exact_cache,5,1,120599,0,0,0,0,0,0,not_measured,0,0,0,0,0,0,1,false,,,0
build-worker,checksum_artifact,checksum_artifact_197,197,warm,baseline:exact_cache,3,1,1822158,0,0,0,0,0,0,not_measured,1,0,0,0,0,0,1,false,,,0
build-worker,stage_output,stage_output_198,198,warm,baseline:exact_cache,5,1,63525,0,0,0,0,0,0,not_measured,0,0,0,0,0,0,1,false,,,0
build-worker,checksum_artifact,checksum_artifact_199,199,warm,baseline:exact_cache,3,1,2444254,0,0,0,0,0,0,not_measured,1,0,0,0,0,0,1,false,,,0
build-worker,stage_output,stage_output_200,200,warm,baseline:exact_cache,5,1,51196,0,0,0,0,0,0,not_measured,0,0,0,0,0,0,1,false,,,0
build-worker,checksum_artifact,checksum_artifact_201,201,warm,baseline:exact_cache,3,1,1929545,0,0,0,0,0,0,not_measured,1,0,0,0,0,0,1,false,,,0
build-worker,stage_output,stage_output_202,202,warm,baseline:exact_cache,5,1,53126,0,0,0,0,0,0,not_measured,0,0,0,0,0,0,1,false,,,0
build-worker,checksum_artifact,checksum_artifact_203,203,warm,baseline:exact_cache,3,1,1770695,0,0,0,0,0,0,not_measured,1,0,0,0,0,0,1,false,,,0
build-worker,stage_output,stage_output_204,204,warm,baseline:exact_cache,5,1,196150,0,0,0,0,0,0,not_measured,0,0,0,0,0,0,1,false,,,0
build-worker,checksum_artifact,checksum_artifact_205,205,warm,baseline:exact_cache,3,1,1768027,0,0,0,0,0,0,not_measured,1,0,0,0,0,0,1,false,,,0
build-worker,stage_output,stage_output_206,206,warm,baseline:exact_cache,5,1,51702,0,0,0,0,0,0,not_measured,0,0,0,0,0,0,1,false,,,0
build-worker,checksum_artifact,checksum_artifact_207,207,warm,baseline:exact_cache,3,1,2183987,0,0,0,0,0,0,not_measured,1,0,0,0,0,0,1,false,,,0
build-worker,stage_output,stage_output_208,208,warm,baseline:exact_cache,5,1,50418,0,0,0,0,0,0,not_measured,0,0,0,0,0,0,1,false,,,0
build-worker,checksum_artifact,checksum_artifact_209,209,warm,baseline:exact_cache,3,1,1901717,0,0,0,0,0,0,not_measured,1,0,0,0,0,0,1,false,,,0
build-worker,stage_output,stage_output_210,210,warm,baseline:exact_cache,5,1,52413,0,0,0,0,0,0,not_measured,0,0,0,0,0,0,1,false,,,0
build-worker,checksum_artifact,checksum_artifact_211,211,warm,baseline:exact_cache,3,1,2072057,0,0,0,0,0,0,not_measured,1,0,0,0,0,0,1,false,,,0
build-worker,stage_output,stage_output_212,212,warm,baseline:exact_cache,5,1,55602,0,0,0,0,0,0,not_measured,0,0,0,0,0,0,1,false,,,0
build-worker,checksum_artifact,checksum_artifact_213,213,warm,baseline:exact_cache,3,1,1909655,0,0,0,0,0,0,not_measured,1,0,0,0,0,0,1,false,,,0
build-worker,stage_output,stage_output_214,214,warm,baseline:exact_cache,5,1,48995,0,0,0,0,0,0,not_measured,0,0,0,0,0,0,1,false,,,0
build-worker,checksum_artifact,checksum_artifact_215,215,warm,baseline:exact_cache,3,1,1941137,0,0,0,0,0,0,not_measured,1,0,0,0,0,0,1,false,,,0
build-worker,stage_output,stage_output_216,216,warm,baseline:exact_cache,5,1,51261,0,0,0,0,0,0,not_measured,0,0,0,0,0,0,1,false,,,0
build-worker,checksum_artifact,checksum_artifact_217,217,warm,baseline:exact_cache,3,1,1736058,0,0,0,0,0,0,not_measured,1,0,0,0,0,0,1,false,,,0
build-worker,stage_output,stage_output_218,218,warm,baseline:exact_cache,5,1,52335,0,0,0,0,0,0,not_measured,0,0,0,0,0,0,1,false,,,0
build-worker,checksum_artifact,checksum_artifact_219,219,warm,baseline:exact_cache,3,1,2033200,0,0,0,0,0,0,not_measured,1,0,0,0,0,0,1,false,,,0
build-worker,stage_output,stage_output_220,220,warm,baseline:exact_cache,5,1,56403,0,0,0,0,0,0,not_measured,0,0,0,0,0,0,1,false,,,0
build-worker,checksum_artifact,checksum_artifact_221,221,warm,baseline:exact_cache,3,1,1826692,0,0,0,0,0,0,not_measured,1,0,0,0,0,0,1,false,,,0
build-worker,stage_output,stage_output_222,222,warm,baseline:exact_cache,5,1,265793,0,0,0,0,0,0,not_measured,0,0,0,0,0,0,1,false,,,0
build-worker,checksum_artifact,checksum_artifact_223,223,warm,baseline:exact_cache,3,1,1894578,0,0,0,0,0,0,not_measured,1,0,0,0,0,0,1,false,,,0
build-worker,stage_output,stage_output_224,224,warm,baseline:exact_cache,5,1,46634,0,0,0,0,0,0,not_measured,0,0,0,0,0,0,1,false,,,0
build-worker,checksum_artifact,checksum_artifact_225,225,warm,baseline:exact_cache,3,1,1863058,0,0,0,0,0,0,not_measured,1,0,0,0,0,0,1,false,,,0
build-worker,stage_output,stage_output_226,226,warm,baseline:exact_cache,5,1,49114,0,0,0,0,0,0,not_measured,0,0,0,0,0,0,1,false,,,0
build-worker,checksum_artifact,checksum_artifact_227,227,warm,baseline:exact_cache,3,1,2055363,0,0,0,0,0,0,not_measured,1,0,0,0,0,0,1,false,,,0
build-worker,stage_output,stage_output_228,228,warm,baseline:exact_cache,5,1,50150,0,0,0,0,0,0,not_measured,0,0,0,0,0,0,1,false,,,0
build-worker,checksum_artifact,checksum_artifact_229,229,warm,baseline:exact_cache,3,1,2000008,0,0,0,0,0,0,not_measured,1,0,0,0,0,0,1,false,,,0
build-worker,stage_output,stage_output_230,230,warm,baseline:exact_cache,5,1,51854,0,0,0,0,0,0,not_measured,0,0,0,0,0,0,1,false,,,0
build-worker,checksum_artifact,checksum_artifact_231,231,warm,baseline:exact_cache,3,1,2306113,0,0,0,0,0,0,not_measured,1,0,0,0,0,0,1,false,,,0
build-worker,stage_output,stage_output_232,232,warm,baseline:exact_cache,5,1,64390,0,0,0,0,0,0,not_measured,0,0,0,0,0,0,1,false,,,0
build-worker,checksum_artifact,checksum_artifact_233,233,warm,baseline:exact_cache,3,1,1871774,0,0,0,0,0,0,not_measured,1,0,0,0,0,0,1,false,,,0
build-worker,stage_output,stage_output_234,234,warm,baseline:exact_cache,5,1,52355,0,0,0,0,0,0,not_measured,0,0,0,0,0,0,1,false,,,0
build-worker,checksum_artifact,checksum_artifact_235,235,warm,baseline:exact_cache,3,1,2024673,0,0,0,0,0,0,not_measured,1,0,0,0,0,0,1,false,,,0
build-worker,stage_output,stage_output_236,236,warm,baseline:exact_cache,5,1,50829,0,0,0,0,0,0,not_measured,0,0,0,0,0,0,1,false,,,0
build-worker,checksum_artifact,checksum_artifact_237,237,warm,baseline:exact_cache,3,1,2009364,0,0,0,0,0,0,not_measured,1,0,0,0,0,0,1,false,,,0
build-worker,stage_output,stage_output_238,238,warm,baseline:exact_cache,5,1,51003,0,0,0,0,0,0,not_measured,0,0,0,0,0,0,1,false,,,0
build-worker,checksum_artifact,checksum_artifact_239,239,warm,baseline:exact_cache,3,1,1918150,0,0,0,0,0,0,not_measured,1,0,0,0,0,0,1,false,,,0
build-worker,stage_output,stage_output_240,240,warm,baseline:exact_cache,5,1,47629,0,0,0,0,0,0,not_measured,0,0,0,0,0,0,1,false,,,0
job-processor,dequeue_notify,dequeue_notify_241,241,cold,baseline:exact_cache,4,1,1279467,0,0,0,0,0,0,not_measured,0,1,0,0,0,0,1,false,,,0
job-processor,heartbeat,heartbeat_242,242,cold,baseline:exact_cache,3,1,2199129,0,0,0,0,0,0,not_measured,0,0,0,0,0,0,1,false,,,0
job-processor,dequeue_notify,dequeue_notify_243,243,warm,baseline:exact_cache,4,1,1973944,0,0,0,0,0,0,not_measured,0,1,0,0,0,0,1,false,,,0
job-processor,heartbeat,heartbeat_244,244,warm,baseline:exact_cache,3,1,2155426,0,0,0,0,0,0,not_measured,0,0,0,0,0,0,1,false,,,0
job-processor,dequeue_notify,dequeue_notify_245,245,warm,baseline:exact_cache,4,1,2044614,0,0,0,0,0,0,not_measured,0,1,0,0,0,0,1,false,,,0
job-processor,heartbeat,heartbeat_246,246,warm,baseline:exact_cache,3,1,2211929,0,0,0,0,0,0,not_measured,0,0,0,0,0,0,1,false,,,0
job-processor,dequeue_notify,dequeue_notify_247,247,warm,baseline:exact_cache,4,1,1909251,0,0,0,0,0,0,not_measured,0,1,0,0,0,0,1,false,,,0
job-processor,heartbeat,heartbeat_248,248,warm,baseline:exact_cache,3,1,2142920,0,0,0,0,0,0,not_measured,0,0,0,0,0,0,1,false,,,0
job-processor,dequeue_notify,dequeue_notify_249,249,warm,baseline:exact_cache,4,1,2057983,0,0,0,0,0,0,not_measured,0,1,0,0,0,0,1,false,,,0
job-processor,heartbeat,heartbeat_250,250,warm,baseline:exact_cache,3,1,2138300,0,0,0,0,0,0,not_measured,0,0,0,0,0,0,1,false,,,0
job-processor,dequeue_notify,dequeue_notify_251,251,warm,baseline:exact_cache,4,1,2061702,0,0,0,0,0,0,not_measured,0,1,0,0,0,0,1,false,,,0
job-processor,heartbeat,heartbeat_252,252,warm,baseline:exact_cache,3,1,2098046,0,0,0,0,0,0,not_measured,0,0,0,0,0,0,1,false,,,0
job-processor,dequeue_notify,dequeue_notify_253,253,warm,baseline:exact_cache,4,1,2130124,0,0,0,0,0,0,not_measured,0,1,0,0,0,0,1,false,,,0
job-processor,heartbeat,heartbeat_254,254,warm,baseline:exact_cache,3,1,2392710,0,0,0,0,0,0,not_measured,0,0,0,0,0,0,1,false,,,0
job-processor,dequeue_notify,dequeue_notify_255,255,warm,baseline:exact_cache,4,1,1765300,0,0,0,0,0,0,not_measured,0,1,0,0,0,0,1,false,,,0
job-processor,heartbeat,heartbeat_256,256,warm,baseline:exact_cache,3,1,2390328,0,0,0,0,0,0,not_measured,0,0,0,0,0,0,1,false,,,0
job-processor,dequeue_notify,dequeue_notify_257,257,warm,baseline:exact_cache,4,1,1809261,0,0,0,0,0,0,not_measured,0,1,0,0,0,0,1,false,,,0
job-processor,heartbeat,heartbeat_258,258,warm,baseline:exact_cache,3,1,2104906,0,0,0,0,0,0,not_measured,0,0,0,0,0,0,1,false,,,0
job-processor,dequeue_notify,dequeue_notify_259,259,warm,baseline:exact_cache,4,1,2083704,0,0,0,0,0,0,not_measured,0,1,0,0,0,0,1,false,,,0
job-processor,heartbeat,heartbeat_260,260,warm,baseline:exact_cache,3,1,2089690,0,0,0,0,0,0,not_measured,0,0,0,0,0,0,1,false,,,0
job-processor,dequeue_notify,dequeue_notify_261,261,warm,baseline:exact_cache,4,1,2193460,0,0,0,0,0,0,not_measured,0,1,0,0,0,0,1,false,,,0
job-processor,heartbeat,heartbeat_262,262,warm,baseline:exact_cache,3,1,2177445,0,0,0,0,0,0,not_measured,0,0,0,0,0,0,1,false,,,0
job-processor,dequeue_notify,dequeue_notify_263,263,warm,baseline:exact_cache,4,1,1969682,0,0,0,0,0,0,not_measured,0,1,0,0,0,0,1,false,,,0
job-processor,heartbeat,heartbeat_264,264,warm,baseline:exact_cache,3,1,2375023,0,0,0,0,0,0,not_measured,0,0,0,0,0,0,1,false,,,0
job-processor,dequeue_notify,dequeue_notify_265,265,warm,baseline:exact_cache,4,1,1833627,0,0,0,0,0,0,not_measured,0,1,0,0,0,0,1,false,,,0
job-processor,heartbeat,heartbeat_266,266,warm,baseline:exact_cache,3,1,2144092,0,0,0,0,0,0,not_measured,0,0,0,0,0,0,1,false,,,0
job-processor,dequeue_notify,dequeue_notify_267,267,warm,baseline:exact_cache,4,1,1988945,0,0,0,0,0,0,not_measured,0,1,0,0,0,0,1,false,,,0
job-processor,heartbeat,heartbeat_268,268,warm,baseline:exact_cache,3,1,2138221,0,0,0,0,0,0,not_measured,0,0,0,0,0,0,1,false,,,0
job-processor,dequeue_notify,dequeue_notify_269,269,warm,baseline:exact_cache,4,1,1983564,0,0,0,0,0,0,not_measured,0,1,0,0,0,0,1,false,,,0
job-processor,heartbeat,heartbeat_270,270,warm,baseline:exact_cache,3,1,2359187,0,0,0,0,0,0,not_measured,0,0,0,0,0,0,1,false,,,0
job-processor,dequeue_notify,dequeue_notify_271,271,warm,baseline:exact_cache,4,1,1872110,0,0,0,0,0,0,not_measured,0,1,0,0,0,0,1,false,,,0
job-processor,heartbeat,heartbeat_272,272,warm,baseline:exact_cache,3,1,2373248,0,0,0,0,0,0,not_measured,0,0,0,0,0,0,1,false,,,0
job-processor,dequeue_notify,dequeue_notify_273,273,warm,baseline:exact_cache,4,1,1770616,0,0,0,0,0,0,not_measured,0,1,0,0,0,0,1,false,,,0
job-processor,heartbeat,heartbeat_274,274,warm,baseline:exact_cache,3,1,2337606,0,0,0,0,0,0,not_measured,0,0,0,0,0,0,1,false,,,0
job-processor,dequeue_notify,dequeue_notify_275,275,warm,baseline:exact_cache,4,1,1932006,0,0,0,0,0,0,not_measured,0,1,0,0,0,0,1,false,,,0
job-processor,heartbeat,heartbeat_276,276,warm,baseline:exact_cache,3,1,2198269,0,0,0,0,0,0,not_measured,0,0,0,0,0,0,1,false,,,0
job-processor,dequeue_notify,dequeue_notify_277,277,warm,baseline:exact_cache,4,1,1921115,0,0,0,0,0,0,not_measured,0,1,0,0,0,0,1,false,,,0
job-processor,heartbeat,heartbeat_278,278,warm,baseline:exact_cache,3,1,2094515,0,0,0,0,0,0,not_measured,0,0,0,0,0,0,1,false,,,0
job-processor,dequeue_notify,dequeue_notify_279,279,warm,baseline:exact_cache,4,1,2080848,0,0,0,0,0,0,not_measured,0,1,0,0,0,0,1,false,,,0
job-processor,heartbeat,heartbeat_280,280,warm,baseline:exact_cache,3,1,2142221,0,0,0,0,0,0,not_measured,0,0,0,0,0,0,1,false,,,0
job-processor,dequeue_notify,dequeue_notify_281,281,warm,baseline:exact_cache,4,1,2118776,0,0,0,0,0,0,not_measured,0,1,0,0,0,0,1,false,,,0
job-processor,heartbeat,heartbeat_282,282,warm,baseline:exact_cache,3,1,2111020,0,0,0,0,0,0,not_measured,0,0,0,0,0,0,1,false,,,0
job-processor,dequeue_notify,dequeue_notify_283,283,warm,baseline:exact_cache,4,1,2063168,0,0,0,0,0,0,not_measured,0,1,0,0,0,0,1,false,,,0
job-processor,heartbeat,heartbeat_284,284,warm,baseline:exact_cache,3,1,2088643,0,0,0,0,0,0,not_measured,0,0,0,0,0,0,1,false,,,0
job-processor,dequeue_notify,dequeue_notify_285,285,warm,baseline:exact_cache,4,1,2095961,0,0,0,0,0,0,not_measured,0,1,0,0,0,0,1,false,,,0
job-processor,heartbeat,heartbeat_286,286,warm,baseline:exact_cache,3,1,2344472,0,0,0,0,0,0,not_measured,0,0,0,0,0,0,1,false,,,0
job-processor,dequeue_notify,dequeue_notify_287,287,warm,baseline:exact_cache,4,1,1860821,0,0,0,0,0,0,not_measured,0,1,0,0,0,0,1,false,,,0
job-processor,heartbeat,heartbeat_288,288,warm,baseline:exact_cache,3,1,2105613,0,0,0,0,0,0,not_measured,0,0,0,0,0,0,1,false,,,0
job-processor,dequeue_notify,dequeue_notify_289,289,warm,baseline:exact_cache,4,1,2106949,0,0,0,0,0,0,not_measured,0,1,0,0,0,0,1,false,,,0
job-processor,heartbeat,heartbeat_290,290,warm,baseline:exact_cache,3,1,2201342,0,0,0,0,0,0,not_measured,0,0,0,0,0,0,1,false,,,0
job-processor,dequeue_notify,dequeue_notify_291,291,warm,baseline:exact_cache,4,1,1979953,0,0,0,0,0,0,not_measured,0,1,0,0,0,0,1,false,,,0
job-processor,heartbeat,heartbeat_292,292,warm,baseline:exact_cache,3,1,2167669,0,0,0,0,0,0,not_measured,0,0,0,0,0,0,1,false,,,0
job-processor,dequeue_notify,dequeue_notify_293,293,warm,baseline:exact_cache,4,1,2002285,0,0,0,0,0,0,not_measured,0,1,0,0,0,0,1,false,,,0
job-processor,heartbeat,heartbeat_294,294,warm,baseline:exact_cache,3,1,2366130,0,0,0,0,0,0,not_measured,0,0,0,0,0,0,1,false,,,0
job-processor,dequeue_notify,dequeue_notify_295,295,warm,baseline:exact_cache,4,1,1823550,0,0,0,0,0,0,not_measured,0,1,0,0,0,0,1,false,,,0
job-processor,heartbeat,heartbeat_296,296,warm,baseline:exact_cache,3,1,2437882,0,0,0,0,0,0,not_measured,0,0,0,0,0,0,1,false,,,0
job-processor,dequeue_notify,dequeue_notify_297,297,warm,baseline:exact_cache,4,1,1752050,0,0,0,0,0,0,not_measured,0,1,0,0,0,0,1,false,,,0
job-processor,heartbeat,heartbeat_298,298,warm,baseline:exact_cache,3,1,2369683,0,0,0,0,0,0,not_measured,0,0,0,0,0,0,1,false,,,0
job-processor,dequeue_notify,dequeue_notify_299,299,warm,baseline:exact_cache,4,1,1835221,0,0,0,0,0,0,not_measured,0,1,0,0,0,0,1,false,,,0
job-processor,heartbeat,heartbeat_300,300,warm,baseline:exact_cache,3,1,2247853,0,0,0,0,0,0,not_measured,0,0,0,0,0,0,1,false,,,0
job-processor,dequeue_notify,dequeue_notify_301,301,warm,baseline:exact_cache,4,1,1966510,0,0,0,0,0,0,not_measured,0,1,0,0,0,0,1,false,,,0
job-processor,heartbeat,heartbeat_302,302,warm,baseline:exact_cache,3,1,2333520,0,0,0,0,0,0,not_measured,0,0,0,0,0,0,1,false,,,0
job-processor,dequeue_notify,dequeue_notify_303,303,warm,baseline:exact_cache,4,1,1854758,0,0,0,0,0,0,not_measured,0,1,0,0,0,0,1,false,,,0
job-processor,heartbeat,heartbeat_304,304,warm,baseline:exact_cache,3,1,2127820,0,0,0,0,0,0,not_measured,0,0,0,0,0,0,1,false,,,0
job-processor,dequeue_notify,dequeue_notify_305,305,warm,baseline:exact_cache,4,1,2067103,0,0,0,0,0,0,not_measured,0,1,0,0,0,0,1,false,,,0
job-processor,heartbeat,heartbeat_306,306,warm,baseline:exact_cache,3,1,2102700,0,0,0,0,0,0,not_measured,0,0,0,0,0,0,1,false,,,0
job-processor,dequeue_notify,dequeue_notify_307,307,warm,baseline:exact_cache,4,1,2172161,0,0,0,0,0,0,not_measured,0,1,0,0,0,0,1,false,,,0
job-processor,heartbeat,heartbeat_308,308,warm,baseline:exact_cache,3,1,2118376,0,0,0,0,0,0,not_measured,0,0,0,0,0,0,1,false,,,0
job-processor,dequeue_notify,dequeue_notify_309,309,warm,baseline:exact_cache,4,1,2104996,0,0,0,0,0,0,not_measured,0,1,0,0,0,0,1,false,,,0
job-processor,heartbeat,heartbeat_310,310,warm,baseline:exact_cache,3,1,2524909,0,0,0,0,0,0,not_measured,0,0,0,0,0,0,1,false,,,0
job-processor,dequeue_notify,dequeue_notify_311,311,warm,baseline:exact_cache,4,1,1620634,0,0,0,0,0,0,not_measured,0,1,0,0,0,0,1,false,,,0
job-processor,heartbeat,heartbeat_312,312,warm,baseline:exact_cache,3,1,2366552,0,0,0,0,0,0,not_measured,0,0,0,0,0,0,1,false,,,0
job-processor,dequeue_notify,dequeue_notify_313,313,warm,baseline:exact_cache,4,1,1786677,0,0,0,0,0,0,not_measured,0,1,0,0,0,0,1,false,,,0
job-processor,heartbeat,heartbeat_314,314,warm,baseline:exact_cache,3,1,2235008,0,0,0,0,0,0,not_measured,0,0,0,0,0,0,1,false,,,0
job-processor,dequeue_notify,dequeue_notify_315,315,warm,baseline:exact_cache,4,1,1931871,0,0,0,0,0,0,not_measured,0,1,0,0,0,0,1,false,,,0
job-processor,heartbeat,heartbeat_316,316,warm,baseline:exact_cache,3,1,2138774,0,0,0,0,0,0,not_measured,0,0,0,0,0,0,1,false,,,0
job-processor,dequeue_notify,dequeue_notify_317,317,warm,baseline:exact_cache,4,1,2046414,0,0,0,0,0,0,not_measured,0,1,0,0,0,0,1,false,,,0
job-processor,heartbeat,heartbeat_318,318,warm,baseline:exact_cache,3,1,2207626,0,0,0,0,0,0,not_measured,0,0,0,0,0,0,1,false,,,0
job-processor,dequeue_notify,dequeue_notify_319,319,warm,baseline:exact_cache,4,1,1975535,0,0,0,0,0,0,not_measured,0,1,0,0,0,0,1,false,,,0
job-processor,heartbeat,heartbeat_320,320,warm,baseline:exact_cache,3,1,2113307,0,0,0,0,0,0,not_measured,0,0,0,0,0,0,1,false,,,0
report-worker,daily_report,daily_report_321,321,warm,baseline:exact_cache,6,1,73743,0,0,0,0,0,0,not_measured,0,0,0,0,0,0,1,false,,,0
report-worker,daily_report,daily_report_322,322,warm,baseline:exact_cache,6,1,45748,0,0,0,0,0,0,not_measured,0,0,0,0,0,0,1,false,,,0
report-worker,daily_report,daily_report_323,323,warm,baseline:exact_cache,6,1,46282,0,0,0,0,0,0,not_measured,0,0,0,0,0,0,1,false,,,0
report-worker,daily_report,daily_report_324,324,warm,baseline:exact_cache,6,1,45887,0,0,0,0,0,0,not_measured,0,0,0,0,0,0,1,false,,,0
report-worker,daily_report,daily_report_325,325,warm,baseline:exact_cache,6,1,46124,0,0,0,0,0,0,not_measured,0,0,0,0,0,0,1,false,,,0
report-worker,daily_report,daily_report_326,326,warm,baseline:exact_cache,6,1,110095,0,0,0,0,0,0,not_measured,0,0,0,0,0,0,1,false,,,0
report-worker,daily_report,daily_report_327,327,warm,baseline:exact_cache,6,1,84228,0,0,0,0,0,0,not_measured,0,0,0,0,0,0,1,false,,,0
report-worker,daily_report,daily_report_328,328,warm,baseline:exact_cache,6,1,79836,0,0,0,0,0,0,not_measured,0,0,0,0,0,0,1,false,,,0
report-worker,daily_report,daily_report_329,329,warm,baseline:exact_cache,6,1,47321,0,0,0,0,0,0,not_measured,0,0,0,0,0,0,1,false,,,0
report-worker,daily_report,daily_report_330,330,warm,baseline:exact_cache,6,1,245952,0,0,0,0,0,0,not_measured,0,0,0,0,0,0,1,false,,,0
report-worker,daily_report,daily_report_331,331,warm,baseline:exact_cache,6,1,46221,0,0,0,0,0,0,not_measured,0,0,0,0,0,0,1,false,,,0
report-worker,daily_report,daily_report_332,332,warm,baseline:exact_cache,6,1,60181,0,0,0,0,0,0,not_measured,0,0,0,0,0,0,1,false,,,0
report-worker,daily_report,daily_report_333,333,warm,baseline:exact_cache,5,1,61719,0,0,0,0,0,0,not_measured,0,0,0,0,0,0,1,false,,,0
report-worker,daily_report,daily_report_334,334,warm,baseline:exact_cache,5,1,64691,0,0,0,0,0,0,not_measured,0,0,0,0,0,0,1,false,,,0
report-worker,daily_report,daily_report_335,335,warm,baseline:exact_cache,5,1,41906,0,0,0,0,0,0,not_measured,0,0,0,0,0,0,1,false,,,0
report-worker,daily_report,daily_report_336,336,warm,baseline:exact_cache,5,1,41190,0,0,0,0,0,0,not_measured,0,0,0,0,0,0,1,false,,,0
report-worker,daily_report,daily_report_337,337,warm,baseline:exact_cache,5,1,84883,0,0,0,0,0,0,not_measured,0,0,0,0,0,0,1,false,,,0
report-worker,daily_report,daily_report_338,338,warm,baseline:exact_cache,5,1,136545,0,0,0,0,0,0,not_measured,0,0,0,0,0,0,1,false,,,0
report-worker,daily_report,daily_report_339,339,warm,baseline:exact_cache,5,1,45064,0,0,0,0,0,0,not_measured,0,0,0,0,0,0,1,false,,,0
report-worker,daily_report,daily_report_340,340,warm,baseline:exact_cache,5,1,38818,0,0,0,0,0,0,not_measured,0,0,0,0,0,0,1,false,,,0
report-worker,daily_report,daily_report_341,341,warm,baseline:exact_cache,5,1,39727,0,0,0,0,0,0,not_measured,0,0,0,0,0,0,1,false,,,0
report-worker,daily_report,daily_report_342,342,warm,baseline:exact_cache,5,1,38279,0,0,0,0,0,0,not_measured,0,0,0,0,0,0,1,false,,,0
report-worker,daily_report,daily_report_343,343,warm,baseline:exact_cache,5,1,38408,0,0,0,0,0,0,not_measured,0,0,0,0,0,0,1,false,,,0
report-worker,daily_report,daily_report_344,344,warm,baseline:exact_cache,5,1,44019,0,0,0,0,0,0,not_measured,0,0,0,0,0,0,1,false,,,0
report-worker,daily_report,daily_report_345,345,warm,baseline:exact_cache,5,1,43992,0,0,0,0,0,0,not_measured,0,0,0,0,0,0,1,false,,,0
report-worker,daily_report,daily_report_346,346,warm,baseline:exact_cache,5,1,40642,0,0,0,0,0,0,not_measured,0,0,0,0,0,0,1,false,,,0
report-worker,daily_report,daily_report_347,347,warm,baseline:exact_cache,5,1,94831,0,0,0,0,0,0,not_measured,0,0,0,0,0,0,1,false,,,0
api-service,api_get_user,api_get_user_348,348,warm,baseline:exact_cache,4,1,1785325,0,0,0,0,0,0,not_measured,0,0,1,0,0,0,1,false,,,0
api-service,session_touch,session_touch_349,349,warm,baseline:exact_cache,3,1,131333,0,0,0,0,0,0,not_measured,0,0,0,0,0,0,1,false,,,0
api-service,api_get_user,api_get_user_350,350,warm,baseline:exact_cache,4,1,1996228,0,0,0,0,0,0,not_measured,0,0,1,0,0,0,1,false,,,0
api-service,session_touch,session_touch_351,351,warm,baseline:exact_cache,3,1,83204,0,0,0,0,0,0,not_measured,0,0,0,0,0,0,1,false,,,0
api-service,api_get_user,api_get_user_352,352,warm,baseline:exact_cache,4,1,1990059,0,0,0,0,0,0,not_measured,0,0,1,0,0,0,1,false,,,0
api-service,session_touch,session_touch_353,353,warm,baseline:exact_cache,3,1,78863,0,0,0,0,0,0,not_measured,0,0,0,0,0,0,1,false,,,0
api-service,api_get_user,api_get_user_354,354,warm,baseline:exact_cache,4,1,2033330,0,0,0,0,0,0,not_measured,0,0,1,0,0,0,1,false,,,0
api-service,session_touch,session_touch_355,355,warm,baseline:exact_cache,3,1,118512,0,0,0,0,0,0,not_measured,0,0,0,0,0,0,1,false,,,0
api-service,api_get_user,api_get_user_356,356,warm,baseline:exact_cache,4,1,1998037,0,0,0,0,0,0,not_measured,0,0,1,0,0,0,1,false,,,0
api-service,session_touch,session_touch_357,357,warm,baseline:exact_cache,3,1,121143,0,0,0,0,0,0,not_measured,0,0,0,0,0,0,1,false,,,0
api-service,api_get_user,api_get_user_358,358,warm,baseline:exact_cache,4,1,2014889,0,0,0,0,0,0,not_measured,0,0,1,0,0,0,1,false,,,0
api-service,session_touch,session_touch_359,359,warm,baseline:exact_cache,3,1,119353,0,0,0,0,0,0,not_measured,0,0,0,0,0,0,1,false,,,0
api-service,api_get_user,api_get_user_360,360,warm,baseline:exact_cache,4,1,2246453,0,0,0,0,0,0,not_measured,0,0,1,0,0,0,1,false,,,0
api-service,session_touch,session_touch_361,361,warm,baseline:exact_cache,3,1,78830,0,0,0,0,0,0,not_measured,0,0,0,0,0,0,1,false,,,0
api-service,api_get_user,api_get_user_362,362,warm,baseline:exact_cache,4,1,1816210,0,0,0,0,0,0,not_measured,0,0,1,0,0,0,1,false,,,0
api-service,session_touch,session_touch_363,363,warm,baseline:exact_cache,3,1,113186,0,0,0,0,0,0,not_measured,0,0,0,0,0,0,1,false,,,0
api-service,api_get_user,api_get_user_364,364,warm,baseline:exact_cache,4,1,2017562,0,0,0,0,0,0,not_measured,0,0,1,0,0,0,1,false,,,0
api-service,session_touch,session_touch_365,365,warm,baseline:exact_cache,3,1,85463,0,0,0,0,0,0,not_measured,0,0,0,0,0,0,1,false,,,0
api-service,api_get_user,api_get_user_366,366,warm,baseline:exact_cache,4,1,1972350,0,0,0,0,0,0,not_measured,0,0,1,0,0,0,1,false,,,0
api-service,session_touch,session_touch_367,367,warm,baseline:exact_cache,3,1,77889,0,0,0,0,0,0,not_measured,0,0,0,0,0,0,1,false,,,0
api-service,api_get_user,api_get_user_368,368,warm,baseline:exact_cache,4,1,2048720,0,0,0,0,0,0,not_measured,0,0,1,0,0,0,1,false,,,0
api-service,session_touch,session_touch_369,369,warm,baseline:exact_cache,3,1,78048,0,0,0,0,0,0,not_measured,0,0,0,0,0,0,1,false,,,0
api-service,api_get_user,api_get_user_370,370,warm,baseline:exact_cache,4,1,2082368,0,0,0,0,0,0,not_measured,0,0,1,0,0,0,1,false,,,0
api-service,session_touch,session_touch_371,371,warm,baseline:exact_cache,3,1,117295,0,0,0,0,0,0,not_measured,0,0,0,0,0,0,1,false,,,0
api-service,api_get_user,api_get_user_372,372,warm,baseline:exact_cache,4,1,2278317,0,0,0,0,0,0,not_measured,0,0,1,0,0,0,1,false,,,0
api-service,session_touch,session_touch_373,373,warm,baseline:exact_cache,3,1,84297,0,0,0,0,0,0,not_measured,0,0,0,0,0,0,1,false,,,0
api-service,api_get_user,api_get_user_374,374,warm,baseline:exact_cache,4,1,2046034,0,0,0,0,0,0,not_measured,0,0,1,0,0,0,1,false,,,0
api-service,session_touch,session_touch_375,375,warm,baseline:exact_cache,3,1,81066,0,0,0,0,0,0,not_measured,0,0,0,0,0,0,1,false,,,0
api-service,api_get_user,api_get_user_376,376,warm,baseline:exact_cache,4,1,2048769,0,0,0,0,0,0,not_measured,0,0,1,0,0,0,1,false,,,0
api-service,session_touch,session_touch_377,377,warm,baseline:exact_cache,3,1,89623,0,0,0,0,0,0,not_measured,0,0,0,0,0,0,1,false,,,0
report-worker,daily_report,daily_report_378,378,warm,baseline:exact_cache,5,1,67666,0,0,0,0,0,0,not_measured,0,0,0,0,0,0,1,false,,,0
report-worker,archive_check,archive_check_379,379,warm,baseline:exact_cache,3,1,2376997,0,0,0,0,0,0,not_measured,1,0,0,0,0,0,1,false,,,0
report-worker,daily_report,daily_report_380,380,warm,baseline:exact_cache,5,1,54269,0,0,0,0,0,0,not_measured,0,0,0,0,0,0,1,false,,,0
report-worker,archive_check,archive_check_381,381,warm,baseline:exact_cache,3,1,1895636,0,0,0,0,0,0,not_measured,1,0,0,0,0,0,1,false,,,0
report-worker,daily_report,daily_report_382,382,warm,baseline:exact_cache,5,1,51575,0,0,0,0,0,0,not_measured,0,0,0,0,0,0,1,false,,,0
report-worker,archive_check,archive_check_383,383,warm,baseline:exact_cache,3,1,2199457,0,0,0,0,0,0,not_measured,1,0,0,0,0,0,1,false,,,0
report-worker,daily_report,daily_report_384,384,warm,baseline:exact_cache,5,1,50284,0,0,0,0,0,0,not_measured,0,0,0,0,0,0,1,false,,,0
report-worker,archive_check,archive_check_385,385,warm,baseline:exact_cache,3,1,1861921,0,0,0,0,0,0,not_measured,1,0,0,0,0,0,1,false,,,0
report-worker,daily_report,daily_report_386,386,warm,baseline:exact_cache,5,1,48346,0,0,0,0,0,0,not_measured,0,0,0,0,0,0,1,false,,,0
report-worker,archive_check,archive_check_387,387,warm,baseline:exact_cache,3,1,2078584,0,0,0,0,0,0,not_measured,1,0,0,0,0,0,1,false,,,0
report-worker,daily_report,daily_report_388,388,warm,baseline:exact_cache,5,1,129883,0,0,0,0,0,0,not_measured,0,0,0,0,0,0,1,false,,,0
report-worker,archive_check,archive_check_389,389,warm,baseline:exact_cache,3,1,1879057,0,0,0,0,0,0,not_measured,1,0,0,0,0,0,1,false,,,0
report-worker,daily_report,daily_report_390,390,warm,baseline:exact_cache,5,1,51165,0,0,0,0,0,0,not_measured,0,0,0,0,0,0,1,false,,,0
report-worker,archive_check,archive_check_391,391,warm,baseline:exact_cache,3,1,2097677,0,0,0,0,0,0,not_measured,1,0,0,0,0,0,1,false,,,0
report-worker,daily_report,daily_report_392,392,warm,baseline:exact_cache,5,1,52062,0,0,0,0,0,0,not_measured,0,0,0,0,0,0,1,false,,,0
report-worker,archive_check,archive_check_393,393,warm,baseline:exact_cache,3,1,1862942,0,0,0,0,0,0,not_measured,1,0,0,0,0,0,1,false,,,0
report-worker,daily_report,daily_report_394,394,warm,baseline:exact_cache,5,1,56833,0,0,0,0,0,0,not_measured,0,0,0,0,0,0,1,false,,,0
report-worker,archive_check,archive_check_395,395,warm,baseline:exact_cache,3,1,1937844,0,0,0,0,0,0,not_measured,1,0,0,0,0,0,1,false,,,0
report-worker,daily_report,daily_report_396,396,warm,baseline:exact_cache,5,1,54284,0,0,0,0,0,0,not_measured,0,0,0,0,0,0,1,false,,,0
report-worker,archive_check,archive_check_397,397,warm,baseline:exact_cache,3,1,2015809,0,0,0,0,0,0,not_measured,1,0,0,0,0,0,1,false,,,0
report-worker,daily_report,daily_report_398,398,warm,baseline:exact_cache,5,1,51578,0,0,0,0,0,0,not_measured,0,0,0,0,0,0,1,false,,,0
report-worker,archive_check,archive_check_399,399,warm,baseline:exact_cache,3,1,1915252,0,0,0,0,0,0,not_measured,1,0,0,0,0,0,1,false,,,0
report-worker,daily_report,daily_report_400,400,warm,baseline:exact_cache,5,1,58631,0,0,0,0,0,0,not_measured,0,0,0,0,0,0,1,false,,,0
report-worker,archive_check,archive_check_401,401,warm,baseline:exact_cache,3,1,1959266,0,0,0,0,0,0,not_measured,1,0,0,0,0,0,1,false,,,0
report-worker,daily_report,daily_report_402,402,warm,baseline:exact_cache,5,1,54466,0,0,0,0,0,0,not_measured,0,0,0,0,0,0,1,false,,,0
report-worker,archive_check,archive_check_403,403,warm,baseline:exact_cache,3,1,1754750,0,0,0,0,0,0,not_measured,1,0,0,0,0,0,1,false,,,0
report-worker,daily_report,daily_report_404,404,warm,baseline:exact_cache,5,1,56709,0,0,0,0,0,0,not_measured,0,0,0,0,0,0,1,false,,,0
report-worker,archive_check,archive_check_405,405,warm,baseline:exact_cache,3,1,1871858,0,0,0,0,0,0,not_measured,1,0,0,0,0,0,1,false,,,0
report-worker,daily_report,daily_report_406,406,warm,baseline:exact_cache,5,1,50871,0,0,0,0,0,0,not_measured,0,0,0,0,0,0,1,false,,,0
report-worker,archive_check,archive_check_407,407,warm,baseline:exact_cache,3,1,1803921,0,0,0,0,0,0,not_measured,1,0,0,0,0,0,1,false,,,0
build-worker,checksum_artifact,checksum_artifact_408,408,warm,baseline:exact_cache,3,1,1846063,0,0,0,0,0,0,not_measured,1,0,0,0,0,0,1,false,,,0
build-worker,stage_output,stage_output_409,409,warm,baseline:exact_cache,5,1,52629,0,0,0,0,0,0,not_measured,0,0,0,0,0,0,1,false,,,0
build-worker,checksum_artifact,checksum_artifact_410,410,warm,baseline:exact_cache,3,1,1824815,0,0,0,0,0,0,not_measured,1,0,0,0,0,0,1,false,,,0
build-worker,stage_output,stage_output_411,411,warm,baseline:exact_cache,5,1,47639,0,0,0,0,0,0,not_measured,0,0,0,0,0,0,1,false,,,0
build-worker,checksum_artifact,checksum_artifact_412,412,warm,baseline:exact_cache,3,1,1822469,0,0,0,0,0,0,not_measured,1,0,0,0,0,0,1,false,,,0
build-worker,stage_output,stage_output_413,413,warm,baseline:exact_cache,5,1,48817,0,0,0,0,0,0,not_measured,0,0,0,0,0,0,1,false,,,0
build-worker,checksum_artifact,checksum_artifact_414,414,warm,baseline:exact_cache,3,1,1727980,0,0,0,0,0,0,not_measured,1,0,0,0,0,0,1,false,,,0
build-worker,stage_output,stage_output_415,415,warm,baseline:exact_cache,5,1,62310,0,0,0,0,0,0,not_measured,0,0,0,0,0,0,1,false,,,0
build-worker,checksum_artifact,checksum_artifact_416,416,warm,baseline:exact_cache,3,1,1824327,0,0,0,0,0,0,not_measured,1,0,0,0,0,0,1,false,,,0
build-worker,stage_output,stage_output_417,417,warm,baseline:exact_cache,5,1,84192,0,0,0,0,0,0,not_measured,0,0,0,0,0,0,1,false,,,0
build-worker,checksum_artifact,checksum_artifact_418,418,warm,baseline:exact_cache,3,1,1752918,0,0,0,0,0,0,not_measured,1,0,0,0,0,0,1,false,,,0
build-worker,stage_output,stage_output_419,419,warm,baseline:exact_cache,5,1,52027,0,0,0,0,0,0,not_measured,0,0,0,0,0,0,1,false,,,0
build-worker,checksum_artifact,checksum_artifact_420,420,warm,baseline:exact_cache,3,1,1738357,0,0,0,0,0,0,not_measured,1,0,0,0,0,0,1,false,,,0
build-worker,stage_output,stage_output_421,421,warm,baseline:exact_cache,5,1,49162,0,0,0,0,0,0,not_measured,0,0,0,0,0,0,1,false,,,0
build-worker,checksum_artifact,checksum_artifact_422,422,warm,baseline:exact_cache,3,1,1824049,0,0,0,0,0,0,not_measured,1,0,0,0,0,0,1,false,,,0
build-worker,stage_output,stage_output_423,423,warm,baseline:exact_cache,5,1,51033,0,0,0,0,0,0,not_measured,0,0,0,0,0,0,1,false,,,0
build-worker,checksum_artifact,checksum_artifact_424,424,warm,baseline:exact_cache,3,1,1915302,0,0,0,0,0,0,not_measured,1,0,0,0,0,0,1,false,,,0
build-worker,stage_output,stage_output_425,425,warm,baseline:exact_cache,5,1,74193,0,0,0,0,0,0,not_measured,0,0,0,0,0,0,1,false,,,0
build-worker,checksum_artifact,checksum_artifact_426,426,warm,baseline:exact_cache,3,1,2037126,0,0,0,0,0,0,not_measured,1,0,0,0,0,0,1,false,,,0
build-worker,stage_output,stage_output_427,427,warm,baseline:exact_cache,5,1,64444,0,0,0,0,0,0,not_measured,0,0,0,0,0,0,1,false,,,0
build-worker,checksum_artifact,checksum_artifact_428,428,warm,baseline:exact_cache,3,1,1824099,0,0,0,0,0,0,not_measured,1,0,0,0,0,0,1,false,,,0
build-worker,stage_output,stage_output_429,429,warm,baseline:exact_cache,5,1,57876,0,0,0,0,0,0,not_measured,0,0,0,0,0,0,1,false,,,0
build-worker,checksum_artifact,checksum_artifact_430,430,warm,baseline:exact_cache,3,1,1827433,0,0,0,0,0,0,not_measured,1,0,0,0,0,0,1,false,,,0
build-worker,stage_output,stage_output_431,431,warm,baseline:exact_cache,5,1,56224,0,0,0,0,0,0,not_measured,0,0,0,0,0,0,1,false,,,0
build-worker,checksum_artifact,checksum_artifact_432,432,warm,baseline:exact_cache,3,1,1995302,0,0,0,0,0,0,not_measured,1,0,0,0,0,0,1,false,,,0
build-worker,stage_output,stage_output_433,433,warm,baseline:exact_cache,5,1,56311,0,0,0,0,0,0,not_measured,0,0,0,0,0,0,1,false,,,0
build-worker,checksum_artifact,checksum_artifact_434,434,warm,baseline:exact_cache,3,1,1791557,0,0,0,0,0,0,not_measured,1,0,0,0,0,0,1,false,,,0
build-worker,stage_output,stage_output_435,435,warm,baseline:exact_cache,5,1,51515,0,0,0,0,0,0,not_measured,0,0,0,0,0,0,1,false,,,0
build-worker,checksum_artifact,checksum_artifact_436,436,warm,baseline:exact_cache,3,1,1836816,0,0,0,0,0,0,not_measured,1,0,0,0,0,0,1,false,,,0
build-worker,stage_output,stage_output_437,437,warm,baseline:exact_cache,5,1,100380,0,0,0,0,0,0,not_measured,0,0,0,0,0,0,1,false,,,0
job-processor,dequeue_notify,dequeue_notify_438,438,warm,baseline:exact_cache,4,1,1163073,0,0,0,0,0,0,not_measured,0,1,0,0,0,0,1,false,,,0
job-processor,heartbeat,heartbeat_439,439,warm,baseline:exact_cache,3,1,2142001,0,0,0,0,0,0,not_measured,0,0,0,0,0,0,1,false,,,0
job-processor,dequeue_notify,dequeue_notify_440,440,warm,baseline:exact_cache,4,1,1990570,0,0,0,0,0,0,not_measured,0,1,0,0,0,0,1,false,,,0
job-processor,heartbeat,heartbeat_441,441,warm,baseline:exact_cache,3,1,2298175,0,0,0,0,0,0,not_measured,0,0,0,0,0,0,1,false,,,0
job-processor,dequeue_notify,dequeue_notify_442,442,warm,baseline:exact_cache,4,1,1942802,0,0,0,0,0,0,not_measured,0,1,0,0,0,0,1,false,,,0
job-processor,heartbeat,heartbeat_443,443,warm,baseline:exact_cache,3,1,2381381,0,0,0,0,0,0,not_measured,0,0,0,0,0,0,1,false,,,0
job-processor,dequeue_notify,dequeue_notify_444,444,warm,baseline:exact_cache,4,1,1821374,0,0,0,0,0,0,not_measured,0,1,0,0,0,0,1,false,,,0
job-processor,heartbeat,heartbeat_445,445,warm,baseline:exact_cache,3,1,2178547,0,0,0,0,0,0,not_measured,0,0,0,0,0,0,1,false,,,0
job-processor,dequeue_notify,dequeue_notify_446,446,warm,baseline:exact_cache,4,1,1985263,0,0,0,0,0,0,not_measured,0,1,0,0,0,0,1,false,,,0
job-processor,heartbeat,heartbeat_447,447,warm,baseline:exact_cache,3,1,2166947,0,0,0,0,0,0,not_measured,0,0,0,0,0,0,1,false,,,0
job-processor,dequeue_notify,dequeue_notify_448,448,warm,baseline:exact_cache,4,1,2005494,0,0,0,0,0,0,not_measured,0,1,0,0,0,0,1,false,,,0
job-processor,heartbeat,heartbeat_449,449,warm,baseline:exact_cache,3,1,2268274,0,0,0,0,0,0,not_measured,0,0,0,0,0,0,1,false,,,0
job-processor,dequeue_notify,dequeue_notify_450,450,warm,baseline:exact_cache,4,1,1910595,0,0,0,0,0,0,not_measured,0,1,0,0,0,0,1,false,,,0
job-processor,heartbeat,heartbeat_451,451,warm,baseline:exact_cache,3,1,2278456,0,0,0,0,0,0,not_measured,0,0,0,0,0,0,1,false,,,0
job-processor,dequeue_notify,dequeue_notify_452,452,warm,baseline:exact_cache,4,1,1939157,0,0,0,0,0,0,not_measured,0,1,0,0,0,0,1,false,,,0
job-processor,heartbeat,heartbeat_453,453,warm,baseline:exact_cache,3,1,2132316,0,0,0,0,0,0,not_measured,0,0,0,0,0,0,1,false,,,0
job-processor,dequeue_notify,dequeue_notify_454,454,warm,baseline:exact_cache,4,1,2259731,0,0,0,0,0,0,not_measured,0,1,0,0,0,0,1,false,,,0
job-processor,heartbeat,heartbeat_455,455,warm,baseline:exact_cache,3,1,2168795,0,0,0,0,0,0,not_measured,0,0,0,0,0,0,1,false,,,0
job-processor,dequeue_notify,dequeue_notify_456,456,warm,baseline:exact_cache,4,1,2101569,0,0,0,0,0,0,not_measured,0,1,0,0,0,0,1,false,,,0
job-processor,heartbeat,heartbeat_457,457,warm,baseline:exact_cache,3,1,2150113,0,0,0,0,0,0,not_measured,0,0,0,0,0,0,1,false,,,0
job-processor,dequeue_notify,dequeue_notify_458,458,warm,baseline:exact_cache,4,1,2128379,0,0,0,0,0,0,not_measured,0,1,0,0,0,0,1,false,,,0
job-processor,heartbeat,heartbeat_459,459,warm,baseline:exact_cache,3,1,2110341,0,0,0,0,0,0,not_measured,0,0,0,0,0,0,1,false,,,0
job-processor,dequeue_notify,dequeue_notify_460,460,warm,baseline:exact_cache,4,1,2082249,0,0,0,0,0,0,not_measured,0,1,0,0,0,0,1,false,,,0
job-processor,heartbeat,heartbeat_461,461,warm,baseline:exact_cache,3,1,2103581,0,0,0,0,0,0,not_measured,0,0,0,0,0,0,1,false,,,0
job-processor,dequeue_notify,dequeue_notify_462,462,warm,baseline:exact_cache,4,1,2074559,0,0,0,0,0,0,not_measured,0,1,0,0,0,0,1,false,,,0
job-processor,heartbeat,heartbeat_463,463,warm,baseline:exact_cache,3,1,3786105,0,0,0,0,0,0,not_measured,0,0,0,0,0,0,1,false,,,0
job-processor,dequeue_notify,dequeue_notify_464,464,warm,baseline:exact_cache,4,1,637424,0,0,0,0,0,0,not_measured,0,1,0,0,0,0,1,false,,,0
job-processor,heartbeat,heartbeat_465,465,warm,baseline:exact_cache,3,1,2114793,0,0,0,0,0,0,not_measured,0,0,0,0,0,0,1,false,,,0
job-processor,dequeue_notify,dequeue_notify_466,466,warm,baseline:exact_cache,4,1,2032847,0,0,0,0,0,0,not_measured,0,1,0,0,0,0,1,false,,,0
job-processor,heartbeat,heartbeat_467,467,warm,baseline:exact_cache,3,1,2187444,0,0,0,0,0,0,not_measured,0,0,0,0,0,0,1,false,,,0
build-worker,stage_output,stage_output_411,468,warm,baseline:exact_cache,1,0,13483,0,0,0,0,0,0,not_measured,0,0,0,0,0,0,0,false,,,0
build-worker,checksum_artifact,checksum_artifact_183,469,warm,baseline:exact_cache,1,0,5109,0,0,0,0,0,0,not_measured,0,0,0,0,0,0,0,false,,,0
report-worker,daily_report,daily_report_113,470,warm,baseline:exact_cache,1,0,4045,0,0,0,0,0,0,not_measured,0,0,0,0,0,0,0,false,,,0
build-worker,stage_output,stage_output_204,471,warm,baseline:exact_cache,1,0,4743,0,0,0,0,0,0,not_measured,0,0,0,0,0,0,0,false,,,0
api-service,api_get_user,api_get_user_376,472,warm,baseline:exact_cache,1,0,3964,0,0,0,0,0,0,not_measured,0,0,0,0,0,0,0,false,,,0
build-worker,stage_output,stage_output_200,473,warm,baseline:exact_cache,1,0,3503,0,0,0,0,0,0,not_measured,0,0,0,0,0,0,0,false,,,0
api-service,api_get_user,api_get_user_65,474,warm,baseline:exact_cache,1,0,3758,0,0,0,0,0,0,not_measured,0,0,0,0,0,0,0,false,,,0
job-processor,dequeue_notify,dequeue_notify_283,475,warm,baseline:exact_cache,1,0,4184,0,0,0,0,0,0,not_measured,0,0,0,0,0,0,0,false,,,0
api-service,api_get_user,api_get_user_67,476,warm,baseline:exact_cache,1,0,4143,0,0,0,0,0,0,not_measured,0,0,0,0,0,0,0,false,,,0
job-processor,heartbeat,heartbeat_320,477,warm,baseline:exact_cache,1,0,3799,0,0,0,0,0,0,not_measured,0,0,0,0,0,0,0,false,,,0
report-worker,daily_report,daily_report_119,478,warm,baseline:exact_cache,1,0,3860,0,0,0,0,0,0,not_measured,0,0,0,0,0,0,0,false,,,0
api-service,api_get_user,api_get_user_372,479,warm,baseline:exact_cache,1,0,3431,0,0,0,0,0,0,not_measured,0,0,0,0,0,0,0,false,,,0
api-service,session_touch,session_touch_365,480,warm,baseline:exact_cache,1,0,4392,0,0,0,0,0,0,not_measured,0,0,0,0,0,0,0,false,,,0
report-worker,archive_check,archive_check_168,481,warm,baseline:exact_cache,1,0,3230,0,0,0,0,0,0,not_measured,0,0,0,0,0,0,0,false,,,0
api-service,session_touch,session_touch_62,482,warm,baseline:exact_cache,1,0,4212,0,0,0,0,0,0,not_measured,0,0,0,0,0,0,0,false,,,0
api-service,api_get_user,api_get_user_27,483,warm,baseline:exact_cache,1,0,3562,0,0,0,0,0,0,not_measured,0,0,0,0,0,0,0,false,,,0
build-worker,checksum_artifact,checksum_artifact_418,484,warm,baseline:exact_cache,1,0,3514,0,0,0,0,0,0,not_measured,0,0,0,0,0,0,0,false,,,0
job-processor,dequeue_notify,dequeue_notify_251,485,warm,baseline:exact_cache,1,0,3524,0,0,0,0,0,0,not_measured,0,0,0,0,0,0,0,false,,,0
report-worker,archive_check,archive_check_114,486,warm,baseline:exact_cache,1,0,4499,0,0,0,0,0,0,not_measured,0,0,0,0,0,0,0,false,,,0
report-worker,daily_report,daily_report_121,487,warm,baseline:exact_cache,1,0,3681,0,0,0,0,0,0,not_measured,0,0,0,0,0,0,0,false,,,0
report-worker,daily_report,daily_report_93,488,warm,baseline:exact_cache,1,0,4077,0,0,0,0,0,0,not_measured,0,0,0,0,0,0,0,false,,,0
job-processor,heartbeat,heartbeat_320,489,warm,baseline:exact_cache,1,0,2915,0,0,0,0,0,0,not_measured,0,0,0,0,0,0,0,false,,,0
build-worker,checksum_artifact,checksum_artifact_221,490,warm,baseline:exact_cache,1,0,3154,0,0,0,0,0,0,not_measured,0,0,0,0,0,0,0,false,,,0
job-processor,dequeue_notify,dequeue_notify_267,491,warm,baseline:exact_cache,1,0,3379,0,0,0,0,0,0,not_measured,0,0,0,0,0,0,0,false,,,0
api-service,session_touch,session_touch_20,492,warm,baseline:exact_cache,1,0,3746,0,0,0,0,0,0,not_measured,0,0,0,0,0,0,0,false,,,0
api-service,noise,noise_468,493,cold,baseline:exact_cache,2,1,18312,0,0,0,0,0,0,not_measured,0,0,0,0,0,0,1,false,,,0
api-service,noise,noise_469,494,warm,baseline:exact_cache,2,1,12937,0,0,0,0,0,0,not_measured,0,0,0,0,0,0,1,false,,,0
api-service,noise,noise_470,495,warm,baseline:exact_cache,2,1,35973,0,0,0,0,0,0,not_measured,0,0,0,0,0,0,1,false,,,0
api-service,noise,noise_471,496,warm,baseline:exact_cache,2,1,4118516,0,0,0,0,0,0,not_measured,0,0,0,0,0,0,1,false,,,0
api-service,noise,noise_472,497,warm,baseline:exact_cache,2,1,2852318,0,0,0,0,0,0,not_measured,0,0,2,0,0,0,1,false,,,0
api-service,noise,noise_473,498,warm,baseline:exact_cache,2,1,3055429,0,0,0,0,0,0,not_measured,0,2,0,0,0,0,1,false,,,0
api-service,noise,noise_474,499,warm,baseline:exact_cache,2,1,4980467,0,0,0,0,0,0,not_measured,2,0,0,0,0,0,1,false,,,0
api-service,noise,noise_475,500,warm,baseline:exact_cache,2,1,11389,0,0,0,0,0,0,not_measured,0,0,0,0,0,0,1,false,,,0
api-service,noise,noise_476,501,warm,baseline:exact_cache,2,1,203416,0,0,0,0,0,0,not_measured,0,0,0,0,0,0,1,false,,,0
api-service,noise,noise_477,502,warm,baseline:exact_cache,2,1,22836,0,0,0,0,0,0,not_measured,0,0,0,0,0,0,1,false,,,0
api-service,noise,noise_478,503,warm,baseline:exact_cache,3,1,20927,0,0,0,0,0,0,not_measured,0,0,0,0,0,0,1,false,,,0
api-service,noise,noise_479,504,warm,baseline:exact_cache,3,1,13459,0,0,0,0,0,0,not_measured,0,0,0,0,0,0,1,false,,,0
api-service,noise,noise_480,505,warm,baseline:exact_cache,3,1,42167,0,0,0,0,0,0,not_measured,0,0,0,0,0,0,1,false,,,0
api-service,noise,noise_481,506,warm,baseline:exact_cache,3,1,6446988,0,0,0,0,0,0,not_measured,0,0,0,0,0,0,1,false,,,0
api-service,noise,noise_482,507,warm,baseline:exact_cache,3,1,6398097,0,0,0,0,0,0,not_measured,0,0,3,0,0,0,1,false,,,0
api-service,noise,noise_483,508,warm,baseline:exact_cache,3,1,4885727,0,0,0,0,0,0,not_measured,0,3,0,0,0,0,1,false,,,0
api-service,noise,noise_484,509,warm,baseline:exact_cache,3,1,6134777,0,0,0,0,0,0,not_measured,3,0,0,0,0,0,1,false,,,0
api-service,noise,noise_485,510,warm,baseline:exact_cache,3,1,12115,0,0,0,0,0,0,not_measured,0,0,0,0,0,0,1,false,,,0
api-service,noise,noise_486,511,warm,baseline:exact_cache,3,1,298033,0,0,0,0,0,0,not_measured,0,0,0,0,0,0,1,false,,,0
api-service,noise,noise_487,512,warm,baseline:exact_cache,3,1,18818,0,0,0,0,0,0,not_measured,0,0,0,0,0,0,1,false,,,0
api-service,api_get_user,api_get_user_1,1,cold,baseline:checkpoint_replay,4,1,2341300,0,0,0,0,0,0,not_measured,0,0,1,0,0,0,1,false,,,0
api-service,session_touch,session_touch_2,2,cold,baseline:checkpoint_replay,3,1,22618,0,0,0,0,0,0,not_measured,0,0,0,0,0,0,1,false,,,0
api-service,api_get_user,api_get_user_3,3,warm,baseline:checkpoint_replay,4,1,2026535,0,0,0,0,0,0,not_measured,0,0,1,0,0,0,1,false,,,0
api-service,session_touch,session_touch_4,4,warm,baseline:checkpoint_replay,3,1,85764,0,0,0,0,0,0,not_measured,0,0,0,0,0,0,1,false,,,0
api-service,api_get_user,api_get_user_5,5,warm,baseline:checkpoint_replay,4,1,1978941,0,0,0,0,0,0,not_measured,0,0,1,0,0,0,1,false,,,0
api-service,session_touch,session_touch_6,6,warm,baseline:checkpoint_replay,3,1,138657,0,0,0,0,0,0,not_measured,0,0,0,0,0,0,1,false,,,0
api-service,api_get_user,api_get_user_7,7,warm,baseline:checkpoint_replay,4,1,1946772,0,0,0,0,0,0,not_measured,0,0,1,0,0,0,1,false,,,0
api-service,session_touch,session_touch_8,8,warm,baseline:checkpoint_replay,3,1,72642,0,0,0,0,0,0,not_measured,0,0,0,0,0,0,1,false,,,0
api-service,api_get_user,api_get_user_9,9,warm,baseline:checkpoint_replay,4,1,2066102,0,0,0,0,0,0,not_measured,0,0,1,0,0,0,1,false,,,0
api-service,session_touch,session_touch_10,10,warm,baseline:checkpoint_replay,3,1,78536,0,0,0,0,0,0,not_measured,0,0,0,0,0,0,1,false,,,0
api-service,api_get_user,api_get_user_11,11,warm,baseline:checkpoint_replay,4,1,2026822,0,0,0,0,0,0,not_measured,0,0,1,0,0,0,1,false,,,0
api-service,session_touch,session_touch_12,12,warm,baseline:checkpoint_replay,3,1,75808,0,0,0,0,0,0,not_measured,0,0,0,0,0,0,1,false,,,0
api-service,api_get_user,api_get_user_13,13,warm,baseline:checkpoint_replay,4,1,2103468,0,0,0,0,0,0,not_measured,0,0,1,0,0,0,1,false,,,0
api-service,session_touch,session_touch_14,14,warm,baseline:checkpoint_replay,3,1,73327,0,0,0,0,0,0,not_measured,0,0,0,0,0,0,1,false,,,0
api-service,api_get_user,api_get_user_15,15,warm,baseline:checkpoint_replay,4,1,2031531,0,0,0,0,0,0,not_measured,0,0,1,0,0,0,1,false,,,0
api-service,session_touch,session_touch_16,16,warm,baseline:checkpoint_replay,3,1,71760,0,0,0,0,0,0,not_measured,0,0,0,0,0,0,1,false,,,0
api-service,api_get_user,api_get_user_17,17,warm,baseline:checkpoint_replay,4,1,2136133,0,0,0,0,0,0,not_measured,0,0,1,0,0,0,1,false,,,0
api-service,session_touch,session_touch_18,18,warm,baseline:checkpoint_replay,3,1,122479,0,0,0,0,0,0,not_measured,0,0,0,0,0,0,1,false,,,0
api-service,api_get_user,api_get_user_19,19,warm,baseline:checkpoint_replay,4,1,1960706,0,0,0,0,0,0,not_measured,0,0,1,0,0,0,1,false,,,0
api-service,session_touch,session_touch_20,20,warm,baseline:checkpoint_replay,3,1,125360,0,0,0,0,0,0,not_measured,0,0,0,0,0,0,1,false,,,0
api-service,api_get_user,api_get_user_21,21,warm,baseline:checkpoint_replay,4,1,1979718,0,0,0,0,0,0,not_measured,0,0,1,0,0,0,1,false,,,0
api-service,session_touch,session_touch_22,22,warm,baseline:checkpoint_replay,3,1,73570,0,0,0,0,0,0,not_measured,0,0,0,0,0,0,1,false,,,0
api-service,api_get_user,api_get_user_23,23,warm,baseline:checkpoint_replay,4,1,2059706,0,0,0,0,0,0,not_measured,0,0,1,0,0,0,1,false,,,0
api-service,session_touch,session_touch_24,24,warm,baseline:checkpoint_replay,3,1,69450,0,0,0,0,0,0,not_measured,0,0,0,0,0,0,1,false,,,0
api-service,api_get_user,api_get_user_25,25,warm,baseline:checkpoint_replay,4,1,2148887,0,0,0,0,0,0,not_measured,0,0,1,0,0,0,1,false,,,0
api-service,session_touch,session_touch_26,26,warm,baseline:checkpoint_replay,3,1,98345,0,0,0,0,0,0,not_measured,0,0,0,0,0,0,1,false,,,0
api-service,api_get_user,api_get_user_27,27,warm,baseline:checkpoint_replay,4,1,1879141,0,0,0,0,0,0,not_measured,0,0,1,0,0,0,1,false,,,0
api-service,session_touch,session_touch_28,28,warm,baseline:checkpoint_replay,3,1,77889,0,0,0,0,0,0,not_measured,0,0,0,0,0,0,1,false,,,0
api-service,api_get_user,api_get_user_29,29,warm,baseline:checkpoint_replay,4,1,2029951,0,0,0,0,0,0,not_measured,0,0,1,0,0,0,1,false,,,0
api-service,session_touch,session_touch_30,30,warm,baseline:checkpoint_replay,3,1,72772,0,0,0,0,0,0,not_measured,0,0,0,0,0,0,1,false,,,0
api-service,api_get_user,api_get_user_31,31,warm,baseline:checkpoint_replay,4,1,2133576,0,0,0,0,0,0,not_measured,0,0,1,0,0,0,1,false,,,0
api-service,session_touch,session_touch_32,32,warm,baseline:checkpoint_replay,3,1,75053,0,0,0,0,0,0,not_measured,0,0,0,0,0,0,1,false,,,0
api-service,api_get_user,api_get_user_33,33,warm,baseline:checkpoint_replay,4,1,1939531,0,0,0,0,0,0,not_measured,0,0,1,0,0,0,1,false,,,0
api-service,session_touch,session_touch_34,34,warm,baseline:checkpoint_replay,3,1,576005,0,0,0,0,0,0,not_measured,0,0,0,0,0,0,1,false,,,0
api-service,api_get_user,api_get_user_35,35,warm,baseline:checkpoint_replay,4,1,1495885,0,0,0,0,0,0,not_measured,0,0,1,0,0,0,1,false,,,0
api-service,session_touch,session_touch_36,36,warm,baseline:checkpoint_replay,3,1,80310,0,0,0,0,0,0,not_measured,0,0,0,0,0,0,1,false,,,0
api-service,api_get_user,api_get_user_37,37,warm,baseline:checkpoint_replay,4,1,2039633,0,0,0,0,0,0,not_measured,0,0,1,0,0,0,1,false,,,0
api-service,session_touch,session_touch_38,38,warm,baseline:checkpoint_replay,3,1,75096,0,0,0,0,0,0,not_measured,0,0,0,0,0,0,1,false,,,0
api-service,api_get_user,api_get_user_39,39,warm,baseline:checkpoint_replay,4,1,2038131,0,0,0,0,0,0,not_measured,0,0,1,0,0,0,1,false,,,0
api-service,session_touch,session_touch_40,40,warm,baseline:checkpoint_replay,3,1,71128,0,0,0,0,0,0,not_measured,0,0,0,0,0,0,1,false,,,0
api-service,api_get_user,api_get_user_41,41,warm,baseline:checkpoint_replay,4,1,2059611,0,0,0,0,0,0,not_measured,0,0,1,0,0,0,1,false,,,0
api-service,session_touch,session_touch_42,42,warm,baseline:checkpoint_replay,3,1,71482,0,0,0,0,0,0,not_measured,0,0,0,0,0,0,1,false,,,0
api-service,api_get_user,api_get_user_43,43,warm,baseline:checkpoint_replay,4,1,2101021,0,0,0,0,0,0,not_measured,0,0,1,0,0,0,1,false,,,0
api-service,session_touch,session_touch_44,44,warm,baseline:checkpoint_replay,3,1,91971,0,0,0,0,0,0,not_measured,0,0,0,0,0,0,1,false,,,0
api-service,api_get_user,api_get_user_45,45,warm,baseline:checkpoint_replay,4,1,1945641,0,0,0,0,0,0,not_measured,0,0,1,0,0,0,1,false,,,0
api-service,session_touch,session_touch_46,46,warm,baseline:checkpoint_replay,3,1,76149,0,0,0,0,0,0,not_measured,0,0,0,0,0,0,1,false,,,0
api-service,api_get_user,api_get_user_47,47,warm,baseline:checkpoint_replay,4,1,1998902,0,0,0,0,0,0,not_measured,0,0,1,0,0,0,1,false,,,0
api-service,session_touch,session_touch_48,48,warm,baseline:checkpoint_replay,3,1,75133,0,0,0,0,0,0,not_measured,0,0,0,0,0,0,1,false,,,0
api-service,api_get_user,api_get_user_49,49,warm,baseline:checkpoint_replay,4,1,2036565,0,0,0,0,0,0,not_measured,0,0,1,0,0,0,1,false,,,0
api-service,session_touch,session_touch_50,50,warm,baseline:checkpoint_replay,3,1,69628,0,0,0,0,0,0,not_measured,0,0,0,0,0,0,1,false,,,0
api-service,api_get_user,api_get_user_51,51,warm,baseline:checkpoint_replay,4,1,2058651,0,0,0,0,0,0,not_measured,0,0,1,0,0,0,1,false,,,0
api-service,session_touch,session_touch_52,52,warm,baseline:checkpoint_replay,3,1,71094,0,0,0,0,0,0,not_measured,0,0,0,0,0,0,1,false,,,0
api-service,api_get_user,api_get_user_53,53,warm,baseline:checkpoint_replay,4,1,2082316,0,0,0,0,0,0,not_measured,0,0,1,0,0,0,1,false,,,0
api-service,session_touch,session_touch_54,54,warm,baseline:checkpoint_replay,3,1,68483,0,0,0,0,0,0,not_measured,0,0,0,0,0,0,1,false,,,0
api-service,api_get_user,api_get_user_55,55,warm,baseline:checkpoint_replay,4,1,2032531,0,0,0,0,0,0,not_measured,0,0,1,0,0,0,1,false,,,0
api-service,session_touch,session_touch_56,56,warm,baseline:checkpoint_replay,3,1,76496,0,0,0,0,0,0,not_measured,0,0,0,0,0,0,1,false,,,0
api-service,api_get_user,api_get_user_57,57,warm,baseline:checkpoint_replay,4,1,2085484,0,0,0,0,0,0,not_measured,0,0,1,0,0,0,1,false,,,0
api-service,session_touch,session_touch_58,58,warm,baseline:checkpoint_replay,3,1,92289,0,0,0,0,0,0,not_measured,0,0,0,0,0,0,1,false,,,0
api-service,api_get_user,api_get_user_59,59,warm,baseline:checkpoint_replay,4,1,2053300,0,0,0,0,0,0,not_measured,0,0,1,0,0,0,1,false,,,0
api-service,session_touch,session_touch_60,60,warm,baseline:checkpoint_replay,3,1,73512,0,0,0,0,0,0,not_measured,0,0,0,0,0,0,1,false,,,0
api-service,api_get_user,api_get_user_61,61,warm,baseline:checkpoint_replay,4,1,2037323,0,0,0,0,0,0,not_measured,0,0,1,0,0,0,1,false,,,0
api-service,session_touch,session_touch_62,62,warm,baseline:checkpoint_replay,3,1,67463,0,0,0,0,0,0,not_measured,0,0,0,0,0,0,1,false,,,0
api-service,api_get_user,api_get_user_63,63,warm,baseline:checkpoint_replay,4,1,2080127,0,0,0,0,0,0,not_measured,0,0,1,0,0,0,1,false,,,0
api-service,session_touch,session_touch_64,64,warm,baseline:checkpoint_replay,3,1,70492,0,0,0,0,0,0,not_measured,0,0,0,0,0,0,1,false,,,0
api-service,api_get_user,api_get_user_65,65,warm,baseline:checkpoint_replay,4,1,2055937,0,0,0,0,0,0,not_measured,0,0,1,0,0,0,1,false,,,0
api-service,session_touch,session_touch_66,66,warm,baseline:checkpoint_replay,3,1,71152,0,0,0,0,0,0,not_measured,0,0,0,0,0,0,1,false,,,0
api-service,api_get_user,api_get_user_67,67,warm,baseline:checkpoint_replay,4,1,2050769,0,0,0,0,0,0,not_measured,0,0,1,0,0,0,1,false,,,0
api-service,session_touch,session_touch_68,68,warm,baseline:checkpoint_replay,3,1,70846,0,0,0,0,0,0,not_measured,0,0,0,0,0,0,1,false,,,0
api-service,api_get_user,api_get_user_69,69,warm,baseline:checkpoint_replay,4,1,2055483,0,0,0,0,0,0,not_measured,0,0,1,0,0,0,1,false,,,0
api-service,session_touch,session_touch_70,70,warm,baseline:checkpoint_replay,3,1,68925,0,0,0,0,0,0,not_measured,0,0,0,0,0,0,1,false,,,0
api-service,api_get_user,api_get_user_71,71,warm,baseline:checkpoint_replay,4,1,2081525,0,0,0,0,0,0,not_measured,0,0,1,0,0,0,1,false,,,0
api-service,session_touch,session_touch_72,72,warm,baseline:checkpoint_replay,3,1,68738,0,0,0,0,0,0,not_measured,0,0,0,0,0,0,1,false,,,0
api-service,api_get_user,api_get_user_73,73,warm,baseline:checkpoint_replay,4,1,2073099,0,0,0,0,0,0,not_measured,0,0,1,0,0,0,1,false,,,0
api-service,session_touch,session_touch_74,74,warm,baseline:checkpoint_replay,3,1,91556,0,0,0,0,0,0,not_measured,0,0,0,0,0,0,1,false,,,0
api-service,api_get_user,api_get_user_75,75,warm,baseline:checkpoint_replay,4,1,2074113,0,0,0,0,0,0,not_measured,0,0,1,0,0,0,1,false,,,0
api-service,session_touch,session_touch_76,76,warm,baseline:checkpoint_replay,3,1,111656,0,0,0,0,0,0,not_measured,0,0,0,0,0,0,1,false,,,0
api-service,api_get_user,api_get_user_77,77,warm,baseline:checkpoint_replay,4,1,1927219,0,0,0,0,0,0,not_measured,0,0,1,0,0,0,1,false,,,0
api-service,session_touch,session_touch_78,78,warm,baseline:checkpoint_replay,3,1,80290,0,0,0,0,0,0,not_measured,0,0,0,0,0,0,1,false,,,0
api-service,api_get_user,api_get_user_79,79,warm,baseline:checkpoint_replay,4,1,2025475,0,0,0,0,0,0,not_measured,0,0,1,0,0,0,1,false,,,0
api-service,session_touch,session_touch_80,80,warm,baseline:checkpoint_replay,3,1,72900,0,0,0,0,0,0,not_measured,0,0,0,0,0,0,1,false,,,0
api-service,api_get_user,api_get_user_81,81,warm,baseline:checkpoint_replay,4,1,2092229,0,0,0,0,0,0,not_measured,0,0,1,0,0,0,1,false,,,0
api-service,session_touch,session_touch_82,82,warm,baseline:checkpoint_replay,3,1,99461,0,0,0,0,0,0,not_measured,0,0,0,0,0,0,1,false,,,0
api-service,api_get_user,api_get_user_83,83,warm,baseline:checkpoint_replay,4,1,1972107,0,0,0,0,0,0,not_measured,0,0,1,0,0,0,1,false,,,0
api-service,session_touch,session_touch_84,84,warm,baseline:checkpoint_replay,3,1,73377,0,0,0,0,0,0,not_measured,0,0,0,0,0,0,1,false,,,0
api-service,api_get_user,api_get_user_85,85,warm,baseline:checkpoint_replay,4,1,2114097,0,0,0,0,0,0,not_measured,0,0,1,0,0,0,1,false,,,0
api-service,session_touch,session_touch_86,86,warm,baseline:checkpoint_replay,3,1,81528,0,0,0,0,0,0,not_measured,0,0,0,0,0,0,1,false,,,0
api-service,api_get_user,api_get_user_87,87,warm,baseline:checkpoint_replay,4,1,2048376,0,0,0,0,0,0,not_measured,0,0,1,0,0,0,1,false,,,0
api-service,session_touch,session_touch_88,88,warm,baseline:checkpoint_replay,3,1,76015,0,0,0,0,0,0,not_measured,0,0,0,0,0,0,1,false,,,0
api-service,api_get_user,api_get_user_89,89,warm,baseline:checkpoint_replay,4,1,1999777,0,0,0,0,0,0,not_measured,0,0,1,0,0,0,1,false,,,0
api-service,session_touch,session_touch_90,90,warm,baseline:checkpoint_replay,3,1,71706,0,0,0,0,0,0,not_measured,0,0,0,0,0,0,1,false,,,0
report-worker,daily_report,daily_report_91,91,cold,baseline:checkpoint_replay,5,1,56562,0,0,0,0,0,0,not_measured,0,0,0,0,0,0,1,false,,,0
report-worker,archive_check,archive_check_92,92,cold,baseline:checkpoint_replay,3,1,2669274,0,0,0,0,0,0,not_measured,1,0,0,0,0,0,1,false,,,0
report-worker,daily_report,daily_report_93,93,warm,baseline:checkpoint_replay,5,1,62786,0,0,0,0,0,0,not_measured,0,0,0,0,0,0,1,false,,,0
report-worker,archive_check,archive_check_94,94,warm,baseline:checkpoint_replay,3,1,1873744,0,0,0,0,0,0,not_measured,1,0,0,0,0,0,1,false,,,0
report-worker,daily_report,daily_report_95,95,warm,baseline:checkpoint_replay,5,1,54965,0,0,0,0,0,0,not_measured,0,0,0,0,0,0,1,false,,,0
report-worker,archive_check,archive_check_96,96,warm,baseline:checkpoint_replay,3,1,1690014,0,0,0,0,0,0,not_measured,1,0,0,0,0,0,1,false,,,0
report-worker,daily_report,daily_report_97,97,warm,baseline:checkpoint_replay,5,1,46952,0,0,0,0,0,0,not_measured,0,0,0,0,0,0,1,false,,,0
report-worker,archive_check,archive_check_98,98,warm,baseline:checkpoint_replay,3,1,1740600,0,0,0,0,0,0,not_measured,1,0,0,0,0,0,1,false,,,0
report-worker,daily_report,daily_report_99,99,warm,baseline:checkpoint_replay,5,1,57103,0,0,0,0,0,0,not_measured,0,0,0,0,0,0,1,false,,,0
report-worker,archive_check,archive_check_100,100,warm,baseline:checkpoint_replay,3,1,1791334,0,0,0,0,0,0,not_measured,1,0,0,0,0,0,1,false,,,0
report-worker,daily_report,daily_report_101,101,warm,baseline:checkpoint_replay,5,1,46772,0,0,0,0,0,0,not_measured,0,0,0,0,0,0,1,false,,,0
report-worker,archive_check,archive_check_102,102,warm,baseline:checkpoint_replay,3,1,2352866,0,0,0,0,0,0,not_measured,1,0,0,0,0,0,1,false,,,0
report-worker,daily_report,daily_report_103,103,warm,baseline:checkpoint_replay,5,1,47759,0,0,0,0,0,0,not_measured,0,0,0,0,0,0,1,false,,,0
report-worker,archive_check,archive_check_104,104,warm,baseline:checkpoint_replay,3,1,2432132,0,0,0,0,0,0,not_measured,1,0,0,0,0,0,1,false,,,0
report-worker,daily_report,daily_report_105,105,warm,baseline:checkpoint_replay,5,1,49591,0,0,0,0,0,0,not_measured,0,0,0,0,0,0,1,false,,,0
report-worker,archive_check,archive_check_106,106,warm,baseline:checkpoint_replay,3,1,1633352,0,0,0,0,0,0,not_measured,1,0,0,0,0,0,1,false,,,0
report-worker,daily_report,daily_report_107,107,warm,baseline:checkpoint_replay,5,1,46808,0,0,0,0,0,0,not_measured,0,0,0,0,0,0,1,false,,,0
report-worker,archive_check,archive_check_108,108,warm,baseline:checkpoint_replay,3,1,1953495,0,0,0,0,0,0,not_measured,1,0,0,0,0,0,1,false,,,0
report-worker,daily_report,daily_report_109,109,warm,baseline:checkpoint_replay,5,1,43882,0,0,0,0,0,0,not_measured,0,0,0,0,0,0,1,false,,,0
report-worker,archive_check,archive_check_110,110,warm,baseline:checkpoint_replay,3,1,1823940,0,0,0,0,0,0,not_measured,1,0,0,0,0,0,1,false,,,0
report-worker,daily_report,daily_report_111,111,warm,baseline:checkpoint_replay,5,1,44720,0,0,0,0,0,0,not_measured,0,0,0,0,0,0,1,false,,,0
report-worker,archive_check,archive_check_112,112,warm,baseline:checkpoint_replay,3,1,1964116,0,0,0,0,0,0,not_measured,1,0,0,0,0,0,1,false,,,0
report-worker,daily_report,daily_report_113,113,warm,baseline:checkpoint_replay,5,1,60120,0,0,0,0,0,0,not_measured,0,0,0,0,0,0,1,false,,,0
report-worker,archive_check,archive_check_114,114,warm,baseline:checkpoint_replay,3,1,1767608,0,0,0,0,0,0,not_measured,1,0,0,0,0,0,1,false,,,0
report-worker,daily_report,daily_report_115,115,warm,baseline:checkpoint_replay,5,1,57153,0,0,0,0,0,0,not_measured,0,0,0,0,0,0,1,false,,,0
report-worker,archive_check,archive_check_116,116,warm,baseline:checkpoint_replay,3,1,1923782,0,0,0,0,0,0,not_measured,1,0,0,0,0,0,1,false,,,0
report-worker,daily_report,daily_report_117,117,warm,baseline:checkpoint_replay,5,1,56630,0,0,0,0,0,0,not_measured,0,0,0,0,0,0,1,false,,,0
report-worker,archive_check,archive_check_118,118,warm,baseline:checkpoint_replay,3,1,1762640,0,0,0,0,0,0,not_measured,1,0,0,0,0,0,1,false,,,0
report-worker,daily_report,daily_report_119,119,warm,baseline:checkpoint_replay,5,1,51754,0,0,0,0,0,0,not_measured,0,0,0,0,0,0,1,false,,,0
report-worker,archive_check,archive_check_120,120,warm,baseline:checkpoint_replay,3,1,2137419,0,0,0,0,0,0,not_measured,1,0,0,0,0,0,1,false,,,0
report-worker,daily_report,daily_report_121,121,warm,baseline:checkpoint_replay,5,1,44530,0,0,0,0,0,0,not_measured,0,0,0,0,0,0,1,false,,,0
report-worker,archive_check,archive_check_122,122,warm,baseline:checkpoint_replay,3,1,1781759,0,0,0,0,0,0,not_measured,1,0,0,0,0,0,1,false,,,0
report-worker,daily_report,daily_report_123,123,warm,baseline:checkpoint_replay,5,1,77730,0,0,0,0,0,0,not_measured,0,0,0,0,0,0,1,false,,,0
report-worker,archive_check,archive_check_124,124,warm,baseline:checkpoint_replay,3,1,1810980,0,0,0,0,0,0,not_measured,1,0,0,0,0,0,1,false,,,0
report-worker,daily_report,daily_report_125,125,warm,baseline:checkpoint_replay,5,1,44674,0,0,0,0,0,0,not_measured,0,0,0,0,0,0,1,false,,,0
report-worker,archive_check,archive_check_126,126,warm,baseline:checkpoint_replay,3,1,1814963,0,0,0,0,0,0,not_measured,1,0,0,0,0,0,1,false,,,0
report-worker,daily_report,daily_report_127,127,warm,baseline:checkpoint_replay,5,1,48590,0,0,0,0,0,0,not_measured,0,0,0,0,0,0,1,false,,,0
report-worker,archive_check,archive_check_128,128,warm,baseline:checkpoint_replay,3,1,2367482,0,0,0,0,0,0,not_measured,1,0,0,0,0,0,1,false,,,0
report-worker,daily_report,daily_report_129,129,warm,baseline:checkpoint_replay,5,1,108063,0,0,0,0,0,0,not_measured,0,0,0,0,0,0,1,false,,,0
report-worker,archive_check,archive_check_130,130,warm,baseline:checkpoint_replay,3,1,1896710,0,0,0,0,0,0,not_measured,1,0,0,0,0,0,1,false,,,0
report-worker,daily_report,daily_report_131,131,warm,baseline:checkpoint_replay,5,1,88373,0,0,0,0,0,0,not_measured,0,0,0,0,0,0,1,false,,,0
report-worker,archive_check,archive_check_132,132,warm,baseline:checkpoint_replay,3,1,1729909,0,0,0,0,0,0,not_measured,1,0,0,0,0,0,1,false,,,0
report-worker,daily_report,daily_report_133,133,warm,baseline:checkpoint_replay,5,1,60918,0,0,0,0,0,0,not_measured,0,0,0,0,0,0,1,false,,,0
report-worker,archive_check,archive_check_134,134,warm,baseline:checkpoint_replay,3,1,1688664,0,0,0,0,0,0,not_measured,1,0,0,0,0,0,1,false,,,0
report-worker,daily_report,daily_report_135,135,warm,baseline:checkpoint_replay,5,1,56818,0,0,0,0,0,0,not_measured,0,0,0,0,0,0,1,false,,,0
report-worker,archive_check,archive_check_136,136,warm,baseline:checkpoint_replay,3,1,1803566,0,0,0,0,0,0,not_measured,1,0,0,0,0,0,1,false,,,0
report-worker,daily_report,daily_report_137,137,warm,baseline:checkpoint_replay,5,1,54624,0,0,0,0,0,0,not_measured,0,0,0,0,0,0,1,false,,,0
report-worker,archive_check,archive_check_138,138,warm,baseline:checkpoint_replay,3,1,2196171,0,0,0,0,0,0,not_measured,1,0,0,0,0,0,1,false,,,0
report-worker,daily_report,daily_report_139,139,warm,baseline:checkpoint_replay,5,1,85633,0,0,0,0,0,0,not_measured,0,0,0,0,0,0,1,false,,,0
report-worker,archive_check,archive_check_140,140,warm,baseline:checkpoint_replay,3,1,1947011,0,0,0,0,0,0,not_measured,1,0,0,0,0,0,1,false,,,0
report-worker,daily_report,daily_report_141,141,warm,baseline:checkpoint_replay,5,1,47478,0,0,0,0,0,0,not_measured,0,0,0,0,0,0,1,false,,,0
report-worker,archive_check,archive_check_142,142,warm,baseline:checkpoint_replay,3,1,1933563,0,0,0,0,0,0,not_measured,1,0,0,0,0,0,1,false,,,0
report-worker,daily_report,daily_report_143,143,warm,baseline:checkpoint_replay,5,1,46559,0,0,0,0,0,0,not_measured,0,0,0,0,0,0,1,false,,,0
report-worker,archive_check,archive_check_144,144,warm,baseline:checkpoint_replay,3,1,2152297,0,0,0,0,0,0,not_measured,1,0,0,0,0,0,1,false,,,0
report-worker,daily_report,daily_report_145,145,warm,baseline:checkpoint_replay,5,1,48418,0,0,0,0,0,0,not_measured,0,0,0,0,0,0,1,false,,,0
report-worker,archive_check,archive_check_146,146,warm,baseline:checkpoint_replay,3,1,2065943,0,0,0,0,0,0,not_measured,1,0,0,0,0,0,1,false,,,0
report-worker,daily_report,daily_report_147,147,warm,baseline:checkpoint_replay,5,1,50972,0,0,0,0,0,0,not_measured,0,0,0,0,0,0,1,false,,,0
report-worker,archive_check,archive_check_148,148,warm,baseline:checkpoint_replay,3,1,2046950,0,0,0,0,0,0,not_measured,1,0,0,0,0,0,1,false,,,0
report-worker,daily_report,daily_report_149,149,warm,baseline:checkpoint_replay,5,1,47646,0,0,0,0,0,0,not_measured,0,0,0,0,0,0,1,false,,,0
report-worker,archive_check,archive_check_150,150,warm,baseline:checkpoint_replay,3,1,1648636,0,0,0,0,0,0,not_measured,1,0,0,0,0,0,1,false,,,0
report-worker,daily_report,daily_report_151,151,warm,baseline:checkpoint_replay,5,1,46555,0,0,0,0,0,0,not_measured,0,0,0,0,0,0,1,false,,,0
report-worker,archive_check,archive_check_152,152,warm,baseline:checkpoint_replay,3,1,1968992,0,0,0,0,0,0,not_measured,1,0,0,0,0,0,1,false,,,0
report-worker,daily_report,daily_report_153,153,warm,baseline:checkpoint_replay,5,1,49200,0,0,0,0,0,0,not_measured,0,0,0,0,0,0,1,false,,,0
report-worker,archive_check,archive_check_154,154,warm,baseline:checkpoint_replay,3,1,1901626,0,0,0,0,0,0,not_measured,1,0,0,0,0,0,1,false,,,0
report-worker,daily_report,daily_report_155,155,warm,baseline:checkpoint_replay,5,1,65036,0,0,0,0,0,0,not_measured,0,0,0,0,0,0,1,false,,,0
report-worker,archive_check,archive_check_156,156,warm,baseline:checkpoint_replay,3,1,2255214,0,0,0,0,0,0,not_measured,1,0,0,0,0,0,1,false,,,0
report-worker,daily_report,daily_report_157,157,warm,baseline:checkpoint_replay,5,1,50708,0,0,0,0,0,0,not_measured,0,0,0,0,0,0,1,false,,,0
report-worker,archive_check,archive_check_158,158,warm,baseline:checkpoint_replay,3,1,2097794,0,0,0,0,0,0,not_measured,1,0,0,0,0,0,1,false,,,0
report-worker,daily_report,daily_report_159,159,warm,baseline:checkpoint_replay,5,1,45897,0,0,0,0,0,0,not_measured,0,0,0,0,0,0,1,false,,,0
report-worker,archive_check,archive_check_160,160,warm,baseline:checkpoint_replay,3,1,2176855,0,0,0,0,0,0,not_measured,1,0,0,0,0,0,1,false,,,0
report-worker,daily_report,daily_report_161,161,warm,baseline:checkpoint_replay,5,1,48187,0,0,0,0,0,0,not_measured,0,0,0,0,0,0,1,false,,,0
report-worker,archive_check,archive_check_162,162,warm,baseline:checkpoint_replay,3,1,1743889,0,0,0,0,0,0,not_measured,1,0,0,0,0,0,1,false,,,0
report-worker,daily_report,daily_report_163,163,warm,baseline:checkpoint_replay,5,1,50177,0,0,0,0,0,0,not_measured,0,0,0,0,0,0,1,false,,,0
report-worker,archive_check,archive_check_164,164,warm,baseline:checkpoint_replay,3,1,1872048,0,0,0,0,0,0,not_measured,1,0,0,0,0,0,1,false,,,0
report-worker,daily_report,daily_report_165,165,warm,baseline:checkpoint_replay,5,1,51646,0,0,0,0,0,0,not_measured,0,0,0,0,0,0,1,false,,,0
report-worker,archive_check,archive_check_166,166,warm,baseline:checkpoint_replay,3,1,2008520,0,0,0,0,0,0,not_measured,1,0,0,0,0,0,1,false,,,0
report-worker,daily_report,daily_report_167,167,warm,baseline:checkpoint_replay,5,1,92482,0,0,0,0,0,0,not_measured,0,0,0,0,0,0,1,false,,,0
report-worker,archive_check,archive_check_168,168,warm,baseline:checkpoint_replay,3,1,2024293,0,0,0,0,0,0,not_measured,1,0,0,0,0,0,1,false,,,0
report-worker,daily_report,daily_report_169,169,warm,baseline:checkpoint_replay,5,1,49015,0,0,0,0,0,0,not_measured,0,0,0,0,0,0,1,false,,,0
report-worker,archive_check,archive_check_170,170,warm,baseline:checkpoint_replay,3,1,1914395,0,0,0,0,0,0,not_measured,1,0,0,0,0,0,1,false,,,0
build-worker,checksum_artifact,checksum_artifact_171,171,cold,baseline:checkpoint_replay,3,1,1954242,0,0,0,0,0,0,not_measured,1,0,0,0,0,0,1,false,,,0
build-worker,stage_output,stage_output_172,172,cold,baseline:checkpoint_replay,5,1,54670,0,0,0,0,0,0,not_measured,0,0,0,0,0,0,1,false,,,0
build-worker,checksum_artifact,checksum_artifact_173,173,warm,baseline:checkpoint_replay,3,1,2013443,0,0,0,0,0,0,not_measured,1,0,0,0,0,0,1,false,,,0
build-worker,stage_output,stage_output_174,174,warm,baseline:checkpoint_replay,5,1,45213,0,0,0,0,0,0,not_measured,0,0,0,0,0,0,1,false,,,0
build-worker,checksum_artifact,checksum_artifact_175,175,warm,baseline:checkpoint_replay,3,1,1990671,0,0,0,0,0,0,not_measured,1,0,0,0,0,0,1,false,,,0
build-worker,stage_output,stage_output_176,176,warm,baseline:checkpoint_replay,5,1,44551,0,0,0,0,0,0,not_measured,0,0,0,0,0,0,1,false,,,0
build-worker,checksum_artifact,checksum_artifact_177,177,warm,baseline:checkpoint_replay,3,1,1816423,0,0,0,0,0,0,not_measured,1,0,0,0,0,0,1,false,,,0
build-worker,stage_output,stage_output_178,178,warm,baseline:checkpoint_replay,5,1,53478,0,0,0,0,0,0,not_measured,0,0,0,0,0,0,1,false,,,0
build-worker,checksum_artifact,checksum_artifact_179,179,warm,baseline:checkpoint_replay,3,1,1932228,0,0,0,0,0,0,not_measured,1,0,0,0,0,0,1,false,,,0
build-worker,stage_output,stage_output_180,180,warm,baseline:checkpoint_replay,5,1,49239,0,0,0,0,0,0,not_measured,0,0,0,0,0,0,1,false,,,0
build-worker,checksum_artifact,checksum_artifact_181,181,warm,baseline:checkpoint_replay,3,1,1647208,0,0,0,0,0,0,not_measured,1,0,0,0,0,0,1,false,,,0
build-worker,stage_output,stage_output_182,182,warm,baseline:checkpoint_replay,5,1,47437,0,0,0,0,0,0,not_measured,0,0,0,0,0,0,1,false,,,0
build-worker,checksum_artifact,checksum_artifact_183,183,warm,baseline:checkpoint_replay,3,1,2125280,0,0,0,0,0,0,not_measured,1,0,0,0,0,0,1,false,,,0
build-worker,stage_output,stage_output_184,184,warm,baseline:checkpoint_replay,5,1,64103,0,0,0,0,0,0,not_measured,0,0,0,0,0,0,1,false,,,0
build-worker,checksum_artifact,checksum_artifact_185,185,warm,baseline:checkpoint_replay,3,1,1753862,0,0,0,0,0,0,not_measured,1,0,0,0,0,0,1,false,,,0
build-worker,stage_output,stage_output_186,186,warm,baseline:checkpoint_replay,5,1,117378,0,0,0,0,0,0,not_measured,0,0,0,0,0,0,1,false,,,0
build-worker,checksum_artifact,checksum_artifact_187,187,warm,baseline:checkpoint_replay,3,1,1875246,0,0,0,0,0,0,not_measured,1,0,0,0,0,0,1,false,,,0
build-worker,stage_output,stage_output_188,188,warm,baseline:checkpoint_replay,5,1,48090,0,0,0,0,0,0,not_measured,0,0,0,0,0,0,1,false,,,0
build-worker,checksum_artifact,checksum_artifact_189,189,warm,baseline:checkpoint_replay,3,1,1869130,0,0,0,0,0,0,not_measured,1,0,0,0,0,0,1,false,,,0
build-worker,stage_output,stage_output_190,190,warm,baseline:checkpoint_replay,5,1,47692,0,0,0,0,0,0,not_measured,0,0,0,0,0,0,1,false,,,0
build-worker,checksum_artifact,checksum_artifact_191,191,warm,baseline:checkpoint_replay,3,1,1840120,0,0,0,0,0,0,not_measured,1,0,0,0,0,0,1,false,,,0
build-worker,stage_output,stage_output_192,192,warm,baseline:checkpoint_replay,5,1,56135,0,0,0,0,0,0,not_measured,0,0,0,0,0,0,1,false,,,0
build-worker,checksum_artifact,checksum_artifact_193,193,warm,baseline:checkpoint_replay,3,1,2158099,0,0,0,0,0,0,not_measured,1,0,0,0,0,0,1,false,,,0
build-worker,stage_output,stage_output_194,194,warm,baseline:checkpoint_replay,5,1,76172,0,0,0,0,0,0,not_measured,0,0,0,0,0,0,1,false,,,0
build-worker,checksum_artifact,checksum_artifact_195,195,warm,baseline:checkpoint_replay,3,1,1912865,0,0,0,0,0,0,not_measured,1,0,0,0,0,0,1,false,,,0
build-worker,stage_output,stage_output_196,196,warm,baseline:checkpoint_replay,5,1,81690,0,0,0,0,0,0,not_measured,0,0,0,0,0,0,1,false,,,0
build-worker,checksum_artifact,checksum_artifact_197,197,warm,baseline:checkpoint_replay,3,1,1813578,0,0,0,0,0,0,not_measured,1,0,0,0,0,0,1,false,,,0
build-worker,stage_output,stage_output_198,198,warm,baseline:checkpoint_replay,5,1,144345,0,0,0,0,0,0,not_measured,0,0,0,0,0,0,1,false,,,0
build-worker,checksum_artifact,checksum_artifact_199,199,warm,baseline:checkpoint_replay,3,1,1782088,0,0,0,0,0,0,not_measured,1,0,0,0,0,0,1,false,,,0
build-worker,stage_output,stage_output_200,200,warm,baseline:checkpoint_replay,5,1,44958,0,0,0,0,0,0,not_measured,0,0,0,0,0,0,1,false,,,0
build-worker,checksum_artifact,checksum_artifact_201,201,warm,baseline:checkpoint_replay,3,1,2575401,0,0,0,0,0,0,not_measured,1,0,0,0,0,0,1,false,,,0
build-worker,stage_output,stage_output_202,202,warm,baseline:checkpoint_replay,5,1,52372,0,0,0,0,0,0,not_measured,0,0,0,0,0,0,1,false,,,0
build-worker,checksum_artifact,checksum_artifact_203,203,warm,baseline:checkpoint_replay,3,1,1924196,0,0,0,0,0,0,not_measured,1,0,0,0,0,0,1,false,,,0
build-worker,stage_output,stage_output_204,204,warm,baseline:checkpoint_replay,5,1,48282,0,0,0,0,0,0,not_measured,0,0,0,0,0,0,1,false,,,0
build-worker,checksum_artifact,checksum_artifact_205,205,warm,baseline:checkpoint_replay,3,1,2907532,0,0,0,0,0,0,not_measured,1,0,0,0,0,0,1,false,,,0
build-worker,stage_output,stage_output_206,206,warm,baseline:checkpoint_replay,5,1,66628,0,0,0,0,0,0,not_measured,0,0,0,0,0,0,1,false,,,0
build-worker,checksum_artifact,checksum_artifact_207,207,warm,baseline:checkpoint_replay,3,1,1880020,0,0,0,0,0,0,not_measured,1,0,0,0,0,0,1,false,,,0
build-worker,stage_output,stage_output_208,208,warm,baseline:checkpoint_replay,5,1,53592,0,0,0,0,0,0,not_measured,0,0,0,0,0,0,1,false,,,0
build-worker,checksum_artifact,checksum_artifact_209,209,warm,baseline:checkpoint_replay,3,1,2470878,0,0,0,0,0,0,not_measured,1,0,0,0,0,0,1,false,,,0
build-worker,stage_output,stage_output_210,210,warm,baseline:checkpoint_replay,5,1,122958,0,0,0,0,0,0,not_measured,0,0,0,0,0,0,1,false,,,0
build-worker,checksum_artifact,checksum_artifact_211,211,warm,baseline:checkpoint_replay,3,1,2120809,0,0,0,0,0,0,not_measured,1,0,0,0,0,0,1,false,,,0
build-worker,stage_output,stage_output_212,212,warm,baseline:checkpoint_replay,5,1,51808,0,0,0,0,0,0,not_measured,0,0,0,0,0,0,1,false,,,0
build-worker,checksum_artifact,checksum_artifact_213,213,warm,baseline:checkpoint_replay,3,1,1836001,0,0,0,0,0,0,not_measured,1,0,0,0,0,0,1,false,,,0
build-worker,stage_output,stage_output_214,214,warm,baseline:checkpoint_replay,5,1,323776,0,0,0,0,0,0,not_measured,0,0,0,0,0,0,1,false,,,0
build-worker,checksum_artifact,checksum_artifact_215,215,warm,baseline:checkpoint_replay,3,1,1677600,0,0,0,0,0,0,not_measured,1,0,0,0,0,0,1,false,,,0
build-worker,stage_output,stage_output_216,216,warm,baseline:checkpoint_replay,5,1,49432,0,0,0,0,0,0,not_measured,0,0,0,0,0,0,1,false,,,0
build-worker,checksum_artifact,checksum_artifact_217,217,warm,baseline:checkpoint_replay,3,1,1961352,0,0,0,0,0,0,not_measured,1,0,0,0,0,0,1,false,,,0
build-worker,stage_output,stage_output_218,218,warm,baseline:checkpoint_replay,5,1,47480,0,0,0,0,0,0,not_measured,0,0,0,0,0,0,1,false,,,0
build-worker,checksum_artifact,checksum_artifact_219,219,warm,baseline:checkpoint_replay,3,1,1749920,0,0,0,0,0,0,not_measured,1,0,0,0,0,0,1,false,,,0
build-worker,stage_output,stage_output_220,220,warm,baseline:checkpoint_replay,5,1,59250,0,0,0,0,0,0,not_measured,0,0,0,0,0,0,1,false,,,0
build-worker,checksum_artifact,checksum_artifact_221,221,warm,baseline:checkpoint_replay,3,1,1794054,0,0,0,0,0,0,not_measured,1,0,0,0,0,0,1,false,,,0
build-worker,stage_output,stage_output_222,222,warm,baseline:checkpoint_replay,5,1,47378,0,0,0,0,0,0,not_measured,0,0,0,0,0,0,1,false,,,0
build-worker,checksum_artifact,checksum_artifact_223,223,warm,baseline:checkpoint_replay,3,1,1901064,0,0,0,0,0,0,not_measured,1,0,0,0,0,0,1,false,,,0
build-worker,stage_output,stage_output_224,224,warm,baseline:checkpoint_replay,5,1,47503,0,0,0,0,0,0,not_measured,0,0,0,0,0,0,1,false,,,0
build-worker,checksum_artifact,checksum_artifact_225,225,warm,baseline:checkpoint_replay,3,1,1865666,0,0,0,0,0,0,not_measured,1,0,0,0,0,0,1,false,,,0
build-worker,stage_output,stage_output_226,226,warm,baseline:checkpoint_replay,5,1,48655,0,0,0,0,0,0,not_measured,0,0,0,0,0,0,1,false,,,0
build-worker,checksum_artifact,checksum_artifact_227,227,warm,baseline:checkpoint_replay,3,1,1796580,0,0,0,0,0,0,not_measured,1,0,0,0,0,0,1,false,,,0
build-worker,stage_output,stage_output_228,228,warm,baseline:checkpoint_replay,5,1,47334,0,0,0,0,0,0,not_measured,0,0,0,0,0,0,1,false,,,0
build-worker,checksum_artifact,checksum_artifact_229,229,warm,baseline:checkpoint_replay,3,1,1932373,0,0,0,0,0,0,not_measured,1,0,0,0,0,0,1,false,,,0
build-worker,stage_output,stage_output_230,230,warm,baseline:checkpoint_replay,5,1,94861,0,0,0,0,0,0,not_measured,0,0,0,0,0,0,1,false,,,0
build-worker,checksum_artifact,checksum_artifact_231,231,warm,baseline:checkpoint_replay,3,1,1883263,0,0,0,0,0,0,not_measured,1,0,0,0,0,0,1,false,,,0
build-worker,stage_output,stage_output_232,232,warm,baseline:checkpoint_replay,5,1,52519,0,0,0,0,0,0,not_measured,0,0,0,0,0,0,1,false,,,0
build-worker,checksum_artifact,checksum_artifact_233,233,warm,baseline:checkpoint_replay,3,1,2003021,0,0,0,0,0,0,not_measured,1,0,0,0,0,0,1,false,,,0
build-worker,stage_output,stage_output_234,234,warm,baseline:checkpoint_replay,5,1,49749,0,0,0,0,0,0,not_measured,0,0,0,0,0,0,1,false,,,0
build-worker,checksum_artifact,checksum_artifact_235,235,warm,baseline:checkpoint_replay,3,1,1702035,0,0,0,0,0,0,not_measured,1,0,0,0,0,0,1,false,,,0
build-worker,stage_output,stage_output_236,236,warm,baseline:checkpoint_replay,5,1,49013,0,0,0,0,0,0,not_measured,0,0,0,0,0,0,1,false,,,0
build-worker,checksum_artifact,checksum_artifact_237,237,warm,baseline:checkpoint_replay,3,1,1904151,0,0,0,0,0,0,not_measured,1,0,0,0,0,0,1,false,,,0
build-worker,stage_output,stage_output_238,238,warm,baseline:checkpoint_replay,5,1,48021,0,0,0,0,0,0,not_measured,0,0,0,0,0,0,1,false,,,0
build-worker,checksum_artifact,checksum_artifact_239,239,warm,baseline:checkpoint_replay,3,1,1822649,0,0,0,0,0,0,not_measured,1,0,0,0,0,0,1,false,,,0
build-worker,stage_output,stage_output_240,240,warm,baseline:checkpoint_replay,5,1,99754,0,0,0,0,0,0,not_measured,0,0,0,0,0,0,1,false,,,0
job-processor,dequeue_notify,dequeue_notify_241,241,cold,baseline:checkpoint_replay,4,1,675618,0,0,0,0,0,0,not_measured,0,1,0,0,0,0,1,false,,,0
job-processor,heartbeat,heartbeat_242,242,cold,baseline:checkpoint_replay,3,1,2154748,0,0,0,0,0,0,not_measured,0,0,0,0,0,0,1,false,,,0
job-processor,dequeue_notify,dequeue_notify_243,243,warm,baseline:checkpoint_replay,4,1,2061540,0,0,0,0,0,0,not_measured,0,1,0,0,0,0,1,false,,,0
job-processor,heartbeat,heartbeat_244,244,warm,baseline:checkpoint_replay,3,1,2427104,0,0,0,0,0,0,not_measured,0,0,0,0,0,0,1,false,,,0
job-processor,dequeue_notify,dequeue_notify_245,245,warm,baseline:checkpoint_replay,4,1,1749415,0,0,0,0,0,0,not_measured,0,1,0,0,0,0,1,false,,,0
job-processor,heartbeat,heartbeat_246,246,warm,baseline:checkpoint_replay,3,1,2161264,0,0,0,0,0,0,not_measured,0,0,0,0,0,0,1,false,,,0
job-processor,dequeue_notify,dequeue_notify_247,247,warm,baseline:checkpoint_replay,4,1,2045477,0,0,0,0,0,0,not_measured,0,1,0,0,0,0,1,false,,,0
job-processor,heartbeat,heartbeat_248,248,warm,baseline:checkpoint_replay,3,1,2133622,0,0,0,0,0,0,not_measured,0,0,0,0,0,0,1,false,,,0
job-processor,dequeue_notify,dequeue_notify_249,249,warm,baseline:checkpoint_replay,4,1,2037768,0,0,0,0,0,0,not_measured,0,1,0,0,0,0,1,false,,,0
job-processor,heartbeat,heartbeat_250,250,warm,baseline:checkpoint_replay,3,1,2107330,0,0,0,0,0,0,not_measured,0,0,0,0,0,0,1,false,,,0
job-processor,dequeue_notify,dequeue_notify_251,251,warm,baseline:checkpoint_replay,4,1,2109351,0,0,0,0,0,0,not_measured,0,1,0,0,0,0,1,false,,,0
job-processor,heartbeat,heartbeat_252,252,warm,baseline:checkpoint_replay,3,1,2122124,0,0,0,0,0,0,not_measured,0,0,0,0,0,0,1,false,,,0
job-processor,dequeue_notify,dequeue_notify_253,253,warm,baseline:checkpoint_replay,4,1,2057327,0,0,0,0,0,0,not_measured,0,1,0,0,0,0,1,false,,,0
job-processor,heartbeat,heartbeat_254,254,warm,baseline:checkpoint_replay,3,1,2141361,0,0,0,0,0,0,not_measured,0,0,0,0,0,0,1,false,,,0
job-processor,dequeue_notify,dequeue_notify_255,255,warm,baseline:checkpoint_replay,4,1,2041611,0,0,0,0,0,0,not_measured,0,1,0,0,0,0,1,false,,,0
job-processor,heartbeat,heartbeat_256,256,warm,baseline:checkpoint_replay,3,1,2104116,0,0,0,0,0,0,not_measured,0,0,0,0,0,0,1,false,,,0
job-processor,dequeue_notify,dequeue_notify_257,257,warm,baseline:checkpoint_replay,4,1,2107764,0,0,0,0,0,0,not_measured,0,1,0,0,0,0,1,false,,,0
job-processor,heartbeat,heartbeat_258,258,warm,baseline:checkpoint_replay,3,1,2123571,0,0,0,0,0,0,not_measured,0,0,0,0,0,0,1,false,,,0
job-processor,dequeue_notify,dequeue_notify_259,259,warm,baseline:checkpoint_replay,4,1,2032980,0,0,0,0,0,0,not_measured,0,1,0,0,0,0,1,false,,,0
job-processor,heartbeat,heartbeat_260,260,warm,baseline:checkpoint_replay,3,1,2251568,0,0,0,0,0,0,not_measured,0,0,0,0,0,0,1,false,,,0
job-processor,dequeue_notify,dequeue_notify_261,261,warm,baseline:checkpoint_replay,4,1,1965509,0,0,0,0,0,0,not_measured,0,1,0,0,0,0,1,false,,,0
job-processor,heartbeat,heartbeat_262,262,warm,baseline:checkpoint_replay,3,1,2131870,0,0,0,0,0,0,not_measured,0,0,0,0,0,0,1,false,,,0
job-processor,dequeue_notify,dequeue_notify_263,263,warm,baseline:checkpoint_replay,4,1,2102771,0,0,0,0,0,0,not_measured,0,1,0,0,0,0,1,false,,,0
job-processor,heartbeat,heartbeat_264,264,warm,baseline:checkpoint_replay,3,1,2179638,0,0,0,0,0,0,not_measured,0,0,0,0,0,0,1,false,,,0
job-processor,dequeue_notify,dequeue_notify_265,265,warm,baseline:checkpoint_replay,4,1,1996903,0,0,0,0,0,0,not_measured,0,1,0,0,0,0,1,false,,,0
job-processor,heartbeat,heartbeat_266,266,warm,baseline:checkpoint_replay,3,1,2162411,0,0,0,0,0,0,not_measured,0,0,0,0,0,0,1,false,,,0
job-processor,dequeue_notify,dequeue_notify_267,267,warm,baseline:checkpoint_replay,4,1,2044522,0,0,0,0,0,0,not_measured,0,1,0,0,0,0,1,false,,,0
job-processor,heartbeat,heartbeat_268,268,warm,baseline:checkpoint_replay,3,1,2101006,0,0,0,0,0,0,not_measured,0,0,0,0,0,0,1,false,,,0
job-processor,dequeue_notify,dequeue_notify_269,269,warm,baseline:checkpoint_replay,4,1,2082854,0,0,0,0,0,0,not_measured,0,1,0,0,0,0,1,false,,,0
job-processor,heartbeat,heartbeat_270,270,warm,baseline:checkpoint_replay,3,1,2125204,0,0,0,0,0,0,not_measured,0,0,0,0,0,0,1,false,,,0
job-processor,dequeue_notify,dequeue_notify_271,271,warm,baseline:checkpoint_replay,4,1,2077581,0,0,0,0,0,0,not_measured,0,1,0,0,0,0,1,false,,,0
job-processor,heartbeat,heartbeat_272,272,warm,baseline:checkpoint_replay,3,1,2101924,0,0,0,0,0,0,not_measured,0,0,0,0,0,0,1,false,,,0
job-processor,dequeue_notify,dequeue_notify_273,273,warm,baseline:checkpoint_replay,4,1,2104845,0,0,0,0,0,0,not_measured,0,1,0,0,0,0,1,false,,,0
job-processor,heartbeat,heartbeat_274,274,warm,baseline:checkpoint_replay,3,1,2122011,0,0,0,0,0,0,not_measured,0,0,0,0,0,0,1,false,,,0
job-processor,dequeue_notify,dequeue_notify_275,275,warm,baseline:checkpoint_replay,4,1,2073825,0,0,0,0,0,0,not_measured,0,1,0,0,0,0,1,false,,,0
job-processor,heartbeat,heartbeat_276,276,warm,baseline:checkpoint_replay,3,1,2126516,0,0,0,0,0,0,not_measured,0,0,0,0,0,0,1,false,,,0
job-processor,dequeue_notify,dequeue_notify_277,277,warm,baseline:checkpoint_replay,4,1,2053534,0,0,0,0,0,0,not_measured,0,1,0,0,0,0,1,false,,,0
job-processor,heartbeat,heartbeat_278,278,warm,baseline:checkpoint_replay,3,1,2099458,0,0,0,0,0,0,not_measured,0,0,0,0,0,0,1,false,,,0
job-processor,dequeue_notify,dequeue_notify_279,279,warm,baseline:checkpoint_replay,4,1,2090319,0,0,0,0,0,0,not_measured,0,1,0,0,0,0,1,false,,,0
job-processor,heartbeat,heartbeat_280,280,warm,baseline:checkpoint_replay,3,1,2153508,0,0,0,0,0,0,not_measured,0,0,0,0,0,0,1,false,,,0
job-processor,dequeue_notify,dequeue_notify_281,281,warm,baseline:checkpoint_replay,4,1,2032331,0,0,0,0,0,0,not_measured,0,1,0,0,0,0,1,false,,,0
job-processor,heartbeat,heartbeat_282,282,warm,baseline:checkpoint_replay,3,1,2176306,0,0,0,0,0,0,not_measured,0,0,0,0,0,0,1,false,,,0
job-processor,dequeue_notify,dequeue_notify_283,283,warm,baseline:checkpoint_replay,4,1,2009183,0,0,0,0,0,0,not_measured,0,1,0,0,0,0,1,false,,,0
job-processor,heartbeat,heartbeat_284,284,warm,baseline:checkpoint_replay,3,1,2118443,0,0,0,0,0,0,not_measured,0,0,0,0,0,0,1,false,,,0
job-processor,dequeue_notify,dequeue_notify_285,285,warm,baseline:checkpoint_replay,4,1,2103563,0,0,0,0,0,0,not_measured,0,1,0,0,0,0,1,false,,,0
job-processor,heartbeat,heartbeat_286,286,warm,baseline:checkpoint_replay,3,1,2115224,0,0,0,0,0,0,not_measured,0,0,0,0,0,0,1,false,,,0
job-processor,dequeue_notify,dequeue_notify_287,287,warm,baseline:checkpoint_replay,4,1,2055704,0,0,0,0,0,0,not_measured,0,1,0,0,0,0,1,false,,,0
job-processor,heartbeat,heartbeat_288,288,warm,baseline:checkpoint_replay,3,1,2184008,0,0,0,0,0,0,not_measured,0,0,0,0,0,0,1,false,,,0
job-processor,dequeue_notify,dequeue_notify_289,289,warm,baseline:checkpoint_replay,4,1,2008130,0,0,0,0,0,0,not_measured,0,1,0,0,0,0,1,false,,,0
job-processor,heartbeat,heartbeat_290,290,warm,baseline:checkpoint_replay,3,1,2113885,0,0,0,0,0,0,not_measured,0,0,0,0,0,0,1,false,,,0
job-processor,dequeue_notify,dequeue_notify_291,291,warm,baseline:checkpoint_replay,4,1,2068576,0,0,0,0,0,0,not_measured,0,1,0,0,0,0,1,false,,,0
job-processor,heartbeat,heartbeat_292,292,warm,baseline:checkpoint_replay,3,1,2088462,0,0,0,0,0,0,not_measured,0,0,0,0,0,0,1,false,,,0
job-processor,dequeue_notify,dequeue_notify_293,293,warm,baseline:checkpoint_replay,4,1,2129628,0,0,0,0,0,0,not_measured,0,1,0,0,0,0,1,false,,,0
job-processor,heartbeat,heartbeat_294,294,warm,baseline:checkpoint_replay,3,1,2154535,0,0,0,0,0,0,not_measured,0,0,0,0,0,0,1,false,,,0
job-processor,dequeue_notify,dequeue_notify_295,295,warm,baseline:checkpoint_replay,4,1,2027237,0,0,0,0,0,0,not_measured,0,1,0,0,0,0,1,false,,,0
job-processor,heartbeat,heartbeat_296,296,warm,baseline:checkpoint_replay,3,1,2160832,0,0,0,0,0,0,not_measured,0,0,0,0,0,0,1,false,,,0
job-processor,dequeue_notify,dequeue_notify_297,297,warm,baseline:checkpoint_replay,4,1,2050313,0,0,0,0,0,0,not_measured,0,1,0,0,0,0,1,false,,,0
job-processor,heartbeat,heartbeat_298,298,warm,baseline:checkpoint_replay,3,1,2155219,0,0,0,0,0,0,not_measured,0,0,0,0,0,0,1,false,,,0
job-processor,dequeue_notify,dequeue_notify_299,299,warm,baseline:checkpoint_replay,4,1,2053811,0,0,0,0,0,0,not_measured,0,1,0,0,0,0,1,false,,,0
job-processor,heartbeat,heartbeat_300,300,warm,baseline:checkpoint_replay,3,1,2345732,0,0,0,0,0,0,not_measured,0,0,0,0,0,0,1,false,,,0
job-processor,dequeue_notify,dequeue_notify_301,301,warm,baseline:checkpoint_replay,4,1,1855586,0,0,0,0,0,0,not_measured,0,1,0,0,0,0,1,false,,,0
job-processor,heartbeat,heartbeat_302,302,warm,baseline:checkpoint_replay,3,1,2152729,0,0,0,0,0,0,not_measured,0,0,0,0,0,0,1,false,,,0
job-processor,dequeue_notify,dequeue_notify_303,303,warm,baseline:checkpoint_replay,4,1,2016757,0,0,0,0,0,0,not_measured,0,1,0,0,0,0,1,false,,,0
job-processor,heartbeat,heartbeat_304,304,warm,baseline:checkpoint_replay,3,1,2423979,0,0,0,0,0,0,not_measured,0,0,0,0,0,0,1,false,,,0
job-processor,dequeue_notify,dequeue_notify_305,305,warm,baseline:checkpoint_replay,4,1,1851916,0,0,0,0,0,0,not_measured,0,1,0,0,0,0,1,false,,,0
job-processor,heartbeat,heartbeat_306,306,warm,baseline:checkpoint_replay,3,1,2321737,0,0,0,0,0,0,not_measured,0,0,0,0,0,0,1,false,,,0
job-processor,dequeue_notify,dequeue_notify_307,307,warm,baseline:checkpoint_replay,4,1,1793642,0,0,0,0,0,0,not_measured,0,1,0,0,0,0,1,false,,,0
job-processor,heartbeat,heartbeat_308,308,warm,baseline:checkpoint_replay,3,1,2126222,0,0,0,0,0,0,not_measured,0,0,0,0,0,0,1,false,,,0
job-processor,dequeue_notify,dequeue_notify_309,309,warm,baseline:checkpoint_replay,4,1,2102331,0,0,0,0,0,0,not_measured,0,1,0,0,0,0,1,false,,,0
job-processor,heartbeat,heartbeat_310,310,warm,baseline:checkpoint_replay,3,1,2148213,0,0,0,0,0,0,not_measured,0,0,0,0,0,0,1,false,,,0
job-processor,dequeue_notify,dequeue_notify_311,311,warm,baseline:checkpoint_replay,4,1,2021675,0,0,0,0,0,0,not_measured,0,1,0,0,0,0,1,false,,,0
job-processor,heartbeat,heartbeat_312,312,warm,baseline:checkpoint_replay,3,1,2366824,0,0,0,0,0,0,not_measured,0,0,0,0,0,0,1,false,,,0
job-processor,dequeue_notify,dequeue_notify_313,313,warm,baseline:checkpoint_replay,4,1,1688852,0,0,0,0,0,0,not_measured,0,1,0,0,0,0,1,false,,,0
job-processor,heartbeat,heartbeat_314,314,warm,baseline:checkpoint_replay,3,1,2181840,0,0,0,0,0,0,not_measured,0,0,0,0,0,0,1,false,,,0
job-processor,dequeue_notify,dequeue_notify_315,315,warm,baseline:checkpoint_replay,4,1,2022671,0,0,0,0,0,0,not_measured,0,1,0,0,0,0,1,false,,,0
job-processor,heartbeat,heartbeat_316,316,warm,baseline:checkpoint_replay,3,1,2105369,0,0,0,0,0,0,not_measured,0,0,0,0,0,0,1,false,,,0
job-processor,dequeue_notify,dequeue_notify_317,317,warm,baseline:checkpoint_replay,4,1,2106832,0,0,0,0,0,0,not_measured,0,1,0,0,0,0,1,false,,,0
job-processor,heartbeat,heartbeat_318,318,warm,baseline:checkpoint_replay,3,1,2105453,0,0,0,0,0,0,not_measured,0,0,0,0,0,0,1,false,,,0
job-processor,dequeue_notify,dequeue_notify_319,319,warm,baseline:checkpoint_replay,4,1,2099394,0,0,0,0,0,0,not_measured,0,1,0,0,0,0,1,false,,,0
job-processor,heartbeat,heartbeat_320,320,warm,baseline:checkpoint_replay,3,1,2227925,0,0,0,0,0,0,not_measured,0,0,0,0,0,0,1,false,,,0
report-worker,daily_report,daily_report_321,321,warm,baseline:checkpoint_replay,6,1,138075,0,0,0,0,0,0,not_measured,0,0,0,0,0,0,1,false,,,0
report-worker,daily_report,daily_report_322,322,warm,baseline:checkpoint_replay,6,1,60024,0,0,0,0,0,0,not_measured,0,0,0,0,0,0,1,false,,,0
report-worker,daily_report,daily_report_323,323,warm,baseline:checkpoint_replay,6,1,52518,0,0,0,0,0,0,not_measured,0,0,0,0,0,0,1,false,,,0
report-worker,daily_report,daily_report_324,324,warm,baseline:checkpoint_replay,6,1,46740,0,0,0,0,0,0,not_measured,0,0,0,0,0,0,1,false,,,0
report-worker,daily_report,daily_report_325,325,warm,baseline:checkpoint_replay,6,1,45469,0,0,0,0,0,0,not_measured,0,0,0,0,0,0,1,false,,,0
report-worker,daily_report,daily_report_326,326,warm,baseline:checkpoint_replay,6,1,45859,0,0,0,0,0,0,not_measured,0,0,0,0,0,0,1,false,,,0
report-worker,daily_report,daily_report_327,327,warm,baseline:checkpoint_replay,6,1,43657,0,0,0,0,0,0,not_measured,0,0,0,0,0,0,1,false,,,0
report-worker,daily_report,daily_report_328,328,warm,baseline:checkpoint_replay,6,1,50003,0,0,0,0,0,0,not_measured,0,0,0,0,0,0,1,false,,,0
report-worker,daily_report,daily_report_329,329,warm,baseline:checkpoint_replay,6,1,44367,0,0,0,0,0,0,not_measured,0,0,0,0,0,0,1,false,,,0
report-worker,daily_report,daily_report_330,330,warm,baseline:checkpoint_replay,6,1,43287,0,0,0,0,0,0,not_measured,0,0,0,0,0,0,1,false,,,0
report-worker,daily_report,daily_report_331,331,warm,baseline:checkpoint_replay,6,1,45486,0,0,0,0,0,0,not_measured,0,0,0,0,0,0,1,false,,,0
report-worker,daily_report,daily_report_332,332,warm,baseline:checkpoint_replay,6,1,119267,0,0,0,0,0,0,not_measured,0,0,0,0,0,0,1,false,,,0
report-worker,daily_report,daily_report_333,333,warm,baseline:checkpoint_replay,5,1,48194,0,0,0,0,0,0,not_measured,0,0,0,0,0,0,1,false,,,0
report-worker,daily_report,daily_report_334,334,warm,baseline:checkpoint_replay,5,1,38733,0,0,0,0,0,0,not_measured,0,0,0,0,0,0,1,false,,,0
report-worker,daily_report,daily_report_335,335,warm,baseline:checkpoint_replay,5,1,38793,0,0,0,0,0,0,not_measured,0,0,0,0,0,0,1,false,,,0
report-worker,daily_report,daily_report_336,336,warm,baseline:checkpoint_replay,5,1,45159,0,0,0,0,0,0,not_measured,0,0,0,0,0,0,1,false,,,0
report-worker,daily_report,daily_report_337,337,warm,baseline:checkpoint_replay,5,1,43376,0,0,0,0,0,0,not_measured,0,0,0,0,0,0,1,false,,,0
report-worker,daily_report,daily_report_338,338,warm,baseline:checkpoint_replay,5,1,97392,0,0,0,0,0,0,not_measured,0,0,0,0,0,0,1,false,,,0
report-worker,daily_report,daily_report_339,339,warm,baseline:checkpoint_replay,5,1,53740,0,0,0,0,0,0,not_measured,0,0,0,0,0,0,1,false,,,0
report-worker,daily_report,daily_report_340,340,warm,baseline:checkpoint_replay,5,1,41150,0,0,0,0,0,0,not_measured,0,0,0,0,0,0,1,false,,,0
report-worker,daily_report,daily_report_341,341,warm,baseline:checkpoint_replay,5,1,42726,0,0,0,0,0,0,not_measured,0,0,0,0,0,0,1,false,,,0
report-worker,daily_report,daily_report_342,342,warm,baseline:checkpoint_replay,5,1,39717,0,0,0,0,0,0,not_measured,0,0,0,0,0,0,1,false,,,0
report-worker,daily_report,daily_report_343,343,warm,baseline:checkpoint_replay,5,1,47473,0,0,0,0,0,0,not_measured,0,0,0,0,0,0,1,false,,,0
report-worker,daily_report,daily_report_344,344,warm,baseline:checkpoint_replay,5,1,41700,0,0,0,0,0,0,not_measured,0,0,0,0,0,0,1,false,,,0
report-worker,daily_report,daily_report_345,345,warm,baseline:checkpoint_replay,5,1,38261,0,0,0,0,0,0,not_measured,0,0,0,0,0,0,1,false,,,0
report-worker,daily_report,daily_report_346,346,warm,baseline:checkpoint_replay,5,1,43781,0,0,0,0,0,0,not_measured,0,0,0,0,0,0,1,false,,,0
report-worker,daily_report,daily_report_347,347,warm,baseline:checkpoint_replay,5,1,40559,0,0,0,0,0,0,not_measured,0,0,0,0,0,0,1,false,,,0
api-service,api_get_user,api_get_user_348,348,warm,baseline:checkpoint_replay,4,1,899472,0,0,0,0,0,0,not_measured,0,0,1,0,0,0,1,false,,,0
api-service,session_touch,session_touch_349,349,warm,baseline:checkpoint_replay,3,1,136542,0,0,0,0,0,0,not_measured,0,0,0,0,0,0,1,false,,,0
api-service,api_get_user,api_get_user_350,350,warm,baseline:checkpoint_replay,4,1,1975535,0,0,0,0,0,0,not_measured,0,0,1,0,0,0,1,false,,,0
api-service,session_touch,session_touch_351,351,warm,baseline:checkpoint_replay,3,1,82056,0,0,0,0,0,0,not_measured,0,0,0,0,0,0,1,false,,,0
api-service,api_get_user,api_get_user_352,352,warm,baseline:checkpoint_replay,4,1,2021641,0,0,0,0,0,0,not_measured,0,0,1,0,0,0,1,false,,,0
api-service,session_touch,session_touch_353,353,warm,baseline:checkpoint_replay,3,1,82449,0,0,0,0,0,0,not_measured,0,0,0,0,0,0,1,false,,,0
api-service,api_get_user,api_get_user_354,354,warm,baseline:checkpoint_replay,4,1,2095670,0,0,0,0,0,0,not_measured,0,0,1,0,0,0,1,false,,,0
api-service,session_touch,session_touch_355,355,warm,baseline:checkpoint_replay,3,1,95910,0,0,0,0,0,0,not_measured,0,0,0,0,0,0,1,false,,,0
api-service,api_get_user,api_get_user_356,356,warm,baseline:checkpoint_replay,4,1,1991284,0,0,0,0,0,0,not_measured,0,0,1,0,0,0,1,false,,,0
api-service,session_touch,session_touch_357,357,warm,baseline:checkpoint_replay,3,1,87833,0,0,0,0,0,0,not_measured,0,0,0,0,0,0,1,false,,,0
api-service,api_get_user,api_get_user_358,358,warm,baseline:checkpoint_replay,4,1,2009685,0,0,0,0,0,0,not_measured,0,0,1,0,0,0,1,false,,,0
api-service,session_touch,session_touch_359,359,warm,baseline:checkpoint_replay,3,1,80583,0,0,0,0,0,0,not_measured,0,0,0,0,0,0,1,false,,,0
api-service,api_get_user,api_get_user_360,360,warm,baseline:checkpoint_replay,4,1,2038528,0,0,0,0,0,0,not_measured,0,0,1,0,0,0,1,false,,,0
api-service,session_touch,session_touch_361,361,warm,baseline:checkpoint_replay,3,1,93089,0,0,0,0,0,0,not_measured,0,0,0,0,0,0,1,false,,,0
api-service,api_get_user,api_get_user_362,362,warm,baseline:checkpoint_replay,4,1,2150975,0,0,0,0,0,0,not_measured,0,0,1,0,0,0,1,false,,,0
api-service,session_touch,session_touch_363,363,warm,baseline:checkpoint_replay,3,1,177329,0,0,0,0,0,0,not_measured,0,0,0,0,0,0,1,false,,,0
api-service,api_get_user,api_get_user_364,364,warm,baseline:checkpoint_replay,4,1,1851448,0,0,0,0,0,0,not_measured,0,0,1,0,0,0,1,false,,,0
api-service,session_touch,session_touch_365,365,warm,baseline:checkpoint_replay,3,1,92184,0,0,0,0,0,0,not_measured,0,0,0,0,0,0,1,false,,,0
api-service,api_get_user,api_get_user_366,366,warm,baseline:checkpoint_replay,4,1,2020692,0,0,0,0,0,0,not_measured,0,0,1,0,0,0,1,false,,,0
api-service,session_touch,session_touch_367,367,warm,baseline:checkpoint_replay,3,1,89550,0,0,0,0,0,0,not_measured,0,0,0,0,0,0,1,false,,,0
api-service,api_get_user,api_get_user_368,368,warm,baseline:checkpoint_replay,4,1,2026715,0,0,0,0,0,0,not_measured,0,0,1,0,0,0,1,false,,,0
api-service,session_touch,session_touch_369,369,warm,baseline:checkpoint_replay,3,1,91878,0,0,0,0,0,0,not_measured,0,0,0,0,0,0,1,false,,,0
api-service,api_get_user,api_get_user_370,370,warm,baseline:checkpoint_replay,4,1,2034111,0,0,0,0,0,0,not_measured,0,0,1,0,0,0,1,false,,,0
api-service,session_touch,session_touch_371,371,warm,baseline:checkpoint_replay,3,1,99852,0,0,0,0,0,0,not_measured,0,0,0,0,0,0,1,false,,,0
api-service,api_get_user,api_get_user_372,372,warm,baseline:checkpoint_replay,4,1,2053238,0,0,0,0,0,0,not_measured,0,0,1,0,0,0,1,false,,,0
api-service,session_touch,session_touch_373,373,warm,baseline:checkpoint_replay,3,1,90049,0,0,0,0,0,0,not_measured,0,0,0,0,0,0,1,false,,,0
api-service,api_get_user,api_get_user_374,374,warm,baseline:checkpoint_replay,4,1,2007163,0,0,0,0,0,0,not_measured,0,0,1,0,0,0,1,false,,,0
api-service,session_touch,session_touch_375,375,warm,baseline:checkpoint_replay,3,1,81932,0,0,0,0,0,0,not_measured,0,0,0,0,0,0,1,false,,,0
api-service,api_get_user,api_get_user_376,376,warm,baseline:checkpoint_replay,4,1,2115744,0,0,0,0,0,0,not_measured,0,0,1,0,0,0,1,false,,,0
api-service,session_touch,session_touch_377,377,warm,baseline:checkpoint_replay,3,1,87284,0,0,0,0,0,0,not_measured,0,0,0,0,0,0,1,false,,,0
report-worker,daily_report,daily_report_378,378,warm,baseline:checkpoint_replay,5,1,84259,0,0,0,0,0,0,not_measured,0,0,0,0,0,0,1,false,,,0
report-worker,archive_check,archive_check_379,379,warm,baseline:checkpoint_replay,3,1,2289996,0,0,0,0,0,0,not_measured,1,0,0,0,0,0,1,false,,,0
report-worker,daily_report,daily_report_380,380,warm,baseline:checkpoint_replay,5,1,62412,0,0,0,0,0,0,not_measured,0,0,0,0,0,0,1,false,,,0
report-worker,archive_check,archive_check_381,381,warm,baseline:checkpoint_replay,3,1,2400549,0,0,0,0,0,0,not_measured,1,0,0,0,0,0,1,false,,,0
report-worker,daily_report,daily_report_382,382,warm,baseline:checkpoint_replay,5,1,72547,0,0,0,0,0,0,not_measured,0,0,0,0,0,0,1,false,,,0
report-worker,archive_check,archive_check_383,383,warm,baseline:checkpoint_replay,3,1,1745828,0,0,0,0,0,0,not_measured,1,0,0,0,0,0,1,false,,,0
report-worker,daily_report,daily_report_384,384,warm,baseline:checkpoint_replay,5,1,88758,0,0,0,0,0,0,not_measured,0,0,0,0,0,0,1,false,,,0
report-worker,archive_check,archive_check_385,385,warm,baseline:checkpoint_replay,3,1,2142020,0,0,0,0,0,0,not_measured,1,0,0,0,0,0,1,false,,,0
report-worker,daily_report,daily_report_386,386,warm,baseline:checkpoint_replay,5,1,78951,0,0,0,0,0,0,not_measured,0,0,0,0,0,0,1,false,,,0
report-worker,archive_check,archive_check_387,387,warm,baseline:checkpoint_replay,3,1,1946458,0,0,0,0,0,0,not_measured,1,0,0,0,0,0,1,false,,,0
report-worker,daily_report,daily_report_388,388,warm,baseline:checkpoint_replay,5,1,56983,0,0,0,0,0,0,not_measured,0,0,0,0,0,0,1,false,,,0
report-worker,archive_check,archive_check_389,389,warm,baseline:checkpoint_replay,3,1,1849896,0,0,0,0,0,0,not_measured,1,0,0,0,0,0,1,false,,,0
report-worker,daily_report,daily_report_390,390,warm,baseline:checkpoint_replay,5,1,51957,0,0,0,0,0,0,not_measured,0,0,0,0,0,0,1,false,,,0
report-worker,archive_check,archive_check_391,391,warm,baseline:checkpoint_replay,3,1,1869077,0,0,0,0,0,0,not_measured,1,0,0,0,0,0,1,false,,,0
report-worker,daily_report,daily_report_392,392,warm,baseline:checkpoint_replay,5,1,50891,0,0,0,0,0,0,not_measured,0,0,0,0,0,0,1,false,,,0
report-worker,archive_check,archive_check_393,393,warm,baseline:checkpoint_replay,3,1,1963649,0,0,0,0,0,0,not_measured,1,0,0,0,0,0,1,false,,,0
report-worker,daily_report,daily_report_394,394,warm,baseline:checkpoint_replay,5,1,57087,0,0,0,0,0,0,not_measured,0,0,0,0,0,0,1,false,,,0
report-worker,archive_check,archive_check_395,395,warm,baseline:checkpoint_replay,3,1,2062803,0,0,0,0,0,0,not_measured,1,0,0,0,0,0,1,false,,,0
report-worker,daily_report,daily_report_396,396,warm,baseline:checkpoint_replay,5,1,50020,0,0,0,0,0,0,not_measured,0,0,0,0,0,0,1,false,,,0
report-worker,archive_check,archive_check_397,397,warm,baseline:checkpoint_replay,3,1,1990687,0,0,0,0,0,0,not_measured,1,0,0,0,0,0,1,false,,,0
report-worker,daily_report,daily_report_398,398,warm,baseline:checkpoint_replay,5,1,48865,0,0,0,0,0,0,not_measured,0,0,0,0,0,0,1,false,,,0
report-worker,archive_check,archive_check_399,399,warm,baseline:checkpoint_replay,3,1,1886217,0,0,0,0,0,0,not_measured,1,0,0,0,0,0,1,false,,,0
report-worker,daily_report,daily_report_400,400,warm,baseline:checkpoint_replay,5,1,52389,0,0,0,0,0,0,not_measured,0,0,0,0,0,0,1,false,,,0
report-worker,archive_check,archive_check_401,401,warm,baseline:checkpoint_replay,3,1,1880548,0,0,0,0,0,0,not_measured,1,0,0,0,0,0,1,false,,,0
report-worker,daily_report,daily_report_402,402,warm,baseline:checkpoint_replay,5,1,58730,0,0,0,0,0,0,not_measured,0,0,0,0,0,0,1,false,,,0
report-worker,archive_check,archive_check_403,403,warm,baseline:checkpoint_replay,3,1,2122559,0,0,0,0,0,0,not_measured,1,0,0,0,0,0,1,false,,,0
report-worker,daily_report,daily_report_404,404,warm,baseline:checkpoint_replay,5,1,132296,0,0,0,0,0,0,not_measured,0,0,0,0,0,0,1,false,,,0
report-worker,archive_check,archive_check_405,405,warm,baseline:checkpoint_replay,3,1,1901808,0,0,0,0,0,0,not_measured,1,0,0,0,0,0,1,false,,,0
report-worker,daily_report,daily_report_406,406,warm,baseline:checkpoint_replay,5,1,57099,0,0,0,0,0,0,not_measured,0,0,0,0,0,0,1,false,,,0
report-worker,archive_check,archive_check_407,407,warm,baseline:checkpoint_replay,3,1,2009598,0,0,0,0,0,0,not_measured,1,0,0,0,0,0,1,false,,,0
build-worker,checksum_artifact,checksum_artifact_408,408,warm,baseline:checkpoint_replay,3,1,1885355,0,0,0,0,0,0,not_measured,1,0,0,0,0,0,1,false,,,0
build-worker,stage_output,stage_output_409,409,warm,baseline:checkpoint_replay,5,1,59775,0,0,0,0,0,0,not_measured,0,0,0,0,0,0,1,false,,,0
build-worker,checksum_artifact,checksum_artifact_410,410,warm,baseline:checkpoint_replay,3,1,1909917,0,0,0,0,0,0,not_measured,1,0,0,0,0,0,1,false,,,0
build-worker,stage_output,stage_output_411,411,warm,baseline:checkpoint_replay,5,1,52686,0,0,0,0,0,0,not_measured,0,0,0,0,0,0,1,false,,,0
build-worker,checksum_artifact,checksum_artifact_412,412,warm,baseline:checkpoint_replay,3,1,2016378,0,0,0,0,0,0,not_measured,1,0,0,0,0,0,1,false,,,0
build-worker,stage_output,stage_output_413,413,warm,baseline:checkpoint_replay,5,1,48010,0,0,0,0,0,0,not_measured,0,0,0,0,0,0,1,false,,,0
build-worker,checksum_artifact,checksum_artifact_414,414,warm,baseline:checkpoint_replay,3,1,1892809,0,0,0,0,0,0,not_measured,1,0,0,0,0,0,1,false,,,0
build-worker,stage_output,stage_output_415,415,warm,baseline:checkpoint_replay,5,1,105290,0,0,0,0,0,0,not_measured,0,0,0,0,0,0,1,false,,,0
build-worker,checksum_artifact,checksum_artifact_416,416,warm,baseline:checkpoint_replay,3,1,1792993,0,0,0,0,0,0,not_measured,1,0,0,0,0,0,1,false,,,0
build-worker,stage_output,stage_output_417,417,warm,baseline:checkpoint_replay,5,1,48745,0,0,0,0,0,0,not_measured,0,0,0,0,0,0,1,false,,,0
build-worker,checksum_artifact,checksum_artifact_418,418,warm,baseline:checkpoint_replay,3,1,1885007,0,0,0,0,0,0,not_measured,1,0,0,0,0,0,1,false,,,0
build-worker,stage_output,stage_output_419,419,warm,baseline:checkpoint_replay,5,1,68819,0,0,0,0,0,0,not_measured,0,0,0,0,0,0,1,false,,,0
build-worker,checksum_artifact,checksum_artifact_420,420,warm,baseline:checkpoint_replay,3,1,1831482,0,0,0,0,0,0,not_measured,1,0,0,0,0,0,1,false,,,0
build-worker,stage_output,stage_output_421,421,warm,baseline:checkpoint_replay,5,1,54427,0,0,0,0,0,0,not_measured,0,0,0,0,0,0,1,false,,,0
build-worker,checksum_artifact,checksum_artifact_422,422,warm,baseline:checkpoint_replay,3,1,1978066,0,0,0,0,0,0,not_measured,1,0,0,0,0,0,1,false,,,0
build-worker,stage_output,stage_output_423,423,warm,baseline:checkpoint_replay,5,1,49554,0,0,0,0,0,0,not_measured,0,0,0,0,0,0,1,false,,,0
build-worker,checksum_artifact,checksum_artifact_424,424,warm,baseline:checkpoint_replay,3,1,1853639,0,0,0,0,0,0,not_measured,1,0,0,0,0,0,1,false,,,0
build-worker,stage_output,stage_output_425,425,warm,baseline:checkpoint_replay,5,1,49342,0,0,0,0,0,0,not_measured,0,0,0,0,0,0,1,false,,,0
build-worker,checksum_artifact,checksum_artifact_426,426,warm,baseline:checkpoint_replay,3,1,2098929,0,0,0,0,0,0,not_measured,1,0,0,0,0,0,1,false,,,0
build-worker,stage_output,stage_output_427,427,warm,baseline:checkpoint_replay,5,1,64563,0,0,0,0,0,0,not_measured,0,0,0,0,0,0,1,false,,,0
build-worker,checksum_artifact,checksum_artifact_428,428,warm,baseline:checkpoint_replay,3,1,1951182,0,0,0,0,0,0,not_measured,1,0,0,0,0,0,1,false,,,0
build-worker,stage_output,stage_output_429,429,warm,baseline:checkpoint_replay,5,1,56797,0,0,0,0,0,0,not_measured,0,0,0,0,0,0,1,false,,,0
build-worker,checksum_artifact,checksum_artifact_430,430,warm,baseline:checkpoint_replay,3,1,1924877,0,0,0,0,0,0,not_measured,1,0,0,0,0,0,1,false,,,0
build-worker,stage_output,stage_output_431,431,warm,baseline:checkpoint_replay,5,1,58928,0,0,0,0,0,0,not_measured,0,0,0,0,0,0,1,false,,,0
build-worker,checksum_artifact,checksum_artifact_432,432,warm,baseline:checkpoint_replay,3,1,1852919,0,0,0,0,0,0,not_measured,1,0,0,0,0,0,1,false,,,0
build-worker,stage_output,stage_output_433,433,warm,baseline:checkpoint_replay,5,1,50396,0,0,0,0,0,0,not_measured,0,0,0,0,0,0,1,false,,,0
build-worker,checksum_artifact,checksum_artifact_434,434,warm,baseline:checkpoint_replay,3,1,1935318,0,0,0,0,0,0,not_measured,1,0,0,0,0,0,1,false,,,0
build-worker,stage_output,stage_output_435,435,warm,baseline:checkpoint_replay,5,1,49645,0,0,0,0,0,0,not_measured,0,0,0,0,0,0,1,false,,,0
build-worker,checksum_artifact,checksum_artifact_436,436,warm,baseline:checkpoint_replay,3,1,2043500,0,0,0,0,0,0,not_measured,1,0,0,0,0,0,1,false,,,0
build-worker,stage_output,stage_output_437,437,warm,baseline:checkpoint_replay,5,1,53069,0,0,0,0,0,0,not_measured,0,0,0,0,0,0,1,false,,,0
job-processor,dequeue_notify,dequeue_notify_438,438,warm,baseline:checkpoint_replay,4,1,2043395,0,0,0,0,0,0,not_measured,0,1,0,0,0,0,1,false,,,0
job-processor,heartbeat,heartbeat_439,439,warm,baseline:checkpoint_replay,3,1,2346663,0,0,0,0,0,0,not_measured,0,0,0,0,0,0,1,false,,,0
job-processor,dequeue_notify,dequeue_notify_440,440,warm,baseline:checkpoint_replay,4,1,1689123,0,0,0,0,0,0,not_measured,0,1,0,0,0,0,1,false,,,0
job-processor,heartbeat,heartbeat_441,441,warm,baseline:checkpoint_replay,3,1,2144533,0,0,0,0,0,0,not_measured,0,0,0,0,0,0,1,false,,,0
job-processor,dequeue_notify,dequeue_notify_442,442,warm,baseline:checkpoint_replay,4,1,2079212,0,0,0,0,0,0,not_measured,0,1,0,0,0,0,1,false,,,0
job-processor,heartbeat,heartbeat_443,443,warm,baseline:checkpoint_replay,3,1,2307569,0,0,0,0,0,0,not_measured,0,0,0,0,0,0,1,false,,,0
job-processor,dequeue_notify,dequeue_notify_444,444,warm,baseline:checkpoint_replay,4,1,2010489,0,0,0,0,0,0,not_measured,0,1,0,0,0,0,1,false,,,0
job-processor,heartbeat,heartbeat_445,445,warm,baseline:checkpoint_replay,3,1,2175583,0,0,0,0,0,0,not_measured,0,0,0,0,0,0,1,false,,,0
job-processor,dequeue_notify,dequeue_notify_446,446,warm,baseline:checkpoint_replay,4,1,2065945,0,0,0,0,0,0,not_measured,0,1,0,0,0,0,1,false,,,0
job-processor,heartbeat,heartbeat_447,447,warm,baseline:checkpoint_replay,3,1,2191366,0,0,0,0,0,0,not_measured,0,0,0,0,0,0,1,false,,,0
job-processor,dequeue_notify,dequeue_notify_448,448,warm,baseline:checkpoint_replay,4,1,1873500,0,0,0,0,0,0,not_measured,0,1,0,0,0,0,1,false,,,0
job-processor,heartbeat,heartbeat_449,449,warm,baseline:checkpoint_replay,3,1,2280817,0,0,0,0,0,0,not_measured,0,0,0,0,0,0,1,false,,,0
job-processor,dequeue_notify,dequeue_notify_450,450,warm,baseline:checkpoint_replay,4,1,1931273,0,0,0,0,0,0,not_measured,0,1,0,0,0,0,1,false,,,0
job-processor,heartbeat,heartbeat_451,451,warm,baseline:checkpoint_replay,3,1,2137314,0,0,0,0,0,0,not_measured,0,0,0,0,0,0,1,false,,,0
job-processor,dequeue_notify,dequeue_notify_452,452,warm,baseline:checkpoint_replay,4,1,2068890,0,0,0,0,0,0,not_measured,0,1,0,0,0,0,1,false,,,0
job-processor,heartbeat,heartbeat_453,453,warm,baseline:checkpoint_replay,3,1,2240969,0,0,0,0,0,0,not_measured,0,0,0,0,0,0,1,false,,,0
job-processor,dequeue_notify,dequeue_notify_454,454,warm,baseline:checkpoint_replay,4,1,1967371,0,0,0,0,0,0,not_measured,0,1,0,0,0,0,1,false,,,0
job-processor,heartbeat,heartbeat_455,455,warm,baseline:checkpoint_replay,3,1,2211100,0,0,0,0,0,0,not_measured,0,0,0,0,0,0,1,false,,,0
job-processor,dequeue_notify,dequeue_notify_456,456,warm,baseline:checkpoint_replay,4,1,2094547,0,0,0,0,0,0,not_measured,0,1,0,0,0,0,1,false,,,0
job-processor,heartbeat,heartbeat_457,457,warm,baseline:checkpoint_replay,3,1,2232822,0,0,0,0,0,0,not_measured,0,0,0,0,0,0,1,false,,,0
job-processor,dequeue_notify,dequeue_notify_458,458,warm,baseline:checkpoint_replay,4,1,1970687,0,0,0,0,0,0,not_measured,0,1,0,0,0,0,1,false,,,0
job-processor,heartbeat,heartbeat_459,459,warm,baseline:checkpoint_replay,3,1,2298474,0,0,0,0,0,0,not_measured,0,0,0,0,0,0,1,false,,,0
job-processor,dequeue_notify,dequeue_notify_460,460,warm,baseline:checkpoint_replay,4,1,1858664,0,0,0,0,0,0,not_measured,0,1,0,0,0,0,1,false,,,0
job-processor,heartbeat,heartbeat_461,461,warm,baseline:checkpoint_replay,3,1,2136832,0,0,0,0,0,0,not_measured,0,0,0,0,0,0,1,false,,,0
job-processor,dequeue_notify,dequeue_notify_462,462,warm,baseline:checkpoint_replay,4,1,2088362,0,0,0,0,0,0,not_measured,0,1,0,0,0,0,1,false,,,0
job-processor,heartbeat,heartbeat_463,463,warm,baseline:checkpoint_replay,3,1,2139939,0,0,0,0,0,0,not_measured,0,0,0,0,0,0,1,false,,,0
job-processor,dequeue_notify,dequeue_notify_464,464,warm,baseline:checkpoint_replay,4,1,2053092,0,0,0,0,0,0,not_measured,0,1,0,0,0,0,1,false,,,0
job-processor,heartbeat,heartbeat_465,465,warm,baseline:checkpoint_replay,3,1,2223362,0,0,0,0,0,0,not_measured,0,0,0,0,0,0,1,false,,,0
job-processor,dequeue_notify,dequeue_notify_466,466,warm,baseline:checkpoint_replay,4,1,2026901,0,0,0,0,0,0,not_measured,0,1,0,0,0,0,1,false,,,0
job-processor,heartbeat,heartbeat_467,467,warm,baseline:checkpoint_replay,3,1,2190261,0,0,0,0,0,0,not_measured,0,0,0,0,0,0,1,false,,,0
build-worker,stage_output,stage_output_411,468,warm,baseline:checkpoint_replay,1,0,197654,0,0,0,0,0,0,not_measured,0,0,0,0,0,0,0,false,,,0
build-worker,checksum_artifact,checksum_artifact_183,469,warm,baseline:checkpoint_replay,1,0,2537940,0,0,0,0,0,0,not_measured,1,0,0,0,0,0,0,false,,,0
report-worker,daily_report,daily_report_113,470,warm,baseline:checkpoint_replay,1,0,197386,0,0,0,0,0,0,not_measured,0,0,0,0,0,0,0,false,,,0
build-worker,stage_output,stage_output_204,471,warm,baseline:checkpoint_replay,1,0,101461,0,0,0,0,0,0,not_measured,0,0,0,0,0,0,0,false,,,0
api-service,api_get_user,api_get_user_376,472,warm,baseline:checkpoint_replay,1,0,682404,0,0,0,0,0,0,not_measured,0,0,1,0,0,0,0,false,,,0
build-worker,stage_output,stage_output_200,473,warm,baseline:checkpoint_replay,1,0,105343,0,0,0,0,0,0,not_measured,0,0,0,0,0,0,0,false,,,0
api-service,api_get_user,api_get_user_65,474,warm,baseline:checkpoint_replay,1,0,1961518,0,0,0,0,0,0,not_measured,0,0,1,0,0,0,0,false,,,0
job-processor,dequeue_notify,dequeue_notify_283,475,warm,baseline:checkpoint_replay,1,0,2193401,0,0,0,0,0,0,not_measured,0,1,0,0,0,0,0,false,,,0
api-service,api_get_user,api_get_user_67,476,warm,baseline:checkpoint_replay,1,0,1868456,0,0,0,0,0,0,not_measured,0,0,1,0,0,0,0,false,,,0
job-processor,heartbeat,heartbeat_320,477,warm,baseline:checkpoint_replay,1,0,2370838,0,0,0,0,0,0,not_measured,0,0,0,0,0,0,0,false,,,0
report-worker,daily_report,daily_report_119,478,warm,baseline:checkpoint_replay,1,0,187602,0,0,0,0,0,0,not_measured,0,0,0,0,0,0,0,false,,,0
api-service,api_get_user,api_get_user_372,479,warm,baseline:checkpoint_replay,1,0,1800779,0,0,0,0,0,0,not_measured,0,0,1,0,0,0,0,false,,,0
api-service,session_touch,session_touch_365,480,warm,baseline:checkpoint_replay,1,0,185670,0,0,0,0,0,0,not_measured,0,0,0,0,0,0,0,false,,,0
report-worker,archive_check,archive_check_168,481,warm,baseline:checkpoint_replay,1,0,2653850,0,0,0,0,0,0,not_measured,1,0,0,0,0,0,0,false,,,0
api-service,session_touch,session_touch_62,482,warm,baseline:checkpoint_replay,1,0,167370,0,0,0,0,0,0,not_measured,0,0,0,0,0,0,0,false,,,0
api-service,api_get_user,api_get_user_27,483,warm,baseline:checkpoint_replay,1,0,1103010,0,0,0,0,0,0,not_measured,0,0,1,0,0,0,0,false,,,0
build-worker,checksum_artifact,checksum_artifact_418,484,warm,baseline:checkpoint_replay,1,0,2384241,0,0,0,0,0,0,not_measured,1,0,0,0,0,0,0,false,,,0
job-processor,dequeue_notify,dequeue_notify_251,485,warm,baseline:checkpoint_replay,1,0,2167038,0,0,0,0,0,0,not_measured,0,1,0,0,0,0,0,false,,,0
report-worker,archive_check,archive_check_114,486,warm,baseline:checkpoint_replay,1,0,2384649,0,0,0,0,0,0,not_measured,1,0,0,0,0,0,0,false,,,0
report-worker,daily_report,daily_report_121,487,warm,baseline:checkpoint_replay,1,0,185768,0,0,0,0,0,0,not_measured,0,0,0,0,0,0,0,false,,,0
report-worker,daily_report,daily_report_93,488,warm,baseline:checkpoint_replay,1,0,160760,0,0,0,0,0,0,not_measured,0,0,0,0,0,0,0,false,,,0
job-processor,heartbeat,heartbeat_320,489,warm,baseline:checkpoint_replay,1,0,2368348,0,0,0,0,0,0,not_measured,0,0,0,0,0,0,0,false,,,0
build-worker,checksum_artifact,checksum_artifact_221,490,warm,baseline:checkpoint_replay,1,0,2335749,0,0,0,0,0,0,not_measured,1,0,0,0,0,0,0,false,,,0
job-processor,dequeue_notify,dequeue_notify_267,491,warm,baseline:checkpoint_replay,1,0,623904,0,0,0,0,0,0,not_measured,0,1,0,0,0,0,0,false,,,0
api-service,session_touch,session_touch_20,492,warm,baseline:checkpoint_replay,1,0,85740,0,0,0,0,0,0,not_measured,0,0,0,0,0,0,0,false,,,0
api-service,noise,noise_468,493,cold,baseline:checkpoint_replay,2,1,17592,0,0,0,0,0,0,not_measured,0,0,0,0,0,0,1,false,,,0
api-service,noise,noise_469,494,warm,baseline:checkpoint_replay,2,1,14073,0,0,0,0,0,0,not_measured,0,0,0,0,0,0,1,false,,,0
api-service,noise,noise_470,495,warm,baseline:checkpoint_replay,2,1,85240,0,0,0,0,0,0,not_measured,0,0,0,0,0,0,1,false,,,0
api-service,noise,noise_471,496,warm,baseline:checkpoint_replay,2,1,4055239,0,0,0,0,0,0,not_measured,0,0,0,0,0,0,1,false,,,0
api-service,noise,noise_472,497,warm,baseline:checkpoint_replay,2,1,3562726,0,0,0,0,0,0,not_measured,0,0,2,0,0,0,1,false,,,0
api-service,noise,noise_473,498,warm,baseline:checkpoint_replay,2,1,2515933,0,0,0,0,0,0,not_measured,0,2,0,0,0,0,1,false,,,0
api-service,noise,noise_474,499,warm,baseline:checkpoint_replay,2,1,3826969,0,0,0,0,0,0,not_measured,2,0,0,0,0,0,1,false,,,0
api-service,noise,noise_475,500,warm,baseline:checkpoint_replay,2,1,9375,0,0,0,0,0,0,not_measured,0,0,0,0,0,0,1,false,,,0
api-service,noise,noise_476,501,warm,baseline:checkpoint_replay,2,1,238466,0,0,0,0,0,0,not_measured,0,0,0,0,0,0,1,false,,,0
api-service,noise,noise_477,502,warm,baseline:checkpoint_replay,2,1,15715,0,0,0,0,0,0,not_measured,0,0,0,0,0,0,1,false,,,0
api-service,noise,noise_478,503,warm,baseline:checkpoint_replay,3,1,17539,0,0,0,0,0,0,not_measured,0,0,0,0,0,0,1,false,,,0
api-service,noise,noise_479,504,warm,baseline:checkpoint_replay,3,1,14422,0,0,0,0,0,0,not_measured,0,0,0,0,0,0,1,false,,,0
api-service,noise,noise_480,505,warm,baseline:checkpoint_replay,3,1,48824,0,0,0,0,0,0,not_measured,0,0,0,0,0,0,1,false,,,0
api-service,noise,noise_481,506,warm,baseline:checkpoint_replay,3,1,6650878,0,0,0,0,0,0,not_measured,0,0,0,0,0,0,1,false,,,0
api-service,noise,noise_482,507,warm,baseline:checkpoint_replay,3,1,5591561,0,0,0,0,0,0,not_measured,0,0,3,0,0,0,1,false,,,0
api-service,noise,noise_483,508,warm,baseline:checkpoint_replay,3,1,4485184,0,0,0,0,0,0,not_measured,0,3,0,0,0,0,1,false,,,0
api-service,noise,noise_484,509,warm,baseline:checkpoint_replay,3,1,5643884,0,0,0,0,0,0,not_measured,3,0,0,0,0,0,1,false,,,0
api-service,noise,noise_485,510,warm,baseline:checkpoint_replay,3,1,16210,0,0,0,0,0,0,not_measured,0,0,0,0,0,0,1,false,,,0
api-service,noise,noise_486,511,warm,baseline:checkpoint_replay,3,1,653405,0,0,0,0,0,0,not_measured,0,0,0,0,0,0,1,false,,,0
api-service,noise,noise_487,512,warm,baseline:checkpoint_replay,3,1,30844,0,0,0,0,0,0,not_measured,0,0,0,0,0,0,1,false,,,0
api-service,api_get_user,api_get_user_1,1,cold,baseline:static_macros,4,1,2239,0,0,0,0,0,0,not_measured,0,0,0,0,0,0,1,false,,,0
api-service,session_touch,session_touch_2,2,cold,baseline:static_macros,3,1,795,0,0,0,0,0,0,not_measured,0,0,0,0,0,0,1,false,,,0
api-service,api_get_user,api_get_user_3,3,warm,baseline:static_macros,4,1,1047,0,0,0,0,0,0,not_measured,0,0,0,0,0,0,1,false,,,0
api-service,session_touch,session_touch_4,4,warm,baseline:static_macros,3,1,1733,0,0,0,0,0,0,not_measured,0,0,0,0,0,0,1,false,,,0
api-service,api_get_user,api_get_user_5,5,warm,baseline:static_macros,4,1,858,0,0,0,0,0,0,not_measured,0,0,0,0,0,0,1,false,,,0
api-service,session_touch,session_touch_6,6,warm,baseline:static_macros,3,1,542,0,0,0,0,0,0,not_measured,0,0,0,0,0,0,1,false,,,0
api-service,api_get_user,api_get_user_7,7,warm,baseline:static_macros,4,1,532,0,0,0,0,0,0,not_measured,0,0,0,0,0,0,1,false,,,0
api-service,session_touch,session_touch_8,8,warm,baseline:static_macros,3,1,1608,0,0,0,0,0,0,not_measured,0,0,0,0,0,0,1,false,,,0
api-service,api_get_user,api_get_user_9,9,warm,baseline:static_macros,4,1,489,0,0,0,0,0,0,not_measured,0,0,0,0,0,0,1,false,,,0
api-service,session_touch,session_touch_10,10,warm,baseline:static_macros,3,1,834,0,0,0,0,0,0,not_measured,0,0,0,0,0,0,1,false,,,0
api-service,api_get_user,api_get_user_11,11,warm,baseline:static_macros,4,1,707,0,0,0,0,0,0,not_measured,0,0,0,0,0,0,1,false,,,0
api-service,session_touch,session_touch_12,12,warm,baseline:static_macros,3,1,544,0,0,0,0,0,0,not_measured,0,0,0,0,0,0,1,false,,,0
api-service,api_get_user,api_get_user_13,13,warm,baseline:static_macros,4,1,554,0,0,0,0,0,0,not_measured,0,0,0,0,0,0,1,false,,,0
api-service,session_touch,session_touch_14,14,warm,baseline:static_macros,3,1,471,0,0,0,0,0,0,not_measured,0,0,0,0,0,0,1,false,,,0
api-service,api_get_user,api_get_user_15,15,warm,baseline:static_macros,4,1,3416,0,0,0,0,0,0,not_measured,0,0,0,0,0,0,1,false,,,0
api-service,session_touch,session_touch_16,16,warm,baseline:static_macros,3,1,529,0,0,0,0,0,0,not_measured,0,0,0,0,0,0,1,false,,,0
api-service,api_get_user,api_get_user_17,17,warm,baseline:static_macros,4,1,459,0,0,0,0,0,0,not_measured,0,0,0,0,0,0,1,false,,,0
api-service,session_touch,session_touch_18,18,warm,baseline:static_macros,3,1,816,0,0,0,0,0,0,not_measured,0,0,0,0,0,0,1,false,,,0
api-service,api_get_user,api_get_user_19,19,warm,baseline:static_macros,4,1,865,0,0,0,0,0,0,not_measured,0,0,0,0,0,0,1,false,,,0
api-service,session_touch,session_touch_20,20,warm,baseline:static_macros,3,1,661,0,0,0,0,0,0,not_measured,0,0,0,0,0,0,1,false,,,0
api-service,api_get_user,api_get_user_21,21,warm,baseline:static_macros,4,1,813,0,0,0,0,0,0,not_measured,0,0,0,0,0,0,1,false,,,0
api-service,session_touch,session_touch_22,22,warm,baseline:static_macros,3,1,803,0,0,0,0,0,0,not_measured,0,0,0,0,0,0,1,false,,,0
api-service,api_get_user,api_get_user_23,23,warm,baseline:static_macros,4,1,926,0,0,0,0,0,0,not_measured,0,0,0,0,0,0,1,false,,,0
api-service,session_touch,session_touch_24,24,warm,baseline:static_macros,3,1,953,0,0,0,0,0,0,not_measured,0,0,0,0,0,0,1,false,,,0
api-service,api_get_user,api_get_user_25,25,warm,baseline:static_macros,4,1,743,0,0,0,0,0,0,not_measured,0,0,0,0,0,0,1,false,,,0
api-service,session_touch,session_touch_26,26,warm,baseline:static_macros,3,1,927,0,0,0,0,0,0,not_measured,0,0,0,0,0,0,1,false,,,0
api-service,api_get_user,api_get_user_27,27,warm,baseline:static_macros,4,1,1087,0,0,0,0,0,0,not_measured,0,0,0,0,0,0,1,false,,,0
api-service,session_touch,session_touch_28,28,warm,baseline:static_macros,3,1,865,0,0,0,0,0,0,not_measured,0,0,0,0,0,0,1,false,,,0
api-service,api_get_user,api_get_user_29,29,warm,baseline:static_macros,4,1,4282,0,0,0,0,0,0,not_measured,0,0,0,0,0,0,1,false,,,0
api-service,session_touch,session_touch_30,30,warm,baseline:static_macros,3,1,830,0,0,0,0,0,0,not_measured,0,0,0,0,0,0,1,false,,,0
api-service,api_get_user,api_get_user_31,31,warm,baseline:static_macros,4,1,1567,0,0,0,0,0,0,not_measured,0,0,0,0,0,0,1,false,,,0
api-service,session_touch,session_touch_32,32,warm,baseline:static_macros,3,1,1000,0,0,0,0,0,0,not_measured,0,0,0,0,0,0,1,false,,,0
api-service,api_get_user,api_get_user_33,33,warm,baseline:static_macros,4,1,894,0,0,0,0,0,0,not_measured,0,0,0,0,0,0,1,false,,,0
api-service,session_touch,session_touch_34,34,warm,baseline:static_macros,3,1,843,0,0,0,0,0,0,not_measured,0,0,0,0,0,0,1,false,,,0
api-service,api_get_user,api_get_user_35,35,warm,baseline:static_macros,4,1,672,0,0,0,0,0,0,not_measured,0,0,0,0,0,0,1,false,,,0
api-service,session_touch,session_touch_36,36,warm,baseline:static_macros,3,1,825,0,0,0,0,0,0,not_measured,0,0,0,0,0,0,1,false,,,0
api-service,api_get_user,api_get_user_37,37,warm,baseline:static_macros,4,1,761,0,0,0,0,0,0,not_measured,0,0,0,0,0,0,1,false,,,0
api-service,session_touch,session_touch_38,38,warm,baseline:static_macros,3,1,749,0,0,0,0,0,0,not_measured,0,0,0,0,0,0,1,false,,,0
api-service,api_get_user,api_get_user_39,39,warm,baseline:static_macros,4,1,1626,0,0,0,0,0,0,not_measured,0,0,0,0,0,0,1,false,,,0
api-service,session_touch,session_touch_40,40,warm,baseline:static_macros,3,1,701,0,0,0,0,0,0,not_measured,0,0,0,0,0,0,1,false,,,0
api-service,api_get_user,api_get_user_41,41,warm,baseline:static_macros,4,1,774,0,0,0,0,0,0,not_measured,0,0,0,0,0,0,1,false,,,0
api-service,session_touch,session_touch_42,42,warm,baseline:static_macros,3,1,1155,0,0,0,0,0,0,not_measured,0,0,0,0,0,0,1,false,,,0
api-service,api_get_user,api_get_user_43,43,warm,baseline:static_macros,4,1,779,0,0,0,0,0,0,not_measured,0,0,0,0,0,0,1,false,,,0
api-service,session_touch,session_touch_44,44,warm,baseline:static_macros,3,1,605,0,0,0,0,0,0,not_measured,0,0,0,0,0,0,1,false,,,0
api-service,api_get_user,api_get_user_45,45,warm,baseline:static_macros,4,1,739,0,0,0,0,0,0,not_measured,0,0,0,0,0,0,1,false,,,0
api-service,session_touch,session_touch_46,46,warm,baseline:static_macros,3,1,712,0,0,0,0,0,0,not_measured,0,0,0,0,0,0,1,false,,,0
api-service,api_get_user,api_get_user_47,47,warm,baseline:static_macros,4,1,933,0,0,0,0,0,0,not_measured,0,0,0,0,0,0,1,false,,,0
api-service,session_touch,session_touch_48,48,warm,baseline:static_macros,3,1,1234,0,0,0,0,0,0,not_measured,0,0,0,0,0,0,1,false,,,0
api-service,api_get_user,api_get_user_49,49,warm,baseline:static_macros,4,1,1915,0,0,0,0,0,0,not_measured,0,0,0,0,0,0,1,false,,,0
api-service,session_touch,session_touch_50,50,warm,baseline:static_macros,3,1,2817,0,0,0,0,0,0,not_measured,0,0,0,0,0,0,1,false,,,0
api-service,api_get_user,api_get_user_51,51,warm,baseline:static_macros,4,1,898,0,0,0,0,0,0,not_measured,0,0,0,0,0,0,1,false,,,0
api-service,session_touch,session_touch_52,52,warm,baseline:static_macros,3,1,1753,0,0,0,0,0,0,not_measured,0,0,0,0,0,0,1,false,,,0
api-service,api_get_user,api_get_user_53,53,warm,baseline:static_macros,4,1,816,0,0,0,0,0,0,not_measured,0,0,0,0,0,0,1,false,,,0
api-service,session_touch,session_touch_54,54,warm,baseline:static_macros,3,1,1547,0,0,0,0,0,0,not_measured,0,0,0,0,0,0,1,false,,,0
api-service,api_get_user,api_get_user_55,55,warm,baseline:static_macros,4,1,1183,0,0,0,0,0,0,not_measured,0,0,0,0,0,0,1,false,,,0
api-service,session_touch,session_touch_56,56,warm,baseline:static_macros,3,1,1116,0,0,0,0,0,0,not_measured,0,0,0,0,0,0,1,false,,,0
api-service,api_get_user,api_get_user_57,57,warm,baseline:static_macros,4,1,9276,0,0,0,0,0,0,not_measured,0,0,0,0,0,0,1,false,,,0
api-service,session_touch,session_touch_58,58,warm,baseline:static_macros,3,1,3962,0,0,0,0,0,0,not_measured,0,0,0,0,0,0,1,false,,,0
api-service,api_get_user,api_get_user_59,59,warm,baseline:static_macros,4,1,2738,0,0,0,0,0,0,not_measured,0,0,0,0,0,0,1,false,,,0
api-service,session_touch,session_touch_60,60,warm,baseline:static_macros,3,1,1924,0,0,0,0,0,0,not_measured,0,0,0,0,0,0,1,false,,,0
api-service,api_get_user,api_get_user_61,61,warm,baseline:static_macros,4,1,3228,0,0,0,0,0,0,not_measured,0,0,0,0,0,0,1,false,,,0
api-service,session_touch,session_touch_62,62,warm,baseline:static_macros,3,1,934,0,0,0,0,0,0,not_measured,0,0,0,0,0,0,1,false,,,0
api-service,api_get_user,api_get_user_63,63,warm,baseline:static_macros,4,1,1153,0,0,0,0,0,0,not_measured,0,0,0,0,0,0,1,false,,,0
api-service,session_touch,session_touch_64,64,warm,baseline:static_macros,3,1,909,0,0,0,0,0,0,not_measured,0,0,0,0,0,0,1,false,,,0
api-service,api_get_user,api_get_user_65,65,warm,baseline:static_macros,4,1,1032,0,0,0,0,0,0,not_measured,0,0,0,0,0,0,1,false,,,0
api-service,session_touch,session_touch_66,66,warm,baseline:static_macros,3,1,1138,0,0,0,0,0,0,not_measured,0,0,0,0,0,0,1,false,,,0
api-service,api_get_user,api_get_user_67,67,warm,baseline:static_macros,4,1,1012,0,0,0,0,0,0,not_measured,0,0,0,0,0,0,1,false,,,0
api-service,session_touch,session_touch_68,68,warm,baseline:static_macros,3,1,1233,0,0,0,0,0,0,not_measured,0,0,0,0,0,0,1,false,,,0
api-service,api_get_user,api_get_user_69,69,warm,baseline:static_macros,4,1,1007,0,0,0,0,0,0,not_measured,0,0,0,0,0,0,1,false,,,0
api-service,session_touch,session_touch_70,70,warm,baseline:static_macros,3,1,1012,0,0,0,0,0,0,not_measured,0,0,0,0,0,0,1,false,,,0
api-service,api_get_user,api_get_user_71,71,warm,baseline:static_macros,4,1,1142,0,0,0,0,0,0,not_measured,0,0,0,0,0,0,1,false,,,0
api-service,session_touch,session_touch_72,72,warm,baseline:static_macros,3,1,1143,0,0,0,0,0,0,not_measured,0,0,0,0,0,0,1,false,,,0
api-service,api_get_user,api_get_user_73,73,warm,baseline:static_macros,4,1,1219,0,0,0,0,0,0,not_measured,0,0,0,0,0,0,1,false,,,0
api-service,session_touch,session_touch_74,74,warm,baseline:static_macros,3,1,1226,0,0,0,0,0,0,not_measured,0,0,0,0,0,0,1,false,,,0
api-service,api_get_user,api_get_user_75,75,warm,baseline:static_macros,4,1,1121,0,0,0,0,0,0,not_measured,0,0,0,0,0,0,1,false,,,0
api-service,session_touch,session_touch_76,76,warm,baseline:static_macros,3,1,845,0,0,0,0,0,0,not_measured,0,0,0,0,0,0,1,false,,,0
api-service,api_get_user,api_get_user_77,77,warm,baseline:static_macros,4,1,872,0,0,0,0,0,0,not_measured,0,0,0,0,0,0,1,false,,,0
api-service,session_touch,session_touch_78,78,warm,baseline:static_macros,3,1,935,0,0,0,0,0,0,not_measured,0,0,0,0,0,0,1,false,,,0
api-service,api_get_user,api_get_user_79,79,warm,baseline:static_macros,4,1,1033,0,0,0,0,0,0,not_measured,0,0,0,0,0,0,1,false,,,0
api-service,session_touch,session_touch_80,80,warm,baseline:static_macros,3,1,1177,0,0,0,0,0,0,not_measured,0,0,0,0,0,0,1,false,,,0
api-service,api_get_user,api_get_user_81,81,warm,baseline:static_macros,4,1,1075,0,0,0,0,0,0,not_measured,0,0,0,0,0,0,1,false,,,0
api-service,session_touch,session_touch_82,82,warm,baseline:static_macros,3,1,2142,0,0,0,0,0,0,not_measured,0,0,0,0,0,0,1,false,,,0
api-service,api_get_user,api_get_user_83,83,warm,baseline:static_macros,4,1,1384,0,0,0,0,0,0,not_measured,0,0,0,0,0,0,1,false,,,0
api-service,session_touch,session_touch_84,84,warm,baseline:static_macros,3,1,1155,0,0,0,0,0,0,not_measured,0,0,0,0,0,0,1,false,,,0
api-service,api_get_user,api_get_user_85,85,warm,baseline:static_macros,4,1,1108,0,0,0,0,0,0,not_measured,0,0,0,0,0,0,1,false,,,0
api-service,session_touch,session_touch_86,86,warm,baseline:static_macros,3,1,1222,0,0,0,0,0,0,not_measured,0,0,0,0,0,0,1,false,,,0
api-service,api_get_user,api_get_user_87,87,warm,baseline:static_macros,4,1,1092,0,0,0,0,0,0,not_measured,0,0,0,0,0,0,1,false,,,0
api-service,session_touch,session_touch_88,88,warm,baseline:static_macros,3,1,1192,0,0,0,0,0,0,not_measured,0,0,0,0,0,0,1,false,,,0
api-service,api_get_user,api_get_user_89,89,warm,baseline:static_macros,4,1,1162,0,0,0,0,0,0,not_measured,0,0,0,0,0,0,1,false,,,0
api-service,session_touch,session_touch_90,90,warm,baseline:static_macros,3,1,1240,0,0,0,0,0,0,not_measured,0,0,0,0,0,0,1,false,,,0
report-worker,daily_report,daily_report_91,91,cold,baseline:static_macros,5,1,1679,0,0,0,0,0,0,not_measured,0,0,0,0,0,0,1,false,,,0
report-worker,archive_check,archive_check_92,92,cold,baseline:static_macros,3,1,1463,0,0,0,0,0,0,not_measured,0,0,0,0,0,0,1,false,,,0
report-worker,daily_report,daily_report_93,93,warm,baseline:static_macros,5,1,1514,0,0,0,0,0,0,not_measured,0,0,0,0,0,0,1,false,,,0
report-worker,archive_check,archive_check_94,94,warm,baseline:static_macros,3,1,7959,0,0,0,0,0,0,not_measured,0,0,0,0,0,0,1,false,,,0
report-worker,daily_report,daily_report_95,95,warm,baseline:static_macros,5,1,3097,0,0,0,0,0,0,not_measured,0,0,0,0,0,0,1,false,,,0
report-worker,archive_check,archive_check_96,96,warm,baseline:static_macros,3,1,1419,0,0,0,0,0,0,not_measured,0,0,0,0,0,0,1,false,,,0
report-worker,daily_report,daily_report_97,97,warm,baseline:static_macros,5,1,2200,0,0,0,0,0,0,not_measured,0,0,0,0,0,0,1,false,,,0
report-worker,archive_check,archive_check_98,98,warm,baseline:static_macros,3,1,1165,0,0,0,0,0,0,not_measured,0,0,0,0,0,0,1,false,,,0
report-worker,daily_report,daily_report_99,99,warm,baseline:static_macros,5,1,1364,0,0,0,0,0,0,not_measured,0,0,0,0,0,0,1,false,,,0
report-worker,archive_check,archive_check_100,100,warm,baseline:static_macros,3,1,1347,0,0,0,0,0,0,not_measured,0,0,0,0,0,0,1,false,,,0
report-worker,daily_report,daily_report_101,101,warm,baseline:static_macros,5,1,1753,0,0,0,0,0,0,not_measured,0,0,0,0,0,0,1,false,,,0
report-worker,archive_check,archive_check_102,102,warm,baseline:static_macros,3,1,1780,0,0,0,0,0,0,not_measured,0,0,0,0,0,0,1,false,,,0
report-worker,daily_report,daily_report_103,103,warm,baseline:static_macros,5,1,1377,0,0,0,0,0,0,not_measured,0,0,0,0,0,0,1,false,,,0
report-worker,archive_check,archive_check_104,104,warm,baseline:static_macros,3,1,1276,0,0,0,0,0,0,not_measured,0,0,0,0,0,0,1,false,,,0
report-worker,daily_report,daily_report_105,105,warm,baseline:static_macros,5,1,1348,0,0,0,0,0,0,not_measured,0,0,0,0,0,0,1,false,,,0
report-worker,archive_check,archive_check_106,106,warm,baseline:static_macros,3,1,1188,0,0,0,0,0,0,not_measured,0,0,0,0,0,0,1,false,,,0
report-worker,daily_report,daily_report_107,107,warm,baseline:static_macros,5,1,1262,0,0,0,0,0,0,not_measured,0,0,0,0,0,0,1,false,,,0
report-worker,archive_check,archive_check_108,108,warm,baseline:static_macros,3,1,1262,0,0,0,0,0,0,not_measured,0,0,0,0,0,0,1,false,,,0
report-worker,daily_report,daily_report_109,109,warm,baseline:static_macros,5,1,1271,0,0,0,0,0,0,not_measured,0,0,0,0,0,0,1,false,,,0
report-worker,archive_check,archive_check_110,110,warm,baseline:static_macros,3,1,1141,0,0,0,0,0,0,not_measured,0,0,0,0,0,0,1,false,,,0
report-worker,daily_report,daily_report_111,111,warm,baseline:static_macros,5,1,5442,0,0,0,0,0,0,not_measured,0,0,0,0,0,0,1,false,,,0
report-worker,archive_check,archive_check_112,112,warm,baseline:static_macros,3,1,4629,0,0,0,0,0,0,not_measured,0,0,0,0,0,0,1,false,,,0
report-worker,daily_report,daily_report_113,113,warm,baseline:static_macros,5,1,20969,0,0,0,0,0,0,not_measured,0,0,0,0,0,0,1,false,,,0
report-worker,archive_check,archive_check_114,114,warm,baseline:static_macros,3,1,1623,0,0,0,0,0,0,not_measured,0,0,0,0,0,0,1,false,,,0
report-worker,daily_report,daily_report_115,115,warm,baseline:static_macros,5,1,1465,0,0,0,0,0,0,not_measured,0,0,0,0,0,0,1,false,,,0
report-worker,archive_check,archive_check_116,116,warm,baseline:static_macros,3,1,1713,0,0,0,0,0,0,not_measured,0,0,0,0,0,0,1,false,,,0
report-worker,daily_report,daily_report_117,117,warm,baseline:static_macros,5,1,3625,0,0,0,0,0,0,not_measured,0,0,0,0,0,0,1,false,,,0
report-worker,archive_check,archive_check_118,118,warm,baseline:static_macros,3,1,1263,0,0,0,0,0,0,not_measured,0,0,0,0,0,0,1,false,,,0
report-worker,daily_report,daily_report_119,119,warm,baseline:static_macros,5,1,1310,0,0,0,0,0,0,not_measured,0,0,0,0,0,0,1,false,,,0
report-worker,archive_check,archive_check_120,120,warm,baseline:static_macros,3,1,28379,0,0,0,0,0,0,not_measured,0,0,0,0,0,0,1,false,,,0
report-worker,daily_report,daily_report_121,121,warm,baseline:static_macros,5,1,1853,0,0,0,0,0,0,not_measured,0,0,0,0,0,0,1,false,,,0
report-worker,archive_check,archive_check_122,122,warm,baseline:static_macros,3,1,1526,0,0,0,0,0,0,not_measured,0,0,0,0,0,0,1,false,,,0
report-worker,daily_report,daily_report_123,123,warm,baseline:static_macros,5,1,1437,0,0,0,0,0,0,not_measured,0,0,0,0,0,0,1,false,,,0
report-worker,archive_check,archive_check_124,124,warm,baseline:static_macros,3,1,6444,0,0,0,0,0,0,not_measured,0,0,0,0,0,0,1,false,,,0
report-worker,daily_report,daily_report_125,125,warm,baseline:static_macros,5,1,5877,0,0,0,0,0,0,not_measured,0,0,0,0,0,0,1,false,,,0
report-worker,archive_check,archive_check_126,126,warm,baseline:static_macros,3,1,1448,0,0,0,0,0,0,not_measured,0,0,0,0,0,0,1,false,,,0
report-worker,daily_report,daily_report_127,127,warm,baseline:static_macros,5,1,6513,0,0,0,0,0,0,not_measured,0,0,0,0,0,0,1,false,,,0
report-worker,archive_check,archive_check_128,128,warm,baseline:static_macros,3,1,6557,0,0,0,0,0,0,not_measured,0,0,0,0,0,0,1,false,,,0
report-worker,daily_report,daily_report_129,129,warm,baseline:static_macros,5,1,5275,0,0,0,0,0,0,not_measured,0,0,0,0,0,0,1,false,,,0
report-worker,archive_check,archive_check_130,130,warm,baseline:static_macros,3,1,1397,0,0,0,0,0,0,not_measured,0,0,0,0,0,0,1,false,,,0
report-worker,daily_report,daily_report_131,131,warm,baseline:static_macros,5,1,1732,0,0,0,0,0,0,not_measured,0,0,0,0,0,0,1,false,,,0
report-worker,archive_check,archive_check_132,132,warm,baseline:static_macros,3,1,1414,0,0,0,0,0,0,not_measured,0,0,0,0,0,0,1,false,,,0
report-worker,daily_report,daily_report_133,133,warm,baseline:static_macros,5,1,1396,0,0,0,0,0,0,not_measured,0,0,0,0,0,0,1,false,,,0
report-worker,archive_check,archive_check_134,134,warm,baseline:static_macros,3,1,1383,0,0,0,0,0,0,not_measured,0,0,0,0,0,0,1,false,,,0
report-worker,daily_report,daily_report_135,135,warm,baseline:static_macros,5,1,1650,0,0,0,0,0,0,not_measured,0,0,0,0,0,0,1,false,,,0
report-worker,archive_check,archive_check_136,136,warm,baseline:static_macros,3,1,1857,0,0,0,0,0,0,not_measured,0,0,0,0,0,0,1,false,,,0
report-worker,daily_report,daily_report_137,137,warm,baseline:static_macros,5,1,1757,0,0,0,0,0,0,not_measured,0,0,0,0,0,0,1,false,,,0
report-worker,archive_check,archive_check_138,138,warm,baseline:static_macros,3,1,1352,0,0,0,0,0,0,not_measured,0,0,0,0,0,0,1,false,,,0
report-worker,daily_report,daily_report_139,139,warm,baseline:static_macros,5,1,8106,0,0,0,0,0,0,not_measured,0,0,0,0,0,0,1,false,,,0
report-worker,archive_check,archive_check_140,140,warm,baseline:static_macros,3,1,4927,0,0,0,0,0,0,not_measured,0,0,0,0,0,0,1,false,,,0
report-worker,daily_report,daily_report_141,141,warm,baseline:static_macros,5,1,1494,0,0,0,0,0,0,not_measured,0,0,0,0,0,0,1,false,,,0
report-worker,archive_check,archive_check_142,142,warm,baseline:static_macros,3,1,1593,0,0,0,0,0,0,not_measured,0,0,0,0,0,0,1,false,,,0
report-worker,daily_report,daily_report_143,143,warm,baseline:static_macros,5,1,1690,0,0,0,0,0,0,not_measured,0,0,0,0,0,0,1,false,,,0
report-worker,archive_check,archive_check_144,144,warm,baseline:static_macros,3,1,1495,0,0,0,0,0,0,not_measured,0,0,0,0,0,0,1,false,,,0
report-worker,daily_report,daily_report_145,145,warm,baseline:static_macros,5,1,1708,0,0,0,0,0,0,not_measured,0,0,0,0,0,0,1,false,,,0
report-worker,archive_check,archive_check_146,146,warm,baseline:static_macros,3,1,1705,0,0,0,0,0,0,not_measured,0,0,0,0,0,0,1,false,,,0
report-worker,daily_report,daily_report_147,147,warm,baseline:static_macros,5,1,2244,0,0,0,0,0,0,not_measured,0,0,0,0,0,0,1,false,,,0
report-worker,archive_check,archive_check_148,148,warm,baseline:static_macros,3,1,1642,0,0,0,0,0,0,not_measured,0,0,0,0,0,0,1,false,,,0
report-worker,daily_report,daily_report_149,149,warm,baseline:static_macros,5,1,12107,0,0,0,0,0,0,not_measured,0,0,0,0,0,0,1,false,,,0
report-worker,archive_check,archive_check_150,150,warm,baseline:static_macros,3,1,1517,0,0,0,0,0,0,not_measured,0,0,0,0,0,0,1,false,,,0
report-worker,daily_report,daily_report_151,151,warm,baseline:static_macros,5,1,1870,0,0,0,0,0,0,not_measured,0,0,0,0,0,0,1,false,,,0
report-worker,archive_check,archive_check_152,152,warm,baseline:static_macros,3,1,1598,0,0,0,0,0,0,not_measured,0,0,0,0,0,0,1,false,,,0
report-worker,daily_report,daily_report_153,153,warm,baseline:static_macros,5,1,1974,0,0,0,0,0,0,not_measured,0,0,0,0,0,0,1,false,,,0
report-worker,archive_check,archive_check_154,154,warm,baseline:static_macros,3,1,1853,0,0,0,0,0,0,not_measured,0,0,0,0,0,0,1,false,,,0
report-worker,daily_report,daily_report_155,155,warm,baseline:static_macros,5,1,1692,0,0,0,0,0,0,not_measured,0,0,0,0,0,0,1,false,,,0
report-worker,archive_check,archive_check_156,156,warm,baseline:static_macros,3,1,1812,0,0,0,0,0,0,not_measured,0,0,0,0,0,0,1,false,,,0
report-worker,daily_report,daily_report_157,157,warm,baseline:static_macros,5,1,1543,0,0,0,0,0,0,not_measured,0,0,0,0,0,0,1,false,,,0
report-worker,archive_check,archive_check_158,158,warm,baseline:static_macros,3,1,1744,0,0,0,0,0,0,not_measured,0,0,0,0,0,0,1,false,,,0
report-worker,daily_report,daily_report_159,159,warm,baseline:static_macros,5,1,1799,0,0,0,0,0,0,not_measured,0,0,0,0,0,0,1,false,,,0
report-worker,archive_check,archive_check_160,160,warm,baseline:static_macros,3,1,1623,0,0,0,0,0,0,not_measured,0,0,0,0,0,0,1,false,,,0
report-worker,daily_report,daily_report_161,161,warm,baseline:static_macros,5,1,2076,0,0,0,0,0,0,not_measured,0,0,0,0,0,0,1,false,,,0
report-worker,archive_check,archive_check_162,162,warm,baseline:static_macros,3,1,1527,0,0,0,0,0,0,not_measured,0,0,0,0,0,0,1,false,,,0
report-worker,daily_report,daily_report_163,163,warm,baseline:static_macros,5,1,8521,0,0,0,0,0,0,not_measured,0,0,0,0,0,0,1,false,,,0
report-worker,archive_check,archive_check_164,164,warm,baseline:static_macros,3,1,7396,0,0,0,0,0,0,not_measured,0,0,0,0,0,0,1,false,,,0
report-worker,daily_report,daily_report_165,165,warm,baseline:static_macros,5,1,7220,0,0,0,0,0,0,not_measured,0,0,0,0,0,0,1,false,,,0
report-worker,archive_check,archive_check_166,166,warm,baseline:static_macros,3,1,1755,0,0,0,0,0,0,not_measured,0,0,0,0,0,0,1,false,,,0
report-worker,daily_report,daily_report_167,167,warm,baseline:static_macros,5,1,1616,0,0,0,0,0,0,not_measured,0,0,0,0,0,0,1,false,,,0
report-worker,archive_check,archive_check_168,168,warm,baseline:static_macros,3,1,1713,0,0,0,0,0,0,not_measured,0,0,0,0,0,0,1,false,,,0
report-worker,daily_report,daily_report_169,169,warm,baseline:static_macros,5,1,2005,0,0,0,0,0,0,not_measured,0,0,0,0,0,0,1,false,,,0
report-worker,archive_check,archive_check_170,170,warm,baseline:static_macros,3,1,1854,0,0,0,0,0,0,not_measured,0,0,0,0,0,0,1,false,,,0
build-worker,checksum_artifact,checksum_artifact_171,171,cold,baseline:static_macros,3,1,1981,0,0,0,0,0,0,not_measured,0,0,0,0,0,0,1,false,,,0
build-worker,stage_output,stage_output_172,172,cold,baseline:static_macros,5,1,1550,0,0,0,0,0,0,not_measured,0,0,0,0,0,0,1,false,,,0
build-worker,checksum_artifact,checksum_artifact_173,173,warm,baseline:static_macros,3,1,8740,0,0,0,0,0,0,not_measured,0,0,0,0,0,0,1,false,,,0
build-worker,stage_output,stage_output_174,174,warm,baseline:static_macros,5,1,1658,0,0,0,0,0,0,not_measured,0,0,0,0,0,0,1,false,,,0
build-worker,checksum_artifact,checksum_artifact_175,175,warm,baseline:static_macros,3,1,1984,0,0,0,0,0,0,not_measured,0,0,0,0,0,0,1,false,,,0
build-worker,stage_output,stage_output_176,176,warm,baseline:static_macros,5,1,2155,0,0,0,0,0,0,not_measured,0,0,0,0,0,0,1,false,,,0
build-worker,checksum_artifact,checksum_artifact_177,177,warm,baseline:static_macros,3,1,1790,0,0,0,0,0,0,not_measured,0,0,0,0,0,0,1,false,,,0
build-worker,stage_output,stage_output_178,178,warm,baseline:static_macros,5,1,1913,0,0,0,0,0,0,not_measured,0,0,0,0,0,0,1,false,,,0
build-worker,checksum_artifact,checksum_artifact_179,179,warm,baseline:static_macros,3,1,4451,0,0,0,0,0,0,not_measured,0,0,0,0,0,0,1,false,,,0
build-worker,stage_output,stage_output_180,180,warm,baseline:static_macros,5,1,1845,0,0,0,0,0,0,not_measured,0,0,0,0,0,0,1,false,,,0
build-worker,checksum_artifact,checksum_artifact_181,181,warm,baseline:static_macros,3,1,1660,0,0,0,0,0,0,not_measured,0,0,0,0,0,0,1,false,,,0
build-worker,stage_output,stage_output_182,182,warm,baseline:static_macros,5,1,2060,0,0,0,0,0,0,not_measured,0,0,0,0,0,0,1,false,,,0
build-worker,checksum_artifact,checksum_artifact_183,183,warm,baseline:static_macros,3,1,1861,0,0,0,0,0,0,not_measured,0,0,0,0,0,0,1,false,,,0
build-worker,stage_output,stage_output_184,184,warm,baseline:static_macros,5,1,1945,0,0,0,0,0,0,not_measured,0,0,0,0,0,0,1,false,,,0
build-worker,checksum_artifact,checksum_artifact_185,185,warm,baseline:static_macros,3,1,2003,0,0,0,0,0,0,not_measured,0,0,0,0,0,0,1,false,,,0
build-worker,stage_output,stage_output_186,186,warm,baseline:static_macros,5,1,2646,0,0,0,0,0,0,not_measured,0,0,0,0,0,0,1,false,,,0
build-worker,checksum_artifact,checksum_artifact_187,187,warm,baseline:static_macros,3,1,1922,0,0,0,0,0,0,not_measured,0,0,0,0,0,0,1,false,,,0
build-worker,stage_output,stage_output_188,188,warm,baseline:static_macros,5,1,2150,0,0,0,0,0,0,not_measured,0,0,0,0,0,0,1,false,,,0
build-worker,checksum_artifact,checksum_artifact_189,189,warm,baseline:static_macros,3,1,1733,0,0,0,0,0,0,not_measured,0,0,0,0,0,0,1,false,,,0
build-worker,stage_output,stage_output_190,190,warm,baseline:static_macros,5,1,1722,0,0,0,0,0,0,not_measured,0,0,0,0,0,0,1,false,,,0
build-worker,checksum_artifact,checksum_artifact_191,191,warm,baseline:static_macros,3,1,1716,0,0,0,0,0,0,not_measured,0,0,0,0,0,0,1,false,,,0
build-worker,stage_output,stage_output_192,192,warm,baseline:static_macros,5,1,2418,0,0,0,0,0,0,not_measured,0,0,0,0,0,0,1,false,,,0
build-worker,checksum_artifact,checksum_artifact_193,193,warm,baseline:static_macros,3,1,2086,0,0,0,0,0,0,not_measured,0,0,0,0,0,0,1,false,,,0
build-worker,stage_output,stage_output_194,194,warm,baseline:static_macros,5,1,1902,0,0,0,0,0,0,not_measured,0,0,0,0,0,0,1,false,,,0
build-worker,checksum_artifact,checksum_artifact_195,195,warm,baseline:static_macros,3,1,10435,0,0,0,0,0,0,not_measured,0,0,0,0,0,0,1,false,,,0
build-worker,stage_output,stage_output_196,196,warm,baseline:static_macros,5,1,9660,0,0,0,0,0,0,not_measured,0,0,0,0,0,0,1,false,,,0
build-worker,checksum_artifact,checksum_artifact_197,197,warm,baseline:static_macros,3,1,9101,0,0,0,0,0,0,not_measured,0,0,0,0,0,0,1,false,,,0
build-worker,stage_output,stage_output_198,198,warm,baseline:static_macros,5,1,2131,0,0,0,0,0,0,not_measured,0,0,0,0,0,0,1,false,,,0
build-worker,checksum_artifact,checksum_artifact_199,199,warm,baseline:static_macros,3,1,2123,0,0,0,0,0,0,not_measured,0,0,0,0,0,0,1,false,,,0
build-worker,stage_output,stage_output_200,200,warm,baseline:static_macros,5,1,2368,0,0,0,0,0,0,not_measured,0,0,0,0,0,0,1,false,,,0
build-worker,checksum_artifact,checksum_artifact_201,201,warm,baseline:static_macros,3,1,9323,0,0,0,0,0,0,not_measured,0,0,0,0,0,0,1,false,,,0
build-worker,stage_output,stage_output_202,202,warm,baseline:static_macros,5,1,8457,0,0,0,0,0,0,not_measured,0,0,0,0,0,0,1,false,,,0
build-worker,checksum_artifact,checksum_artifact_203,203,warm,baseline:static_macros,3,1,1769,0,0,0,0,0,0,not_measured,0,0,0,0,0,0,1,false,,,0
build-worker,stage_output,stage_output_204,204,warm,baseline:static_macros,5,1,1840,0,0,0,0,0,0,not_measured,0,0,0,0,0,0,1,false,,,0
build-worker,checksum_artifact,checksum_artifact_205,205,warm,baseline:static_macros,3,1,1799,0,0,0,0,0,0,not_measured,0,0,0,0,0,0,1,false,,,0
build-worker,stage_output,stage_output_206,206,warm,baseline:static_macros,5,1,1819,0,0,0,0,0,0,not_measured,0,0,0,0,0,0,1,false,,,0
build-worker,checksum_artifact,checksum_artifact_207,207,warm,baseline:static_macros,3,1,1860,0,0,0,0,0,0,not_measured,0,0,0,0,0,0,1,false,,,0
build-worker,stage_output,stage_output_208,208,warm,baseline:static_macros,5,1,2042,0,0,0,0,0,0,not_measured,0,0,0,0,0,0,1,false,,,0
build-worker,checksum_artifact,checksum_artifact_209,209,warm,baseline:static_macros,3,1,2322,0,0,0,0,0,0,not_measured,0,0,0,0,0,0,1,false,,,0
build-worker,stage_output,stage_output_210,210,warm,baseline:static_macros,5,1,2080,0,0,0,0,0,0,not_measured,0,0,0,0,0,0,1,false,,,0
build-worker,checksum_artifact,checksum_artifact_211,211,warm,baseline:static_macros,3,1,1944,0,0,0,0,0,0,not_measured,0,0,0,0,0,0,1,false,,,0
build-worker,stage_output,stage_output_212,212,warm,baseline:static_macros,5,1,1862,0,0,0,0,0,0,not_measured,0,0,0,0,0,0,1,false,,,0
build-worker,checksum_artifact,checksum_artifact_213,213,warm,baseline:static_macros,3,1,1928,0,0,0,0,0,0,not_measured,0,0,0,0,0,0,1,false,,,0
build-worker,stage_output,stage_output_214,214,warm,baseline:static_macros,5,1,1796,0,0,0,0,0,0,not_measured,0,0,0,0,0,0,1,false,,,0
build-worker,checksum_artifact,checksum_artifact_215,215,warm,baseline:static_macros,3,1,2039,0,0,0,0,0,0,not_measured,0,0,0,0,0,0,1,false,,,0
build-worker,stage_output,stage_output_216,216,warm,baseline:static_macros,5,1,2070,0,0,0,0,0,0,not_measured,0,0,0,0,0,0,1,false,,,0
build-worker,checksum_artifact,checksum_artifact_217,217,warm,baseline:static_macros,3,1,1960,0,0,0,0,0,0,not_measured,0,0,0,0,0,0,1,false,,,0
build-worker,stage_output,stage_output_218,218,warm,baseline:static_macros,5,1,2311,0,0,0,0,0,0,not_measured,0,0,0,0,0,0,1,false,,,0
build-worker,checksum_artifact,checksum_artifact_219,219,warm,baseline:static_macros,3,1,2316,0,0,0,0,0,0,not_measured,0,0,0,0,0,0,1,false,,,0
build-worker,stage_output,stage_output_220,220,warm,baseline:static_macros,5,1,2487,0,0,0,0,0,0,not_measured,0,0,0,0,0,0,1,false,,,0
build-worker,checksum_artifact,checksum_artifact_221,221,warm,baseline:static_macros,3,1,2065,0,0,0,0,0,0,not_measured,0,0,0,0,0,0,1,false,,,0
build-worker,stage_output,stage_output_222,222,warm,baseline:static_macros,5,1,1852,0,0,0,0,0,0,not_measured,0,0,0,0,0,0,1,false,,,0
build-worker,checksum_artifact,checksum_artifact_223,223,warm,baseline:static_macros,3,1,3870,0,0,0,0,0,0,not_measured,0,0,0,0,0,0,1,false,,,0
build-worker,stage_output,stage_output_224,224,warm,baseline:static_macros,5,1,2247,0,0,0,0,0,0,not_measured,0,0,0,0,0,0,1,false,,,0
build-worker,checksum_artifact,checksum_artifact_225,225,warm,baseline:static_macros,3,1,34288,0,0,0,0,0,0,not_measured,0,0,0,0,0,0,1,false,,,0
build-worker,stage_output,stage_output_226,226,warm,baseline:static_macros,5,1,2707,0,0,0,0,0,0,not_measured,0,0,0,0,0,0,1,false,,,0
build-worker,checksum_artifact,checksum_artifact_227,227,warm,baseline:static_macros,3,1,2393,0,0,0,0,0,0,not_measured,0,0,0,0,0,0,1,false,,,0
build-worker,stage_output,stage_output_228,228,warm,baseline:static_macros,5,1,2427,0,0,0,0,0,0,not_measured,0,0,0,0,0,0,1,false,,,0
build-worker,checksum_artifact,checksum_artifact_229,229,warm,baseline:static_macros,3,1,2036,0,0,0,0,0,0,not_measured,0,0,0,0,0,0,1,false,,,0
build-worker,stage_output,stage_output_230,230,warm,baseline:static_macros,5,1,2089,0,0,0,0,0,0,not_measured,0,0,0,0,0,0,1,false,,,0
build-worker,checksum_artifact,checksum_artifact_231,231,warm,baseline:static_macros,3,1,7841,0,0,0,0,0,0,not_measured,0,0,0,0,0,0,1,false,,,0
build-worker,stage_output,stage_output_232,232,warm,baseline:static_macros,5,1,8760,0,0,0,0,0,0,not_measured,0,0,0,0,0,0,1,false,,,0
build-worker,checksum_artifact,checksum_artifact_233,233,warm,baseline:static_macros,3,1,2248,0,0,0,0,0,0,not_measured,0,0,0,0,0,0,1,false,,,0
build-worker,stage_output,stage_output_234,234,warm,baseline:static_macros,5,1,2527,0,0,0,0,0,0,not_measured,0,0,0,0,0,0,1,false,,,0
build-worker,checksum_artifact,checksum_artifact_235,235,warm,baseline:static_macros,3,1,2492,0,0,0,0,0,0,not_measured,0,0,0,0,0,0,1,false,,,0
build-worker,stage_output,stage_output_236,236,warm,baseline:static_macros,5,1,2350,0,0,0,0,0,0,not_measured,0,0,0,0,0,0,1,false,,,0
build-worker,checksum_artifact,checksum_artifact_237,237,warm,baseline:static_macros,3,1,2419,0,0,0,0,0,0,not_measured,0,0,0,0,0,0,1,false,,,0
build-worker,stage_output,stage_output_238,238,warm,baseline:static_macros,5,1,2543,0,0,0,0,0,0,not_measured,0,0,0,0,0,0,1,false,,,0
build-worker,checksum_artifact,checksum_artifact_239,239,warm,baseline:static_macros,3,1,2225,0,0,0,0,0,0,not_measured,0,0,0,0,0,0,1,false,,,0
build-worker,stage_output,stage_output_240,240,warm,baseline:static_macros,5,1,2480,0,0,0,0,0,0,not_measured,0,0,0,0,0,0,1,false,,,0
job-processor,dequeue_notify,dequeue_notify_241,241,cold,baseline:static_macros,4,1,2795,0,0,0,0,0,0,not_measured,0,0,0,0,0,0,1,false,,,0
job-processor,heartbeat,heartbeat_242,242,cold,baseline:static_macros,3,1,2256452,0,0,0,0,0,0,not_measured,0,0,0,0,0,0,1,false,,,0
job-processor,dequeue_notify,dequeue_notify_243,243,warm,baseline:static_macros,4,1,10983,0,0,0,0,0,0,not_measured,0,0,0,0,0,0,1,false,,,0
job-processor,heartbeat,heartbeat_244,244,warm,baseline:static_macros,3,1,2155638,0,0,0,0,0,0,not_measured,0,0,0,0,0,0,1,false,,,0
job-processor,dequeue_notify,dequeue_notify_245,245,warm,baseline:static_macros,4,1,7024,0,0,0,0,0,0,not_measured,0,0,0,0,0,0,1,false,,,0
job-processor,heartbeat,heartbeat_246,246,warm,baseline:static_macros,3,1,2356468,0,0,0,0,0,0,not_measured,0,0,0,0,0,0,1,false,,,0
job-processor,dequeue_notify,dequeue_notify_247,247,warm,baseline:static_macros,4,1,5469,0,0,0,0,0,0,not_measured,0,0,0,0,0,0,1,false,,,0
job-processor,heartbeat,heartbeat_248,248,warm,baseline:static_macros,3,1,2363987,0,0,0,0,0,0,not_measured,0,0,0,0,0,0,1,false,,,0
job-processor,dequeue_notify,dequeue_notify_249,249,warm,baseline:static_macros,4,1,4866,0,0,0,0,0,0,not_measured,0,0,0,0,0,0,1,false,,,0
job-processor,heartbeat,heartbeat_250,250,warm,baseline:static_macros,3,1,2360420,0,0,0,0,0,0,not_measured,0,0,0,0,0,0,1,false,,,0
job-processor,dequeue_notify,dequeue_notify_251,251,warm,baseline:static_macros,4,1,3950,0,0,0,0,0,0,not_measured,0,0,0,0,0,0,1,false,,,0
job-processor,heartbeat,heartbeat_252,252,warm,baseline:static_macros,3,1,2135462,0,0,0,0,0,0,not_measured,0,0,0,0,0,0,1,false,,,0
job-processor,dequeue_notify,dequeue_notify_253,253,warm,baseline:static_macros,4,1,3853,0,0,0,0,0,0,not_measured,0,0,0,0,0,0,1,false,,,0
job-processor,heartbeat,heartbeat_254,254,warm,baseline:static_macros,3,1,2418909,0,0,0,0,0,0,not_measured,0,0,0,0,0,0,1,false,,,0
job-processor,dequeue_notify,dequeue_notify_255,255,warm,baseline:static_macros,4,1,73159,0,0,0,0,0,0,not_measured,0,0,0,0,0,0,1,false,,,0
job-processor,heartbeat,heartbeat_256,256,warm,baseline:static_macros,3,1,2338240,0,0,0,0,0,0,not_measured,0,0,0,0,0,0,1,false,,,0
job-processor,dequeue_notify,dequeue_notify_257,257,warm,baseline:static_macros,4,1,6766,0,0,0,0,0,0,not_measured,0,0,0,0,0,0,1,false,,,0
job-processor,heartbeat,heartbeat_258,258,warm,baseline:static_macros,3,1,2127778,0,0,0,0,0,0,not_measured,0,0,0,0,0,0,1,false,,,0
job-processor,dequeue_notify,dequeue_notify_259,259,warm,baseline:static_macros,4,1,4183,0,0,0,0,0,0,not_measured,0,0,0,0,0,0,1,false,,,0
job-processor,heartbeat,heartbeat_260,260,warm,baseline:static_macros,3,1,2085125,0,0,0,0,0,0,not_measured,0,0,0,0,0,0,1,false,,,0
job-processor,dequeue_notify,dequeue_notify_261,261,warm,baseline:static_macros,4,1,4149,0,0,0,0,0,0,not_measured,0,0,0,0,0,0,1,false,,,0
job-processor,heartbeat,heartbeat_262,262,warm,baseline:static_macros,3,1,2204364,0,0,0,0,0,0,not_measured,0,0,0,0,0,0,1,false,,,0
job-processor,dequeue_notify,dequeue_notify_263,263,warm,baseline:static_macros,4,1,3933,0,0,0,0,0,0,not_measured,0,0,0,0,0,0,1,false,,,0
job-processor,heartbeat,heartbeat_264,264,warm,baseline:static_macros,3,1,2297048,0,0,0,0,0,0,not_measured,0,0,0,0,0,0,1,false,,,0
job-processor,dequeue_notify,dequeue_notify_265,265,warm,baseline:static_macros,4,1,14406,0,0,0,0,0,0,not_measured,0,0,0,0,0,0,1,false,,,0
job-processor,heartbeat,heartbeat_266,266,warm,baseline:static_macros,3,1,2499036,0,0,0,0,0,0,not_measured,0,0,0,0,0,0,1,false,,,0
job-processor,dequeue_notify,dequeue_notify_267,267,warm,baseline:static_macros,4,1,8749,0,0,0,0,0,0,not_measured,0,0,0,0,0,0,1,false,,,0
job-processor,heartbeat,heartbeat_268,268,warm,baseline:static_macros,3,1,2223733,0,0,0,0,0,0,not_measured,0,0,0,0,0,0,1,false,,,0
job-processor,dequeue_notify,dequeue_notify_269,269,warm,baseline:static_macros,4,1,8576,0,0,0,0,0,0,not_measured,0,0,0,0,0,0,1,false,,,0
job-processor,heartbeat,heartbeat_270,270,warm,baseline:static_macros,3,1,2134167,0,0,0,0,0,0,not_measured,0,0,0,0,0,0,1,false,,,0
job-processor,dequeue_notify,dequeue_notify_271,271,warm,baseline:static_macros,4,1,6410,0,0,0,0,0,0,not_measured,0,0,0,0,0,0,1,false,,,0
job-processor,heartbeat,heartbeat_272,272,warm,baseline:static_macros,3,1,2116363,0,0,0,0,0,0,not_measured,0,0,0,0,0,0,1,false,,,0
job-processor,dequeue_notify,dequeue_notify_273,273,warm,baseline:static_macros,4,1,5227,0,0,0,0,0,0,not_measured,0,0,0,0,0,0,1,false,,,0
job-processor,heartbeat,heartbeat_274,274,warm,baseline:static_macros,3,1,2294134,0,0,0,0,0,0,not_measured,0,0,0,0,0,0,1,false,,,0
job-processor,dequeue_notify,dequeue_notify_275,275,warm,baseline:static_macros,4,1,6095,0,0,0,0,0,0,not_measured,0,0,0,0,0,0,1,false,,,0
job-processor,heartbeat,heartbeat_276,276,warm,baseline:static_macros,3,1,2174204,0,0,0,0,0,0,not_measured,0,0,0,0,0,0,1,false,,,0
job-processor,dequeue_notify,dequeue_notify_277,277,warm,baseline:static_macros,4,1,7276,0,0,0,0,0,0,not_measured,0,0,0,0,0,0,1,false,,,0
job-processor,heartbeat,heartbeat_278,278,warm,baseline:static_macros,3,1,2309039,0,0,0,0,0,0,not_measured,0,0,0,0,0,0,1,false,,,0
job-processor,dequeue_notify,dequeue_notify_279,279,warm,baseline:static_macros,4,1,6319,0,0,0,0,0,0,not_measured,0,0,0,0,0,0,1,false,,,0
job-processor,heartbeat,heartbeat_280,280,warm,baseline:static_macros,3,1,2138684,0,0,0,0,0,0,not_measured,0,0,0,0,0,0,1,false,,,0
job-processor,dequeue_notify,dequeue_notify_281,281,warm,baseline:static_macros,4,1,5022,0,0,0,0,0,0,not_measured,0,0,0,0,0,0,1,false,,,0
job-processor,heartbeat,heartbeat_282,282,warm,baseline:static_macros,3,1,2374792,0,0,0,0,0,0,not_measured,0,0,0,0,0,0,1,false,,,0
job-processor,dequeue_notify,dequeue_notify_283,283,warm,baseline:static_macros,4,1,7069,0,0,0,0,0,0,not_measured,0,0,0,0,0,0,1,false,,,0
job-processor,heartbeat,heartbeat_284,284,warm,baseline:static_macros,3,1,2283625,0,0,0,0,0,0,not_measured,0,0,0,0,0,0,1,false,,,0
job-processor,dequeue_notify,dequeue_notify_285,285,warm,baseline:static_macros,4,1,7874,0,0,0,0,0,0,not_measured,0,0,0,0,0,0,1,false,,,0
job-processor,heartbeat,heartbeat_286,286,warm,baseline:static_macros,3,1,2241545,0,0,0,0,0,0,not_measured,0,0,0,0,0,0,1,false,,,0
job-processor,dequeue_notify,dequeue_notify_287,287,warm,baseline:static_macros,4,1,7243,0,0,0,0,0,0,not_measured,0,0,0,0,0,0,1,false,,,0
job-processor,heartbeat,heartbeat_288,288,warm,baseline:static_macros,3,1,2350242,0,0,0,0,0,0,not_measured,0,0,0,0,0,0,1,false,,,0
job-processor,dequeue_notify,dequeue_notify_289,289,warm,baseline:static_macros,4,1,7999,0,0,0,0,0,0,not_measured,0,0,0,0,0,0,1,false,,,0
job-processor,heartbeat,heartbeat_290,290,warm,baseline:static_macros,3,1,2127322,0,0,0,0,0,0,not_measured,0,0,0,0,0,0,1,false,,,0
job-processor,dequeue_notify,dequeue_notify_291,291,warm,baseline:static_macros,4,1,6158,0,0,0,0,0,0,not_measured,0,0,0,0,0,0,1,false,,,0
job-processor,heartbeat,heartbeat_292,292,warm,baseline:static_macros,3,1,2320709,0,0,0,0,0,0,not_measured,0,0,0,0,0,0,1,false,,,0
job-processor,dequeue_notify,dequeue_notify_293,293,warm,baseline:static_macros,4,1,3884,0,0,0,0,0,0,not_measured,0,0,0,0,0,0,1,false,,,0
job-processor,heartbeat,heartbeat_294,294,warm,baseline:static_macros,3,1,2377918,0,0,0,0,0,0,not_measured,0,0,0,0,0,0,1,false,,,0
job-processor,dequeue_notify,dequeue_notify_295,295,warm,baseline:static_macros,4,1,7208,0,0,0,0,0,0,not_measured,0,0,0,0,0,0,1,false,,,0
job-processor,heartbeat,heartbeat_296,296,warm,baseline:static_macros,3,1,2108481,0,0,0,0,0,0,not_measured,0,0,0,0,0,0,1,false,,,0
job-processor,dequeue_notify,dequeue_notify_297,297,warm,baseline:static_macros,4,1,4796,0,0,0,0,0,0,not_measured,0,0,0,0,0,0,1,false,,,0
job-processor,heartbeat,heartbeat_298,298,warm,baseline:static_macros,3,1,2112738,0,0,0,0,0,0,not_measured,0,0,0,0,0,0,1,false,,,0
job-processor,dequeue_notify,dequeue_notify_299,299,warm,baseline:static_macros,4,1,4486,0,0,0,0,0,0,not_measured,0,0,0,0,0,0,1,false,,,0
job-processor,heartbeat,heartbeat_300,300,warm,baseline:static_macros,3,1,2132858,0,0,0,0,0,0,not_measured,0,0,0,0,0,0,1,false,,,0
job-processor,dequeue_notify,dequeue_notify_301,301,warm,baseline:static_macros,4,1,4323,0,0,0,0,0,0,not_measured,0,0,0,0,0,0,1,false,,,0
job-processor,heartbeat,heartbeat_302,302,warm,baseline:static_macros,3,1,2154910,0,0,0,0,0,0,not_measured,0,0,0,0,0,0,1,false,,,0
job-processor,dequeue_notify,dequeue_notify_303,303,warm,baseline:static_macros,4,1,4463,0,0,0,0,0,0,not_measured,0,0,0,0,0,0,1,false,,,0
job-processor,heartbeat,heartbeat_304,304,warm,baseline:static_macros,3,1,2124640,0,0,0,0,0,0,not_measured,0,0,0,0,0,0,1,false,,,0
job-processor,dequeue_notify,dequeue_notify_305,305,warm,baseline:static_macros,4,1,4770,0,0,0,0,0,0,not_measured,0,0,0,0,0,0,1,false,,,0
job-processor,heartbeat,heartbeat_306,306,warm,baseline:static_macros,3,1,2483079,0,0,0,0,0,0,not_measured,0,0,0,0,0,0,1,false,,,0
job-processor,dequeue_notify,dequeue_notify_307,307,warm,baseline:static_macros,4,1,13664,0,0,0,0,0,0,not_measured,0,0,0,0,0,0,1,false,,,0
job-processor,heartbeat,heartbeat_308,308,warm,baseline:static_macros,3,1,2216041,0,0,0,0,0,0,not_measured,0,0,0,0,0,0,1,false,,,0
job-processor,dequeue_notify,dequeue_notify_309,309,warm,baseline:static_macros,4,1,6513,0,0,0,0,0,0,not_measured,0,0,0,0,0,0,1,false,,,0
job-processor,heartbeat,heartbeat_310,310,warm,baseline:static_macros,3,1,2234368,0,0,0,0,0,0,not_measured,0,0,0,0,0,0,1,false,,,0
job-processor,dequeue_notify,dequeue_notify_311,311,warm,baseline:static_macros,4,1,4865,0,0,0,0,0,0,not_measured,0,0,0,0,0,0,1,false,,,0
job-processor,heartbeat,heartbeat_312,312,warm,baseline:static_macros,3,1,2231466,0,0,0,0,0,0,not_measured,0,0,0,0,0,0,1,false,,,0
job-processor,dequeue_notify,dequeue_notify_313,313,warm,baseline:static_macros,4,1,55883,0,0,0,0,0,0,not_measured,0,0,0,0,0,0,1,false,,,0
job-processor,heartbeat,heartbeat_314,314,warm,baseline:static_macros,3,1,2185883,0,0,0,0,0,0,not_measured,0,0,0,0,0,0,1,false,,,0
job-processor,dequeue_notify,dequeue_notify_315,315,warm,baseline:static_macros,4,1,6162,0,0,0,0,0,0,not_measured,0,0,0,0,0,0,1,false,,,0
job-processor,heartbeat,heartbeat_316,316,warm,baseline:static_macros,3,1,2136741,0,0,0,0,0,0,not_measured,0,0,0,0,0,0,1,false,,,0
job-processor,dequeue_notify,dequeue_notify_317,317,warm,baseline:static_macros,4,1,4922,0,0,0,0,0,0,not_measured,0,0,0,0,0,0,1,false,,,0
job-processor,heartbeat,heartbeat_318,318,warm,baseline:static_macros,3,1,2117813,0,0,0,0,0,0,not_measured,0,0,0,0,0,0,1,false,,,0
job-processor,dequeue_notify,dequeue_notify_319,319,warm,baseline:static_macros,4,1,4508,0,0,0,0,0,0,not_measured,0,0,0,0,0,0,1,false,,,0
job-processor,heartbeat,heartbeat_320,320,warm,baseline:static_macros,3,1,2104635,0,0,0,0,0,0,not_measured,0,0,0,0,0,0,1,false,,,0
report-worker,daily_report,daily_report_321,321,warm,baseline:static_macros,6,1,186951,0,0,0,0,0,0,not_measured,0,0,0,0,0,0,1,false,,,0
report-worker,daily_report,daily_report_322,322,warm,baseline:static_macros,6,1,48636,0,0,0,0,0,0,not_measured,0,0,0,0,0,0,1,false,,,0
report-worker,daily_report,daily_report_323,323,warm,baseline:static_macros,6,1,42337,0,0,0,0,0,0,not_measured,0,0,0,0,0,0,1,false,,,0
report-worker,daily_report,daily_report_324,324,warm,baseline:static_macros,6,1,39520,0,0,0,0,0,0,not_measured,0,0,0,0,0,0,1,false,,,0
report-worker,daily_report,daily_report_325,325,warm,baseline:static_macros,6,1,151921,0,0,0,0,0,0,not_measured,0,0,0,0,0,0,1,false,,,0
report-worker,daily_report,daily_report_326,326,warm,baseline:static_macros,6,1,44958,0,0,0,0,0,0,not_measured,0,0,0,0,0,0,1,false,,,0
report-worker,daily_report,daily_report_327,327,warm,baseline:static_macros,6,1,41017,0,0,0,0,0,0,not_measured,0,0,0,0,0,0,1,false,,,0
report-worker,daily_report,daily_report_328,328,warm,baseline:static_macros,6,1,38123,0,0,0,0,0,0,not_measured,0,0,0,0,0,0,1,false,,,0
report-worker,daily_report,daily_report_329,329,warm,baseline:static_macros,6,1,40604,0,0,0,0,0,0,not_measured,0,0,0,0,0,0,1,false,,,0
report-worker,daily_report,daily_report_330,330,warm,baseline:static_macros,6,1,37466,0,0,0,0,0,0,not_measured,0,0,0,0,0,0,1,false,,,0
report-worker,daily_report,daily_report_331,331,warm,baseline:static_macros,6,1,70369,0,0,0,0,0,0,not_measured,0,0,0,0,0,0,1,false,,,0
report-worker,daily_report,daily_report_332,332,warm,baseline:static_macros,6,1,42567,0,0,0,0,0,0,not_measured,0,0,0,0,0,0,1,false,,,0
report-worker,daily_report,daily_report_333,333,warm,baseline:static_macros,5,1,4972,0,0,0,0,0,0,not_measured,0,0,0,0,0,0,1,false,,,0
report-worker,daily_report,daily_report_334,334,warm,baseline:static_macros,5,1,3426,0,0,0,0,0,0,not_measured,0,0,0,0,0,0,1,false,,,0
report-worker,daily_report,daily_report_335,335,warm,baseline:static_macros,5,1,4246,0,0,0,0,0,0,not_measured,0,0,0,0,0,0,1,false,,,0
report-worker,daily_report,daily_report_336,336,warm,baseline:static_macros,5,1,3824,0,0,0,0,0,0,not_measured,0,0,0,0,0,0,1,false,,,0
report-worker,daily_report,daily_report_337,337,warm,baseline:static_macros,5,1,3251,0,0,0,0,0,0,not_measured,0,0,0,0,0,0,1,false,,,0
report-worker,daily_report,daily_report_338,338,warm,baseline:static_macros,5,1,3953,0,0,0,0,0,0,not_measured,0,0,0,0,0,0,1,false,,,0
report-worker,daily_report,daily_report_339,339,warm,baseline:static_macros,5,1,3007,0,0,0,0,0,0,not_measured,0,0,0,0,0,0,1,false,,,0
report-worker,daily_report,daily_report_340,340,warm,baseline:static_macros,5,1,25190,0,0,0,0,0,0,not_measured,0,0,0,0,0,0,1,false,,,0
report-worker,daily_report,daily_report_341,341,warm,baseline:static_macros,5,1,2300,0,0,0,0,0,0,not_measured,0,0,0,0,0,0,1,false,,,0
report-worker,daily_report,daily_report_342,342,warm,baseline:static_macros,5,1,2154,0,0,0,0,0,0,not_measured,0,0,0,0,0,0,1,false,,,0
report-worker,daily_report,daily_report_343,343,warm,baseline:static_macros,5,1,2149,0,0,0,0,0,0,not_measured,0,0,0,0,0,0,1,false,,,0
report-worker,daily_report,daily_report_344,344,warm,baseline:static_macros,5,1,2091,0,0,0,0,0,0,not_measured,0,0,0,0,0,0,1,false,,,0
report-worker,daily_report,daily_report_345,345,warm,baseline:static_macros,5,1,2120,0,0,0,0,0,0,not_measured,0,0,0,0,0,0,1,false,,,0
report-worker,daily_report,daily_report_346,346,warm,baseline:static_macros,5,1,2098,0,0,0,0,0,0,not_measured,0,0,0,0,0,0,1,false,,,0
report-worker,daily_report,daily_report_347,347,warm,baseline:static_macros,5,1,2619,0,0,0,0,0,0,not_measured,0,0,0,0,0,0,1,false,,,0
api-service,api_get_user,api_get_user_348,348,warm,baseline:static_macros,4,1,2280,0,0,0,0,0,0,not_measured,0,0,0,0,0,0,1,false,,,0
api-service,session_touch,session_touch_349,349,warm,baseline:static_macros,3,1,2276,0,0,0,0,0,0,not_measured,0,0,0,0,0,0,1,false,,,0
api-service,api_get_user,api_get_user_350,350,warm,baseline:static_macros,4,1,2083,0,0,0,0,0,0,not_measured,0,0,0,0,0,0,1,false,,,0
api-service,session_touch,session_touch_351,351,warm,baseline:static_macros,3,1,2419,0,0,0,0,0,0,not_measured,0,0,0,0,0,0,1,false,,,0
api-service,api_get_user,api_get_user_352,352,warm,baseline:static_macros,4,1,3473,0,0,0,0,0,0,not_measured,0,0,0,0,0,0,1,false,,,0
api-service,session_touch,session_touch_353,353,warm,baseline:static_macros,3,1,3033,0,0,0,0,0,0,not_measured,0,0,0,0,0,0,1,false,,,0
api-service,api_get_user,api_get_user_354,354,warm,baseline:static_macros,4,1,4183,0,0,0,0,0,0,not_measured,0,0,0,0,0,0,1,false,,,0
api-service,session_touch,session_touch_355,355,warm,baseline:static_macros,3,1,3216,0,0,0,0,0,0,not_measured,0,0,0,0,0,0,1,false,,,0
api-service,api_get_user,api_get_user_356,356,warm,baseline:static_macros,4,1,3192,0,0,0,0,0,0,not_measured,0,0,0,0,0,0,1,false,,,0
api-service,session_touch,session_touch_357,357,warm,baseline:static_macros,3,1,2966,0,0,0,0,0,0,not_measured,0,0,0,0,0,0,1,false,,,0
api-service,api_get_user,api_get_user_358,358,warm,baseline:static_macros,4,1,3318,0,0,0,0,0,0,not_measured,0,0,0,0,0,0,1,false,,,0
api-service,session_touch,session_touch_359,359,warm,baseline:static_macros,3,1,3323,0,0,0,0,0,0,not_measured,0,0,0,0,0,0,1,false,,,0
api-service,api_get_user,api_get_user_360,360,warm,baseline:static_macros,4,1,3301,0,0,0,0,0,0,not_measured,0,0,0,0,0,0,1,false,,,0
api-service,session_touch,session_touch_361,361,warm,baseline:static_macros,3,1,3316,0,0,0,0,0,0,not_measured,0,0,0,0,0,0,1,false,,,0
api-service,api_get_user,api_get_user_362,362,warm,baseline:static_macros,4,1,2297,0,0,0,0,0,0,not_measured,0,0,0,0,0,0,1,false,,,0
api-service,session_touch,session_touch_363,363,warm,baseline:static_macros,3,1,2260,0,0,0,0,0,0,not_measured,0,0,0,0,0,0,1,false,,,0
api-service,api_get_user,api_get_user_364,364,warm,baseline:static_macros,4,1,2290,0,0,0,0,0,0,not_measured,0,0,0,0,0,0,1,false,,,0
api-service,session_touch,session_touch_365,365,warm,baseline:static_macros,3,1,2122,0,0,0,0,0,0,not_measured,0,0,0,0,0,0,1,false,,,0
api-service,api_get_user,api_get_user_366,366,warm,baseline:static_macros,4,1,2172,0,0,0,0,0,0,not_measured,0,0,0,0,0,0,1,false,,,0
api-service,session_touch,session_touch_367,367,warm,baseline:static_macros,3,1,2157,0,0,0,0,0,0,not_measured,0,0,0,0,0,0,1,false,,,0
api-service,api_get_user,api_get_user_368,368,warm,baseline:static_macros,4,1,2184,0,0,0,0,0,0,not_measured,0,0,0,0,0,0,1,false,,,0
api-service,session_touch,session_touch_369,369,warm,baseline:static_macros,3,1,2106,0,0,0,0,0,0,not_measured,0,0,0,0,0,0,1,false,,,0
api-service,api_get_user,api_get_user_370,370,warm,baseline:static_macros,4,1,2117,0,0,0,0,0,0,not_measured,0,0,0,0,0,0,1,false,,,0
api-service,session_touch,session_touch_371,371,warm,baseline:static_macros,3,1,2452,0,0,0,0,0,0,not_measured,0,0,0,0,0,0,1,false,,,0
api-service,api_get_user,api_get_user_372,372,warm,baseline:static_macros,4,1,2767,0,0,0,0,0,0,not_measured,0,0,0,0,0,0,1,false,,,0
api-service,session_touch,session_touch_373,373,warm,baseline:static_macros,3,1,3193,0,0,0,0,0,0,not_measured,0,0,0,0,0,0,1,false,,,0
api-service,api_get_user,api_get_user_374,374,warm,baseline:static_macros,4,1,3129,0,0,0,0,0,0,not_measured,0,0,0,0,0,0,1,false,,,0
api-service,session_touch,session_touch_375,375,warm,baseline:static_macros,3,1,3353,0,0,0,0,0,0,not_measured,0,0,0,0,0,0,1,false,,,0
api-service,api_get_user,api_get_user_376,376,warm,baseline:static_macros,4,1,3512,0,0,0,0,0,0,not_measured,0,0,0,0,0,0,1,false,,,0
api-service,session_touch,session_touch_377,377,warm,baseline:static_macros,3,1,3291,0,0,0,0,0,0,not_measured,0,0,0,0,0,0,1,false,,,0
report-worker,daily_report,daily_report_378,378,warm,baseline:static_macros,5,1,3670,0,0,0,0,0,0,not_measured,0,0,0,0,0,0,1,false,,,0
report-worker,archive_check,archive_check_379,379,warm,baseline:static_macros,3,1,3526,0,0,0,0,0,0,not_measured,0,0,0,0,0,0,1,false,,,0
report-worker,daily_report,daily_report_380,380,warm,baseline:static_macros,5,1,3129,0,0,0,0,0,0,not_measured,0,0,0,0,0,0,1,false,,,0
report-worker,archive_check,archive_check_381,381,warm,baseline:static_macros,3,1,3443,0,0,0,0,0,0,not_measured,0,0,0,0,0,0,1,false,,,0
report-worker,daily_report,daily_report_382,382,warm,baseline:static_macros,5,1,3323,0,0,0,0,0,0,not_measured,0,0,0,0,0,0,1,false,,,0
report-worker,archive_check,archive_check_383,383,warm,baseline:static_macros,3,1,3515,0,0,0,0,0,0,not_measured,0,0,0,0,0,0,1,false,,,0
report-worker,daily_report,daily_report_384,384,warm,baseline:static_macros,5,1,3818,0,0,0,0,0,0,not_measured,0,0,0,0,0,0,1,false,,,0
report-worker,archive_check,archive_check_385,385,warm,baseline:static_macros,3,1,3424,0,0,0,0,0,0,not_measured,0,0,0,0,0,0,1,false,,,0
report-worker,daily_report,daily_report_386,386,warm,baseline:static_macros,5,1,3674,0,0,0,0,0,0,not_measured,0,0,0,0,0,0,1,false,,,0
report-worker,archive_check,archive_check_387,387,warm,baseline:static_macros,3,1,3547,0,0,0,0,0,0,not_measured,0,0,0,0,0,0,1,false,,,0
report-worker,daily_report,daily_report_388,388,warm,baseline:static_macros,5,1,3538,0,0,0,0,0,0,not_measured,0,0,0,0,0,0,1,false,,,0
report-worker,archive_check,archive_check_389,389,warm,baseline:static_macros,3,1,3318,0,0,0,0,0,0,not_measured,0,0,0,0,0,0,1,false,,,0
report-worker,daily_report,daily_report_390,390,warm,baseline:static_macros,5,1,3390,0,0,0,0,0,0,not_measured,0,0,0,0,0,0,1,false,,,0
report-worker,archive_check,archive_check_391,391,warm,baseline:static_macros,3,1,3444,0,0,0,0,0,0,not_measured,0,0,0,0,0,0,1,false,,,0
report-worker,daily_report,daily_report_392,392,warm,baseline:static_macros,5,1,4382,0,0,0,0,0,0,not_measured,0,0,0,0,0,0,1,false,,,0
report-worker,archive_check,archive_check_393,393,warm,baseline:static_macros,3,1,3912,0,0,0,0,0,0,not_measured,0,0,0,0,0,0,1,false,,,0
report-worker,daily_report,daily_report_394,394,warm,baseline:static_macros,5,1,6464,0,0,0,0,0,0,not_measured,0,0,0,0,0,0,1,false,,,0
report-worker,archive_check,archive_check_395,395,warm,baseline:static_macros,3,1,3504,0,0,0,0,0,0,not_measured,0,0,0,0,0,0,1,false,,,0
report-worker,daily_report,daily_report_396,396,warm,baseline:static_macros,5,1,4180,0,0,0,0,0,0,not_measured,0,0,0,0,0,0,1,false,,,0
report-worker,archive_check,archive_check_397,397,warm,baseline:static_macros,3,1,3493,0,0,0,0,0,0,not_measured,0,0,0,0,0,0,1,false,,,0
report-worker,daily_report,daily_report_398,398,warm,baseline:static_macros,5,1,2495,0,0,0,0,0,0,not_measured,0,0,0,0,0,0,1,false,,,0
report-worker,archive_check,archive_check_399,399,warm,baseline:static_macros,3,1,2374,0,0,0,0,0,0,not_measured,0,0,0,0,0,0,1,false,,,0
report-worker,daily_report,daily_report_400,400,warm,baseline:static_macros,5,1,2575,0,0,0,0,0,0,not_measured,0,0,0,0,0,0,1,false,,,0
report-worker,archive_check,archive_check_401,401,warm,baseline:static_macros,3,1,2329,0,0,0,0,0,0,not_measured,0,0,0,0,0,0,1,false,,,0
report-worker,daily_report,daily_report_402,402,warm,baseline:static_macros,5,1,2447,0,0,0,0,0,0,not_measured,0,0,0,0,0,0,1,false,,,0
report-worker,archive_check,archive_check_403,403,warm,baseline:static_macros,3,1,2390,0,0,0,0,0,0,not_measured,0,0,0,0,0,0,1,false,,,0
report-worker,daily_report,daily_report_404,404,warm,baseline:static_macros,5,1,2515,0,0,0,0,0,0,not_measured,0,0,0,0,0,0,1,false,,,0
report-worker,archive_check,archive_check_405,405,warm,baseline:static_macros,3,1,2424,0,0,0,0,0,0,not_measured,0,0,0,0,0,0,1,false,,,0
report-worker,daily_report,daily_report_406,406,warm,baseline:static_macros,5,1,2476,0,0,0,0,0,0,not_measured,0,0,0,0,0,0,1,false,,,0
report-worker,archive_check,archive_check_407,407,warm,baseline:static_macros,3,1,2392,0,0,0,0,0,0,not_measured,0,0,0,0,0,0,1,false,,,0
build-worker,checksum_artifact,checksum_artifact_408,408,warm,baseline:static_macros,3,1,2530,0,0,0,0,0,0,not_measured,0,0,0,0,0,0,1,false,,,0
build-worker,stage_output,stage_output_409,409,warm,baseline:static_macros,5,1,4360,0,0,0,0,0,0,not_measured,0,0,0,0,0,0,1,false,,,0
build-worker,checksum_artifact,checksum_artifact_410,410,warm,baseline:static_macros,3,1,2404,0,0,0,0,0,0,not_measured,0,0,0,0,0,0,1,false,,,0
build-worker,stage_output,stage_output_411,411,warm,baseline:static_macros,5,1,3237,0,0,0,0,0,0,not_measured,0,0,0,0,0,0,1,false,,,0
build-worker,checksum_artifact,checksum_artifact_412,412,warm,baseline:static_macros,3,1,4663,0,0,0,0,0,0,not_measured,0,0,0,0,0,0,1,false,,,0
build-worker,stage_output,stage_output_413,413,warm,baseline:static_macros,5,1,4000,0,0,0,0,0,0,not_measured,0,0,0,0,0,0,1,false,,,0
build-worker,checksum_artifact,checksum_artifact_414,414,warm,baseline:static_macros,3,1,2487,0,0,0,0,0,0,not_measured,0,0,0,0,0,0,1,false,,,0
build-worker,stage_output,stage_output_415,415,warm,baseline:static_macros,5,1,2421,0,0,0,0,0,0,not_measured,0,0,0,0,0,0,1,false,,,0
build-worker,checksum_artifact,checksum_artifact_416,416,warm,baseline:static_macros,3,1,2591,0,0,0,0,0,0,not_measured,0,0,0,0,0,0,1,false,,,0
build-worker,stage_output,stage_output_417,417,warm,baseline:static_macros,5,1,2438,0,0,0,0,0,0,not_measured,0,0,0,0,0,0,1,false,,,0
build-worker,checksum_artifact,checksum_artifact_418,418,warm,baseline:static_macros,3,1,2454,0,0,0,0,0,0,not_measured,0,0,0,0,0,0,1,false,,,0
build-worker,stage_output,stage_output_419,419,warm,baseline:static_macros,5,1,2591,0,0,0,0,0,0,not_measured,0,0,0,0,0,0,1,false,,,0
build-worker,checksum_artifact,checksum_artifact_420,420,warm,baseline:static_macros,3,1,2433,0,0,0,0,0,0,not_measured,0,0,0,0,0,0,1,false,,,0
build-worker,stage_output,stage_output_421,421,warm,baseline:static_macros,5,1,2437,0,0,0,0,0,0,not_measured,0,0,0,0,0,0,1,false,,,0
build-worker,checksum_artifact,checksum_artifact_422,422,warm,baseline:static_macros,3,1,2596,0,0,0,0,0,0,not_measured,0,0,0,0,0,0,1,false,,,0
build-worker,stage_output,stage_output_423,423,warm,baseline:static_macros,5,1,2460,0,0,0,0,0,0,not_measured,0,0,0,0,0,0,1,false,,,0
build-worker,checksum_artifact,checksum_artifact_424,424,warm,baseline:static_macros,3,1,2468,0,0,0,0,0,0,not_measured,0,0,0,0,0,0,1,false,,,0
build-worker,stage_output,stage_output_425,425,warm,baseline:static_macros,5,1,2450,0,0,0,0,0,0,not_measured,0,0,0,0,0,0,1,false,,,0
build-worker,checksum_artifact,checksum_artifact_426,426,warm,baseline:static_macros,3,1,2448,0,0,0,0,0,0,not_measured,0,0,0,0,0,0,1,false,,,0
build-worker,stage_output,stage_output_427,427,warm,baseline:static_macros,5,1,2502,0,0,0,0,0,0,not_measured,0,0,0,0,0,0,1,false,,,0
build-worker,checksum_artifact,checksum_artifact_428,428,warm,baseline:static_macros,3,1,2465,0,0,0,0,0,0,not_measured,0,0,0,0,0,0,1,false,,,0
build-worker,stage_output,stage_output_429,429,warm,baseline:static_macros,5,1,2531,0,0,0,0,0,0,not_measured,0,0,0,0,0,0,1,false,,,0
build-worker,checksum_artifact,checksum_artifact_430,430,warm,baseline:static_macros,3,1,2513,0,0,0,0,0,0,not_measured,0,0,0,0,0,0,1,false,,,0
build-worker,stage_output,stage_output_431,431,warm,baseline:static_macros,5,1,2489,0,0,0,0,0,0,not_measured,0,0,0,0,0,0,1,false,,,0
build-worker,checksum_artifact,checksum_artifact_432,432,warm,baseline:static_macros,3,1,2538,0,0,0,0,0,0,not_measured,0,0,0,0,0,0,1,false,,,0
build-worker,stage_output,stage_output_433,433,warm,baseline:static_macros,5,1,2589,0,0,0,0,0,0,not_measured,0,0,0,0,0,0,1,false,,,0
build-worker,checksum_artifact,checksum_artifact_434,434,warm,baseline:static_macros,3,1,2509,0,0,0,0,0,0,not_measured,0,0,0,0,0,0,1,false,,,0
build-worker,stage_output,stage_output_435,435,warm,baseline:static_macros,5,1,2488,0,0,0,0,0,0,not_measured,0,0,0,0,0,0,1,false,,,0
build-worker,checksum_artifact,checksum_artifact_436,436,warm,baseline:static_macros,3,1,2983,0,0,0,0,0,0,not_measured,0,0,0,0,0,0,1,false,,,0
build-worker,stage_output,stage_output_437,437,warm,baseline:static_macros,5,1,2707,0,0,0,0,0,0,not_measured,0,0,0,0,0,0,1,false,,,0
job-processor,dequeue_notify,dequeue_notify_438,438,warm,baseline:static_macros,4,1,2863,0,0,0,0,0,0,not_measured,0,0,0,0,0,0,1,false,,,0
job-processor,heartbeat,heartbeat_439,439,warm,baseline:static_macros,3,1,2151962,0,0,0,0,0,0,not_measured,0,0,0,0,0,0,1,false,,,0
job-processor,dequeue_notify,dequeue_notify_440,440,warm,baseline:static_macros,4,1,7072,0,0,0,0,0,0,not_measured,0,0,0,0,0,0,1,false,,,0
job-processor,heartbeat,heartbeat_441,441,warm,baseline:static_macros,3,1,2148910,0,0,0,0,0,0,not_measured,0,0,0,0,0,0,1,false,,,0
job-processor,dequeue_notify,dequeue_notify_442,442,warm,baseline:static_macros,4,1,5314,0,0,0,0,0,0,not_measured,0,0,0,0,0,0,1,false,,,0
job-processor,heartbeat,heartbeat_443,443,warm,baseline:static_macros,3,1,2141371,0,0,0,0,0,0,not_measured,0,0,0,0,0,0,1,false,,,0
job-processor,dequeue_notify,dequeue_notify_444,444,warm,baseline:static_macros,4,1,5672,0,0,0,0,0,0,not_measured,0,0,0,0,0,0,1,false,,,0
job-processor,heartbeat,heartbeat_445,445,warm,baseline:static_macros,3,1,2127053,0,0,0,0,0,0,not_measured,0,0,0,0,0,0,1,false,,,0
job-processor,dequeue_notify,dequeue_notify_446,446,warm,baseline:static_macros,4,1,45977,0,0,0,0,0,0,not_measured,0,0,0,0,0,0,1,false,,,0
job-processor,heartbeat,heartbeat_447,447,warm,baseline:static_macros,3,1,2264389,0,0,0,0,0,0,not_measured,0,0,0,0,0,0,1,false,,,0
job-processor,dequeue_notify,dequeue_notify_448,448,warm,baseline:static_macros,4,1,13946,0,0,0,0,0,0,not_measured,0,0,0,0,0,0,1,false,,,0
job-processor,heartbeat,heartbeat_449,449,warm,baseline:static_macros,3,1,2193808,0,0,0,0,0,0,not_measured,0,0,0,0,0,0,1,false,,,0
job-processor,dequeue_notify,dequeue_notify_450,450,warm,baseline:static_macros,4,1,21979,0,0,0,0,0,0,not_measured,0,0,0,0,0,0,1,false,,,0
job-processor,heartbeat,heartbeat_451,451,warm,baseline:static_macros,3,1,2412499,0,0,0,0,0,0,not_measured,0,0,0,0,0,0,1,false,,,0
job-processor,dequeue_notify,dequeue_notify_452,452,warm,baseline:static_macros,4,1,18329,0,0,0,0,0,0,not_measured,0,0,0,0,0,0,1,false,,,0
job-processor,heartbeat,heartbeat_453,453,warm,baseline:static_macros,3,1,2375024,0,0,0,0,0,0,not_measured,0,0,0,0,0,0,1,false,,,0
job-processor,dequeue_notify,dequeue_notify_454,454,warm,baseline:static_macros,4,1,9259,0,0,0,0,0,0,not_measured,0,0,0,0,0,0,1,false,,,0
job-processor,heartbeat,heartbeat_455,455,warm,baseline:static_macros,3,1,2106084,0,0,0,0,0,0,not_measured,0,0,0,0,0,0,1,false,,,0
job-processor,dequeue_notify,dequeue_notify_456,456,warm,baseline:static_macros,4,1,8420,0,0,0,0,0,0,not_measured,0,0,0,0,0,0,1,false,,,0
job-processor,heartbeat,heartbeat_457,457,warm,baseline:static_macros,3,1,2121882,0,0,0,0,0,0,not_measured,0,0,0,0,0,0,1,false,,,0
job-processor,dequeue_notify,dequeue_notify_458,458,warm,baseline:static_macros,4,1,7826,0,0,0,0,0,0,not_measured,0,0,0,0,0,0,1,false,,,0
job-processor,heartbeat,heartbeat_459,459,warm,baseline:static_macros,3,1,2142483,0,0,0,0,0,0,not_measured,0,0,0,0,0,0,1,false,,,0
job-processor,dequeue_notify,dequeue_notify_460,460,warm,baseline:static_macros,4,1,25306,0,0,0,0,0,0,not_measured,0,0,0,0,0,0,1,false,,,0
job-processor,heartbeat,heartbeat_461,461,warm,baseline:static_macros,3,1,2361820,0,0,0,0,0,0,not_measured,0,0,0,0,0,0,1,false,,,0
job-processor,dequeue_notify,dequeue_notify_462,462,warm,baseline:static_macros,4,1,5687,0,0,0,0,0,0,not_measured,0,0,0,0,0,0,1,false,,,0
job-processor,heartbeat,heartbeat_463,463,warm,baseline:static_macros,3,1,2142419,0,0,0,0,0,0,not_measured,0,0,0,0,0,0,1,false,,,0
job-processor,dequeue_notify,dequeue_notify_464,464,warm,baseline:static_macros,4,1,5921,0,0,0,0,0,0,not_measured,0,0,0,0,0,0,1,false,,,0
job-processor,heartbeat,heartbeat_465,465,warm,baseline:static_macros,3,1,2177485,0,0,0,0,0,0,not_measured,0,0,0,0,0,0,1,false,,,0
job-processor,dequeue_notify,dequeue_notify_466,466,warm,baseline:static_macros,4,1,9941,0,0,0,0,0,0,not_measured,0,0,0,0,0,0,1,false,,,0
job-processor,heartbeat,heartbeat_467,467,warm,baseline:static_macros,3,1,2360875,0,0,0,0,0,0,not_measured,0,0,0,0,0,0,1,false,,,0
build-worker,stage_output,stage_output_411,468,warm,baseline:static_macros,1,0,13258,0,0,0,0,0,0,not_measured,0,0,0,0,0,0,0,false,,,0
build-worker,checksum_artifact,checksum_artifact_183,469,warm,baseline:static_macros,1,0,5544,0,0,0,0,0,0,not_measured,0,0,0,0,0,0,0,false,,,0
report-worker,daily_report,daily_report_113,470,warm,baseline:static_macros,1,0,4513,0,0,0,0,0,0,not_measured,0,0,0,0,0,0,0,false,,,0
build-worker,stage_output,stage_output_204,471,warm,baseline:static_macros,1,0,3768,0,0,0,0,0,0,not_measured,0,0,0,0,0,0,0,false,,,0
api-service,api_get_user,api_get_user_376,472,warm,baseline:static_macros,1,0,3646,0,0,0,0,0,0,not_measured,0,0,0,0,0,0,0,false,,,0
build-worker,stage_output,stage_output_200,473,warm,baseline:static_macros,1,0,3201,0,0,0,0,0,0,not_measured,0,0,0,0,0,0,0,false,,,0
api-service,api_get_user,api_get_user_65,474,warm,baseline:static_macros,1,0,3373,0,0,0,0,0,0,not_measured,0,0,0,0,0,0,0,false,,,0
job-processor,dequeue_notify,dequeue_notify_283,475,warm,baseline:static_macros,1,0,3455,0,0,0,0,0,0,not_measured,0,0,0,0,0,0,0,false,,,0
api-service,api_get_user,api_get_user_67,476,warm,baseline:static_macros,1,0,3918,0,0,0,0,0,0,not_measured,0,0,0,0,0,0,0,false,,,0
job-processor,heartbeat,heartbeat_320,477,warm,baseline:static_macros,1,0,2109410,0,0,0,0,0,0,not_measured,0,0,0,0,0,0,0,false,,,0
report-worker,daily_report,daily_report_119,478,warm,baseline:static_macros,1,0,8951,0,0,0,0,0,0,not_measured,0,0,0,0,0,0,0,false,,,0
api-service,api_get_user,api_get_user_372,479,warm,baseline:static_macros,1,0,4128,0,0,0,0,0,0,not_measured,0,0,0,0,0,0,0,false,,,0
api-service,session_touch,session_touch_365,480,warm,baseline:static_macros,1,0,3369,0,0,0,0,0,0,not_measured,0,0,0,0,0,0,0,false,,,0
report-worker,archive_check,archive_check_168,481,warm,baseline:static_macros,1,0,3567,0,0,0,0,0,0,not_measured,0,0,0,0,0,0,0,false,,,0
api-service,session_touch,session_touch_62,482,warm,baseline:static_macros,1,0,2767,0,0,0,0,0,0,not_measured,0,0,0,0,0,0,0,false,,,0
api-service,api_get_user,api_get_user_27,483,warm,baseline:static_macros,1,0,9490,0,0,0,0,0,0,not_measured,0,0,0,0,0,0,0,false,,,0
build-worker,checksum_artifact,checksum_artifact_418,484,warm,baseline:static_macros,1,0,3332,0,0,0,0,0,0,not_measured,0,0,0,0,0,0,0,false,,,0
job-processor,dequeue_notify,dequeue_notify_251,485,warm,baseline:static_macros,1,0,3319,0,0,0,0,0,0,not_measured,0,0,0,0,0,0,0,false,,,0
report-worker,archive_check,archive_check_114,486,warm,baseline:static_macros,1,0,3099,0,0,0,0,0,0,not_measured,0,0,0,0,0,0,0,false,,,0
report-worker,daily_report,daily_report_121,487,warm,baseline:static_macros,1,0,3331,0,0,0,0,0,0,not_measured,0,0,0,0,0,0,0,false,,,0
report-worker,daily_report,daily_report_93,488,warm,baseline:static_macros,1,0,3083,0,0,0,0,0,0,not_measured,0,0,0,0,0,0,0,false,,,0
job-processor,heartbeat,heartbeat_320,489,warm,baseline:static_macros,1,0,2363451,0,0,0,0,0,0,not_measured,0,0,0,0,0,0,0,false,,,0
build-worker,checksum_artifact,checksum_artifact_221,490,warm,baseline:static_macros,1,0,8312,0,0,0,0,0,0,not_measured,0,0,0,0,0,0,0,false,,,0
job-processor,dequeue_notify,dequeue_notify_267,491,warm,baseline:static_macros,1,0,4585,0,0,0,0,0,0,not_measured,0,0,0,0,0,0,0,false,,,0
api-service,session_touch,session_touch_20,492,warm,baseline:static_macros,1,0,3461,0,0,0,0,0,0,not_measured,0,0,0,0,0,0,0,false,,,0
api-service,noise,noise_468,493,cold,baseline:static_macros,2,1,21758,0,0,0,0,0,0,not_measured,0,0,0,0,0,0,1,false,,,0
api-service,noise,noise_469,494,warm,baseline:static_macros,2,1,9881,0,0,0,0,0,0,not_measured,0,0,0,0,0,0,1,false,,,0
api-service,noise,noise_470,495,warm,baseline:static_macros,2,1,44562,0,0,0,0,0,0,not_measured,0,0,0,0,0,0,1,false,,,0
api-service,noise,noise_471,496,warm,baseline:static_macros,2,1,4160333,0,0,0,0,0,0,not_measured,0,0,0,0,0,0,1,false,,,0
api-service,noise,noise_472,497,warm,baseline:static_macros,2,1,2845864,0,0,0,0,0,0,not_measured,0,0,2,0,0,0,1,false,,,0
api-service,noise,noise_473,498,warm,baseline:static_macros,2,1,4173700,0,0,0,0,0,0,not_measured,0,2,0,0,0,0,1,false,,,0
api-service,noise,noise_474,499,warm,baseline:static_macros,2,1,4420425,0,0,0,0,0,0,not_measured,2,0,0,0,0,0,1,false,,,0
api-service,noise,noise_475,500,warm,baseline:static_macros,2,1,21404,0,0,0,0,0,0,not_measured,0,0,0,0,0,0,1,false,,,0
api-service,noise,noise_476,501,warm,baseline:static_macros,2,1,275454,0,0,0,0,0,0,not_measured,0,0,0,0,0,0,1,false,,,0
api-service,noise,noise_477,502,warm,baseline:static_macros,2,1,24291,0,0,0,0,0,0,not_measured,0,0,0,0,0,0,1,false,,,0
api-service,noise,noise_478,503,warm,baseline:static_macros,3,1,33343,0,0,0,0,0,0,not_measured,0,0,0,0,0,0,1,false,,,0
api-service,noise,noise_479,504,warm,baseline:static_macros,3,1,19671,0,0,0,0,0,0,not_measured,0,0,0,0,0,0,1,false,,,0
api-service,noise,noise_480,505,warm,baseline:static_macros,3,1,67007,0,0,0,0,0,0,not_measured,0,0,0,0,0,0,1,false,,,0
api-service,noise,noise_481,506,warm,baseline:static_macros,3,1,6076332,0,0,0,0,0,0,not_measured,0,0,0,0,0,0,1,false,,,0
api-service,noise,noise_482,507,warm,baseline:static_macros,3,1,5762803,0,0,0,0,0,0,not_measured,0,0,3,0,0,0,1,false,,,0
api-service,noise,noise_483,508,warm,baseline:static_macros,3,1,6185624,0,0,0,0,0,0,not_measured,0,3,0,0,0,0,1,false,,,0
api-service,noise,noise_484,509,warm,baseline:static_macros,3,1,6469886,0,0,0,0,0,0,not_measured,3,0,0,0,0,0,1,false,,,0
api-service,noise,noise_485,510,warm,baseline:static_macros,3,1,27774,0,0,0,0,0,0,not_measured,0,0,0,0,0,0,1,false,,,0
api-service,noise,noise_486,511,warm,baseline:static_macros,3,1,354684,0,0,0,0,0,0,not_measured,0,0,0,0,0,0,1,false,,,0
api-service,noise,noise_487,512,warm,baseline:static_macros,3,1,29038,0,0,0,0,0,0,not_measured,0,0,0,0,0,0,1,false,,,0
api-service,api_get_user,api_get_user_1,1,cold,baseline:per_app_cache,4,1,2181407,0,0,0,0,0,0,not_measured,0,0,1,0,0,0,1,false,,,0
api-service,session_touch,session_touch_2,2,cold,baseline:per_app_cache,3,1,35093,0,0,0,0,0,0,not_measured,0,0,0,0,0,0,1,false,,,0
api-service,api_get_user,api_get_user_3,3,warm,baseline:per_app_cache,4,1,2133490,0,0,0,0,0,0,not_measured,0,0,1,0,0,0,1,false,,,0
api-service,session_touch,session_touch_4,4,warm,baseline:per_app_cache,3,1,151694,0,0,0,0,0,0,not_measured,0,0,0,0,0,0,1,false,,,0
api-service,api_get_user,api_get_user_5,5,warm,baseline:per_app_cache,4,1,1978145,0,0,0,0,0,0,not_measured,0,0,1,0,0,0,1,false,,,0
api-service,session_touch,session_touch_6,6,warm,baseline:per_app_cache,3,1,125769,0,0,0,0,0,0,not_measured,0,0,0,0,0,0,1,false,,,0
api-service,api_get_user,api_get_user_7,7,warm,baseline:per_app_cache,4,1,1965736,0,0,0,0,0,0,not_measured,0,0,1,0,0,0,1,false,,,0
api-service,session_touch,session_touch_8,8,warm,baseline:per_app_cache,3,1,121254,0,0,0,0,0,0,not_measured,0,0,0,0,0,0,1,false,,,0
api-service,api_get_user,api_get_user_9,9,warm,baseline:per_app_cache,4,1,1983055,0,0,0,0,0,0,not_measured,0,0,1,0,0,0,1,false,,,0
api-service,session_touch,session_touch_10,10,warm,baseline:per_app_cache,3,1,116578,0,0,0,0,0,0,not_measured,0,0,0,0,0,0,1,false,,,0
api-service,api_get_user,api_get_user_11,11,warm,baseline:per_app_cache,4,1,1988257,0,0,0,0,0,0,not_measured,0,0,1,0,0,0,1,false,,,0
api-service,session_touch,session_touch_12,12,warm,baseline:per_app_cache,3,1,86741,0,0,0,0,0,0,not_measured,0,0,0,0,0,0,1,false,,,0
api-service,api_get_user,api_get_user_13,13,warm,baseline:per_app_cache,4,1,2046847,0,0,0,0,0,0,not_measured,0,0,1,0,0,0,1,false,,,0
api-service,session_touch,session_touch_14,14,warm,baseline:per_app_cache,3,1,112343,0,0,0,0,0,0,not_measured,0,0,0,0,0,0,1,false,,,0
api-service,api_get_user,api_get_user_15,15,warm,baseline:per_app_cache,4,1,2072669,0,0,0,0,0,0,not_measured,0,0,1,0,0,0,1,false,,,0
api-service,session_touch,session_touch_16,16,warm,baseline:per_app_cache,3,1,145725,0,0,0,0,0,0,not_measured,0,0,0,0,0,0,1,false,,,0
api-service,api_get_user,api_get_user_17,17,warm,baseline:per_app_cache,4,1,1961437,0,0,0,0,0,0,not_measured,0,0,1,0,0,0,1,false,,,0
api-service,session_touch,session_touch_18,18,warm,baseline:per_app_cache,3,1,99749,0,0,0,0,0,0,not_measured,0,0,0,0,0,0,1,false,,,0
api-service,api_get_user,api_get_user_19,19,warm,baseline:per_app_cache,4,1,1954691,0,0,0,0,0,0,not_measured,0,0,1,0,0,0,1,false,,,0
api-service,session_touch,session_touch_20,20,warm,baseline:per_app_cache,3,1,79566,0,0,0,0,0,0,not_measured,0,0,0,0,0,0,1,false,,,0
api-service,api_get_user,api_get_user_21,21,warm,baseline:per_app_cache,4,1,2048367,0,0,0,0,0,0,not_measured,0,0,1,0,0,0,1,false,,,0
api-service,session_touch,session_touch_22,22,warm,baseline:per_app_cache,3,1,72902,0,0,0,0,0,0,not_measured,0,0,0,0,0,0,1,false,,,0
api-service,api_get_user,api_get_user_23,23,warm,baseline:per_app_cache,4,1,2088287,0,0,0,0,0,0,not_measured,0,0,1,0,0,0,1,false,,,0
api-service,session_touch,session_touch_24,24,warm,baseline:per_app_cache,3,1,71008,0,0,0,0,0,0,not_measured,0,0,0,0,0,0,1,false,,,0
api-service,api_get_user,api_get_user_25,25,warm,baseline:per_app_cache,4,1,2061385,0,0,0,0,0,0,not_measured,0,0,1,0,0,0,1,false,,,0
api-service,session_touch,session_touch_26,26,warm,baseline:per_app_cache,3,1,69738,0,0,0,0,0,0,not_measured,0,0,0,0,0,0,1,false,,,0
api-service,api_get_user,api_get_user_27,27,warm,baseline:per_app_cache,4,1,2062083,0,0,0,0,0,0,not_measured,0,0,1,0,0,0,1,false,,,0
api-service,session_touch,session_touch_28,28,warm,baseline:per_app_cache,3,1,70031,0,0,0,0,0,0,not_measured,0,0,0,0,0,0,1,false,,,0
api-service,api_get_user,api_get_user_29,29,warm,baseline:per_app_cache,4,1,2155637,0,0,0,0,0,0,not_measured,0,0,1,0,0,0,1,false,,,0
api-service,session_touch,session_touch_30,30,warm,baseline:per_app_cache,3,1,69643,0,0,0,0,0,0,not_measured,0,0,0,0,0,0,1,false,,,0
api-service,api_get_user,api_get_user_31,31,warm,baseline:per_app_cache,4,1,2039414,0,0,0,0,0,0,not_measured,0,0,1,0,0,0,1,false,,,0
api-service,session_touch,session_touch_32,32,warm,baseline:per_app_cache,3,1,88370,0,0,0,0,0,0,not_measured,0,0,0,0,0,0,1,false,,,0
api-service,api_get_user,api_get_user_33,33,warm,baseline:per_app_cache,4,1,2909180,0,0,0,0,0,0,not_measured,0,0,1,0,0,0,1,false,,,0
api-service,session_touch,session_touch_34,34,warm,baseline:per_app_cache,3,1,137386,0,0,0,0,0,0,not_measured,0,0,0,0,0,0,1,false,,,0
api-service,api_get_user,api_get_user_35,35,warm,baseline:per_app_cache,4,1,1398512,0,0,0,0,0,0,not_measured,0,0,1,0,0,0,1,false,,,0
api-service,session_touch,session_touch_36,36,warm,baseline:per_app_cache,3,1,76878,0,0,0,0,0,0,not_measured,0,0,0,0,0,0,1,false,,,0
api-service,api_get_user,api_get_user_37,37,warm,baseline:per_app_cache,4,1,2135645,0,0,0,0,0,0,not_measured,0,0,1,0,0,0,1,false,,,0
api-service,session_touch,session_touch_38,38,warm,baseline:per_app_cache,3,1,72541,0,0,0,0,0,0,not_measured,0,0,0,0,0,0,1,false,,,0
api-service,api_get_user,api_get_user_39,39,warm,baseline:per_app_cache,4,1,2008091,0,0,0,0,0,0,not_measured,0,0,1,0,0,0,1,false,,,0
api-service,session_touch,session_touch_40,40,warm,baseline:per_app_cache,3,1,355724,0,0,0,0,0,0,not_measured,0,0,0,0,0,0,1,false,,,0
api-service,api_get_user,api_get_user_41,41,warm,baseline:per_app_cache,4,1,1787732,0,0,0,0,0,0,not_measured,0,0,1,0,0,0,1,false,,,0
api-service,session_touch,session_touch_42,42,warm,baseline:per_app_cache,3,1,78782,0,0,0,0,0,0,not_measured,0,0,0,0,0,0,1,false,,,0
api-service,api_get_user,api_get_user_43,43,warm,baseline:per_app_cache,4,1,2045837,0,0,0,0,0,0,not_measured,0,0,1,0,0,0,1,false,,,0
api-service,session_touch,session_touch_44,44,warm,baseline:per_app_cache,3,1,132689,0,0,0,0,0,0,not_measured,0,0,0,0,0,0,1,false,,,0
api-service,api_get_user,api_get_user_45,45,warm,baseline:per_app_cache,4,1,2033786,0,0,0,0,0,0,not_measured,0,0,1,0,0,0,1,false,,,0
api-service,session_touch,session_touch_46,46,warm,baseline:per_app_cache,3,1,99757,0,0,0,0,0,0,not_measured,0,0,0,0,0,0,1,false,,,0
api-service,api_get_user,api_get_user_47,47,warm,baseline:per_app_cache,4,1,2076895,0,0,0,0,0,0,not_measured,0,0,1,0,0,0,1,false,,,0
api-service,session_touch,session_touch_48,48,warm,baseline:per_app_cache,3,1,84246,0,0,0,0,0,0,not_measured,0,0,0,0,0,0,1,false,,,0
api-service,api_get_user,api_get_user_49,49,warm,baseline:per_app_cache,4,1,2107416,0,0,0,0,0,0,not_measured,0,0,1,0,0,0,1,false,,,0
api-service,session_touch,session_touch_50,50,warm,baseline:per_app_cache,3,1,94228,0,0,0,0,0,0,not_measured,0,0,0,0,0,0,1,false,,,0
api-service,api_get_user,api_get_user_51,51,warm,baseline:per_app_cache,4,1,1997861,0,0,0,0,0,0,not_measured,0,0,1,0,0,0,1,false,,,0
api-service,session_touch,session_touch_52,52,warm,baseline:per_app_cache,3,1,130121,0,0,0,0,0,0,not_measured,0,0,0,0,0,0,1,false,,,0
api-service,api_get_user,api_get_user_53,53,warm,baseline:per_app_cache,4,1,1920155,0,0,0,0,0,0,not_measured,0,0,1,0,0,0,1,false,,,0
api-service,session_touch,session_touch_54,54,warm,baseline:per_app_cache,3,1,135142,0,0,0,0,0,0,not_measured,0,0,0,0,0,0,1,false,,,0
api-service,api_get_user,api_get_user_55,55,warm,baseline:per_app_cache,4,1,2039250,0,0,0,0,0,0,not_measured,0,0,1,0,0,0,1,false,,,0
api-service,session_touch,session_touch_56,56,warm,baseline:per_app_cache,3,1,145513,0,0,0,0,0,0,not_measured,0,0,0,0,0,0,1,false,,,0
api-service,api_get_user,api_get_user_57,57,warm,baseline:per_app_cache,4,1,2002792,0,0,0,0,0,0,not_measured,0,0,1,0,0,0,1,false,,,0
api-service,session_touch,session_touch_58,58,warm,baseline:per_app_cache,3,1,82984,0,0,0,0,0,0,not_measured,0,0,0,0,0,0,1,false,,,0
api-service,api_get_user,api_get_user_59,59,warm,baseline:per_app_cache,4,1,2017547,0,0,0,0,0,0,not_measured,0,0,1,0,0,0,1,false,,,0
api-service,session_touch,session_touch_60,60,warm,baseline:per_app_cache,3,1,136249,0,0,0,0,0,0,not_measured,0,0,0,0,0,0,1,false,,,0
api-service,api_get_user,api_get_user_61,61,warm,baseline:per_app_cache,4,1,2032127,0,0,0,0,0,0,not_measured,0,0,1,0,0,0,1,false,,,0
api-service,session_touch,session_touch_62,62,warm,baseline:per_app_cache,3,1,97183,0,0,0,0,0,0,not_measured,0,0,0,0,0,0,1,false,,,0
api-service,api_get_user,api_get_user_63,63,warm,baseline:per_app_cache,4,1,2046424,0,0,0,0,0,0,not_measured,0,0,1,0,0,0,1,false,,,0
api-service,session_touch,session_touch_64,64,warm,baseline:per_app_cache,3,1,81265,0,0,0,0,0,0,not_measured,0,0,0,0,0,0,1,false,,,0
api-service,api_get_user,api_get_user_65,65,warm,baseline:per_app_cache,4,1,2069586,0,0,0,0,0,0,not_measured,0,0,1,0,0,0,1,false,,,0
api-service,session_touch,session_touch_66,66,warm,baseline:per_app_cache,3,1,115042,0,0,0,0,0,0,not_measured,0,0,0,0,0,0,1,false,,,0
api-service,api_get_user,api_get_user_67,67,warm,baseline:per_app_cache,4,1,2118346,0,0,0,0,0,0,not_measured,0,0,1,0,0,0,1,false,,,0
api-service,session_touch,session_touch_68,68,warm,baseline:per_app_cache,3,1,168647,0,0,0,0,0,0,not_measured,0,0,0,0,0,0,1,false,,,0
api-service,api_get_user,api_get_user_69,69,warm,baseline:per_app_cache,4,1,1970243,0,0,0,0,0,0,not_measured,0,0,1,0,0,0,1,false,,,0
api-service,session_touch,session_touch_70,70,warm,baseline:per_app_cache,3,1,72009,0,0,0,0,0,0,not_measured,0,0,0,0,0,0,1,false,,,0
api-service,api_get_user,api_get_user_71,71,warm,baseline:per_app_cache,4,1,2045800,0,0,0,0,0,0,not_measured,0,0,1,0,0,0,1,false,,,0
api-service,session_touch,session_touch_72,72,warm,baseline:per_app_cache,3,1,128463,0,0,0,0,0,0,not_measured,0,0,0,0,0,0,1,false,,,0
api-service,api_get_user,api_get_user_73,73,warm,baseline:per_app_cache,4,1,2111319,0,0,0,0,0,0,not_measured,0,0,1,0,0,0,1,false,,,0
api-service,session_touch,session_touch_74,74,warm,baseline:per_app_cache,3,1,74994,0,0,0,0,0,0,not_measured,0,0,0,0,0,0,1,false,,,0
api-service,api_get_user,api_get_user_75,75,warm,baseline:per_app_cache,4,1,2086695,0,0,0,0,0,0,not_measured,0,0,1,0,0,0,1,false,,,0
api-service,session_touch,session_touch_76,76,warm,baseline:per_app_cache,3,1,73629,0,0,0,0,0,0,not_measured,0,0,0,0,0,0,1,false,,,0
api-service,api_get_user,api_get_user_77,77,warm,baseline:per_app_cache,4,1,2120284,0,0,0,0,0,0,not_measured,0,0,1,0,0,0,1,false,,,0
api-service,session_touch,session_touch_78,78,warm,baseline:per_app_cache,3,1,71318,0,0,0,0,0,0,not_measured,0,0,0,0,0,0,1,false,,,0
api-service,api_get_user,api_get_user_79,79,warm,baseline:per_app_cache,4,1,1972799,0,0,0,0,0,0,not_measured,0,0,1,0,0,0,1,false,,,0
api-service,session_touch,session_touch_80,80,warm,baseline:per_app_cache,3,1,52096,0,0,0,0,0,0,not_measured,0,0,0,0,0,0,1,false,,,0
api-service,api_get_user,api_get_user_81,81,warm,baseline:per_app_cache,4,1,2081812,0,0,0,0,0,0,not_measured,0,0,1,0,0,0,1,false,,,0
api-service,session_touch,session_touch_82,82,warm,baseline:per_app_cache,3,1,116017,0,0,0,0,0,0,not_measured,0,0,0,0,0,0,1,false,,,0
api-service,api_get_user,api_get_user_83,83,warm,baseline:per_app_cache,4,1,2003643,0,0,0,0,0,0,not_measured,0,0,1,0,0,0,1,false,,,0
api-service,session_touch,session_touch_84,84,warm,baseline:per_app_cache,3,1,72807,0,0,0,0,0,0,not_measured,0,0,0,0,0,0,1,false,,,0
api-service,api_get_user,api_get_user_85,85,warm,baseline:per_app_cache,4,1,2040212,0,0,0,0,0,0,not_measured,0,0,1,0,0,0,1,false,,,0
api-service,session_touch,session_touch_86,86,warm,baseline:per_app_cache,3,1,69560,0,0,0,0,0,0,not_measured,0,0,0,0,0,0,1,false,,,0
api-service,api_get_user,api_get_user_87,87,warm,baseline:per_app_cache,4,1,2091848,0,0,0,0,0,0,not_measured,0,0,1,0,0,0,1,false,,,0
api-service,session_touch,session_touch_88,88,warm,baseline:per_app_cache,3,1,145521,0,0,0,0,0,0,not_measured,0,0,0,0,0,0,1,false,,,0
api-service,api_get_user,api_get_user_89,89,warm,baseline:per_app_cache,4,1,2038010,0,0,0,0,0,0,not_measured,0,0,1,0,0,0,1,false,,,0
api-service,session_touch,session_touch_90,90,warm,baseline:per_app_cache,3,1,72210,0,0,0,0,0,0,not_measured,0,0,0,0,0,0,1,false,,,0
report-worker,daily_report,daily_report_91,91,cold,baseline:per_app_cache,5,1,107506,0,0,0,0,0,0,not_measured,0,0,0,0,0,0,1,false,,,0
report-worker,archive_check,archive_check_92,92,cold,baseline:per_app_cache,3,1,2403173,0,0,0,0,0,0,not_measured,1,0,0,0,0,0,1,false,,,0
report-worker,daily_report,daily_report_93,93,warm,baseline:per_app_cache,5,1,48697,0,0,0,0,0,0,not_measured,0,0,0,0,0,0,1,false,,,0
report-worker,archive_check,archive_check_94,94,warm,baseline:per_app_cache,3,1,2335159,0,0,0,0,0,0,not_measured,1,0,0,0,0,0,1,false,,,0
report-worker,daily_report,daily_report_95,95,warm,baseline:per_app_cache,5,1,51542,0,0,0,0,0,0,not_measured,0,0,0,0,0,0,1,false,,,0
report-worker,archive_check,archive_check_96,96,warm,baseline:per_app_cache,3,1,1983095,0,0,0,0,0,0,not_measured,1,0,0,0,0,0,1,false,,,0
report-worker,daily_report,daily_report_97,97,warm,baseline:per_app_cache,5,1,51573,0,0,0,0,0,0,not_measured,0,0,0,0,0,0,1,false,,,0
report-worker,archive_check,archive_check_98,98,warm,baseline:per_app_cache,3,1,1835755,0,0,0,0,0,0,not_measured,1,0,0,0,0,0,1,false,,,0
report-worker,daily_report,daily_report_99,99,warm,baseline:per_app_cache,5,1,43760,0,0,0,0,0,0,not_measured,0,0,0,0,0,0,1,false,,,0
report-worker,archive_check,archive_check_100,100,warm,baseline:per_app_cache,3,1,1940284,0,0,0,0,0,0,not_measured,1,0,0,0,0,0,1,false,,,0
report-worker,daily_report,daily_report_101,101,warm,baseline:per_app_cache,5,1,62528,0,0,0,0,0,0,not_measured,0,0,0,0,0,0,1,false,,,0
report-worker,archive_check,archive_check_102,102,warm,baseline:per_app_cache,3,1,1961120,0,0,0,0,0,0,not_measured,1,0,0,0,0,0,1,false,,,0
report-worker,daily_report,daily_report_103,103,warm,baseline:per_app_cache,5,1,110985,0,0,0,0,0,0,not_measured,0,0,0,0,0,0,1,false,,,0
report-worker,archive_check,archive_check_104,104,warm,baseline:per_app_cache,3,1,1832172,0,0,0,0,0,0,not_measured,1,0,0,0,0,0,1,false,,,0
report-worker,daily_report,daily_report_105,105,warm,baseline:per_app_cache,5,1,53069,0,0,0,0,0,0,not_measured,0,0,0,0,0,0,1,false,,,0
report-worker,archive_check,archive_check_106,106,warm,baseline:per_app_cache,3,1,2271903,0,0,0,0,0,0,not_measured,1,0,0,0,0,0,1,false,,,0
report-worker,daily_report,daily_report_107,107,warm,baseline:per_app_cache,5,1,60234,0,0,0,0,0,0,not_measured,0,0,0,0,0,0,1,false,,,0
report-worker,archive_check,archive_check_108,108,warm,baseline:per_app_cache,3,1,1797537,0,0,0,0,0,0,not_measured,1,0,0,0,0,0,1,false,,,0
report-worker,daily_report,daily_report_109,109,warm,baseline:per_app_cache,5,1,60321,0,0,0,0,0,0,not_measured,0,0,0,0,0,0,1,false,,,0
report-worker,archive_check,archive_check_110,110,warm,baseline:per_app_cache,3,1,2848123,0,0,0,0,0,0,not_measured,1,0,0,0,0,0,1,false,,,0
report-worker,daily_report,daily_report_111,111,warm,baseline:per_app_cache,5,1,51302,0,0,0,0,0,0,not_measured,0,0,0,0,0,0,1,false,,,0
report-worker,archive_check,archive_check_112,112,warm,baseline:per_app_cache,3,1,2293064,0,0,0,0,0,0,not_measured,1,0,0,0,0,0,1,false,,,0
report-worker,daily_report,daily_report_113,113,warm,baseline:per_app_cache,5,1,88727,0,0,0,0,0,0,not_measured,0,0,0,0,0,0,1,false,,,0
report-worker,archive_check,archive_check_114,114,warm,baseline:per_app_cache,3,1,1976076,0,0,0,0,0,0,not_measured,1,0,0,0,0,0,1,false,,,0
report-worker,daily_report,daily_report_115,115,warm,baseline:per_app_cache,5,1,79223,0,0,0,0,0,0,not_measured,0,0,0,0,0,0,1,false,,,0
report-worker,archive_check,archive_check_116,116,warm,baseline:per_app_cache,3,1,1961300,0,0,0,0,0,0,not_measured,1,0,0,0,0,0,1,false,,,0
report-worker,daily_report,daily_report_117,117,warm,baseline:per_app_cache,5,1,50501,0,0,0,0,0,0,not_measured,0,0,0,0,0,0,1,false,,,0
report-worker,archive_check,archive_check_118,118,warm,baseline:per_app_cache,3,1,1896154,0,0,0,0,0,0,not_measured,1,0,0,0,0,0,1,false,,,0
report-worker,daily_report,daily_report_119,119,warm,baseline:per_app_cache,5,1,56972,0,0,0,0,0,0,not_measured,0,0,0,0,0,0,1,false,,,0
report-worker,archive_check,archive_check_120,120,warm,baseline:per_app_cache,3,1,2384261,0,0,0,0,0,0,not_measured,1,0,0,0,0,0,1,false,,,0
report-worker,daily_report,daily_report_121,121,warm,baseline:per_app_cache,5,1,50958,0,0,0,0,0,0,not_measured,0,0,0,0,0,0,1,false,,,0
report-worker,archive_check,archive_check_122,122,warm,baseline:per_app_cache,3,1,2095806,0,0,0,0,0,0,not_measured,1,0,0,0,0,0,1,false,,,0
report-worker,daily_report,daily_report_123,123,warm,baseline:per_app_cache,5,1,48916,0,0,0,0,0,0,not_measured,0,0,0,0,0,0,1,false,,,0
report-worker,archive_check,archive_check_124,124,warm,baseline:per_app_cache,3,1,1958886,0,0,0,0,0,0,not_measured,1,0,0,0,0,0,1,false,,,0
report-worker,daily_report,daily_report_125,125,warm,baseline:per_app_cache,5,1,48441,0,0,0,0,0,0,not_measured,0,0,0,0,0,0,1,false,,,0
report-worker,archive_check,archive_check_126,126,warm,baseline:per_app_cache,3,1,1849081,0,0,0,0,0,0,not_measured,1,0,0,0,0,0,1,false,,,0
report-worker,daily_report,daily_report_127,127,warm,baseline:per_app_cache,5,1,44977,0,0,0,0,0,0,not_measured,0,0,0,0,0,0,1,false,,,0
report-worker,archive_check,archive_check_128,128,warm,baseline:per_app_cache,3,1,2322947,0,0,0,0,0,0,not_measured,1,0,0,0,0,0,1,false,,,0
report-worker,daily_report,daily_report_129,129,warm,baseline:per_app_cache,5,1,112462,0,0,0,0,0,0,not_measured,0,0,0,0,0,0,1,false,,,0
report-worker,archive_check,archive_check_130,130,warm,baseline:per_app_cache,3,1,1747696,0,0,0,0,0,0,not_measured,1,0,0,0,0,0,1,false,,,0
report-worker,daily_report,daily_report_131,131,warm,baseline:per_app_cache,5,1,57338,0,0,0,0,0,0,not_measured,0,0,0,0,0,0,1,false,,,0
report-worker,archive_check,archive_check_132,132,warm,baseline:per_app_cache,3,1,1983961,0,0,0,0,0,0,not_measured,1,0,0,0,0,0,1,false,,,0
report-worker,daily_report,daily_report_133,133,warm,baseline:per_app_cache,5,1,95012,0,0,0,0,0,0,not_measured,0,0,0,0,0,0,1,false,,,0
report-worker,archive_check,archive_check_134,134,warm,baseline:per_app_cache,3,1,1860742,0,0,0,0,0,0,not_measured,1,0,0,0,0,0,1,false,,,0
report-worker,daily_report,daily_report_135,135,warm,baseline:per_app_cache,5,1,88398,0,0,0,0,0,0,not_measured,0,0,0,0,0,0,1,false,,,0
report-worker,archive_check,archive_check_136,136,warm,baseline:per_app_cache,3,1,1983319,0,0,0,0,0,0,not_measured,1,0,0,0,0,0,1,false,,,0
report-worker,daily_report,daily_report_137,137,warm,baseline:per_app_cache,5,1,90808,0,0,0,0,0,0,not_measured,0,0,0,0,0,0,1,false,,,0
report-worker,archive_check,archive_check_138,138,warm,baseline:per_app_cache,3,1,1861840,0,0,0,0,0,0,not_measured,1,0,0,0,0,0,1,false,,,0
report-worker,daily_report,daily_report_139,139,warm,baseline:per_app_cache,5,1,129214,0,0,0,0,0,0,not_measured,0,0,0,0,0,0,1,false,,,0
report-worker,archive_check,archive_check_140,140,warm,baseline:per_app_cache,3,1,1955814,0,0,0,0,0,0,not_measured,1,0,0,0,0,0,1,false,,,0
report-worker,daily_report,daily_report_141,141,warm,baseline:per_app_cache,5,1,63007,0,0,0,0,0,0,not_measured,0,0,0,0,0,0,1,false,,,0
report-worker,archive_check,archive_check_142,142,warm,baseline:per_app_cache,3,1,2830930,0,0,0,0,0,0,not_measured,1,0,0,0,0,0,1,false,,,0
report-worker,daily_report,daily_report_143,143,warm,baseline:per_app_cache,5,1,71150,0,0,0,0,0,0,not_measured,0,0,0,0,0,0,1,false,,,0
report-worker,archive_check,archive_check_144,144,warm,baseline:per_app_cache,3,1,2117454,0,0,0,0,0,0,not_measured,1,0,0,0,0,0,1,false,,,0
report-worker,daily_report,daily_report_145,145,warm,baseline:per_app_cache,5,1,53126,0,0,0,0,0,0,not_measured,0,0,0,0,0,0,1,false,,,0
report-worker,archive_check,archive_check_146,146,warm,baseline:per_app_cache,3,1,2215780,0,0,0,0,0,0,not_measured,1,0,0,0,0,0,1,false,,,0
report-worker,daily_report,daily_report_147,147,warm,baseline:per_app_cache,5,1,52752,0,0,0,0,0,0,not_measured,0,0,0,0,0,0,1,false,,,0
report-worker,archive_check,archive_check_148,148,warm,baseline:per_app_cache,3,1,2720014,0,0,0,0,0,0,not_measured,1,0,0,0,0,0,1,false,,,0
report-worker,daily_report,daily_report_149,149,warm,baseline:per_app_cache,5,1,100747,0,0,0,0,0,0,not_measured,0,0,0,0,0,0,1,false,,,0
report-worker,archive_check,archive_check_150,150,warm,baseline:per_app_cache,3,1,1983812,0,0,0,0,0,0,not_measured,1,0,0,0,0,0,1,false,,,0
report-worker,daily_report,daily_report_151,151,warm,baseline:per_app_cache,5,1,80463,0,0,0,0,0,0,not_measured,0,0,0,0,0,0,1,false,,,0
report-worker,archive_check,archive_check_152,152,warm,baseline:per_app_cache,3,1,1912375,0,0,0,0,0,0,not_measured,1,0,0,0,0,0,1,false,,,0
report-worker,daily_report,daily_report_153,153,warm,baseline:per_app_cache,5,1,57395,0,0,0,0,0,0,not_measured,0,0,0,0,0,0,1,false,,,0
report-worker,archive_check,archive_check_154,154,warm,baseline:per_app_cache,3,1,2020648,0,0,0,0,0,0,not_measured,1,0,0,0,0,0,1,false,,,0
report-worker,daily_report,daily_report_155,155,warm,baseline:per_app_cache,5,1,51038,0,0,0,0,0,0,not_measured,0,0,0,0,0,0,1,false,,,0
report-worker,archive_check,archive_check_156,156,warm,baseline:per_app_cache,3,1,2361613,0,0,0,0,0,0,not_measured,1,0,0,0,0,0,1,false,,,0
report-worker,daily_report,daily_report_157,157,warm,baseline:per_app_cache,5,1,50906,0,0,0,0,0,0,not_measured,0,0,0,0,0,0,1,false,,,0
report-worker,archive_check,archive_check_158,158,warm,baseline:per_app_cache,3,1,2059718,0,0,0,0,0,0,not_measured,1,0,0,0,0,0,1,false,,,0
report-worker,daily_report,daily_report_159,159,warm,baseline:per_app_cache,5,1,73064,0,0,0,0,0,0,not_measured,0,0,0,0,0,0,1,false,,,0
report-worker,archive_check,archive_check_160,160,warm,baseline:per_app_cache,3,1,1919854,0,0,0,0,0,0,not_measured,1,0,0,0,0,0,1,false,,,0
report-worker,daily_report,daily_report_161,161,warm,baseline:per_app_cache,5,1,86278,0,0,0,0,0,0,not_measured,0,0,0,0,0,0,1,false,,,0
report-worker,archive_check,archive_check_162,162,warm,baseline:per_app_cache,3,1,1722747,0,0,0,0,0,0,not_measured,1,0,0,0,0,0,1,false,,,0
report-worker,daily_report,daily_report_163,163,warm,baseline:per_app_cache,5,1,45082,0,0,0,0,0,0,not_measured,0,0,0,0,0,0,1,false,,,0
report-worker,archive_check,archive_check_164,164,warm,baseline:per_app_cache,3,1,2067340,0,0,0,0,0,0,not_measured,1,0,0,0,0,0,1,false,,,0
report-worker,daily_report,daily_report_165,165,warm,baseline:per_app_cache,5,1,46909,0,0,0,0,0,0,not_measured,0,0,0,0,0,0,1,false,,,0
report-worker,archive_check,archive_check_166,166,warm,baseline:per_app_cache,3,1,1962713,0,0,0,0,0,0,not_measured,1,0,0,0,0,0,1,false,,,0
report-worker,daily_report,daily_report_167,167,warm,baseline:per_app_cache,5,1,87597,0,0,0,0,0,0,not_measured,0,0,0,0,0,0,1,false,,,0
report-worker,archive_check,archive_check_168,168,warm,baseline:per_app_cache,3,1,2140470,0,0,0,0,0,0,not_measured,1,0,0,0,0,0,1,false,,,0
report-worker,daily_report,daily_report_169,169,warm,baseline:per_app_cache,5,1,103639,0,0,0,0,0,0,not_measured,0,0,0,0,0,0,1,false,,,0
report-worker,archive_check,archive_check_170,170,warm,baseline:per_app_cache,3,1,1885702,0,0,0,0,0,0,not_measured,1,0,0,0,0,0,1,false,,,0
build-worker,checksum_artifact,checksum_artifact_171,171,cold,baseline:per_app_cache,3,1,2080650,0,0,0,0,0,0,not_measured,1,0,0,0,0,0,1,false,,,0
build-worker,stage_output,stage_output_172,172,cold,baseline:per_app_cache,5,1,298152,0,0,0,0,0,0,not_measured,0,0,0,0,0,0,1,false,,,0
build-worker,checksum_artifact,checksum_artifact_173,173,warm,baseline:per_app_cache,3,1,2115991,0,0,0,0,0,0,not_measured,1,0,0,0,0,0,1,false,,,0
build-worker,stage_output,stage_output_174,174,warm,baseline:per_app_cache,5,1,59571,0,0,0,0,0,0,not_measured,0,0,0,0,0,0,1,false,,,0
build-worker,checksum_artifact,checksum_artifact_175,175,warm,baseline:per_app_cache,3,1,2346448,0,0,0,0,0,0,not_measured,1,0,0,0,0,0,1,false,,,0
build-worker,stage_output,stage_output_176,176,warm,baseline:per_app_cache,5,1,64630,0,0,0,0,0,0,not_measured,0,0,0,0,0,0,1,false,,,0
build-worker,checksum_artifact,checksum_artifact_177,177,warm,baseline:per_app_cache,3,1,2128106,0,0,0,0,0,0,not_measured,1,0,0,0,0,0,1,false,,,0
build-worker,stage_output,stage_output_178,178,warm,baseline:per_app_cache,5,1,64706,0,0,0,0,0,0,not_measured,0,0,0,0,0,0,1,false,,,0
build-worker,checksum_artifact,checksum_artifact_179,179,warm,baseline:per_app_cache,3,1,1971420,0,0,0,0,0,0,not_measured,1,0,0,0,0,0,1,false,,,0
build-worker,stage_output,stage_output_180,180,warm,baseline:per_app_cache,5,1,54432,0,0,0,0,0,0,not_measured,0,0,0,0,0,0,1,false,,,0
build-worker,checksum_artifact,checksum_artifact_181,181,warm,baseline:per_app_cache,3,1,1899482,0,0,0,0,0,0,not_measured,1,0,0,0,0,0,1,false,,,0
build-worker,stage_output,stage_output_182,182,warm,baseline:per_app_cache,5,1,50861,0,0,0,0,0,0,not_measured,0,0,0,0,0,0,1,false,,,0
build-worker,checksum_artifact,checksum_artifact_183,183,warm,baseline:per_app_cache,3,1,1812793,0,0,0,0,0,0,not_measured,1,0,0,0,0,0,1,false,,,0
build-worker,stage_output,stage_output_184,184,warm,baseline:per_app_cache,5,1,48025,0,0,0,0,0,0,not_measured,0,0,0,0,0,0,1,false,,,0
build-worker,checksum_artifact,checksum_artifact_185,185,warm,baseline:per_app_cache,3,1,1977911,0,0,0,0,0,0,not_measured,1,0,0,0,0,0,1,false,,,0
build-worker,stage_output,stage_output_186,186,warm,baseline:per_app_cache,5,1,46641,0,0,0,0,0,0,not_measured,0,0,0,0,0,0,1,false,,,0
build-worker,checksum_artifact,checksum_artifact_187,187,warm,baseline:per_app_cache,3,1,1925039,0,0,0,0,0,0,not_measured,1,0,0,0,0,0,1,false,,,0
build-worker,stage_output,stage_output_188,188,warm,baseline:per_app_cache,5,1,51416,0,0,0,0,0,0,not_measured,0,0,0,0,0,0,1,false,,,0
build-worker,checksum_artifact,checksum_artifact_189,189,warm,baseline:per_app_cache,3,1,1948195,0,0,0,0,0,0,not_measured,1,0,0,0,0,0,1,false,,,0
build-worker,stage_output,stage_output_190,190,warm,baseline:per_app_cache,5,1,47209,0,0,0,0,0,0,not_measured,0,0,0,0,0,0,1,false,,,0
build-worker,checksum_artifact,checksum_artifact_191,191,warm,baseline:per_app_cache,3,1,1903233,0,0,0,0,0,0,not_measured,1,0,0,0,0,0,1,false,,,0
build-worker,stage_output,stage_output_192,192,warm,baseline:per_app_cache,5,1,49823,0,0,0,0,0,0,not_measured,0,0,0,0,0,0,1,false,,,0
build-worker,checksum_artifact,checksum_artifact_193,193,warm,baseline:per_app_cache,3,1,1875645,0,0,0,0,0,0,not_measured,1,0,0,0,0,0,1,false,,,0
build-worker,stage_output,stage_output_194,194,warm,baseline:per_app_cache,5,1,46427,0,0,0,0,0,0,not_measured,0,0,0,0,0,0,1,false,,,0
build-worker,checksum_artifact,checksum_artifact_195,195,warm,baseline:per_app_cache,3,1,1839870,0,0,0,0,0,0,not_measured,1,0,0,0,0,0,1,false,,,0
build-worker,stage_output,stage_output_196,196,warm,baseline:per_app_cache,5,1,55232,0,0,0,0,0,0,not_measured,0,0,0,0,0,0,1,false,,,0
build-worker,checksum_artifact,checksum_artifact_197,197,warm,baseline:per_app_cache,3,1,2081880,0,0,0,0,0,0,not_measured,1,0,0,0,0,0,1,false,,,0
build-worker,stage_output,stage_output_198,198,warm,baseline:per_app_cache,5,1,46893,0,0,0,0,0,0,not_measured,0,0,0,0,0,0,1,false,,,0
build-worker,checksum_artifact,checksum_artifact_199,199,warm,baseline:per_app_cache,3,1,1962723,0,0,0,0,0,0,not_measured,1,0,0,0,0,0,1,false,,,0
build-worker,stage_output,stage_output_200,200,warm,baseline:per_app_cache,5,1,114410,0,0,0,0,0,0,not_measured,0,0,0,0,0,0,1,false,,,0
build-worker,checksum_artifact,checksum_artifact_201,201,warm,baseline:per_app_cache,3,1,1970294,0,0,0,0,0,0,not_measured,1,0,0,0,0,0,1,false,,,0
build-worker,stage_output,stage_output_202,202,warm,baseline:per_app_cache,5,1,57888,0,0,0,0,0,0,not_measured,0,0,0,0,0,0,1,false,,,0
build-worker,checksum_artifact,checksum_artifact_203,203,warm,baseline:per_app_cache,3,1,1795686,0,0,0,0,0,0,not_measured,1,0,0,0,0,0,1,false,,,0
build-worker,stage_output,stage_output_204,204,warm,baseline:per_app_cache,5,1,57176,0,0,0,0,0,0,not_measured,0,0,0,0,0,0,1,false,,,0
build-worker,checksum_artifact,checksum_artifact_205,205,warm,baseline:per_app_cache,3,1,1871601,0,0,0,0,0,0,not_measured,1,0,0,0,0,0,1,false,,,0
build-worker,stage_output,stage_output_206,206,warm,baseline:per_app_cache,5,1,53184,0,0,0,0,0,0,not_measured,0,0,0,0,0,0,1,false,,,0
build-worker,checksum_artifact,checksum_artifact_207,207,warm,baseline:per_app_cache,3,1,1827021,0,0,0,0,0,0,not_measured,1,0,0,0,0,0,1,false,,,0
build-worker,stage_output,stage_output_208,208,warm,baseline:per_app_cache,5,1,54508,0,0,0,0,0,0,not_measured,0,0,0,0,0,0,1,false,,,0
build-worker,checksum_artifact,checksum_artifact_209,209,warm,baseline:per_app_cache,3,1,2167591,0,0,0,0,0,0,not_measured,1,0,0,0,0,0,1,false,,,0
build-worker,stage_output,stage_output_210,210,warm,baseline:per_app_cache,5,1,57343,0,0,0,0,0,0,not_measured,0,0,0,0,0,0,1,false,,,0
build-worker,checksum_artifact,checksum_artifact_211,211,warm,baseline:per_app_cache,3,1,2173235,0,0,0,0,0,0,not_measured,1,0,0,0,0,0,1,false,,,0
build-worker,stage_output,stage_output_212,212,warm,baseline:per_app_cache,5,1,98717,0,0,0,0,0,0,not_measured,0,0,0,0,0,0,1,false,,,0
build-worker,checksum_artifact,checksum_artifact_213,213,warm,baseline:per_app_cache,3,1,1923693,0,0,0,0,0,0,not_measured,1,0,0,0,0,0,1,false,,,0
build-worker,stage_output,stage_output_214,214,warm,baseline:per_app_cache,5,1,52901,0,0,0,0,0,0,not_measured,0,0,0,0,0,0,1,false,,,0
build-worker,checksum_artifact,checksum_artifact_215,215,warm,baseline:per_app_cache,3,1,2359329,0,0,0,0,0,0,not_measured,1,0,0,0,0,0,1,false,,,0
build-worker,stage_output,stage_output_216,216,warm,baseline:per_app_cache,5,1,63347,0,0,0,0,0,0,not_measured,0,0,0,0,0,0,1,false,,,0
build-worker,checksum_artifact,checksum_artifact_217,217,warm,baseline:per_app_cache,3,1,2023714,0,0,0,0,0,0,not_measured,1,0,0,0,0,0,1,false,,,0
build-worker,stage_output,stage_output_218,218,warm,baseline:per_app_cache,5,1,55584,0,0,0,0,0,0,not_measured,0,0,0,0,0,0,1,false,,,0
build-worker,checksum_artifact,checksum_artifact_219,219,warm,baseline:per_app_cache,3,1,2218218,0,0,0,0,0,0,not_measured,1,0,0,0,0,0,1,false,,,0
build-worker,stage_output,stage_output_220,220,warm,baseline:per_app_cache,5,1,60139,0,0,0,0,0,0,not_measured,0,0,0,0,0,0,1,false,,,0
build-worker,checksum_artifact,checksum_artifact_221,221,warm,baseline:per_app_cache,3,1,1931004,0,0,0,0,0,0,not_measured,1,0,0,0,0,0,1,false,,,0
build-worker,stage_output,stage_output_222,222,warm,baseline:per_app_cache,5,1,56891,0,0,0,0,0,0,not_measured,0,0,0,0,0,0,1,false,,,0
build-worker,checksum_artifact,checksum_artifact_223,223,warm,baseline:per_app_cache,3,1,2582273,0,0,0,0,0,0,not_measured,1,0,0,0,0,0,1,false,,,0
build-worker,stage_output,stage_output_224,224,warm,baseline:per_app_cache,5,1,56888,0,0,0,0,0,0,not_measured,0,0,0,0,0,0,1,false,,,0
build-worker,checksum_artifact,checksum_artifact_225,225,warm,baseline:per_app_cache,3,1,2068647,0,0,0,0,0,0,not_measured,1,0,0,0,0,0,1,false,,,0
build-worker,stage_output,stage_output_226,226,warm,baseline:per_app_cache,5,1,51943,0,0,0,0,0,0,not_measured,0,0,0,0,0,0,1,false,,,0
build-worker,checksum_artifact,checksum_artifact_227,227,warm,baseline:per_app_cache,3,1,2073533,0,0,0,0,0,0,not_measured,1,0,0,0,0,0,1,false,,,0
build-worker,stage_output,stage_output_228,228,warm,baseline:per_app_cache,5,1,49589,0,0,0,0,0,0,not_measured,0,0,0,0,0,0,1,false,,,0
build-worker,checksum_artifact,checksum_artifact_229,229,warm,baseline:per_app_cache,3,1,1938388,0,0,0,0,0,0,not_measured,1,0,0,0,0,0,1,false,,,0
build-worker,stage_output,stage_output_230,230,warm,baseline:per_app_cache,5,1,48971,0,0,0,0,0,0,not_measured,0,0,0,0,0,0,1,false,,,0
build-worker,checksum_artifact,checksum_artifact_231,231,warm,baseline:per_app_cache,3,1,1921009,0,0,0,0,0,0,not_measured,1,0,0,0,0,0,1,false,,,0
build-worker,stage_output,stage_output_232,232,warm,baseline:per_app_cache,5,1,49452,0,0,0,0,0,0,not_measured,0,0,0,0,0,0,1,false,,,0
build-worker,checksum_artifact,checksum_artifact_233,233,warm,baseline:per_app_cache,3,1,1989762,0,0,0,0,0,0,not_measured,1,0,0,0,0,0,1,false,,,0
build-worker,stage_output,stage_output_234,234,warm,baseline:per_app_cache,5,1,59946,0,0,0,0,0,0,not_measured,0,0,0,0,0,0,1,false,,,0
build-worker,checksum_artifact,checksum_artifact_235,235,warm,baseline:per_app_cache,3,1,2071927,0,0,0,0,0,0,not_measured,1,0,0,0,0,0,1,false,,,0
build-worker,stage_output,stage_output_236,236,warm,baseline:per_app_cache,5,1,88871,0,0,0,0,0,0,not_measured,0,0,0,0,0,0,1,false,,,0
build-worker,checksum_artifact,checksum_artifact_237,237,warm,baseline:per_app_cache,3,1,1950640,0,0,0,0,0,0,not_measured,1,0,0,0,0,0,1,false,,,0
build-worker,stage_output,stage_output_238,238,warm,baseline:per_app_cache,5,1,56910,0,0,0,0,0,0,not_measured,0,0,0,0,0,0,1,false,,,0
build-worker,checksum_artifact,checksum_artifact_239,239,warm,baseline:per_app_cache,3,1,1927588,0,0,0,0,0,0,not_measured,1,0,0,0,0,0,1,false,,,0
build-worker,stage_output,stage_output_240,240,warm,baseline:per_app_cache,5,1,55511,0,0,0,0,0,0,not_measured,0,0,0,0,0,0,1,false,,,0
job-processor,dequeue_notify,dequeue_notify_241,241,cold,baseline:per_app_cache,4,1,1816005,0,0,0,0,0,0,not_measured,0,1,0,0,0,0,1,false,,,0
job-processor,heartbeat,heartbeat_242,242,cold,baseline:per_app_cache,3,1,2385997,0,0,0,0,0,0,not_measured,0,0,0,0,0,0,1,false,,,0
job-processor,dequeue_notify,dequeue_notify_243,243,warm,baseline:per_app_cache,4,1,1822503,0,0,0,0,0,0,not_measured,0,1,0,0,0,0,1,false,,,0
job-processor,heartbeat,heartbeat_244,244,warm,baseline:per_app_cache,3,1,2255294,0,0,0,0,0,0,not_measured,0,0,0,0,0,0,1,false,,,0
job-processor,dequeue_notify,dequeue_notify_245,245,warm,baseline:per_app_cache,4,1,1948376,0,0,0,0,0,0,not_measured,0,1,0,0,0,0,1,false,,,0
job-processor,heartbeat,heartbeat_246,246,warm,baseline:per_app_cache,3,1,2124357,0,0,0,0,0,0,not_measured,0,0,0,0,0,0,1,false,,,0
job-processor,dequeue_notify,dequeue_notify_247,247,warm,baseline:per_app_cache,4,1,2063043,0,0,0,0,0,0,not_measured,0,1,0,0,0,0,1,false,,,0
job-processor,heartbeat,heartbeat_248,248,warm,baseline:per_app_cache,3,1,2165977,0,0,0,0,0,0,not_measured,0,0,0,0,0,0,1,false,,,0
job-processor,dequeue_notify,dequeue_notify_249,249,warm,baseline:per_app_cache,4,1,2021957,0,0,0,0,0,0,not_measured,0,1,0,0,0,0,1,false,,,0
job-processor,heartbeat,heartbeat_250,250,warm,baseline:per_app_cache,3,1,2214282,0,0,0,0,0,0,not_measured,0,0,0,0,0,0,1,false,,,0
job-processor,dequeue_notify,dequeue_notify_251,251,warm,baseline:per_app_cache,4,1,2042892,0,0,0,0,0,0,not_measured,0,1,0,0,0,0,1,false,,,0
job-processor,heartbeat,heartbeat_252,252,warm,baseline:per_app_cache,3,1,2170535,0,0,0,0,0,0,not_measured,0,0,0,0,0,0,1,false,,,0
job-processor,dequeue_notify,dequeue_notify_253,253,warm,baseline:per_app_cache,4,1,1989731,0,0,0,0,0,0,not_measured,0,1,0,0,0,0,1,false,,,0
job-processor,heartbeat,heartbeat_254,254,warm,baseline:per_app_cache,3,1,2185473,0,0,0,0,0,0,not_measured,0,0,0,0,0,0,1,false,,,0
job-processor,dequeue_notify,dequeue_notify_255,255,warm,baseline:per_app_cache,4,1,1983074,0,0,0,0,0,0,not_measured,0,1,0,0,0,0,1,false,,,0
job-processor,heartbeat,heartbeat_256,256,warm,baseline:per_app_cache,3,1,2305978,0,0,0,0,0,0,not_measured,0,0,0,0,0,0,1,false,,,0
job-processor,dequeue_notify,dequeue_notify_257,257,warm,baseline:per_app_cache,4,1,1888836,0,0,0,0,0,0,not_measured,0,1,0,0,0,0,1,false,,,0
job-processor,heartbeat,heartbeat_258,258,warm,baseline:per_app_cache,3,1,2107962,0,0,0,0,0,0,not_measured,0,0,0,0,0,0,1,false,,,0
job-processor,dequeue_notify,dequeue_notify_259,259,warm,baseline:per_app_cache,4,1,2044250,0,0,0,0,0,0,not_measured,0,1,0,0,0,0,1,false,,,0
job-processor,heartbeat,heartbeat_260,260,warm,baseline:per_app_cache,3,1,2157785,0,0,0,0,0,0,not_measured,0,0,0,0,0,0,1,false,,,0
job-processor,dequeue_notify,dequeue_notify_261,261,warm,baseline:per_app_cache,4,1,2033077,0,0,0,0,0,0,not_measured,0,1,0,0,0,0,1,false,,,0
job-processor,heartbeat,heartbeat_262,262,warm,baseline:per_app_cache,3,1,2195730,0,0,0,0,0,0,not_measured,0,0,0,0,0,0,1,false,,,0
job-processor,dequeue_notify,dequeue_notify_263,263,warm,baseline:per_app_cache,4,1,1985378,0,0,0,0,0,0,not_measured,0,1,0,0,0,0,1,false,,,0
job-processor,heartbeat,heartbeat_264,264,warm,baseline:per_app_cache,3,1,2192454,0,0,0,0,0,0,not_measured,0,0,0,0,0,0,1,false,,,0
job-processor,dequeue_notify,dequeue_notify_265,265,warm,baseline:per_app_cache,4,1,1993407,0,0,0,0,0,0,not_measured,0,1,0,0,0,0,1,false,,,0
job-processor,heartbeat,heartbeat_266,266,warm,baseline:per_app_cache,3,1,2195639,0,0,0,0,0,0,not_measured,0,0,0,0,0,0,1,false,,,0
job-processor,dequeue_notify,dequeue_notify_267,267,warm,baseline:per_app_cache,4,1,1987539,0,0,0,0,0,0,not_measured,0,1,0,0,0,0,1,false,,,0
job-processor,heartbeat,heartbeat_268,268,warm,baseline:per_app_cache,3,1,2131276,0,0,0,0,0,0,not_measured,0,0,0,0,0,0,1,false,,,0
job-processor,dequeue_notify,dequeue_notify_269,269,warm,baseline:per_app_cache,4,1,2119579,0,0,0,0,0,0,not_measured,0,1,0,0,0,0,1,false,,,0
job-processor,heartbeat,heartbeat_270,270,warm,baseline:per_app_cache,3,1,2377023,0,0,0,0,0,0,not_measured,0,0,0,0,0,0,1,false,,,0
job-processor,dequeue_notify,dequeue_notify_271,271,warm,baseline:per_app_cache,4,1,1776183,0,0,0,0,0,0,not_measured,0,1,0,0,0,0,1,false,,,0
job-processor,heartbeat,heartbeat_272,272,warm,baseline:per_app_cache,3,1,2145633,0,0,0,0,0,0,not_measured,0,0,0,0,0,0,1,false,,,0
job-processor,dequeue_notify,dequeue_notify_273,273,warm,baseline:per_app_cache,4,1,2017255,0,0,0,0,0,0,not_measured,0,1,0,0,0,0,1,false,,,0
job-processor,heartbeat,heartbeat_274,274,warm,baseline:per_app_cache,3,1,2107145,0,0,0,0,0,0,not_measured,0,0,0,0,0,0,1,false,,,0
job-processor,dequeue_notify,dequeue_notify_275,275,warm,baseline:per_app_cache,4,1,2061638,0,0,0,0,0,0,not_measured,0,1,0,0,0,0,1,false,,,0
job-processor,heartbeat,heartbeat_276,276,warm,baseline:per_app_cache,3,1,2382173,0,0,0,0,0,0,not_measured,0,0,0,0,0,0,1,false,,,0
job-processor,dequeue_notify,dequeue_notify_277,277,warm,baseline:per_app_cache,4,1,1852158,0,0,0,0,0,0,not_measured,0,1,0,0,0,0,1,false,,,0
job-processor,heartbeat,heartbeat_278,278,warm,baseline:per_app_cache,3,1,2478613,0,0,0,0,0,0,not_measured,0,0,0,0,0,0,1,false,,,0
job-processor,dequeue_notify,dequeue_notify_279,279,warm,baseline:per_app_cache,4,1,1649374,0,0,0,0,0,0,not_measured,0,1,0,0,0,0,1,false,,,0
job-processor,heartbeat,heartbeat_280,280,warm,baseline:per_app_cache,3,1,2345777,0,0,0,0,0,0,not_measured,0,0,0,0,0,0,1,false,,,0
job-processor,dequeue_notify,dequeue_notify_281,281,warm,baseline:per_app_cache,4,1,1846290,0,0,0,0,0,0,not_measured,0,1,0,0,0,0,1,false,,,0
job-processor,heartbeat,heartbeat_282,282,warm,baseline:per_app_cache,3,1,2207469,0,0,0,0,0,0,not_measured,0,0,0,0,0,0,1,false,,,0
job-processor,dequeue_notify,dequeue_notify_283,283,warm,baseline:per_app_cache,4,1,1979612,0,0,0,0,0,0,not_measured,0,1,0,0,0,0,1,false,,,0
job-processor,heartbeat,heartbeat_284,284,warm,baseline:per_app_cache,3,1,2180412,0,0,0,0,0,0,not_measured,0,0,0,0,0,0,1,false,,,0
job-processor,dequeue_notify,dequeue_notify_285,285,warm,baseline:per_app_cache,4,1,1999868,0,0,0,0,0,0,not_measured,0,1,0,0,0,0,1,false,,,0
job-processor,heartbeat,heartbeat_286,286,warm,baseline:per_app_cache,3,1,2358376,0,0,0,0,0,0,not_measured,0,0,0,0,0,0,1,false,,,0
job-processor,dequeue_notify,dequeue_notify_287,287,warm,baseline:per_app_cache,4,1,1871829,0,0,0,0,0,0,not_measured,0,1,0,0,0,0,1,false,,,0
job-processor,heartbeat,heartbeat_288,288,warm,baseline:per_app_cache,3,1,2127920,0,0,0,0,0,0,not_measured,0,0,0,0,0,0,1,false,,,0
job-processor,dequeue_notify,dequeue_notify_289,289,warm,baseline:per_app_cache,4,1,1969690,0,0,0,0,0,0,not_measured,0,1,0,0,0,0,1,false,,,0
job-processor,heartbeat,heartbeat_290,290,warm,baseline:per_app_cache,3,1,2107664,0,0,0,0,0,0,not_measured,0,0,0,0,0,0,1,false,,,0
job-processor,dequeue_notify,dequeue_notify_291,291,warm,baseline:per_app_cache,4,1,2081471,0,0,0,0,0,0,not_measured,0,1,0,0,0,0,1,false,,,0
job-processor,heartbeat,heartbeat_292,292,warm,baseline:per_app_cache,3,1,2117847,0,0,0,0,0,0,not_measured,0,0,0,0,0,0,1,false,,,0
job-processor,dequeue_notify,dequeue_notify_293,293,warm,baseline:per_app_cache,4,1,2075819,0,0,0,0,0,0,not_measured,0,1,0,0,0,0,1,false,,,0
job-processor,heartbeat,heartbeat_294,294,warm,baseline:per_app_cache,3,1,2105576,0,0,0,0,0,0,not_measured,0,0,0,0,0,0,1,false,,,0
job-processor,dequeue_notify,dequeue_notify_295,295,warm,baseline:per_app_cache,4,1,2039591,0,0,0,0,0,0,not_measured,0,1,0,0,0,0,1,false,,,0
job-processor,heartbeat,heartbeat_296,296,warm,baseline:per_app_cache,3,1,2172800,0,0,0,0,0,0,not_measured,0,0,0,0,0,0,1,false,,,0
job-processor,dequeue_notify,dequeue_notify_297,297,warm,baseline:per_app_cache,4,1,2120446,0,0,0,0,0,0,not_measured,0,1,0,0,0,0,1,false,,,0
job-processor,heartbeat,heartbeat_298,298,warm,baseline:per_app_cache,3,1,2138847,0,0,0,0,0,0,not_measured,0,0,0,0,0,0,1,false,,,0
job-processor,dequeue_notify,dequeue_notify_299,299,warm,baseline:per_app_cache,4,1,1991463,0,0,0,0,0,0,not_measured,0,1,0,0,0,0,1,false,,,0
job-processor,heartbeat,heartbeat_300,300,warm,baseline:per_app_cache,3,1,2213572,0,0,0,0,0,0,not_measured,0,0,0,0,0,0,1,false,,,0
job-processor,dequeue_notify,dequeue_notify_301,301,warm,baseline:per_app_cache,4,1,2032148,0,0,0,0,0,0,not_measured,0,1,0,0,0,0,1,false,,,0
job-processor,heartbeat,heartbeat_302,302,warm,baseline:per_app_cache,3,1,2456790,0,0,0,0,0,0,not_measured,0,0,0,0,0,0,1,false,,,0
job-processor,dequeue_notify,dequeue_notify_303,303,warm,baseline:per_app_cache,4,1,1737075,0,0,0,0,0,0,not_measured,0,1,0,0,0,0,1,false,,,0
job-processor,heartbeat,heartbeat_304,304,warm,baseline:per_app_cache,3,1,2267873,0,0,0,0,0,0,not_measured,0,0,0,0,0,0,1,false,,,0
job-processor,dequeue_notify,dequeue_notify_305,305,warm,baseline:per_app_cache,4,1,1919355,0,0,0,0,0,0,not_measured,0,1,0,0,0,0,1,false,,,0
job-processor,heartbeat,heartbeat_306,306,warm,baseline:per_app_cache,3,1,2140943,0,0,0,0,0,0,not_measured,0,0,0,0,0,0,1,false,,,0
job-processor,dequeue_notify,dequeue_notify_307,307,warm,baseline:per_app_cache,4,1,2068456,0,0,0,0,0,0,not_measured,0,1,0,0,0,0,1,false,,,0
job-processor,heartbeat,heartbeat_308,308,warm,baseline:per_app_cache,3,1,2589018,0,0,0,0,0,0,not_measured,0,0,0,0,0,0,1,false,,,0
job-processor,dequeue_notify,dequeue_notify_309,309,warm,baseline:per_app_cache,4,1,1538029,0,0,0,0,0,0,not_measured,0,1,0,0,0,0,1,false,,,0
job-processor,heartbeat,heartbeat_310,310,warm,baseline:per_app_cache,3,1,2197502,0,0,0,0,0,0,not_measured,0,0,0,0,0,0,1,false,,,0
job-processor,dequeue_notify,dequeue_notify_311,311,warm,baseline:per_app_cache,4,1,1995690,0,0,0,0,0,0,not_measured,0,1,0,0,0,0,1,false,,,0
job-processor,heartbeat,heartbeat_312,312,warm,baseline:per_app_cache,3,1,2230814,0,0,0,0,0,0,not_measured,0,0,0,0,0,0,1,false,,,0
job-processor,dequeue_notify,dequeue_notify_313,313,warm,baseline:per_app_cache,4,1,1951119,0,0,0,0,0,0,not_measured,0,1,0,0,0,0,1,false,,,0
job-processor,heartbeat,heartbeat_314,314,warm,baseline:per_app_cache,3,1,2201480,0,0,0,0,0,0,not_measured,0,0,0,0,0,0,1,false,,,0
job-processor,dequeue_notify,dequeue_notify_315,315,warm,baseline:per_app_cache,4,1,2026761,0,0,0,0,0,0,not_measured,0,1,0,0,0,0,1,false,,,0
job-processor,heartbeat,heartbeat_316,316,warm,baseline:per_app_cache,3,1,2147203,0,0,0,0,0,0,not_measured,0,0,0,0,0,0,1,false,,,0
job-processor,dequeue_notify,dequeue_notify_317,317,warm,baseline:per_app_cache,4,1,2057230,0,0,0,0,0,0,not_measured,0,1,0,0,0,0,1,false,,,0
job-processor,heartbeat,heartbeat_318,318,warm,baseline:per_app_cache,3,1,2365829,0,0,0,0,0,0,not_measured,0,0,0,0,0,0,1,false,,,0
job-processor,dequeue_notify,dequeue_notify_319,319,warm,baseline:per_app_cache,4,1,1800713,0,0,0,0,0,0,not_measured,0,1,0,0,0,0,1,false,,,0
job-processor,heartbeat,heartbeat_320,320,warm,baseline:per_app_cache,3,1,2175768,0,0,0,0,0,0,not_measured,0,0,0,0,0,0,1,false,,,0
report-worker,daily_report,daily_report_321,321,warm,baseline:per_app_cache,6,1,136116,0,0,0,0,0,0,not_measured,0,0,0,0,0,0,1,false,,,0
report-worker,daily_report,daily_report_322,322,warm,baseline:per_app_cache,6,1,53199,0,0,0,0,0,0,not_measured,0,0,0,0,0,0,1,false,,,0
report-worker,daily_report,daily_report_323,323,warm,baseline:per_app_cache,6,1,53495,0,0,0,0,0,0,not_measured,0,0,0,0,0,0,1,false,,,0
report-worker,daily_report,daily_report_324,324,warm,baseline:per_app_cache,6,1,80610,0,0,0,0,0,0,not_measured,0,0,0,0,0,0,1,false,,,0
report-worker,daily_report,daily_report_325,325,warm,baseline:per_app_cache,6,1,125779,0,0,0,0,0,0,not_measured,0,0,0,0,0,0,1,false,,,0
report-worker,daily_report,daily_report_326,326,warm,baseline:per_app_cache,6,1,89020,0,0,0,0,0,0,not_measured,0,0,0,0,0,0,1,false,,,0
report-worker,daily_report,daily_report_327,327,warm,baseline:per_app_cache,6,1,61266,0,0,0,0,0,0,not_measured,0,0,0,0,0,0,1,false,,,0
report-worker,daily_report,daily_report_328,328,warm,baseline:per_app_cache,6,1,45126,0,0,0,0,0,0,not_measured,0,0,0,0,0,0,1,false,,,0
report-worker,daily_report,daily_report_329,329,warm,baseline:per_app_cache,6,1,85327,0,0,0,0,0,0,not_measured,0,0,0,0,0,0,1,false,,,0
report-worker,daily_report,daily_report_330,330,warm,baseline:per_app_cache,6,1,49075,0,0,0,0,0,0,not_measured,0,0,0,0,0,0,1,false,,,0
report-worker,daily_report,daily_report_331,331,warm,baseline:per_app_cache,6,1,82157,0,0,0,0,0,0,not_measured,0,0,0,0,0,0,1,false,,,0
report-worker,daily_report,daily_report_332,332,warm,baseline:per_app_cache,6,1,83135,0,0,0,0,0,0,not_measured,0,0,0,0,0,0,1,false,,,0
report-worker,daily_report,daily_report_333,333,warm,baseline:per_app_cache,5,1,88172,0,0,0,0,0,0,not_measured,0,0,0,0,0,0,1,false,,,0
report-worker,daily_report,daily_report_334,334,warm,baseline:per_app_cache,5,1,146683,0,0,0,0,0,0,not_measured,0,0,0,0,0,0,1,false,,,0
report-worker,daily_report,daily_report_335,335,warm,baseline:per_app_cache,5,1,67985,0,0,0,0,0,0,not_measured,0,0,0,0,0,0,1,false,,,0
report-worker,daily_report,daily_report_336,336,warm,baseline:per_app_cache,5,1,41971,0,0,0,0,0,0,not_measured,0,0,0,0,0,0,1,false,,,0
report-worker,daily_report,daily_report_337,337,warm,baseline:per_app_cache,5,1,40847,0,0,0,0,0,0,not_measured,0,0,0,0,0,0,1,false,,,0
report-worker,daily_report,daily_report_338,338,warm,baseline:per_app_cache,5,1,102771,0,0,0,0,0,0,not_measured,0,0,0,0,0,0,1,false,,,0
report-worker,daily_report,daily_report_339,339,warm,baseline:per_app_cache,5,1,100784,0,0,0,0,0,0,not_measured,0,0,0,0,0,0,1,false,,,0
report-worker,daily_report,daily_report_340,340,warm,baseline:per_app_cache,5,1,280841,0,0,0,0,0,0,not_measured,0,0,0,0,0,0,1,false,,,0
report-worker,daily_report,daily_report_341,341,warm,baseline:per_app_cache,5,1,52542,0,0,0,0,0,0,not_measured,0,0,0,0,0,0,1,false,,,0
report-worker,daily_report,daily_report_342,342,warm,baseline:per_app_cache,5,1,133513,0,0,0,0,0,0,not_measured,0,0,0,0,0,0,1,false,,,0
report-worker,daily_report,daily_report_343,343,warm,baseline:per_app_cache,5,1,44481,0,0,0,0,0,0,not_measured,0,0,0,0,0,0,1,false,,,0
report-worker,daily_report,daily_report_344,344,warm,baseline:per_app_cache,5,1,48533,0,0,0,0,0,0,not_measured,0,0,0,0,0,0,1,false,,,0
report-worker,daily_report,daily_report_345,345,warm,baseline:per_app_cache,5,1,50992,0,0,0,0,0,0,not_measured,0,0,0,0,0,0,1,false,,,0
report-worker,daily_report,daily_report_346,346,warm,baseline:per_app_cache,5,1,71704,0,0,0,0,0,0,not_measured,0,0,0,0,0,0,1,false,,,0
report-worker,daily_report,daily_report_347,347,warm,baseline:per_app_cache,5,1,64753,0,0,0,0,0,0,not_measured,0,0,0,0,0,0,1,false,,,0
api-service,api_get_user,api_get_user_348,348,warm,baseline:per_app_cache,4,1,293385,0,0,0,0,0,0,not_measured,0,0,1,0,0,0,1,false,,,0
api-service,session_touch,session_touch_349,349,warm,baseline:per_app_cache,3,1,86596,0,0,0,0,0,0,not_measured,0,0,0,0,0,0,1,false,,,0
api-service,api_get_user,api_get_user_350,350,warm,baseline:per_app_cache,4,1,2020004,0,0,0,0,0,0,not_measured,0,0,1,0,0,0,1,false,,,0
api-service,session_touch,session_touch_351,351,warm,baseline:per_app_cache,3,1,143386,0,0,0,0,0,0,not_measured,0,0,0,0,0,0,1,false,,,0
api-service,api_get_user,api_get_user_352,352,warm,baseline:per_app_cache,4,1,2000013,0,0,0,0,0,0,not_measured,0,0,1,0,0,0,1,false,,,0
api-service,session_touch,session_touch_353,353,warm,baseline:per_app_cache,3,1,134838,0,0,0,0,0,0,not_measured,0,0,0,0,0,0,1,false,,,0
api-service,api_get_user,api_get_user_354,354,warm,baseline:per_app_cache,4,1,1985386,0,0,0,0,0,0,not_measured,0,0,1,0,0,0,1,false,,,0
api-service,session_touch,session_touch_355,355,warm,baseline:per_app_cache,3,1,131398,0,0,0,0,0,0,not_measured,0,0,0,0,0,0,1,false,,,0
api-service,api_get_user,api_get_user_356,356,warm,baseline:per_app_cache,4,1,1988456,0,0,0,0,0,0,not_measured,0,0,1,0,0,0,1,false,,,0
api-service,session_touch,session_touch_357,357,warm,baseline:per_app_cache,3,1,112285,0,0,0,0,0,0,not_measured,0,0,0,0,0,0,1,false,,,0
api-service,api_get_user,api_get_user_358,358,warm,baseline:per_app_cache,4,1,1975134,0,0,0,0,0,0,not_measured,0,0,1,0,0,0,1,false,,,0
api-service,session_touch,session_touch_359,359,warm,baseline:per_app_cache,3,1,99922,0,0,0,0,0,0,not_measured,0,0,0,0,0,0,1,false,,,0
api-service,api_get_user,api_get_user_360,360,warm,baseline:per_app_cache,4,1,1997556,0,0,0,0,0,0,not_measured,0,0,1,0,0,0,1,false,,,0
api-service,session_touch,session_touch_361,361,warm,baseline:per_app_cache,3,1,123270,0,0,0,0,0,0,not_measured,0,0,0,0,0,0,1,false,,,0
api-service,api_get_user,api_get_user_362,362,warm,baseline:per_app_cache,4,1,2049226,0,0,0,0,0,0,not_measured,0,0,1,0,0,0,1,false,,,0
api-service,session_touch,session_touch_363,363,warm,baseline:per_app_cache,3,1,221131,0,0,0,0,0,0,not_measured,0,0,0,0,0,0,1,false,,,0
api-service,api_get_user,api_get_user_364,364,warm,baseline:per_app_cache,4,1,1942011,0,0,0,0,0,0,not_measured,0,0,1,0,0,0,1,false,,,0
api-service,session_touch,session_touch_365,365,warm,baseline:per_app_cache,3,1,122725,0,0,0,0,0,0,not_measured,0,0,0,0,0,0,1,false,,,0
api-service,api_get_user,api_get_user_366,366,warm,baseline:per_app_cache,4,1,1990579,0,0,0,0,0,0,not_measured,0,0,1,0,0,0,1,false,,,0
api-service,session_touch,session_touch_367,367,warm,baseline:per_app_cache,3,1,145330,0,0,0,0,0,0,not_measured,0,0,0,0,0,0,1,false,,,0
api-service,api_get_user,api_get_user_368,368,warm,baseline:per_app_cache,4,1,1979989,0,0,0,0,0,0,not_measured,0,0,1,0,0,0,1,false,,,0
api-service,session_touch,session_touch_369,369,warm,baseline:per_app_cache,3,1,101714,0,0,0,0,0,0,not_measured,0,0,0,0,0,0,1,false,,,0
api-service,api_get_user,api_get_user_370,370,warm,baseline:per_app_cache,4,1,2004768,0,0,0,0,0,0,not_measured,0,0,1,0,0,0,1,false,,,0
api-service,session_touch,session_touch_371,371,warm,baseline:per_app_cache,3,1,267402,0,0,0,0,0,0,not_measured,0,0,0,0,0,0,1,false,,,0
api-service,api_get_user,api_get_user_372,372,warm,baseline:per_app_cache,4,1,1906986,0,0,0,0,0,0,not_measured,0,0,1,0,0,0,1,false,,,0
api-service,session_touch,session_touch_373,373,warm,baseline:per_app_cache,3,1,149776,0,0,0,0,0,0,not_measured,0,0,0,0,0,0,1,false,,,0
api-service,api_get_user,api_get_user_374,374,warm,baseline:per_app_cache,4,1,1969549,0,0,0,0,0,0,not_measured,0,0,1,0,0,0,1,false,,,0
api-service,session_touch,session_touch_375,375,warm,baseline:per_app_cache,3,1,167649,0,0,0,0,0,0,not_measured,0,0,0,0,0,0,1,false,,,0
api-service,api_get_user,api_get_user_376,376,warm,baseline:per_app_cache,4,1,1973519,0,0,0,0,0,0,not_measured,0,0,1,0,0,0,1,false,,,0
api-service,session_touch,session_touch_377,377,warm,baseline:per_app_cache,3,1,105321,0,0,0,0,0,0,not_measured,0,0,0,0,0,0,1,false,,,0
report-worker,daily_report,daily_report_378,378,warm,baseline:per_app_cache,5,1,180785,0,0,0,0,0,0,not_measured,0,0,0,0,0,0,1,false,,,0
report-worker,archive_check,archive_check_379,379,warm,baseline:per_app_cache,3,1,2547323,0,0,0,0,0,0,not_measured,1,0,0,0,0,0,1,false,,,0
report-worker,daily_report,daily_report_380,380,warm,baseline:per_app_cache,5,1,141515,0,0,0,0,0,0,not_measured,0,0,0,0,0,0,1,false,,,0
report-worker,archive_check,archive_check_381,381,warm,baseline:per_app_cache,3,1,2010128,0,0,0,0,0,0,not_measured,1,0,0,0,0,0,1,false,,,0
report-worker,daily_report,daily_report_382,382,warm,baseline:per_app_cache,5,1,56989,0,0,0,0,0,0,not_measured,0,0,0,0,0,0,1,false,,,0
report-worker,archive_check,archive_check_383,383,warm,baseline:per_app_cache,3,1,2269498,0,0,0,0,0,0,not_measured,1,0,0,0,0,0,1,false,,,0
report-worker,daily_report,daily_report_384,384,warm,baseline:per_app_cache,5,1,286434,0,0,0,0,0,0,not_measured,0,0,0,0,0,0,1,false,,,0
report-worker,archive_check,archive_check_385,385,warm,baseline:per_app_cache,3,1,2261098,0,0,0,0,0,0,not_measured,1,0,0,0,0,0,1,false,,,0
report-worker,daily_report,daily_report_386,386,warm,baseline:per_app_cache,5,1,50446,0,0,0,0,0,0,not_measured,0,0,0,0,0,0,1,false,,,0
report-worker,archive_check,archive_check_387,387,warm,baseline:per_app_cache,3,1,2432759,0,0,0,0,0,0,not_measured,1,0,0,0,0,0,1,false,,,0
report-worker,daily_report,daily_report_388,388,warm,baseline:per_app_cache,5,1,67954,0,0,0,0,0,0,not_measured,0,0,0,0,0,0,1,false,,,0
report-worker,archive_check,archive_check_389,389,warm,baseline:per_app_cache,3,1,1925281,0,0,0,0,0,0,not_measured,1,0,0,0,0,0,1,false,,,0
report-worker,daily_report,daily_report_390,390,warm,baseline:per_app_cache,5,1,54737,0,0,0,0,0,0,not_measured,0,0,0,0,0,0,1,false,,,0
report-worker,archive_check,archive_check_391,391,warm,baseline:per_app_cache,3,1,1796125,0,0,0,0,0,0,not_measured,1,0,0,0,0,0,1,false,,,0
report-worker,daily_report,daily_report_392,392,warm,baseline:per_app_cache,5,1,51745,0,0,0,0,0,0,not_measured,0,0,0,0,0,0,1,false,,,0
report-worker,archive_check,archive_check_393,393,warm,baseline:per_app_cache,3,1,2723602,0,0,0,0,0,0,not_measured,1,0,0,0,0,0,1,false,,,0
report-worker,daily_report,daily_report_394,394,warm,baseline:per_app_cache,5,1,60466,0,0,0,0,0,0,not_measured,0,0,0,0,0,0,1,false,,,0
report-worker,archive_check,archive_check_395,395,warm,baseline:per_app_cache,3,1,2001260,0,0,0,0,0,0,not_measured,1,0,0,0,0,0,1,false,,,0
report-worker,daily_report,daily_report_396,396,warm,baseline:per_app_cache,5,1,51907,0,0,0,0,0,0,not_measured,0,0,0,0,0,0,1,false,,,0
report-worker,archive_check,archive_check_397,397,warm,baseline:per_app_cache,3,1,2032451,0,0,0,0,0,0,not_measured,1,0,0,0,0,0,1,false,,,0
report-worker,daily_report,daily_report_398,398,warm,baseline:per_app_cache,5,1,120671,0,0,0,0,0,0,not_measured,0,0,0,0,0,0,1,false,,,0
report-worker,archive_check,archive_check_399,399,warm,baseline:per_app_cache,3,1,1867578,0,0,0,0,0,0,not_measured,1,0,0,0,0,0,1,false,,,0
report-worker,daily_report,daily_report_400,400,warm,baseline:per_app_cache,5,1,57455,0,0,0,0,0,0,not_measured,0,0,0,0,0,0,1,false,,,0
report-worker,archive_check,archive_check_401,401,warm,baseline:per_app_cache,3,1,1837116,0,0,0,0,0,0,not_measured,1,0,0,0,0,0,1,false,,,0
report-worker,daily_report,daily_report_402,402,warm,baseline:per_app_cache,5,1,90114,0,0,0,0,0,0,not_measured,0,0,0,0,0,0,1,false,,,0
report-worker,archive_check,archive_check_403,403,warm,baseline:per_app_cache,3,1,1810325,0,0,0,0,0,0,not_measured,1,0,0,0,0,0,1,false,,,0
report-worker,daily_report,daily_report_404,404,warm,baseline:per_app_cache,5,1,107932,0,0,0,0,0,0,not_measured,0,0,0,0,0,0,1,false,,,0
report-worker,archive_check,archive_check_405,405,warm,baseline:per_app_cache,3,1,1995226,0,0,0,0,0,0,not_measured,1,0,0,0,0,0,1,false,,,0
report-worker,daily_report,daily_report_406,406,warm,baseline:per_app_cache,5,1,88757,0,0,0,0,0,0,not_measured,0,0,0,0,0,0,1,false,,,0
report-worker,archive_check,archive_check_407,407,warm,baseline:per_app_cache,3,1,1982031,0,0,0,0,0,0,not_measured,1,0,0,0,0,0,1,false,,,0
build-worker,checksum_artifact,checksum_artifact_408,408,warm,baseline:per_app_cache,3,1,1854660,0,0,0,0,0,0,not_measured,1,0,0,0,0,0,1,false,,,0
build-worker,stage_output,stage_output_409,409,warm,baseline:per_app_cache,5,1,54262,0,0,0,0,0,0,not_measured,0,0,0,0,0,0,1,false,,,0
build-worker,checksum_artifact,checksum_artifact_410,410,warm,baseline:per_app_cache,3,1,2241329,0,0,0,0,0,0,not_measured,1,0,0,0,0,0,1,false,,,0
build-worker,stage_output,stage_output_411,411,warm,baseline:per_app_cache,5,1,92162,0,0,0,0,0,0,not_measured,0,0,0,0,0,0,1,false,,,0
build-worker,checksum_artifact,checksum_artifact_412,412,warm,baseline:per_app_cache,3,1,2348244,0,0,0,0,0,0,not_measured,1,0,0,0,0,0,1,false,,,0
build-worker,stage_output,stage_output_413,413,warm,baseline:per_app_cache,5,1,58865,0,0,0,0,0,0,not_measured,0,0,0,0,0,0,1,false,,,0
build-worker,checksum_artifact,checksum_artifact_414,414,warm,baseline:per_app_cache,3,1,2053929,0,0,0,0,0,0,not_measured,1,0,0,0,0,0,1,false,,,0
build-worker,stage_output,stage_output_415,415,warm,baseline:per_app_cache,5,1,58437,0,0,0,0,0,0,not_measured,0,0,0,0,0,0,1,false,,,0
build-worker,checksum_artifact,checksum_artifact_416,416,warm,baseline:per_app_cache,3,1,2319533,0,0,0,0,0,0,not_measured,1,0,0,0,0,0,1,false,,,0
build-worker,stage_output,stage_output_417,417,warm,baseline:per_app_cache,5,1,65719,0,0,0,0,0,0,not_measured,0,0,0,0,0,0,1,false,,,0
build-worker,checksum_artifact,checksum_artifact_418,418,warm,baseline:per_app_cache,3,1,2121248,0,0,0,0,0,0,not_measured,1,0,0,0,0,0,1,false,,,0
build-worker,stage_output,stage_output_419,419,warm,baseline:per_app_cache,5,1,59877,0,0,0,0,0,0,not_measured,0,0,0,0,0,0,1,false,,,0
build-worker,checksum_artifact,checksum_artifact_420,420,warm,baseline:per_app_cache,3,1,2054606,0,0,0,0,0,0,not_measured,1,0,0,0,0,0,1,false,,,0
build-worker,stage_output,stage_output_421,421,warm,baseline:per_app_cache,5,1,61153,0,0,0,0,0,0,not_measured,0,0,0,0,0,0,1,false,,,0
build-worker,checksum_artifact,checksum_artifact_422,422,warm,baseline:per_app_cache,3,1,2099147,0,0,0,0,0,0,not_measured,1,0,0,0,0,0,1,false,,,0
build-worker,stage_output,stage_output_423,423,warm,baseline:per_app_cache,5,1,54985,0,0,0,0,0,0,not_measured,0,0,0,0,0,0,1,false,,,0
build-worker,checksum_artifact,checksum_artifact_424,424,warm,baseline:per_app_cache,3,1,1867454,0,0,0,0,0,0,not_measured,1,0,0,0,0,0,1,false,,,0
build-worker,stage_output,stage_output_425,425,warm,baseline:per_app_cache,5,1,51797,0,0,0,0,0,0,not_measured,0,0,0,0,0,0,1,false,,,0
build-worker,checksum_artifact,checksum_artifact_426,426,warm,baseline:per_app_cache,3,1,2125528,0,0,0,0,0,0,not_measured,1,0,0,0,0,0,1,false,,,0
build-worker,stage_output,stage_output_427,427,warm,baseline:per_app_cache,5,1,61427,0,0,0,0,0,0,not_measured,0,0,0,0,0,0,1,false,,,0
build-worker,checksum_artifact,checksum_artifact_428,428,warm,baseline:per_app_cache,3,1,1910185,0,0,0,0,0,0,not_measured,1,0,0,0,0,0,1,false,,,0
build-worker,stage_output,stage_output_429,429,warm,baseline:per_app_cache,5,1,54704,0,0,0,0,0,0,not_measured,0,0,0,0,0,0,1,false,,,0
build-worker,checksum_artifact,checksum_artifact_430,430,warm,baseline:per_app_cache,3,1,2033961,0,0,0,0,0,0,not_measured,1,0,0,0,0,0,1,false,,,0
build-worker,stage_output,stage_output_431,431,warm,baseline:per_app_cache,5,1,50184,0,0,0,0,0,0,not_measured,0,0,0,0,0,0,1,false,,,0
build-worker,checksum_artifact,checksum_artifact_432,432,warm,baseline:per_app_cache,3,1,1915548,0,0,0,0,0,0,not_measured,1,0,0,0,0,0,1,false,,,0
build-worker,stage_output,stage_output_433,433,warm,baseline:per_app_cache,5,1,52235,0,0,0,0,0,0,not_measured,0,0,0,0,0,0,1,false,,,0
build-worker,checksum_artifact,checksum_artifact_434,434,warm,baseline:per_app_cache,3,1,2059710,0,0,0,0,0,0,not_measured,1,0,0,0,0,0,1,false,,,0
build-worker,stage_output,stage_output_435,435,warm,baseline:per_app_cache,5,1,49875,0,0,0,0,0,0,not_measured,0,0,0,0,0,0,1,false,,,0
build-worker,checksum_artifact,checksum_artifact_436,436,warm,baseline:per_app_cache,3,1,1897464,0,0,0,0,0,0,not_measured,1,0,0,0,0,0,1,false,,,0
build-worker,stage_output,stage_output_437,437,warm,baseline:per_app_cache,5,1,344053,0,0,0,0,0,0,not_measured,0,0,0,0,0,0,1,false,,,0
job-processor,dequeue_notify,dequeue_notify_438,438,warm,baseline:per_app_cache,4,1,1724083,0,0,0,0,0,0,not_measured,0,1,0,0,0,0,1,false,,,0
job-processor,heartbeat,heartbeat_439,439,warm,baseline:per_app_cache,3,1,2236834,0,0,0,0,0,0,not_measured,0,0,0,0,0,0,1,false,,,0
job-processor,dequeue_notify,dequeue_notify_440,440,warm,baseline:per_app_cache,4,1,2122386,0,0,0,0,0,0,not_measured,0,1,0,0,0,0,1,false,,,0
job-processor,heartbeat,heartbeat_441,441,warm,baseline:per_app_cache,3,1,2335466,0,0,0,0,0,0,not_measured,0,0,0,0,0,0,1,false,,,0
job-processor,dequeue_notify,dequeue_notify_442,442,warm,baseline:per_app_cache,4,1,1807815,0,0,0,0,0,0,not_measured,0,1,0,0,0,0,1,false,,,0
job-processor,heartbeat,heartbeat_443,443,warm,baseline:per_app_cache,3,1,2113189,0,0,0,0,0,0,not_measured,0,0,0,0,0,0,1,false,,,0
job-processor,dequeue_notify,dequeue_notify_444,444,warm,baseline:per_app_cache,4,1,2224629,0,0,0,0,0,0,not_measured,0,1,0,0,0,0,1,false,,,0
job-processor,heartbeat,heartbeat_445,445,warm,baseline:per_app_cache,3,1,2214048,0,0,0,0,0,0,not_measured,0,0,0,0,0,0,1,false,,,0
job-processor,dequeue_notify,dequeue_notify_446,446,warm,baseline:per_app_cache,4,1,1804154,0,0,0,0,0,0,not_measured,0,1,0,0,0,0,1,false,,,0
job-processor,heartbeat,heartbeat_447,447,warm,baseline:per_app_cache,3,1,2563751,0,0,0,0,0,0,not_measured,0,0,0,0,0,0,1,false,,,0
job-processor,dequeue_notify,dequeue_notify_448,448,warm,baseline:per_app_cache,4,1,1719747,0,0,0,0,0,0,not_measured,0,1,0,0,0,0,1,false,,,0
job-processor,heartbeat,heartbeat_449,449,warm,baseline:per_app_cache,3,1,2309400,0,0,0,0,0,0,not_measured,0,0,0,0,0,0,1,false,,,0
job-processor,dequeue_notify,dequeue_notify_450,450,warm,baseline:per_app_cache,4,1,1803074,0,0,0,0,0,0,not_measured,0,1,0,0,0,0,1,false,,,0
job-processor,heartbeat,heartbeat_451,451,warm,baseline:per_app_cache,3,1,2243394,0,0,0,0,0,0,not_measured,0,0,0,0,0,0,1,false,,,0
job-processor,dequeue_notify,dequeue_notify_452,452,warm,baseline:per_app_cache,4,1,2005650,0,0,0,0,0,0,not_measured,0,1,0,0,0,0,1,false,,,0
job-processor,heartbeat,heartbeat_453,453,warm,baseline:per_app_cache,3,1,2144540,0,0,0,0,0,0,not_measured,0,0,0,0,0,0,1,false,,,0
job-processor,dequeue_notify,dequeue_notify_454,454,warm,baseline:per_app_cache,4,1,2069107,0,0,0,0,0,0,not_measured,0,1,0,0,0,0,1,false,,,0
job-processor,heartbeat,heartbeat_455,455,warm,baseline:per_app_cache,3,1,2330094,0,0,0,0,0,0,not_measured,0,0,0,0,0,0,1,false,,,0
job-processor,dequeue_notify,dequeue_notify_456,456,warm,baseline:per_app_cache,4,1,1878982,0,0,0,0,0,0,not_measured,0,1,0,0,0,0,1,false,,,0
job-processor,heartbeat,heartbeat_457,457,warm,baseline:per_app_cache,3,1,2287746,0,0,0,0,0,0,not_measured,0,0,0,0,0,0,1,false,,,0
job-processor,dequeue_notify,dequeue_notify_458,458,warm,baseline:per_app_cache,4,1,1868172,0,0,0,0,0,0,not_measured,0,1,0,0,0,0,1,false,,,0
job-processor,heartbeat,heartbeat_459,459,warm,baseline:per_app_cache,3,1,2188457,0,0,0,0,0,0,not_measured,0,0,0,0,0,0,1,false,,,0
job-processor,dequeue_notify,dequeue_notify_460,460,warm,baseline:per_app_cache,4,1,2040673,0,0,0,0,0,0,not_measured,0,1,0,0,0,0,1,false,,,0
job-processor,heartbeat,heartbeat_461,461,warm,baseline:per_app_cache,3,1,2102243,0,0,0,0,0,0,not_measured,0,0,0,0,0,0,1,false,,,0
job-processor,dequeue_notify,dequeue_notify_462,462,warm,baseline:per_app_cache,4,1,2077576,0,0,0,0,0,0,not_measured,0,1,0,0,0,0,1,false,,,0
job-processor,heartbeat,heartbeat_463,463,warm,baseline:per_app_cache,3,1,2414597,0,0,0,0,0,0,not_measured,0,0,0,0,0,0,1,false,,,0
job-processor,dequeue_notify,dequeue_notify_464,464,warm,baseline:per_app_cache,4,1,1792837,0,0,0,0,0,0,not_measured,0,1,0,0,0,0,1,false,,,0
job-processor,heartbeat,heartbeat_465,465,warm,baseline:per_app_cache,3,1,2390942,0,0,0,0,0,0,not_measured,0,0,0,0,0,0,1,false,,,0
job-processor,dequeue_notify,dequeue_notify_466,466,warm,baseline:per_app_cache,4,1,1831429,0,0,0,0,0,0,not_measured,0,1,0,0,0,0,1,false,,,0
job-processor,heartbeat,heartbeat_467,467,warm,baseline:per_app_cache,3,1,2119580,0,0,0,0,0,0,not_measured,0,0,0,0,0,0,1,false,,,0
build-worker,stage_output,stage_output_411,468,warm,baseline:per_app_cache,1,0,8996,0,0,0,0,0,0,not_measured,0,0,0,0,0,0,0,false,,,0
build-worker,checksum_artifact,checksum_artifact_183,469,warm,baseline:per_app_cache,1,0,5597,0,0,0,0,0,0,not_measured,0,0,0,0,0,0,0,false,,,0
report-worker,daily_report,daily_report_113,470,warm,baseline:per_app_cache,1,0,5003,0,0,0,0,0,0,not_measured,0,0,0,0,0,0,0,false,,,0
build-worker,stage_output,stage_output_204,471,warm,baseline:per_app_cache,1,0,4744,0,0,0,0,0,0,not_measured,0,0,0,0,0,0,0,false,,,0
api-service,api_get_user,api_get_user_376,472,warm,baseline:per_app_cache,1,0,4165,0,0,0,0,0,0,not_measured,0,0,0,0,0,0,0,false,,,0
build-worker,stage_output,stage_output_200,473,warm,baseline:per_app_cache,1,0,4534,0,0,0,0,0,0,not_measured,0,0,0,0,0,0,0,false,,,0
api-service,api_get_user,api_get_user_65,474,warm,baseline:per_app_cache,1,0,4423,0,0,0,0,0,0,not_measured,0,0,0,0,0,0,0,false,,,0
job-processor,dequeue_notify,dequeue_notify_283,475,warm,baseline:per_app_cache,1,0,4082,0,0,0,0,0,0,not_measured,0,0,0,0,0,0,0,false,,,0
api-service,api_get_user,api_get_user_67,476,warm,baseline:per_app_cache,1,0,4932,0,0,0,0,0,0,not_measured,0,0,0,0,0,0,0,false,,,0
job-processor,heartbeat,heartbeat_320,477,warm,baseline:per_app_cache,1,0,4295,0,0,0,0,0,0,not_measured,0,0,0,0,0,0,0,false,,,0
report-worker,daily_report,daily_report_119,478,warm,baseline:per_app_cache,1,0,4440,0,0,0,0,0,0,not_measured,0,0,0,0,0,0,0,false,,,0
api-service,api_get_user,api_get_user_372,479,warm,baseline:per_app_cache,1,0,4058,0,0,0,0,0,0,not_measured,0,0,0,0,0,0,0,false,,,0
api-service,session_touch,session_touch_365,480,warm,baseline:per_app_cache,1,0,4682,0,0,0,0,0,0,not_measured,0,0,0,0,0,0,0,false,,,0
report-worker,archive_check,archive_check_168,481,warm,baseline:per_app_cache,1,0,4237,0,0,0,0,0,0,not_measured,0,0,0,0,0,0,0,false,,,0
api-service,session_touch,session_touch_62,482,warm,baseline:per_app_cache,1,0,4156,0,0,0,0,0,0,not_measured,0,0,0,0,0,0,0,false,,,0
api-service,api_get_user,api_get_user_27,483,warm,baseline:per_app_cache,1,0,3887,0,0,0,0,0,0,not_measured,0,0,0,0,0,0,0,false,,,0
build-worker,checksum_artifact,checksum_artifact_418,484,warm,baseline:per_app_cache,1,0,4092,0,0,0,0,0,0,not_measured,0,0,0,0,0,0,0,false,,,0
job-processor,dequeue_notify,dequeue_notify_251,485,warm,baseline:per_app_cache,1,0,3981,0,0,0,0,0,0,not_measured,0,0,0,0,0,0,0,false,,,0
report-worker,archive_check,archive_check_114,486,warm,baseline:per_app_cache,1,0,3627,0,0,0,0,0,0,not_measured,0,0,0,0,0,0,0,false,,,0
report-worker,daily_report,daily_report_121,487,warm,baseline:per_app_cache,1,0,4120,0,0,0,0,0,0,not_measured,0,0,0,0,0,0,0,false,,,0
report-worker,daily_report,daily_report_93,488,warm,baseline:per_app_cache,1,0,4042,0,0,0,0,0,0,not_measured,0,0,0,0,0,0,0,false,,,0
job-processor,heartbeat,heartbeat_320,489,warm,baseline:per_app_cache,1,0,3507,0,0,0,0,0,0,not_measured,0,0,0,0,0,0,0,false,,,0
build-worker,checksum_artifact,checksum_artifact_221,490,warm,baseline:per_app_cache,1,0,3955,0,0,0,0,0,0,not_measured,0,0,0,0,0,0,0,false,,,0
job-processor,dequeue_notify,dequeue_notify_267,491,warm,baseline:per_app_cache,1,0,3958,0,0,0,0,0,0,not_measured,0,0,0,0,0,0,0,false,,,0
api-service,session_touch,session_touch_20,492,warm,baseline:per_app_cache,1,0,4258,0,0,0,0,0,0,not_measured,0,0,0,0,0,0,0,false,,,0
api-service,noise,noise_468,493,cold,baseline:per_app_cache,2,1,17376,0,0,0,0,0,0,not_measured,0,0,0,0,0,0,1,false,,,0
api-service,noise,noise_469,494,warm,baseline:per_app_cache,2,1,11454,0,0,0,0,0,0,not_measured,0,0,0,0,0,0,1,false,,,0
api-service,noise,noise_470,495,warm,baseline:per_app_cache,2,1,42690,0,0,0,0,0,0,not_measured,0,0,0,0,0,0,1,false,,,0
api-service,noise,noise_471,496,warm,baseline:per_app_cache,2,1,4084377,0,0,0,0,0,0,not_measured,0,0,0,0,0,0,1,false,,,0
api-service,noise,noise_472,497,warm,baseline:per_app_cache,2,1,3662320,0,0,0,0,0,0,not_measured,0,0,2,0,0,0,1,false,,,0
api-service,noise,noise_473,498,warm,baseline:per_app_cache,2,1,4329962,0,0,0,0,0,0,not_measured,0,2,0,0,0,0,1,false,,,0
api-service,noise,noise_474,499,warm,baseline:per_app_cache,2,1,4310348,0,0,0,0,0,0,not_measured,2,0,0,0,0,0,1,false,,,0
api-service,noise,noise_475,500,warm,baseline:per_app_cache,2,1,12806,0,0,0,0,0,0,not_measured,0,0,0,0,0,0,1,false,,,0
api-service,noise,noise_476,501,warm,baseline:per_app_cache,2,1,282744,0,0,0,0,0,0,not_measured,0,0,0,0,0,0,1,false,,,0
api-service,noise,noise_477,502,warm,baseline:per_app_cache,2,1,17920,0,0,0,0,0,0,not_measured,0,0,0,0,0,0,1,false,,,0
api-service,noise,noise_478,503,warm,baseline:per_app_cache,3,1,17733,0,0,0,0,0,0,not_measured,0,0,0,0,0,0,1,false,,,0
api-service,noise,noise_479,504,warm,baseline:per_app_cache,3,1,13622,0,0,0,0,0,0,not_measured,0,0,0,0,0,0,1,false,,,0
api-service,noise,noise_480,505,warm,baseline:per_app_cache,3,1,49264,0,0,0,0,0,0,not_measured,0,0,0,0,0,0,1,false,,,0
api-service,noise,noise_481,506,warm,baseline:per_app_cache,3,1,6351304,0,0,0,0,0,0,not_measured,0,0,0,0,0,0,1,false,,,0
api-service,noise,noise_482,507,warm,baseline:per_app_cache,3,1,5671637,0,0,0,0,0,0,not_measured,0,0,3,0,0,0,1,false,,,0
api-service,noise,noise_483,508,warm,baseline:per_app_cache,3,1,6179567,0,0,0,0,0,0,not_measured,0,3,0,0,0,0,1,false,,,0
api-service,noise,noise_484,509,warm,baseline:per_app_cache,3,1,5660017,0,0,0,0,0,0,not_measured,3,0,0,0,0,0,1,false,,,0
api-service,noise,noise_485,510,warm,baseline:per_app_cache,3,1,14982,0,0,0,0,0,0,not_measured,0,0,0,0,0,0,1,false,,,0
api-service,noise,noise_486,511,warm,baseline:per_app_cache,3,1,439316,0,0,0,0,0,0,not_measured,0,0,0,0,0,0,1,false,,,0
api-service,noise,noise_487,512,warm,baseline:per_app_cache,3,1,20274,0,0,0,0,0,0,not_measured,0,0,0,0,0,0,1,false,,,0
api-service,api_get_user,api_get_user_1,1,cold,drm:permanent_only,4,1,2203719,0,0,0,0,0,0,not_measured,0,0,1,0,0,0,1,false,,,0
api-service,session_touch,session_touch_2,2,cold,drm:permanent_only,3,1,30604,0,0,0,0,0,0,not_measured,0,0,0,0,0,0,1,false,,,0
api-service,api_get_user,api_get_user_3,3,warm,drm:permanent_only,4,1,2078521,0,0,0,0,0,0,not_measured,0,0,1,0,0,0,1,false,,,0
api-service,session_touch,session_touch_4,4,warm,drm:permanent_only,3,1,89389,0,0,0,0,0,0,not_measured,0,0,0,0,0,0,1,false,,,0
api-service,api_get_user,api_get_user_5,5,warm,drm:permanent_only,4,2,2034087,0,0,0,0,0,0,not_measured,0,0,1,1,0,0,2,false,,,0
api-service,session_touch,session_touch_6,6,warm,drm:permanent_only,3,1,101867,0,0,0,0,0,0,not_measured,0,0,0,1,0,0,1,false,,,0
api-service,api_get_user,api_get_user_7,7,warm,drm:permanent_only,1,1,2020316,0,0,0,0,0,0,not_measured,0,0,1,1,0,0,1,false,,,0
api-service,session_touch,session_touch_8,8,warm,drm:permanent_only,3,2,109740,0,0,0,0,0,0,not_measured,0,0,0,2,0,0,2,false,,,0
api-service,api_get_user,api_get_user_9,9,warm,drm:permanent_only,1,1,2016761,0,0,0,0,0,0,not_measured,0,0,1,2,0,0,1,false,,,0
api-service,session_touch,session_touch_10,10,warm,drm:permanent_only,1,1,167206,0,0,0,0,0,0,not_measured,0,0,0,2,0,0,1,false,,,0
api-service,api_get_user,api_get_user_11,11,warm,drm:permanent_only,1,1,1912488,0,0,0,0,0,0,not_measured,0,0,1,2,0,0,1,false,,,0
api-service,session_touch,session_touch_12,12,warm,drm:permanent_only,1,1,130967,0,0,0,0,0,0,not_measured,0,0,0,2,0,0,1,false,,,0
api-service,api_get_user,api_get_user_13,13,warm,drm:permanent_only,1,1,1893969,0,0,0,0,0,0,not_measured,0,0,1,2,0,0,1,false,,,0
api-service,session_touch,session_touch_14,14,warm,drm:permanent_only,1,1,150953,0,0,0,0,0,0,not_measured,0,0,0,2,0,0,1,false,,,0
api-service,api_get_user,api_get_user_15,15,warm,drm:permanent_only,1,1,2005662,0,0,0,0,0,0,not_measured,0,0,1,2,0,0,1,false,,,0
api-service,session_touch,session_touch_16,16,warm,drm:permanent_only,1,1,130041,0,0,0,0,0,0,not_measured,0,0,0,2,0,0,1,false,,,0
api-service,api_get_user,api_get_user_17,17,warm,drm:permanent_only,1,1,2284316,0,0,0,0,0,0,not_measured,0,0,1,2,0,0,1,false,,,0
api-service,session_touch,session_touch_18,18,warm,drm:permanent_only,1,1,175384,0,0,0,0,0,0,not_measured,0,0,0,2,0,0,1,false,,,0
api-service,api_get_user,api_get_user_19,19,warm,drm:permanent_only,1,1,1728670,0,0,0,0,0,0,not_measured,0,0,1,2,0,0,1,false,,,0
api-service,session_touch,session_touch_20,20,warm,drm:permanent_only,1,1,162705,0,0,0,0,0,0,not_measured,0,0,0,2,0,0,1,false,,,0
api-service,api_get_user,api_get_user_21,21,warm,drm:permanent_only,1,1,1942685,0,0,0,0,0,0,not_measured,0,0,1,2,0,0,1,false,,,0
api-service,session_touch,session_touch_22,22,warm,drm:permanent_only,1,1,168689,0,0,0,0,0,0,not_measured,0,0,0,2,0,0,1,false,,,0
api-service,api_get_user,api_get_user_23,23,warm,drm:permanent_only,1,1,1956759,0,0,0,0,0,0,not_measured,0,0,1,2,0,0,1,false,,,0
api-service,session_touch,session_touch_24,24,warm,drm:permanent_only,1,1,205877,0,0,0,0,0,0,not_measured,0,0,0,2,0,0,1,false,,,0
api-service,api_get_user,api_get_user_25,25,warm,drm:permanent_only,1,1,2062566,0,0,0,0,0,0,not_measured,0,0,1,2,0,0,1,false,,,0
api-service,session_touch,session_touch_26,26,warm,drm:permanent_only,1,1,255858,0,0,0,0,0,0,not_measured,0,0,0,2,0,0,1,false,,,0
api-service,api_get_user,api_get_user_27,27,warm,drm:permanent_only,1,1,1797655,0,0,0,0,0,0,not_measured,0,0,1,2,0,0,1,false,,,0
api-service,session_touch,session_touch_28,28,warm,drm:permanent_only,1,1,187355,0,0,0,0,0,0,not_measured,0,0,0,2,0,0,1,false,,,0
api-service,api_get_user,api_get_user_29,29,warm,drm:permanent_only,1,1,1924285,0,0,0,0,0,0,not_measured,0,0,1,2,0,0,1,false,,,0
api-service,session_touch,session_touch_30,30,warm,drm:permanent_only,1,1,186520,0,0,0,0,0,0,not_measured,0,0,0,2,0,0,1,false,,,0
api-service,api_get_user,api_get_user_31,31,warm,drm:permanent_only,1,1,1931342,0,0,0,0,0,0,not_measured,0,0,1,2,0,0,1,false,,,0
api-service,session_touch,session_touch_32,32,warm,drm:permanent_only,1,1,193176,0,0,0,0,0,0,not_measured,0,0,0,2,0,0,1,false,,,0
api-service,api_get_user,api_get_user_33,33,warm,drm:permanent_only,1,1,1952291,0,0,0,0,0,0,not_measured,0,0,1,2,0,0,1,false,,,0
api-service,session_touch,session_touch_34,34,warm,drm:permanent_only,1,1,292304,0,0,0,0,0,0,not_measured,0,0,0,2,0,0,1,false,,,0
api-service,api_get_user,api_get_user_35,35,warm,drm:permanent_only,1,1,1805970,0,0,0,0,0,0,not_measured,0,0,1,2,0,0,1,false,,,0
api-service,session_touch,session_touch_36,36,warm,drm:permanent_only,1,1,279774,0,0,0,0,0,0,not_measured,0,0,0,2,0,0,1,false,,,0
api-service,api_get_user,api_get_user_37,37,warm,drm:permanent_only,1,1,1888854,0,0,0,0,0,0,not_measured,0,0,1,2,0,0,1,false,,,0
api-service,session_touch,session_touch_38,38,warm,drm:permanent_only,1,1,197452,0,0,0,0,0,0,not_measured,0,0,0,2,0,0,1,false,,,0
api-service,api_get_user,api_get_user_39,39,warm,drm:permanent_only,1,1,1885907,0,0,0,0,0,0,not_measured,0,0,1,2,0,0,1,false,,,0
api-service,session_touch,session_touch_40,40,warm,drm:permanent_only,1,1,228447,0,0,0,0,0,0,not_measured,0,0,0,2,0,0,1,false,,,0
api-service,api_get_user,api_get_user_41,41,warm,drm:permanent_only,1,1,1896272,0,0,0,0,0,0,not_measured,0,0,1,2,0,0,1,false,,,0
api-service,session_touch,session_touch_42,42,warm,drm:permanent_only,1,1,192989,0,0,0,0,0,0,not_measured,0,0,0,2,0,0,1,false,,,0
api-service,api_get_user,api_get_user_43,43,warm,drm:permanent_only,1,1,1937489,0,0,0,0,0,0,not_measured,0,0,1,2,0,0,1,false,,,0
api-service,session_touch,session_touch_44,44,warm,drm:permanent_only,1,1,233203,0,0,0,0,0,0,not_measured,0,0,0,2,0,0,1,false,,,0
api-service,api_get_user,api_get_user_45,45,warm,drm:permanent_only,1,1,1879712,0,0,0,0,0,0,not_measured,0,0,1,2,0,0,1,false,,,0
api-service,session_touch,session_touch_46,46,warm,drm:permanent_only,1,1,273248,0,0,0,0,0,0,not_measured,0,0,0,2,0,0,1,false,,,0
api-service,api_get_user,api_get_user_47,47,warm,drm:permanent_only,1,1,1817773,0,0,0,0,0,0,not_measured,0,0,1,2,0,0,1,false,,,0
api-service,session_touch,session_touch_48,48,warm,drm:permanent_only,1,1,222219,0,0,0,0,0,0,not_measured,0,0,0,2,0,0,1,false,,,0
api-service,api_get_user,api_get_user_49,49,warm,drm:permanent_only,1,1,1939062,0,0,0,0,0,0,not_measured,0,0,1,2,0,0,1,false,,,0
api-service,session_touch,session_touch_50,50,warm,drm:permanent_only,1,1,332754,0,0,0,0,0,0,not_measured,0,0,0,2,0,0,1,false,,,0
api-service,api_get_user,api_get_user_51,51,warm,drm:permanent_only,1,1,1874624,0,0,0,0,0,0,not_measured,0,0,1,2,0,0,1,false,,,0
api-service,session_touch,session_touch_52,52,warm,drm:permanent_only,1,1,359630,0,0,0,0,0,0,not_measured,0,0,0,2,0,0,1,false,,,0
api-service,api_get_user,api_get_user_53,53,warm,drm:permanent_only,1,1,1640876,0,0,0,0,0,0,not_measured,0,0,1,2,0,0,1,false,,,0
api-service,session_touch,session_touch_54,54,warm,drm:permanent_only,1,1,247392,0,0,0,0,0,0,not_measured,0,0,0,2,0,0,1,false,,,0
api-service,api_get_user,api_get_user_55,55,warm,drm:permanent_only,1,1,1873929,0,0,0,0,0,0,not_measured,0,0,1,2,0,0,1,false,,,0
api-service,session_touch,session_touch_56,56,warm,drm:permanent_only,1,1,329581,0,0,0,0,0,0,not_measured,0,0,0,2,0,0,1,false,,,0
api-service,api_get_user,api_get_user_57,57,warm,drm:permanent_only,1,1,1791844,0,0,0,0,0,0,not_measured,0,0,1,2,0,0,1,false,,,0
api-service,session_touch,session_touch_58,58,warm,drm:permanent_only,1,1,243528,0,0,0,0,0,0,not_measured,0,0,0,2,0,0,1,false,,,0
api-service,api_get_user,api_get_user_59,59,warm,drm:permanent_only,1,1,1884761,0,0,0,0,0,0,not_measured,0,0,1,2,0,0,1,false,,,0
api-service,session_touch,session_touch_60,60,warm,drm:permanent_only,1,1,233748,0,0,0,0,0,0,not_measured,0,0,0,2,0,0,1,false,,,0
api-service,api_get_user,api_get_user_61,61,warm,drm:permanent_only,1,1,1884765,0,0,0,0,0,0,not_measured,0,0,1,2,0,0,1,false,,,0
api-service,session_touch,session_touch_62,62,warm,drm:permanent_only,1,1,349160,0,0,0,0,0,0,not_measured,0,0,0,2,0,0,1,false,,,0
api-service,api_get_user,api_get_user_63,63,warm,drm:permanent_only,1,1,1759672,0,0,0,0,0,0,not_measured,0,0,1,2,0,0,1,false,,,0
api-service,session_touch,session_touch_64,64,warm,drm:permanent_only,1,1,453881,0,0,0,0,0,0,not_measured,0,0,0,2,0,0,1,false,,,0
api-service,api_get_user,api_get_user_65,65,warm,drm:permanent_only,1,1,1854143,0,0,0,0,0,0,not_measured,0,0,1,2,0,0,1,false,,,0
api-service,session_touch,session_touch_66,66,warm,drm:permanent_only,1,1,267357,0,0,0,0,0,0,not_measured,0,0,0,2,0,0,1,false,,,0
api-service,api_get_user,api_get_user_67,67,warm,drm:permanent_only,1,1,1859569,0,0,0,0,0,0,not_measured,0,0,1,2,0,0,1,false,,,0
api-service,session_touch,session_touch_68,68,warm,drm:permanent_only,1,1,408349,0,0,0,0,0,0,not_measured,0,0,0,2,0,0,1,false,,,0
api-service,api_get_user,api_get_user_69,69,warm,drm:permanent_only,1,1,1677968,0,0,0,0,0,0,not_measured,0,0,1,2,0,0,1,false,,,0
api-service,session_touch,session_touch_70,70,warm,drm:permanent_only,1,1,270385,0,0,0,0,0,0,not_measured,0,0,0,2,0,0,1,false,,,0
api-service,api_get_user,api_get_user_71,71,warm,drm:permanent_only,1,1,1854815,0,0,0,0,0,0,not_measured,0,0,1,2,0,0,1,false,,,0
api-service,session_touch,session_touch_72,72,warm,drm:permanent_only,1,1,366250,0,0,0,0,0,0,not_measured,0,0,0,2,0,0,1,false,,,0
api-service,api_get_user,api_get_user_73,73,warm,drm:permanent_only,1,1,1736190,0,0,0,0,0,0,not_measured,0,0,1,2,0,0,1,false,,,0
api-service,session_touch,session_touch_74,74,warm,drm:permanent_only,1,1,320971,0,0,0,0,0,0,not_measured,0,0,0,2,0,0,1,false,,,0
api-service,api_get_user,api_get_user_75,75,warm,drm:permanent_only,1,1,1844793,0,0,0,0,0,0,not_measured,0,0,1,2,0,0,1,false,,,0
api-service,session_touch,session_touch_76,76,warm,drm:permanent_only,1,1,320230,0,0,0,0,0,0,not_measured,0,0,0,2,0,0,1,false,,,0
api-service,api_get_user,api_get_user_77,77,warm,drm:permanent_only,1,1,2054862,0,0,0,0,0,0,not_measured,0,0,1,2,0,0,1,false,,,0
api-service,session_touch,session_touch_78,78,warm,drm:permanent_only,1,1,411331,0,0,0,0,0,0,not_measured,0,0,0,2,0,0,1,false,,,0
api-service,api_get_user,api_get_user_79,79,warm,drm:permanent_only,1,1,1521427,0,0,0,0,0,0,not_measured,0,0,1,2,0,0,1,false,,,0
api-service,session_touch,session_touch_80,80,warm,drm:permanent_only,1,1,342451,0,0,0,0,0,0,not_measured,0,0,0,2,0,0,1,false,,,0
api-service,api_get_user,api_get_user_81,81,warm,drm:permanent_only,1,1,1767973,0,0,0,0,0,0,not_measured,0,0,1,2,0,0,1,false,,,0
api-service,session_touch,session_touch_82,82,warm,drm:permanent_only,1,1,298398,0,0,0,0,0,0,not_measured,0,0,0,2,0,0,1,false,,,0
api-service,api_get_user,api_get_user_83,83,warm,drm:permanent_only,1,1,1812499,0,0,0,0,0,0,not_measured,0,0,1,2,0,0,1,false,,,0
api-service,session_touch,session_touch_84,84,warm,drm:permanent_only,1,1,438405,0,0,0,0,0,0,not_measured,0,0,0,2,0,0,1,false,,,0
api-service,api_get_user,api_get_user_85,85,warm,drm:permanent_only,1,1,1684072,0,0,0,0,0,0,not_measured,0,0,1,2,0,0,1,false,,,0
api-service,session_touch,session_touch_86,86,warm,drm:permanent_only,1,1,379626,0,0,0,0,0,0,not_measured,0,0,0,2,0,0,1,false,,,0
api-service,api_get_user,api_get_user_87,87,warm,drm:permanent_only,1,1,1736344,0,0,0,0,0,0,not_measured,0,0,1,2,0,0,1,false,,,0
api-service,session_touch,session_touch_88,88,warm,drm:permanent_only,1,1,370085,0,0,0,0,0,0,not_measured,0,0,0,2,0,0,1,false,,,0
api-service,api_get_user,api_get_user_89,89,warm,drm:permanent_only,1,1,1793238,0,0,0,0,0,0,not_measured,0,0,1,2,0,0,1,false,,,0
api-service,session_touch,session_touch_90,90,warm,drm:permanent_only,1,1,292379,0,0,0,0,0,0,not_measured,0,0,0,2,0,0,1,false,,,0
report-worker,daily_report,daily_report_91,91,cold,drm:permanent_only,5,1,359147,0,0,0,0,0,0,not_measured,0,0,0,2,0,0,1,false,,,0
report-worker,archive_check,archive_check_92,92,cold,drm:permanent_only,3,1,2993671,0,0,0,0,0,0,not_measured,1,0,0,2,0,0,1,false,,,0
report-worker,daily_report,daily_report_93,93,warm,drm:permanent_only,5,1,1495844,0,0,0,0,0,0,not_measured,0,0,0,2,0,0,1,false,,,0
report-worker,archive_check,archive_check_94,94,warm,drm:permanent_only,3,1,2740768,0,0,0,0,0,0,not_measured,1,0,0,2,0,0,1,false,,,0
report-worker,daily_report,daily_report_95,95,warm,drm:permanent_only,5,2,1120794,0,0,0,0,0,0,not_measured,0,0,0,3,0,0,2,false,,,0
report-worker,archive_check,archive_check_96,96,warm,drm:permanent_only,3,1,2429852,0,0,0,0,0,0,not_measured,1,0,0,3,0,0,1,false,,,0
report-worker,daily_report,daily_report_97,97,warm,drm:permanent_only,1,1,1777291,0,0,0,0,0,0,not_measured,0,0,0,3,0,0,1,false,,,0
report-worker,archive_check,archive_check_98,98,warm,drm:permanent_only,3,2,2458538,0,0,0,0,0,0,not_measured,1,0,0,4,0,0,2,false,,,0
report-worker,daily_report,daily_report_99,99,warm,drm:permanent_only,1,1,1986267,0,0,0,0,0,0,not_measured,0,0,0,4,0,0,1,false,,,0
report-worker,archive_check,archive_check_100,100,warm,drm:permanent_only,1,1,2442074,0,0,0,0,0,0,not_measured,1,0,0,4,0,0,1,false,,,0
report-worker,daily_report,daily_report_101,101,warm,drm:permanent_only,1,1,1867924,0,0,0,0,0,0,not_measured,0,0,0,4,0,0,1,false,,,0
report-worker,archive_check,archive_check_102,102,warm,drm:permanent_only,1,1,2441091,0,0,0,0,0,0,not_measured,1,0,0,4,0,0,1,false,,,0
report-worker,daily_report,daily_report_103,103,warm,drm:permanent_only,1,1,1930317,0,0,0,0,0,0,not_measured,0,0,0,4,0,0,1,false,,,0
report-worker,archive_check,archive_check_104,104,warm,drm:permanent_only,1,1,2472850,0,0,0,0,0,0,not_measured,1,0,0,4,0,0,1,false,,,0
report-worker,daily_report,daily_report_105,105,warm,drm:permanent_only,1,1,2130851,0,0,0,0,0,0,not_measured,0,0,0,4,0,0,1,false,,,0
report-worker,archive_check,archive_check_106,106,warm,drm:permanent_only,1,1,2716500,0,0,0,0,0,0,not_measured,1,0,0,4,0,0,1,false,,,0
report-worker,daily_report,daily_report_107,107,warm,drm:permanent_only,1,1,2156679,0,0,0,0,0,0,not_measured,0,0,0,4,0,0,1,false,,,0
report-worker,archive_check,archive_check_108,108,warm,drm:permanent_only,1,1,2992971,0,0,0,0,0,0,not_measured,1,0,0,4,0,0,1,false,,,0
report-worker,daily_report,daily_report_109,109,warm,drm:permanent_only,1,1,2221350,0,0,0,0,0,0,not_measured,0,0,0,4,0,0,1,false,,,0
report-worker,archive_check,archive_check_110,110,warm,drm:permanent_only,1,1,2526236,0,0,0,0,0,0,not_measured,1,0,0,4,0,0,1,false,,,0
report-worker,daily_report,daily_report_111,111,warm,drm:permanent_only,1,1,2192761,0,0,0,0,0,0,not_measured,0,0,0,4,0,0,1,false,,,0
report-worker,archive_check,archive_check_112,112,warm,drm:permanent_only,1,1,2653263,0,0,0,0,0,0,not_measured,1,0,0,4,0,0,1,false,,,0
report-worker,daily_report,daily_report_113,113,warm,drm:permanent_only,1,1,2224279,0,0,0,0,0,0,not_measured,0,0,0,4,0,0,1,false,,,0
report-worker,archive_check,archive_check_114,114,warm,drm:permanent_only,1,1,2481979,0,0,0,0,0,0,not_measured,1,0,0,4,0,0,1,false,,,0
report-worker,daily_report,daily_report_115,115,warm,drm:permanent_only,1,1,2184654,0,0,0,0,0,0,not_measured,0,0,0,4,0,0,1,false,,,0
report-worker,archive_check,archive_check_116,116,warm,drm:permanent_only,1,1,2490986,0,0,0,0,0,0,not_measured,1,0,0,4,0,0,1,false,,,0
report-worker,daily_report,daily_report_117,117,warm,drm:permanent_only,1,1,2281995,0,0,0,0,0,0,not_measured,0,0,0,4,0,0,1,false,,,0
report-worker,archive_check,archive_check_118,118,warm,drm:permanent_only,1,1,2404049,0,0,0,0,0,0,not_measured,1,0,0,4,0,0,1,false,,,0
report-worker,daily_report,daily_report_119,119,warm,drm:permanent_only,1,1,2341200,0,0,0,0,0,0,not_measured,0,0,0,4,0,0,1,false,,,0
report-worker,archive_check,archive_check_120,120,warm,drm:permanent_only,1,1,2405440,0,0,0,0,0,0,not_measured,1,0,0,4,0,0,1,false,,,0
report-worker,daily_report,daily_report_121,121,warm,drm:permanent_only,1,1,2481474,0,0,0,0,0,0,not_measured,0,0,0,4,0,0,1,false,,,0
report-worker,archive_check,archive_check_122,122,warm,drm:permanent_only,1,1,2602245,0,0,0,0,0,0,not_measured,1,0,0,4,0,0,1,false,,,0
report-worker,daily_report,daily_report_123,123,warm,drm:permanent_only,1,1,2673212,0,0,0,0,0,0,not_measured,0,0,0,4,0,0,1,false,,,0
report-worker,archive_check,archive_check_124,124,warm,drm:permanent_only,1,1,3343300,0,0,0,0,0,0,not_measured,1,0,0,4,0,0,1,false,,,0
report-worker,daily_report,daily_report_125,125,warm,drm:permanent_only,1,1,2381223,0,0,0,0,0,0,not_measured,0,0,0,4,0,0,1,false,,,0
report-worker,archive_check,archive_check_126,126,warm,drm:permanent_only,1,1,2914153,0,0,0,0,0,0,not_measured,1,0,0,4,0,0,1,false,,,0
report-worker,daily_report,daily_report_127,127,warm,drm:permanent_only,1,1,4005263,0,0,0,0,0,0,not_measured,0,0,0,4,0,0,1,false,,,0
report-worker,archive_check,archive_check_128,128,warm,drm:permanent_only,1,1,2704324,0,0,0,0,0,0,not_measured,1,0,0,4,0,0,1,false,,,0
report-worker,daily_report,daily_report_129,129,warm,drm:permanent_only,1,1,2375603,0,0,0,0,0,0,not_measured,0,0,0,4,0,0,1,false,,,0
report-worker,archive_check,archive_check_130,130,warm,drm:permanent_only,1,1,2671467,0,0,0,0,0,0,not_measured,1,0,0,4,0,0,1,false,,,0
report-worker,daily_report,daily_report_131,131,warm,drm:permanent_only,1,1,2342736,0,0,0,0,0,0,not_measured,0,0,0,4,0,0,1,false,,,0
report-worker,archive_check,archive_check_132,132,warm,drm:permanent_only,1,1,2536042,0,0,0,0,0,0,not_measured,1,0,0,4,0,0,1,false,,,0
report-worker,daily_report,daily_report_133,133,warm,drm:permanent_only,1,1,2407457,0,0,0,0,0,0,not_measured,0,0,0,4,0,0,1,false,,,0
report-worker,archive_check,archive_check_134,134,warm,drm:permanent_only,1,1,2816442,0,0,0,0,0,0,not_measured,1,0,0,4,0,0,1,false,,,0
report-worker,daily_report,daily_report_135,135,warm,drm:permanent_only,1,1,2692450,0,0,0,0,0,0,not_measured,0,0,0,4,0,0,1,false,,,0
report-worker,archive_check,archive_check_136,136,warm,drm:permanent_only,1,1,2671707,0,0,0,0,0,0,not_measured,1,0,0,4,0,0,1,false,,,0
report-worker,daily_report,daily_report_137,137,warm,drm:permanent_only,1,1,2488977,0,0,0,0,0,0,not_measured,0,0,0,4,0,0,1,false,,,0
report-worker,archive_check,archive_check_138,138,warm,drm:permanent_only,1,1,2719667,0,0,0,0,0,0,not_measured,1,0,0,4,0,0,1,false,,,0
report-worker,daily_report,daily_report_139,139,warm,drm:permanent_only,1,1,2592012,0,0,0,0,0,0,not_measured,0,0,0,4,0,0,1,false,,,0
report-worker,archive_check,archive_check_140,140,warm,drm:permanent_only,1,1,2663419,0,0,0,0,0,0,not_measured,1,0,0,4,0,0,1,false,,,0
report-worker,daily_report,daily_report_141,141,warm,drm:permanent_only,1,1,2508668,0,0,0,0,0,0,not_measured,0,0,0,4,0,0,1,false,,,0
report-worker,archive_check,archive_check_142,142,warm,drm:permanent_only,1,1,2478090,0,0,0,0,0,0,not_measured,1,0,0,4,0,0,1,false,,,0
report-worker,daily_report,daily_report_143,143,warm,drm:permanent_only,1,1,2996901,0,0,0,0,0,0,not_measured,0,0,0,4,0,0,1,false,,,0
report-worker,archive_check,archive_check_144,144,warm,drm:permanent_only,1,1,2680136,0,0,0,0,0,0,not_measured,1,0,0,4,0,0,1,false,,,0
report-worker,daily_report,daily_report_145,145,warm,drm:permanent_only,1,1,2637554,0,0,0,0,0,0,not_measured,0,0,0,4,0,0,1,false,,,0
report-worker,archive_check,archive_check_146,146,warm,drm:permanent_only,1,1,2929199,0,0,0,0,0,0,not_measured,1,0,0,4,0,0,1,false,,,0
report-worker,daily_report,daily_report_147,147,warm,drm:permanent_only,1,1,2845205,0,0,0,0,0,0,not_measured,0,0,0,4,0,0,1,false,,,0
report-worker,archive_check,archive_check_148,148,warm,drm:permanent_only,1,1,2606386,0,0,0,0,0,0,not_measured,1,0,0,4,0,0,1,false,,,0
report-worker,daily_report,daily_report_149,149,warm,drm:permanent_only,1,1,3673257,0,0,0,0,0,0,not_measured,0,0,0,4,0,0,1,false,,,0
report-worker,archive_check,archive_check_150,150,warm,drm:permanent_only,1,1,2798773,0,0,0,0,0,0,not_measured,1,0,0,4,0,0,1,false,,,0
report-worker,daily_report,daily_report_151,151,warm,drm:permanent_only,1,1,3128512,0,0,0,0,0,0,not_measured,0,0,0,4,0,0,1,false,,,0
report-worker,archive_check,archive_check_152,152,warm,drm:permanent_only,1,1,2683531,0,0,0,0,0,0,not_measured,1,0,0,4,0,0,1,false,,,0
report-worker,daily_report,daily_report_153,153,warm,drm:permanent_only,1,1,3416851,0,0,0,0,0,0,not_measured,0,0,0,4,0,0,1,false,,,0
report-worker,archive_check,archive_check_154,154,warm,drm:permanent_only,1,1,2657630,0,0,0,0,0,0,not_measured,1,0,0,4,0,0,1,false,,,0
report-worker,daily_report,daily_report_155,155,warm,drm:permanent_only,1,1,2927025,0,0,0,0,0,0,not_measured,0,0,0,4,0,0,1,false,,,0
report-worker,archive_check,archive_check_156,156,warm,drm:permanent_only,1,1,2518655,0,0,0,0,0,0,not_measured,1,0,0,4,0,0,1,false,,,0
report-worker,daily_report,daily_report_157,157,warm,drm:permanent_only,1,1,2997670,0,0,0,0,0,0,not_measured,0,0,0,4,0,0,1,false,,,0
report-worker,archive_check,archive_check_158,158,warm,drm:permanent_only,1,1,2679541,0,0,0,0,0,0,not_measured,1,0,0,4,0,0,1,false,,,0
report-worker,daily_report,daily_report_159,159,warm,drm:permanent_only,1,1,2929480,0,0,0,0,0,0,not_measured,0,0,0,4,0,0,1,false,,,0
report-worker,archive_check,archive_check_160,160,warm,drm:permanent_only,1,1,2732800,0,0,0,0,0,0,not_measured,1,0,0,4,0,0,1,false,,,0
report-worker,daily_report,daily_report_161,161,warm,drm:permanent_only,1,1,3650412,0,0,0,0,0,0,not_measured,0,0,0,4,0,0,1,false,,,0
report-worker,archive_check,archive_check_162,162,warm,drm:permanent_only,1,1,2805403,0,0,0,0,0,0,not_measured,1,0,0,4,0,0,1,false,,,0
report-worker,daily_report,daily_report_163,163,warm,drm:permanent_only,1,1,3670014,0,0,0,0,0,0,not_measured,0,0,0,4,0,0,1,false,,,0
report-worker,archive_check,archive_check_164,164,warm,drm:permanent_only,1,1,2644108,0,0,0,0,0,0,not_measured,1,0,0,4,0,0,1,false,,,0
report-worker,daily_report,daily_report_165,165,warm,drm:permanent_only,1,1,3714647,0,0,0,0,0,0,not_measured,0,0,0,4,0,0,1,false,,,0
report-worker,archive_check,archive_check_166,166,warm,drm:permanent_only,1,1,2746834,0,0,0,0,0,0,not_measured,1,0,0,4,0,0,1,false,,,0
report-worker,daily_report,daily_report_167,167,warm,drm:permanent_only,1,1,3347052,0,0,0,0,0,0,not_measured,0,0,0,4,0,0,1,false,,,0
report-worker,archive_check,archive_check_168,168,warm,drm:permanent_only,1,1,3425934,0,0,0,0,0,0,not_measured,1,0,0,4,0,0,1,false,,,0
report-worker,daily_report,daily_report_169,169,warm,drm:permanent_only,1,1,4095365,0,0,0,0,0,0,not_measured,0,0,0,4,0,0,1,false,,,0
report-worker,archive_check,archive_check_170,170,warm,drm:permanent_only,1,1,2558889,0,0,0,0,0,0,not_measured,1,0,0,4,0,0,1,false,,,0
build-worker,checksum_artifact,checksum_artifact_171,171,cold,drm:permanent_only,1,1,3007308,0,0,0,0,0,0,not_measured,1,0,0,4,0,0,1,false,,,0
build-worker,stage_output,stage_output_172,172,cold,drm:permanent_only,1,1,3545210,0,0,0,0,0,0,not_measured,0,0,0,4,0,0,1,false,,,0
build-worker,checksum_artifact,checksum_artifact_173,173,warm,drm:permanent_only,1,1,2968851,0,0,0,0,0,0,not_measured,1,0,0,4,0,0,1,false,,,0
build-worker,stage_output,stage_output_174,174,warm,drm:permanent_only,1,1,3226788,0,0,0,0,0,0,not_measured,0,0,0,4,0,0,1,false,,,0
build-worker,checksum_artifact,checksum_artifact_175,175,warm,drm:permanent_only,1,1,2910573,0,0,0,0,0,0,not_measured,1,0,0,4,0,0,1,false,,,0
build-worker,stage_output,stage_output_176,176,warm,drm:permanent_only,1,1,4728624,0,0,0,0,0,0,not_measured,0,0,0,4,0,0,1,false,,,0
build-worker,checksum_artifact,checksum_artifact_177,177,warm,drm:permanent_only,1,1,3044570,0,0,0,0,0,0,not_measured,1,0,0,4,0,0,1,false,,,0
build-worker,stage_output,stage_output_178,178,warm,drm:permanent_only,1,1,3962368,0,0,0,0,0,0,not_measured,0,0,0,4,0,0,1,false,,,0
build-worker,checksum_artifact,checksum_artifact_179,179,warm,drm:permanent_only,1,1,2828173,0,0,0,0,0,0,not_measured,1,0,0,4,0,0,1,false,,,0
build-worker,stage_output,stage_output_180,180,warm,drm:permanent_only,1,1,4299950,0,0,0,0,0,0,not_measured,0,0,0,4,0,0,1,false,,,0
build-worker,checksum_artifact,checksum_artifact_181,181,warm,drm:permanent_only,1,1,3220078,0,0,0,0,0,0,not_measured,1,0,0,4,0,0,1,false,,,0
build-worker,stage_output,stage_output_182,182,warm,drm:permanent_only,1,1,4351170,0,0,0,0,0,0,not_measured,0,0,0,4,0,0,1,false,,,0
build-worker,checksum_artifact,checksum_artifact_183,183,warm,drm:permanent_only,1,1,3224596,0,0,0,0,0,0,not_measured,1,0,0,4,0,0,1,false,,,0
build-worker,stage_output,stage_output_184,184,warm,drm:permanent_only,1,1,4490833,0,0,0,0,0,0,not_measured,0,0,0,4,0,0,1,false,,,0
build-worker,checksum_artifact,checksum_artifact_185,185,warm,drm:permanent_only,1,1,3005054,0,0,0,0,0,0,not_measured,1,0,0,4,0,0,1,false,,,0
build-worker,stage_output,stage_output_186,186,warm,drm:permanent_only,1,1,3924590,0,0,0,0,0,0,not_measured,0,0,0,4,0,0,1,false,,,0
build-worker,checksum_artifact,checksum_artifact_187,187,warm,drm:permanent_only,1,1,3035171,0,0,0,0,0,0,not_measured,1,0,0,4,0,0,1,false,,,0
build-worker,stage_output,stage_output_188,188,warm,drm:permanent_only,1,1,4779215,0,0,0,0,0,0,not_measured,0,0,0,4,0,0,1,false,,,0
build-worker,checksum_artifact,checksum_artifact_189,189,warm,drm:permanent_only,1,1,3158970,0,0,0,0,0,0,not_measured,1,0,0,4,0,0,1,false,,,0
build-worker,stage_output,stage_output_190,190,warm,drm:permanent_only,1,1,3475912,0,0,0,0,0,0,not_measured,0,0,0,4,0,0,1,false,,,0
build-worker,checksum_artifact,checksum_artifact_191,191,warm,drm:permanent_only,1,1,2946869,0,0,0,0,0,0,not_measured,1,0,0,4,0,0,1,false,,,0
build-worker,stage_output,stage_output_192,192,warm,drm:permanent_only,1,1,5254207,0,0,0,0,0,0,not_measured,0,0,0,4,0,0,1,false,,,0
build-worker,checksum_artifact,checksum_artifact_193,193,warm,drm:permanent_only,1,1,3313229,0,0,0,0,0,0,not_measured,1,0,0,4,0,0,1,false,,,0
build-worker,stage_output,stage_output_194,194,warm,drm:permanent_only,1,1,4345313,0,0,0,0,0,0,not_measured,0,0,0,4,0,0,1,false,,,0
build-worker,checksum_artifact,checksum_artifact_195,195,warm,drm:permanent_only,1,1,3053223,0,0,0,0,0,0,not_measured,1,0,0,4,0,0,1,false,,,0
build-worker,stage_output,stage_output_196,196,warm,drm:permanent_only,1,1,5007372,0,0,0,0,0,0,not_measured,0,0,0,4,0,0,1,false,,,0
build-worker,checksum_artifact,checksum_artifact_197,197,warm,drm:permanent_only,1,1,3334421,0,0,0,0,0,0,not_measured,1,0,0,4,0,0,1,false,,,0
build-worker,stage_output,stage_output_198,198,warm,drm:permanent_only,1,1,3636270,0,0,0,0,0,0,not_measured,0,0,0,4,0,0,1,false,,,0
build-worker,checksum_artifact,checksum_artifact_199,199,warm,drm:permanent_only,1,1,3043659,0,0,0,0,0,0,not_measured,1,0,0,4,0,0,1,false,,,0
build-worker,stage_output,stage_output_200,200,warm,drm:permanent_only,1,1,5148491,0,0,0,0,0,0,not_measured,0,0,0,4,0,0,1,false,,,0
build-worker,checksum_artifact,checksum_artifact_201,201,warm,drm:permanent_only,1,1,3048242,0,0,0,0,0,0,not_measured,1,0,0,4,0,0,1,false,,,0
build-worker,stage_output,stage_output_202,202,warm,drm:permanent_only,1,1,6105155,0,0,0,0,0,0,not_measured,0,0,0,4,0,0,1,false,,,0
build-worker,checksum_artifact,checksum_artifact_203,203,warm,drm:permanent_only,1,1,2899125,0,0,0,0,0,0,not_measured,1,0,0,4,0,0,1,false,,,0
build-worker,stage_output,stage_output_204,204,warm,drm:permanent_only,1,1,4066104,0,0,0,0,0,0,not_measured,0,0,0,4,0,0,1,false,,,0
build-worker,checksum_artifact,checksum_artifact_205,205,warm,drm:permanent_only,1,1,3009022,0,0,0,0,0,0,not_measured,1,0,0,4,0,0,1,false,,,0
build-worker,stage_output,stage_output_206,206,warm,drm:permanent_only,1,1,3643856,0,0,0,0,0,0,not_measured,0,0,0,4,0,0,1,false,,,0
build-worker,checksum_artifact,checksum_artifact_207,207,warm,drm:permanent_only,1,1,2895706,0,0,0,0,0,0,not_measured,1,0,0,4,0,0,1,false,,,0
build-worker,stage_output,stage_output_208,208,warm,drm:permanent_only,1,1,3861301,0,0,0,0,0,0,not_measured,0,0,0,4,0,0,1,false,,,0
build-worker,checksum_artifact,checksum_artifact_209,209,warm,drm:permanent_only,1,1,2737520,0,0,0,0,0,0,not_measured,1,0,0,4,0,0,1,false,,,0
build-worker,stage_output,stage_output_210,210,warm,drm:permanent_only,1,1,5011698,0,0,0,0,0,0,not_measured,0,0,0,4,0,0,1,false,,,0
build-worker,checksum_artifact,checksum_artifact_211,211,warm,drm:permanent_only,1,1,3382004,0,0,0,0,0,0,not_measured,1,0,0,4,0,0,1,false,,,0
build-worker,stage_output,stage_output_212,212,warm,drm:permanent_only,1,1,4451278,0,0,0,0,0,0,not_measured,0,0,0,4,0,0,1,false,,,0
build-worker,checksum_artifact,checksum_artifact_213,213,warm,drm:permanent_only,1,1,3103982,0,0,0,0,0,0,not_measured,1,0,0,4,0,0,1,false,,,0
build-worker,stage_output,stage_output_214,214,warm,drm:permanent_only,1,1,5005214,0,0,0,0,0,0,not_measured,0,0,0,4,0,0,1,false,,,0
build-worker,checksum_artifact,checksum_artifact_215,215,warm,drm:permanent_only,1,1,3063032,0,0,0,0,0,0,not_measured,1,0,0,4,0,0,1,false,,,0
build-worker,stage_output,stage_output_216,216,warm,drm:permanent_only,1,1,4881852,0,0,0,0,0,0,not_measured,0,0,0,4,0,0,1,false,,,0
build-worker,checksum_artifact,checksum_artifact_217,217,warm,drm:permanent_only,1,1,3478596,0,0,0,0,0,0,not_measured,1,0,0,4,0,0,1,false,,,0
build-worker,stage_output,stage_output_218,218,warm,drm:permanent_only,1,1,4990016,0,0,0,0,0,0,not_measured,0,0,0,4,0,0,1,false,,,0
build-worker,checksum_artifact,checksum_artifact_219,219,warm,drm:permanent_only,1,1,3775007,0,0,0,0,0,0,not_measured,1,0,0,4,0,0,1,false,,,0
build-worker,stage_output,stage_output_220,220,warm,drm:permanent_only,1,1,5263850,0,0,0,0,0,0,not_measured,0,0,0,4,0,0,1,false,,,0
build-worker,checksum_artifact,checksum_artifact_221,221,warm,drm:permanent_only,1,1,3310010,0,0,0,0,0,0,not_measured,1,0,0,4,0,0,1,false,,,0
build-worker,stage_output,stage_output_222,222,warm,drm:permanent_only,1,1,8838224,0,0,0,0,0,0,not_measured,0,0,0,4,0,0,1,false,,,0
build-worker,checksum_artifact,checksum_artifact_223,223,warm,drm:permanent_only,1,1,3067933,0,0,0,0,0,0,not_measured,1,0,0,4,0,0,1,false,,,0
build-worker,stage_output,stage_output_224,224,warm,drm:permanent_only,1,1,5107747,0,0,0,0,0,0,not_measured,0,0,0,4,0,0,1,false,,,0
build-worker,checksum_artifact,checksum_artifact_225,225,warm,drm:permanent_only,1,1,3262048,0,0,0,0,0,0,not_measured,1,0,0,4,0,0,1,false,,,0
build-worker,stage_output,stage_output_226,226,warm,drm:permanent_only,1,1,4141976,0,0,0,0,0,0,not_measured,0,0,0,4,0,0,1,false,,,0
build-worker,checksum_artifact,checksum_artifact_227,227,warm,drm:permanent_only,1,1,2958981,0,0,0,0,0,0,not_measured,1,0,0,4,0,0,1,false,,,0
build-worker,stage_output,stage_output_228,228,warm,drm:permanent_only,1,1,4241728,0,0,0,0,0,0,not_measured,0,0,0,4,0,0,1,false,,,0
build-worker,checksum_artifact,checksum_artifact_229,229,warm,drm:permanent_only,1,1,3139976,0,0,0,0,0,0,not_measured,1,0,0,4,0,0,1,false,,,0
build-worker,stage_output,stage_output_230,230,warm,drm:permanent_only,1,1,4164889,0,0,0,0,0,0,not_measured,0,0,0,4,0,0,1,false,,,0
build-worker,checksum_artifact,checksum_artifact_231,231,warm,drm:permanent_only,1,1,2982109,0,0,0,0,0,0,not_measured,1,0,0,4,0,0,1,false,,,0
build-worker,stage_output,stage_output_232,232,warm,drm:permanent_only,1,1,4146978,0,0,0,0,0,0,not_measured,0,0,0,4,0,0,1,false,,,0
build-worker,checksum_artifact,checksum_artifact_233,233,warm,drm:permanent_only,1,1,2886673,0,0,0,0,0,0,not_measured,1,0,0,4,0,0,1,false,,,0
build-worker,stage_output,stage_output_234,234,warm,drm:permanent_only,1,1,4639861,0,0,0,0,0,0,not_measured,0,0,0,4,0,0,1,false,,,0
build-worker,checksum_artifact,checksum_artifact_235,235,warm,drm:permanent_only,1,1,3093283,0,0,0,0,0,0,not_measured,1,0,0,4,0,0,1,false,,,0
build-worker,stage_output,stage_output_236,236,warm,drm:permanent_only,1,1,4420751,0,0,0,0,0,0,not_measured,0,0,0,4,0,0,1,false,,,0
build-worker,checksum_artifact,checksum_artifact_237,237,warm,drm:permanent_only,1,1,3113217,0,0,0,0,0,0,not_measured,1,0,0,4,0,0,1,false,,,0
build-worker,stage_output,stage_output_238,238,warm,drm:permanent_only,1,1,4472122,0,0,0,0,0,0,not_measured,0,0,0,4,0,0,1,false,,,0
build-worker,checksum_artifact,checksum_artifact_239,239,warm,drm:permanent_only,1,1,3424329,0,0,0,0,0,0,not_measured,1,0,0,4,0,0,1,false,,,0
build-worker,stage_output,stage_output_240,240,warm,drm:permanent_only,1,1,4567480,0,0,0,0,0,0,not_measured,0,0,0,4,0,0,1,false,,,0
job-processor,dequeue_notify,dequeue_notify_241,241,cold,drm:permanent_only,4,1,2368292,0,0,0,0,0,0,not_measured,0,1,0,4,0,0,1,false,,,0
job-processor,heartbeat,heartbeat_242,242,cold,drm:permanent_only,3,1,2531134,0,0,0,0,0,0,not_measured,0,0,0,4,0,0,1,false,,,0
job-processor,dequeue_notify,dequeue_notify_243,243,warm,drm:permanent_only,4,1,3869456,0,0,0,0,0,0,not_measured,0,1,0,4,0,0,1,false,,,0
job-processor,heartbeat,heartbeat_244,244,warm,drm:permanent_only,3,1,4136249,0,0,0,0,0,0,not_measured,0,0,0,4,0,0,1,false,,,0
job-processor,dequeue_notify,dequeue_notify_245,245,warm,drm:permanent_only,4,2,4357363,0,0,0,0,0,0,not_measured,0,1,0,5,0,0,2,false,,,0
job-processor,heartbeat,heartbeat_246,246,warm,drm:permanent_only,3,1,4746346,0,0,0,0,0,0,not_measured,0,0,0,5,0,0,1,false,,,0
job-processor,dequeue_notify,dequeue_notify_247,247,warm,drm:permanent_only,1,1,3610219,0,0,0,0,0,0,not_measured,0,1,0,5,0,0,1,false,,,0
job-processor,heartbeat,heartbeat_248,248,warm,drm:permanent_only,3,2,4282939,0,0,0,0,0,0,not_measured,0,0,0,6,0,0,2,false,,,0
job-processor,dequeue_notify,dequeue_notify_249,249,warm,drm:permanent_only,1,1,6150690,0,0,0,0,0,0,not_measured,0,1,0,6,0,0,1,false,,,0
job-processor,heartbeat,heartbeat_250,250,warm,drm:permanent_only,1,1,4171737,0,0,0,0,0,0,not_measured,0,0,0,6,0,0,1,false,,,0
job-processor,dequeue_notify,dequeue_notify_251,251,warm,drm:permanent_only,1,1,4256004,0,0,0,0,0,0,not_measured,0,1,0,6,0,0,1,false,,,0
job-processor,heartbeat,heartbeat_252,252,warm,drm:permanent_only,1,1,4314847,0,0,0,0,0,0,not_measured,0,0,0,6,0,0,1,false,,,0
job-processor,dequeue_notify,dequeue_notify_253,253,warm,drm:permanent_only,1,1,4186875,0,0,0,0,0,0,not_measured,0,1,0,6,0,0,1,false,,,0
job-processor,heartbeat,heartbeat_254,254,warm,drm:permanent_only,1,1,4166663,0,0,0,0,0,0,not_measured,0,0,0,6,0,0,1,false,,,0
job-processor,dequeue_notify,dequeue_notify_255,255,warm,drm:permanent_only,1,1,4259803,0,0,0,0,0,0,not_measured,0,1,0,6,0,0,1,false,,,0
job-processor,heartbeat,heartbeat_256,256,warm,drm:permanent_only,1,1,4164699,0,0,0,0,0,0,not_measured,0,0,0,6,0,0,1,false,,,0
job-processor,dequeue_notify,dequeue_notify_257,257,warm,drm:permanent_only,1,1,4458522,0,0,0,0,0,0,not_measured,0,1,0,6,0,0,1,false,,,0
job-processor,heartbeat,heartbeat_258,258,warm,drm:permanent_only,1,1,4220631,0,0,0,0,0,0,not_measured,0,0,0,6,0,0,1,false,,,0
job-processor,dequeue_notify,dequeue_notify_259,259,warm,drm:permanent_only,1,1,5766726,0,0,0,0,0,0,not_measured,0,1,0,6,0,0,1,false,,,0
job-processor,heartbeat,heartbeat_260,260,warm,drm:permanent_only,1,1,4181270,0,0,0,0,0,0,not_measured,0,0,0,6,0,0,1,false,,,0
job-processor,dequeue_notify,dequeue_notify_261,261,warm,drm:permanent_only,1,1,4119463,0,0,0,0,0,0,not_measured,0,1,0,6,0,0,1,false,,,0
job-processor,heartbeat,heartbeat_262,262,warm,drm:permanent_only,1,1,4013698,0,0,0,0,0,0,not_measured,0,0,0,6,0,0,1,false,,,0
job-processor,dequeue_notify,dequeue_notify_263,263,warm,drm:permanent_only,1,1,4362186,0,0,0,0,0,0,not_measured,0,1,0,6,0,0,1,false,,,0
job-processor,heartbeat,heartbeat_264,264,warm,drm:permanent_only,1,1,4021444,0,0,0,0,0,0,not_measured,0,0,0,6,0,0,1,false,,,0
job-processor,dequeue_notify,dequeue_notify_265,265,warm,drm:permanent_only,1,1,4387960,0,0,0,0,0,0,not_measured,0,1,0,6,0,0,1,false,,,0
job-processor,heartbeat,heartbeat_266,266,warm,drm:permanent_only,1,1,4115804,0,0,0,0,0,0,not_measured,0,0,0,6,0,0,1,false,,,0
job-processor,dequeue_notify,dequeue_notify_267,267,warm,drm:permanent_only,1,1,6491001,0,0,0,0,0,0,not_measured,0,1,0,6,0,0,1,false,,,0
job-processor,heartbeat,heartbeat_268,268,warm,drm:permanent_only,1,1,4385864,0,0,0,0,0,0,not_measured,0,0,0,6,0,0,1,false,,,0
job-processor,dequeue_notify,dequeue_notify_269,269,warm,drm:permanent_only,1,1,6198300,0,0,0,0,0,0,not_measured,0,1,0,6,0,0,1,false,,,0
job-processor,heartbeat,heartbeat_270,270,warm,drm:permanent_only,1,1,4169627,0,0,0,0,0,0,not_measured,0,0,0,6,0,0,1,false,,,0
job-processor,dequeue_notify,dequeue_notify_271,271,warm,drm:permanent_only,1,1,4194096,0,0,0,0,0,0,not_measured,0,1,0,6,0,0,1,false,,,0
job-processor,heartbeat,heartbeat_272,272,warm,drm:permanent_only,1,1,4070566,0,0,0,0,0,0,not_measured,0,0,0,6,0,0,1,false,,,0
job-processor,dequeue_notify,dequeue_notify_273,273,warm,drm:permanent_only,1,1,4298566,0,0,0,0,0,0,not_measured,0,1,0,6,0,0,1,false,,,0
job-processor,heartbeat,heartbeat_274,274,warm,drm:permanent_only,1,1,4073861,0,0,0,0,0,0,not_measured,0,0,0,6,0,0,1,false,,,0
job-processor,dequeue_notify,dequeue_notify_275,275,warm,drm:permanent_only,1,1,4339921,0,0,0,0,0,0,not_measured,0,1,0,6,0,0,1,false,,,0
job-processor,heartbeat,heartbeat_276,276,warm,drm:permanent_only,1,1,4064841,0,0,0,0,0,0,not_measured,0,0,0,6,0,0,1,false,,,0
job-processor,dequeue_notify,dequeue_notify_277,277,warm,drm:permanent_only,1,1,6490628,0,0,0,0,0,0,not_measured,0,1,0,6,0,0,1,false,,,0
job-processor,heartbeat,heartbeat_278,278,warm,drm:permanent_only,1,1,4482387,0,0,0,0,0,0,not_measured,0,0,0,6,0,0,1,false,,,0
job-processor,dequeue_notify,dequeue_notify_279,279,warm,drm:permanent_only,1,1,5960433,0,0,0,0,0,0,not_measured,0,1,0,6,0,0,1,false,,,0
job-processor,heartbeat,heartbeat_280,280,warm,drm:permanent_only,1,1,4709010,0,0,0,0,0,0,not_measured,0,0,0,6,0,0,1,false,,,0
job-processor,dequeue_notify,dequeue_notify_281,281,warm,drm:permanent_only,1,1,5744752,0,0,0,0,0,0,not_measured,0,1,0,6,0,0,1,false,,,0
job-processor,heartbeat,heartbeat_282,282,warm,drm:permanent_only,1,1,4372797,0,0,0,0,0,0,not_measured,0,0,0,6,0,0,1,false,,,0
job-processor,dequeue_notify,dequeue_notify_283,283,warm,drm:permanent_only,1,1,6085777,0,0,0,0,0,0,not_measured,0,1,0,6,0,0,1,false,,,0
job-processor,heartbeat,heartbeat_284,284,warm,drm:permanent_only,1,1,4535559,0,0,0,0,0,0,not_measured,0,0,0,6,0,0,1,false,,,0
job-processor,dequeue_notify,dequeue_notify_285,285,warm,drm:permanent_only,1,1,5930853,0,0,0,0,0,0,not_measured,0,1,0,6,0,0,1,false,,,0
job-processor,heartbeat,heartbeat_286,286,warm,drm:permanent_only,1,1,4745700,0,0,0,0,0,0,not_measured,0,0,0,6,0,0,1,false,,,0
job-processor,dequeue_notify,dequeue_notify_287,287,warm,drm:permanent_only,1,1,5783035,0,0,0,0,0,0,not_measured,0,1,0,6,0,0,1,false,,,0
job-processor,heartbeat,heartbeat_288,288,warm,drm:permanent_only,1,1,4381918,0,0,0,0,0,0,not_measured,0,0,0,6,0,0,1,false,,,0
job-processor,dequeue_notify,dequeue_notify_289,289,warm,drm:permanent_only,1,1,6192568,0,0,0,0,0,0,not_measured,0,1,0,6,0,0,1,false,,,0
job-processor,heartbeat,heartbeat_290,290,warm,drm:permanent_only,1,1,4369120,0,0,0,0,0,0,not_measured,0,0,0,6,0,0,1,false,,,0
job-processor,dequeue_notify,dequeue_notify_291,291,warm,drm:permanent_only,1,1,6053171,0,0,0,0,0,0,not_measured,0,1,0,6,0,0,1,false,,,0
job-processor,heartbeat,heartbeat_292,292,warm,drm:permanent_only,1,1,4571624,0,0,0,0,0,0,not_measured,0,0,0,6,0,0,1,false,,,0
job-processor,dequeue_notify,dequeue_notify_293,293,warm,drm:permanent_only,1,1,5805101,0,0,0,0,0,0,not_measured,0,1,0,6,0,0,1,false,,,0
job-processor,heartbeat,heartbeat_294,294,warm,drm:permanent_only,1,1,4458360,0,0,0,0,0,0,not_measured,0,0,0,6,0,0,1,false,,,0
job-processor,dequeue_notify,dequeue_notify_295,295,warm,drm:permanent_only,1,1,6053775,0,0,0,0,0,0,not_measured,0,1,0,6,0,0,1,false,,,0
job-processor,heartbeat,heartbeat_296,296,warm,drm:permanent_only,1,1,4405065,0,0,0,0,0,0,not_measured,0,0,0,6,0,0,1,false,,,0
job-processor,dequeue_notify,dequeue_notify_297,297,warm,drm:permanent_only,1,1,8122761,0,0,0,0,0,0,not_measured,0,1,0,6,0,0,1,false,,,0
job-processor,heartbeat,heartbeat_298,298,warm,drm:permanent_only,1,1,4405308,0,0,0,0,0,0,not_measured,0,0,0,6,0,0,1,false,,,0
job-processor,dequeue_notify,dequeue_notify_299,299,warm,drm:permanent_only,1,1,6258659,0,0,0,0,0,0,not_measured,0,1,0,6,0,0,1,false,,,0
job-processor,heartbeat,heartbeat_300,300,warm,drm:permanent_only,1,1,5317162,0,0,0,0,0,0,not_measured,0,0,0,6,0,0,1,false,,,0
job-processor,dequeue_notify,dequeue_notify_301,301,warm,drm:permanent_only,1,1,7270130,0,0,0,0,0,0,not_measured,0,1,0,6,0,0,1,false,,,0
job-processor,heartbeat,heartbeat_302,302,warm,drm:permanent_only,1,1,5631370,0,0,0,0,0,0,not_measured,0,0,0,6,0,0,1,false,,,0
job-processor,dequeue_notify,dequeue_notify_303,303,warm,drm:permanent_only,1,1,6977869,0,0,0,0,0,0,not_measured,0,1,0,6,0,0,1,false,,,0
job-processor,heartbeat,heartbeat_304,304,warm,drm:permanent_only,1,1,4529058,0,0,0,0,0,0,not_measured,0,0,0,6,0,0,1,false,,,0
job-processor,dequeue_notify,dequeue_notify_305,305,warm,drm:permanent_only,1,1,8229398,0,0,0,0,0,0,not_measured,0,1,0,6,0,0,1,false,,,0
job-processor,heartbeat,heartbeat_306,306,warm,drm:permanent_only,1,1,5068104,0,0,0,0,0,0,not_measured,0,0,0,6,0,0,1,false,,,0
job-processor,dequeue_notify,dequeue_notify_307,307,warm,drm:permanent_only,1,1,7327710,0,0,0,0,0,0,not_measured,0,1,0,6,0,0,1,false,,,0
job-processor,heartbeat,heartbeat_308,308,warm,drm:permanent_only,1,1,4825664,0,0,0,0,0,0,not_measured,0,0,0,6,0,0,1,false,,,0
job-processor,dequeue_notify,dequeue_notify_309,309,warm,drm:permanent_only,1,1,7791672,0,0,0,0,0,0,not_measured,0,1,0,6,0,0,1,false,,,0
job-processor,heartbeat,heartbeat_310,310,warm,drm:permanent_only,1,1,4785939,0,0,0,0,0,0,not_measured,0,0,0,6,0,0,1,false,,,0
job-processor,dequeue_notify,dequeue_notify_311,311,warm,drm:permanent_only,1,1,7638418,0,0,0,0,0,0,not_measured,0,1,0,6,0,0,1,false,,,0
job-processor,heartbeat,heartbeat_312,312,warm,drm:permanent_only,1,1,6358694,0,0,0,0,0,0,not_measured,0,0,0,6,0,0,1,false,,,0
job-processor,dequeue_notify,dequeue_notify_313,313,warm,drm:permanent_only,1,1,8293317,0,0,0,0,0,0,not_measured,0,1,0,6,0,0,1,false,,,0
job-processor,heartbeat,heartbeat_314,314,warm,drm:permanent_only,1,1,6339964,0,0,0,0,0,0,not_measured,0,0,0,6,0,0,1,false,,,0
job-processor,dequeue_notify,dequeue_notify_315,315,warm,drm:permanent_only,1,1,8412609,0,0,0,0,0,0,not_measured,0,1,0,6,0,0,1,false,,,0
job-processor,heartbeat,heartbeat_316,316,warm,drm:permanent_only,1,1,5488952,0,0,0,0,0,0,not_measured,0,0,0,6,0,0,1,false,,,0
job-processor,dequeue_notify,dequeue_notify_317,317,warm,drm:permanent_only,1,1,7202549,0,0,0,0,0,0,not_measured,0,1,0,6,0,0,1,false,,,0
job-processor,heartbeat,heartbeat_318,318,warm,drm:permanent_only,1,1,5438526,0,0,0,0,0,0,not_measured,0,0,0,6,0,0,1,false,,,0
job-processor,dequeue_notify,dequeue_notify_319,319,warm,drm:permanent_only,1,1,9167001,0,0,0,0,0,0,not_measured,0,1,0,6,0,0,1,false,,,0
job-processor,heartbeat,heartbeat_320,320,warm,drm:permanent_only,1,1,5847590,0,0,0,0,0,0,not_measured,0,0,0,6,0,0,1,false,,,0
report-worker,daily_report,daily_report_321,321,warm,drm:permanent_only,6,1,8013083,0,0,0,0,0,0,not_measured,0,0,0,6,0,0,1,false,,,0
report-worker,daily_report,daily_report_322,322,warm,drm:permanent_only,6,1,16245985,0,0,0,0,0,0,not_measured,0,0,0,6,0,0,1,false,,,0
report-worker,daily_report,daily_report_323,323,warm,drm:permanent_only,6,2,17450674,0,0,0,0,0,0,not_measured,0,0,0,7,0,0,2,false,,,0
report-worker,daily_report,daily_report_324,324,warm,drm:permanent_only,2,1,19521807,0,0,0,0,0,0,not_measured,0,0,0,7,0,0,1,false,,,0
report-worker,daily_report,daily_report_325,325,warm,drm:permanent_only,2,1,20212165,0,0,0,0,0,0,not_measured,0,0,0,7,0,0,1,false,,,0
report-worker,daily_report,daily_report_326,326,warm,drm:permanent_only,2,1,17314214,0,0,0,0,0,0,not_measured,0,0,0,7,0,0,1,false,,,0
report-worker,daily_report,daily_report_327,327,warm,drm:permanent_only,2,1,17995581,0,0,0,0,0,0,not_measured,0,0,0,7,0,0,1,false,,,0
report-worker,daily_report,daily_report_328,328,warm,drm:permanent_only,2,1,17997315,0,0,0,0,0,0,not_measured,0,0,0,7,0,0,1,false,,,0
report-worker,daily_report,daily_report_329,329,warm,drm:permanent_only,2,1,18096845,0,0,0,0,0,0,not_measured,0,0,0,7,0,0,1,false,,,0
report-worker,daily_report,daily_report_330,330,warm,drm:permanent_only,2,1,18102969,0,0,0,0,0,0,not_measured,0,0,0,7,0,0,1,false,,,0
report-worker,daily_report,daily_report_331,331,warm,drm:permanent_only,2,1,20716995,0,0,0,0,0,0,not_measured,0,0,0,7,0,0,1,false,,,0
report-worker,daily_report,daily_report_332,332,warm,drm:permanent_only,2,1,19203319,0,0,0,0,0,0,not_measured,0,0,0,7,0,0,1,false,,,0
report-worker,daily_report,daily_report_333,333,warm,drm:permanent_only,1,1,13273871,0,0,0,0,0,0,not_measured,0,0,0,7,0,0,1,false,,,0
report-worker,daily_report,daily_report_334,334,warm,drm:permanent_only,1,1,13521837,0,0,0,0,0,0,not_measured,0,0,0,7,0,0,1,false,,,0
report-worker,daily_report,daily_report_335,335,warm,drm:permanent_only,1,1,13789545,0,0,0,0,0,0,not_measured,0,0,0,7,0,0,1,false,,,0
report-worker,daily_report,daily_report_336,336,warm,drm:permanent_only,1,1,13648433,0,0,0,0,0,0,not_measured,0,0,0,7,0,0,1,false,,,0
report-worker,daily_report,daily_report_337,337,warm,drm:permanent_only,1,1,12781334,0,0,0,0,0,0,not_measured,0,0,0,7,0,0,1,false,,,0
report-worker,daily_report,daily_report_338,338,warm,drm:permanent_only,1,1,17137638,0,0,0,0,0,0,not_measured,0,0,0,7,0,0,1,false,,,0
report-worker,daily_report,daily_report_339,339,warm,drm:permanent_only,1,1,25738720,0,0,0,0,0,0,not_measured,0,0,0,7,0,0,1,false,,,0
report-worker,daily_report,daily_report_340,340,warm,drm:permanent_only,1,1,25137566,0,0,0,0,0,0,not_measured,0,0,0,7,0,0,1,false,,,0
report-worker,daily_report,daily_report_341,341,warm,drm:permanent_only,1,1,26648900,0,0,0,0,0,0,not_measured,0,0,0,7,0,0,1,false,,,0
report-worker,daily_report,daily_report_342,342,warm,drm:permanent_only,1,1,26044928,0,0,0,0,0,0,not_measured,0,0,0,7,0,0,1,false,,,0
report-worker,daily_report,daily_report_343,343,warm,drm:permanent_only,1,1,26020392,0,0,0,0,0,0,not_measured,0,0,0,7,0,0,1,false,,,0
report-worker,daily_report,daily_report_344,344,warm,drm:permanent_only,1,1,13189631,0,0,0,0,0,0,not_measured,0,0,0,7,0,0,1,false,,,0
report-worker,daily_report,daily_report_345,345,warm,drm:permanent_only,1,1,13086978,0,0,0,0,0,0,not_measured,0,0,0,7,0,0,1,false,,,0
report-worker,daily_report,daily_report_346,346,warm,drm:permanent_only,1,1,13167551,0,0,0,0,0,0,not_measured,0,0,0,7,0,0,1,false,,,0
report-worker,daily_report,daily_report_347,347,warm,drm:permanent_only,1,1,13429640,0,0,0,0,0,0,not_measured,0,0,0,7,0,0,1,false,,,0
api-service,api_get_user,api_get_user_348,348,warm,drm:permanent_only,1,1,10261310,0,0,0,0,0,0,not_measured,0,0,1,7,0,0,1,false,,,0
api-service,session_touch,session_touch_349,349,warm,drm:permanent_only,1,1,4055998,0,0,0,0,0,0,not_measured,0,0,0,7,0,0,1,false,,,0
api-service,api_get_user,api_get_user_350,350,warm,drm:permanent_only,1,1,8495430,0,0,0,0,0,0,not_measured,0,0,1,7,0,0,1,false,,,0
api-service,session_touch,session_touch_351,351,warm,drm:permanent_only,1,1,3908261,0,0,0,0,0,0,not_measured,0,0,0,7,0,0,1,false,,,0
api-service,api_get_user,api_get_user_352,352,warm,drm:permanent_only,1,1,11177494,0,0,0,0,0,0,not_measured,0,0,1,7,0,0,1,false,,,0
api-service,session_touch,session_touch_353,353,warm,drm:permanent_only,1,1,3266286,0,0,0,0,0,0,not_measured,0,0,0,7,0,0,1,false,,,0
api-service,api_get_user,api_get_user_354,354,warm,drm:permanent_only,1,1,7156562,0,0,0,0,0,0,not_measured,0,0,1,7,0,0,1,false,,,0
api-service,session_touch,session_touch_355,355,warm,drm:permanent_only,1,1,3348490,0,0,0,0,0,0,not_measured,0,0,0,7,0,0,1,false,,,0
api-service,api_get_user,api_get_user_356,356,warm,drm:permanent_only,1,1,7226004,0,0,0,0,0,0,not_measured,0,0,1,7,0,0,1,false,,,0
api-service,session_touch,session_touch_357,357,warm,drm:permanent_only,1,1,3400376,0,0,0,0,0,0,not_measured,0,0,0,7,0,0,1,false,,,0
api-service,api_get_user,api_get_user_358,358,warm,drm:permanent_only,1,1,7114842,0,0,0,0,0,0,not_measured,0,0,1,7,0,0,1,false,,,0
api-service,session_touch,session_touch_359,359,warm,drm:permanent_only,1,1,3247795,0,0,0,0,0,0,not_measured,0,0,0,7,0,0,1,false,,,0
api-service,api_get_user,api_get_user_360,360,warm,drm:permanent_only,1,1,7330983,0,0,0,0,0,0,not_measured,0,0,1,7,0,0,1,false,,,0
api-service,session_touch,session_touch_361,361,warm,drm:permanent_only,1,1,3439865,0,0,0,0,0,0,not_measured,0,0,0,7,0,0,1,false,,,0
api-service,api_get_user,api_get_user_362,362,warm,drm:permanent_only,1,1,9164493,0,0,0,0,0,0,not_measured,0,0,1,7,0,0,1,false,,,0
api-service,session_touch,session_touch_363,363,warm,drm:permanent_only,1,1,4058501,0,0,0,0,0,0,not_measured,0,0,0,7,0,0,1,false,,,0
api-service,api_get_user,api_get_user_364,364,warm,drm:permanent_only,1,1,8615937,0,0,0,0,0,0,not_measured,0,0,1,7,0,0,1,false,,,0
api-service,session_touch,session_touch_365,365,warm,drm:permanent_only,1,1,4015219,0,0,0,0,0,0,not_measured,0,0,0,7,0,0,1,false,,,0
api-service,api_get_user,api_get_user_366,366,warm,drm:permanent_only,1,1,10663575,0,0,0,0,0,0,not_measured,0,0,1,7,0,0,1,false,,,0
api-service,session_touch,session_touch_367,367,warm,drm:permanent_only,1,1,4698291,0,0,0,0,0,0,not_measured,0,0,0,7,0,0,1,false,,,0
api-service,api_get_user,api_get_user_368,368,warm,drm:permanent_only,1,1,10259730,0,0,0,0,0,0,not_measured,0,0,1,7,0,0,1,false,,,0
api-service,session_touch,session_touch_369,369,warm,drm:permanent_only,1,1,4311975,0,0,0,0,0,0,not_measured,0,0,0,7,0,0,1,false,,,0
api-service,api_get_user,api_get_user_370,370,warm,drm:permanent_only,1,1,8706960,0,0,0,0,0,0,not_measured,0,0,1,7,0,0,1,false,,,0
api-service,session_touch,session_touch_371,371,warm,drm:permanent_only,1,1,9376885,0,0,0,0,0,0,not_measured,0,0,0,7,0,0,1,false,,,0
api-service,api_get_user,api_get_user_372,372,warm,drm:permanent_only,1,1,7746212,0,0,0,0,0,0,not_measured,0,0,1,7,0,0,1,false,,,0
api-service,session_touch,session_touch_373,373,warm,drm:permanent_only,1,1,3404459,0,0,0,0,0,0,not_measured,0,0,0,7,0,0,1,false,,,0
api-service,api_get_user,api_get_user_374,374,warm,drm:permanent_only,1,1,7423092,0,0,0,0,0,0,not_measured,0,0,1,7,0,0,1,false,,,0
api-service,session_touch,session_touch_375,375,warm,drm:permanent_only,1,1,3542974,0,0,0,0,0,0,not_measured,0,0,0,7,0,0,1,false,,,0
api-service,api_get_user,api_get_user_376,376,warm,drm:permanent_only,1,1,6970602,0,0,0,0,0,0,not_measured,0,0,1,7,0,0,1,false,,,0
api-service,session_touch,session_touch_377,377,warm,drm:permanent_only,1,1,3406224,0,0,0,0,0,0,not_measured,0,0,0,7,0,0,1,false,,,0
report-worker,daily_report,daily_report_378,378,warm,drm:permanent_only,1,1,11732377,0,0,0,0,0,0,not_measured,0,0,0,7,0,0,1,false,,,0
report-worker,archive_check,archive_check_379,379,warm,drm:permanent_only,1,1,6032200,0,0,0,0,0,0,not_measured,1,0,0,7,0,0,1,false,,,0
report-worker,daily_report,daily_report_380,380,warm,drm:permanent_only,1,1,12251818,0,0,0,0,0,0,not_measured,0,0,0,7,0,0,1,false,,,0
report-worker,archive_check,archive_check_381,381,warm,drm:permanent_only,1,1,5875595,0,0,0,0,0,0,not_measured,1,0,0,7,0,0,1,false,,,0
report-worker,daily_report,daily_report_382,382,warm,drm:permanent_only,1,1,12682354,0,0,0,0,0,0,not_measured,0,0,0,7,0,0,1,false,,,0
report-worker,archive_check,archive_check_383,383,warm,drm:permanent_only,1,1,5643081,0,0,0,0,0,0,not_measured,1,0,0,7,0,0,1,false,,,0
report-worker,daily_report,daily_report_384,384,warm,drm:permanent_only,1,1,14445551,0,0,0,0,0,0,not_measured,0,0,0,7,0,0,1,false,,,0
report-worker,archive_check,archive_check_385,385,warm,drm:permanent_only,1,1,5703049,0,0,0,0,0,0,not_measured,1,0,0,7,0,0,1,false,,,0
report-worker,daily_report,daily_report_386,386,warm,drm:permanent_only,1,1,13687824,0,0,0,0,0,0,not_measured,0,0,0,7,0,0,1,false,,,0
report-worker,archive_check,archive_check_387,387,warm,drm:permanent_only,1,1,5853416,0,0,0,0,0,0,not_measured,1,0,0,7,0,0,1,false,,,0
report-worker,daily_report,daily_report_388,388,warm,drm:permanent_only,1,1,11993919,0,0,0,0,0,0,not_measured,0,0,0,7,0,0,1,false,,,0
report-worker,archive_check,archive_check_389,389,warm,drm:permanent_only,1,1,5603988,0,0,0,0,0,0,not_measured,1,0,0,7,0,0,1,false,,,0
report-worker,daily_report,daily_report_390,390,warm,drm:permanent_only,1,1,12375341,0,0,0,0,0,0,not_measured,0,0,0,7,0,0,1,false,,,0
report-worker,archive_check,archive_check_391,391,warm,drm:permanent_only,1,1,5723349,0,0,0,0,0,0,not_measured,1,0,0,7,0,0,1,false,,,0
report-worker,daily_report,daily_report_392,392,warm,drm:permanent_only,1,1,12756936,0,0,0,0,0,0,not_measured,0,0,0,7,0,0,1,false,,,0
report-worker,archive_check,archive_check_393,393,warm,drm:permanent_only,1,1,5986013,0,0,0,0,0,0,not_measured,1,0,0,7,0,0,1,false,,,0
report-worker,daily_report,daily_report_394,394,warm,drm:permanent_only,1,1,13736982,0,0,0,0,0,0,not_measured,0,0,0,7,0,0,1,false,,,0
report-worker,archive_check,archive_check_395,395,warm,drm:permanent_only,1,1,7035672,0,0,0,0,0,0,not_measured,1,0,0,7,0,0,1,false,,,0
report-worker,daily_report,daily_report_396,396,warm,drm:permanent_only,1,1,13494025,0,0,0,0,0,0,not_measured,0,0,0,7,0,0,1,false,,,0
report-worker,archive_check,archive_check_397,397,warm,drm:permanent_only,1,1,6713905,0,0,0,0,0,0,not_measured,1,0,0,7,0,0,1,false,,,0
report-worker,daily_report,daily_report_398,398,warm,drm:permanent_only,1,1,13513593,0,0,0,0,0,0,not_measured,0,0,0,7,0,0,1,false,,,0
report-worker,archive_check,archive_check_399,399,warm,drm:permanent_only,1,1,5829532,0,0,0,0,0,0,not_measured,1,0,0,7,0,0,1,false,,,0
report-worker,daily_report,daily_report_400,400,warm,drm:permanent_only,1,1,15113635,0,0,0,0,0,0,not_measured,0,0,0,7,0,0,1,false,,,0
report-worker,archive_check,archive_check_401,401,warm,drm:permanent_only,1,1,6173883,0,0,0,0,0,0,not_measured,1,0,0,7,0,0,1,false,,,0
report-worker,daily_report,daily_report_402,402,warm,drm:permanent_only,1,1,13600914,0,0,0,0,0,0,not_measured,0,0,0,7,0,0,1,false,,,0
report-worker,archive_check,archive_check_403,403,warm,drm:permanent_only,1,1,6003374,0,0,0,0,0,0,not_measured,1,0,0,7,0,0,1,false,,,0
report-worker,daily_report,daily_report_404,404,warm,drm:permanent_only,1,1,13055274,0,0,0,0,0,0,not_measured,0,0,0,7,0,0,1,false,,,0
report-worker,archive_check,archive_check_405,405,warm,drm:permanent_only,1,1,6024623,0,0,0,0,0,0,not_measured,1,0,0,7,0,0,1,false,,,0
report-worker,daily_report,daily_report_406,406,warm,drm:permanent_only,1,1,14643084,0,0,0,0,0,0,not_measured,0,0,0,7,0,0,1,false,,,0
report-worker,archive_check,archive_check_407,407,warm,drm:permanent_only,1,1,5950836,0,0,0,0,0,0,not_measured,1,0,0,7,0,0,1,false,,,0
build-worker,checksum_artifact,checksum_artifact_408,408,warm,drm:permanent_only,1,1,7051163,0,0,0,0,0,0,not_measured,1,0,0,7,0,0,1,false,,,0
build-worker,stage_output,stage_output_409,409,warm,drm:permanent_only,1,1,13211543,0,0,0,0,0,0,not_measured,0,0,0,7,0,0,1,false,,,0
build-worker,checksum_artifact,checksum_artifact_410,410,warm,drm:permanent_only,1,1,7814660,0,0,0,0,0,0,not_measured,1,0,0,7,0,0,1,false,,,0
build-worker,stage_output,stage_output_411,411,warm,drm:permanent_only,1,1,12975231,0,0,0,0,0,0,not_measured,0,0,0,7,0,0,1,false,,,0
build-worker,checksum_artifact,checksum_artifact_412,412,warm,drm:permanent_only,1,1,5718903,0,0,0,0,0,0,not_measured,1,0,0,7,0,0,1,false,,,0
build-worker,stage_output,stage_output_413,413,warm,drm:permanent_only,1,1,14575369,0,0,0,0,0,0,not_measured,0,0,0,7,0,0,1,false,,,0
build-worker,checksum_artifact,checksum_artifact_414,414,warm,drm:permanent_only,1,1,7387292,0,0,0,0,0,0,not_measured,1,0,0,7,0,0,1,false,,,0
build-worker,stage_output,stage_output_415,415,warm,drm:permanent_only,1,1,13370735,0,0,0,0,0,0,not_measured,0,0,0,7,0,0,1,false,,,0
build-worker,checksum_artifact,checksum_artifact_416,416,warm,drm:permanent_only,1,1,5977690,0,0,0,0,0,0,not_measured,1,0,0,7,0,0,1,false,,,0
build-worker,stage_output,stage_output_417,417,warm,drm:permanent_only,1,1,12898642,0,0,0,0,0,0,not_measured,0,0,0,7,0,0,1,false,,,0
build-worker,checksum_artifact,checksum_artifact_418,418,warm,drm:permanent_only,1,1,6522158,0,0,0,0,0,0,not_measured,1,0,0,7,0,0,1,false,,,0
build-worker,stage_output,stage_output_419,419,warm,drm:permanent_only,1,1,14514060,0,0,0,0,0,0,not_measured,0,0,0,7,0,0,1,false,,,0
build-worker,checksum_artifact,checksum_artifact_420,420,warm,drm:permanent_only,1,1,6321137,0,0,0,0,0,0,not_measured,1,0,0,7,0,0,1,false,,,0
build-worker,stage_output,stage_output_421,421,warm,drm:permanent_only,1,1,14227095,0,0,0,0,0,0,not_measured,0,0,0,7,0,0,1,false,,,0
build-worker,checksum_artifact,checksum_artifact_422,422,warm,drm:permanent_only,1,1,6559775,0,0,0,0,0,0,not_measured,1,0,0,7,0,0,1,false,,,0
build-worker,stage_output,stage_output_423,423,warm,drm:permanent_only,1,1,15651012,0,0,0,0,0,0,not_measured,0,0,0,7,0,0,1,false,,,0
build-worker,checksum_artifact,checksum_artifact_424,424,warm,drm:permanent_only,1,1,6108391,0,0,0,0,0,0,not_measured,1,0,0,7,0,0,1,false,,,0
build-worker,stage_output,stage_output_425,425,warm,drm:permanent_only,1,1,13481542,0,0,0,0,0,0,not_measured,0,0,0,7,0,0,1,false,,,0
build-worker,checksum_artifact,checksum_artifact_426,426,warm,drm:permanent_only,1,1,6309043,0,0,0,0,0,0,not_measured,1,0,0,7,0,0,1,false,,,0
build-worker,stage_output,stage_output_427,427,warm,drm:permanent_only,1,1,13694023,0,0,0,0,0,0,not_measured,0,0,0,7,0,0,1,false,,,0
build-worker,checksum_artifact,checksum_artifact_428,428,warm,drm:permanent_only,1,1,6565205,0,0,0,0,0,0,not_measured,1,0,0,7,0,0,1,false,,,0
build-worker,stage_output,stage_output_429,429,warm,drm:permanent_only,1,1,13857150,0,0,0,0,0,0,not_measured,0,0,0,7,0,0,1,false,,,0
build-worker,checksum_artifact,checksum_artifact_430,430,warm,drm:permanent_only,1,1,6777667,0,0,0,0,0,0,not_measured,1,0,0,7,0,0,1,false,,,0
build-worker,stage_output,stage_output_431,431,warm,drm:permanent_only,1,1,14011900,0,0,0,0,0,0,not_measured,0,0,0,7,0,0,1,false,,,0
build-worker,checksum_artifact,checksum_artifact_432,432,warm,drm:permanent_only,1,1,6555587,0,0,0,0,0,0,not_measured,1,0,0,7,0,0,1,false,,,0
build-worker,stage_output,stage_output_433,433,warm,drm:permanent_only,1,1,14376686,0,0,0,0,0,0,not_measured,0,0,0,7,0,0,1,false,,,0
build-worker,checksum_artifact,checksum_artifact_434,434,warm,drm:permanent_only,1,1,6402608,0,0,0,0,0,0,not_measured,1,0,0,7,0,0,1,false,,,0
build-worker,stage_output,stage_output_435,435,warm,drm:permanent_only,1,1,14533203,0,0,0,0,0,0,not_measured,0,0,0,7,0,0,1,false,,,0
build-worker,checksum_artifact,checksum_artifact_436,436,warm,drm:permanent_only,1,1,7643450,0,0,0,0,0,0,not_measured,1,0,0,7,0,0,1,false,,,0
build-worker,stage_output,stage_output_437,437,warm,drm:permanent_only,1,1,13754691,0,0,0,0,0,0,not_measured,0,0,0,7,0,0,1,false,,,0
job-processor,dequeue_notify,dequeue_notify_438,438,warm,drm:permanent_only,1,1,10260435,0,0,0,0,0,0,not_measured,0,1,0,7,0,0,1,false,,,0
job-processor,heartbeat,heartbeat_439,439,warm,drm:permanent_only,1,1,6216650,0,0,0,0,0,0,not_measured,0,0,0,7,0,0,1,false,,,0
job-processor,dequeue_notify,dequeue_notify_440,440,warm,drm:permanent_only,1,1,10580572,0,0,0,0,0,0,not_measured,0,1,0,7,0,0,1,false,,,0
job-processor,heartbeat,heartbeat_441,441,warm,drm:permanent_only,1,1,6084733,0,0,0,0,0,0,not_measured,0,0,0,7,0,0,1,false,,,0
job-processor,dequeue_notify,dequeue_notify_442,442,warm,drm:permanent_only,1,1,8676299,0,0,0,0,0,0,not_measured,0,1,0,7,0,0,1,false,,,0
job-processor,heartbeat,heartbeat_443,443,warm,drm:permanent_only,1,1,6270361,0,0,0,0,0,0,not_measured,0,0,0,7,0,0,1,false,,,0
job-processor,dequeue_notify,dequeue_notify_444,444,warm,drm:permanent_only,1,1,8865334,0,0,0,0,0,0,not_measured,0,1,0,7,0,0,1,false,,,0
job-processor,heartbeat,heartbeat_445,445,warm,drm:permanent_only,1,1,6486883,0,0,0,0,0,0,not_measured,0,0,0,7,0,0,1,false,,,0
job-processor,dequeue_notify,dequeue_notify_446,446,warm,drm:permanent_only,1,1,10210791,0,0,0,0,0,0,not_measured,0,1,0,7,0,0,1,false,,,0
job-processor,heartbeat,heartbeat_447,447,warm,drm:permanent_only,1,1,7897599,0,0,0,0,0,0,not_measured,0,0,0,7,0,0,1,false,,,0
job-processor,dequeue_notify,dequeue_notify_448,448,warm,drm:permanent_only,1,1,13052077,0,0,0,0,0,0,not_measured,0,1,0,7,0,0,1,false,,,0
job-processor,heartbeat,heartbeat_449,449,warm,drm:permanent_only,1,1,6749627,0,0,0,0,0,0,not_measured,0,0,0,7,0,0,1,false,,,0
job-processor,dequeue_notify,dequeue_notify_450,450,warm,drm:permanent_only,1,1,9993432,0,0,0,0,0,0,not_measured,0,1,0,7,0,0,1,false,,,0
job-processor,heartbeat,heartbeat_451,451,warm,drm:permanent_only,1,1,6112231,0,0,0,0,0,0,not_measured,0,0,0,7,0,0,1,false,,,0
job-processor,dequeue_notify,dequeue_notify_452,452,warm,drm:permanent_only,1,1,8637816,0,0,0,0,0,0,not_measured,0,1,0,7,0,0,1,false,,,0
job-processor,heartbeat,heartbeat_453,453,warm,drm:permanent_only,1,1,6476210,0,0,0,0,0,0,not_measured,0,0,0,7,0,0,1,false,,,0
job-processor,dequeue_notify,dequeue_notify_454,454,warm,drm:permanent_only,1,1,10439910,0,0,0,0,0,0,not_measured,0,1,0,7,0,0,1,false,,,0
job-processor,heartbeat,heartbeat_455,455,warm,drm:permanent_only,1,1,6408024,0,0,0,0,0,0,not_measured,0,0,0,7,0,0,1,false,,,0
job-processor,dequeue_notify,dequeue_notify_456,456,warm,drm:permanent_only,1,1,10239783,0,0,0,0,0,0,not_measured,0,1,0,7,0,0,1,false,,,0
job-processor,heartbeat,heartbeat_457,457,warm,drm:permanent_only,1,1,6756648,0,0,0,0,0,0,not_measured,0,0,0,7,0,0,1,false,,,0
job-processor,dequeue_notify,dequeue_notify_458,458,warm,drm:permanent_only,1,1,10252620,0,0,0,0,0,0,not_measured,0,1,0,7,0,0,1,false,,,0
job-processor,heartbeat,heartbeat_459,459,warm,drm:permanent_only,1,1,6745679,0,0,0,0,0,0,not_measured,0,0,0,7,0,0,1,false,,,0
job-processor,dequeue_notify,dequeue_notify_460,460,warm,drm:permanent_only,1,1,10181095,0,0,0,0,0,0,not_measured,0,1,0,7,0,0,1,false,,,0
job-processor,heartbeat,heartbeat_461,461,warm,drm:permanent_only,1,1,6698334,0,0,0,0,0,0,not_measured,0,0,0,7,0,0,1,false,,,0
job-processor,dequeue_notify,dequeue_notify_462,462,warm,drm:permanent_only,1,1,10137221,0,0,0,0,0,0,not_measured,0,1,0,7,0,0,1,false,,,0
job-processor,heartbeat,heartbeat_463,463,warm,drm:permanent_only,1,1,6573906,0,0,0,0,0,0,not_measured,0,0,0,7,0,0,1,false,,,0
job-processor,dequeue_notify,dequeue_notify_464,464,warm,drm:permanent_only,1,1,10269634,0,0,0,0,0,0,not_measured,0,1,0,7,0,0,1,false,,,0
job-processor,heartbeat,heartbeat_465,465,warm,drm:permanent_only,1,1,6386234,0,0,0,0,0,0,not_measured,0,0,0,7,0,0,1,false,,,0
job-processor,dequeue_notify,dequeue_notify_466,466,warm,drm:permanent_only,1,1,10597449,0,0,0,0,0,0,not_measured,0,1,0,7,0,0,1,false,,,0
job-processor,heartbeat,heartbeat_467,467,warm,drm:permanent_only,1,1,10946525,0,0,0,0,0,0,not_measured,0,0,0,7,0,0,1,false,,,0
build-worker,stage_output,stage_output_411,468,warm,drm:permanent_only,1,0,128229,0,0,0,0,0,0,not_measured,0,0,0,7,0,0,0,false,,,0
build-worker,checksum_artifact,checksum_artifact_183,469,warm,drm:permanent_only,1,0,2631545,0,0,0,0,0,0,not_measured,1,0,0,7,0,0,0,false,,,0
report-worker,daily_report,daily_report_113,470,warm,drm:permanent_only,1,0,120246,0,0,0,0,0,0,not_measured,0,0,0,7,0,0,0,false,,,0
build-worker,stage_output,stage_output_204,471,warm,drm:permanent_only,1,0,131862,0,0,0,0,0,0,not_measured,0,0,0,7,0,0,0,false,,,0
api-service,api_get_user,api_get_user_376,472,warm,drm:permanent_only,1,0,2282027,0,0,0,0,0,0,not_measured,0,0,1,7,0,0,0,false,,,0
build-worker,stage_output,stage_output_200,473,warm,drm:permanent_only,1,0,123671,0,0,0,0,0,0,not_measured,0,0,0,7,0,0,0,false,,,0
api-service,api_get_user,api_get_user_65,474,warm,drm:permanent_only,1,0,2028096,0,0,0,0,0,0,not_measured,0,0,1,7,0,0,0,false,,,0
job-processor,dequeue_notify,dequeue_notify_283,475,warm,drm:permanent_only,1,0,603855,0,0,0,0,0,0,not_measured,0,1,0,7,0,0,0,false,,,0
api-service,api_get_user,api_get_user_67,476,warm,drm:permanent_only,1,0,1606040,0,0,0,0,0,0,not_measured,0,0,1,7,0,0,0,false,,,0
job-processor,heartbeat,heartbeat_320,477,warm,drm:permanent_only,1,0,2257307,0,0,0,0,0,0,not_measured,0,0,0,7,0,0,0,false,,,0
report-worker,daily_report,daily_report_119,478,warm,drm:permanent_only,1,0,236844,0,0,0,0,0,0,not_measured,0,0,0,7,0,0,0,false,,,0
api-service,api_get_user,api_get_user_372,479,warm,drm:permanent_only,1,0,1702759,0,0,0,0,0,0,not_measured,0,0,1,7,0,0,0,false,,,0
api-service,session_touch,session_touch_365,480,warm,drm:permanent_only,1,0,131677,0,0,0,0,0,0,not_measured,0,0,0,7,0,0,0,false,,,0
report-worker,archive_check,archive_check_168,481,warm,drm:permanent_only,1,0,2150378,0,0,0,0,0,0,not_measured,1,0,0,7,0,0,0,false,,,0
api-service,session_touch,session_touch_62,482,warm,drm:permanent_only,1,0,129883,0,0,0,0,0,0,not_measured,0,0,0,7,0,0,0,false,,,0
api-service,api_get_user,api_get_user_27,483,warm,drm:permanent_only,1,0,1777579,0,0,0,0,0,0,not_measured,0,0,1,7,0,0,0,false,,,0
build-worker,checksum_artifact,checksum_artifact_418,484,warm,drm:permanent_only,1,0,2043870,0,0,0,0,0,0,not_measured,1,0,0,7,0,0,0,false,,,0
job-processor,dequeue_notify,dequeue_notify_251,485,warm,drm:permanent_only,1,0,414999,0,0,0,0,0,0,not_measured,0,1,0,7,0,0,0,false,,,0
report-worker,archive_check,archive_check_114,486,warm,drm:permanent_only,1,0,2194724,0,0,0,0,0,0,not_measured,1,0,0,7,0,0,0,false,,,0
report-worker,daily_report,daily_report_121,487,warm,drm:permanent_only,1,0,155108,0,0,0,0,0,0,not_measured,0,0,0,7,0,0,0,false,,,0
report-worker,daily_report,daily_report_93,488,warm,drm:permanent_only,1,0,147386,0,0,0,0,0,0,not_measured,0,0,0,7,0,0,0,false,,,0
job-processor,heartbeat,heartbeat_320,489,warm,drm:permanent_only,1,0,2416071,0,0,0,0,0,0,not_measured,0,0,0,7,0,0,0,false,,,0
build-worker,checksum_artifact,checksum_artifact_221,490,warm,drm:permanent_only,1,0,1935180,0,0,0,0,0,0,not_measured,1,0,0,7,0,0,0,false,,,0
job-processor,dequeue_notify,dequeue_notify_267,491,warm,drm:permanent_only,1,0,1543624,0,0,0,0,0,0,not_measured,0,1,0,7,0,0,0,false,,,0
api-service,session_touch,session_touch_20,492,warm,drm:permanent_only,1,0,91805,0,0,0,0,0,0,not_measured,0,0,0,7,0,0,0,false,,,0
api-service,noise,noise_468,493,cold,drm:permanent_only,2,1,1488814,0,0,0,0,0,0,not_measured,0,0,0,7,0,0,1,false,,,0
api-service,noise,noise_469,494,warm,drm:permanent_only,2,1,1437905,0,0,0,0,0,0,not_measured,0,0,0,7,0,0,1,false,,,0
api-service,noise,noise_470,495,warm,drm:permanent_only,2,1,1477739,0,0,0,0,0,0,not_measured,0,0,0,7,0,0,1,false,,,0
api-service,noise,noise_471,496,warm,drm:permanent_only,2,1,5436695,0,0,0,0,0,0,not_measured,0,0,0,7,0,0,1,false,,,0
api-service,noise,noise_472,497,warm,drm:permanent_only,2,1,4313608,0,0,0,0,0,0,not_measured,0,0,2,7,0,0,1,false,,,0
api-service,noise,noise_473,498,warm,drm:permanent_only,2,1,4526644,0,0,0,0,0,0,not_measured,0,2,0,7,0,0,1,false,,,0
api-service,noise,noise_474,499,warm,drm:permanent_only,2,1,6006395,0,0,0,0,0,0,not_measured,2,0,0,7,0,0,1,false,,,0
api-service,noise,noise_475,500,warm,drm:permanent_only,2,1,1546902,0,0,0,0,0,0,not_measured,0,0,0,7,0,0,1,false,,,0
api-service,noise,noise_476,501,warm,drm:permanent_only,2,1,1691737,0,0,0,0,0,0,not_measured,0,0,0,7,0,0,1,false,,,0
api-service,noise,noise_477,502,warm,drm:permanent_only,2,1,1411487,0,0,0,0,0,0,not_measured,0,0,0,7,0,0,1,false,,,0
api-service,noise,noise_478,503,warm,drm:permanent_only,3,1,2840065,0,0,0,0,0,0,not_measured,0,0,0,7,0,0,1,false,,,0
api-service,noise,noise_479,504,warm,drm:permanent_only,3,1,2769957,0,0,0,0,0,0,not_measured,0,0,0,7,0,0,1,false,,,0
api-service,noise,noise_480,505,warm,drm:permanent_only,3,1,3051966,0,0,0,0,0,0,not_measured,0,0,0,7,0,0,1,false,,,0
api-service,noise,noise_481,506,warm,drm:permanent_only,3,1,9060919,0,0,0,0,0,0,not_measured,0,0,0,7,0,0,1,false,,,0
api-service,noise,noise_482,507,warm,drm:permanent_only,3,1,9578372,0,0,0,0,0,0,not_measured,0,0,3,7,0,0,1,false,,,0
api-service,noise,noise_483,508,warm,drm:permanent_only,3,1,8070241,0,0,0,0,0,0,not_measured,0,3,0,7,0,0,1,false,,,0
api-service,noise,noise_484,509,warm,drm:permanent_only,3,1,10141061,0,0,0,0,0,0,not_measured,3,0,0,7,0,0,1,false,,,0
api-service,noise,noise_485,510,warm,drm:permanent_only,3,1,3895652,0,0,0,0,0,0,not_measured,0,0,0,7,0,0,1,false,,,0
api-service,noise,noise_486,511,warm,drm:permanent_only,3,1,3141879,0,0,0,0,0,0,not_measured,0,0,0,7,0,0,1,false,,,0
api-service,noise,noise_487,512,warm,drm:permanent_only,3,1,3109374,0,0,0,0,0,0,not_measured,0,0,0,7,0,0,1,false,,,0
api-service,api_get_user,api_get_user_1,1,cold,drm:provisional_permanent,4,1,2333164,0,0,0,0,0,0,not_measured,0,0,1,0,0,0,1,false,,,0
api-service,session_touch,session_touch_2,2,cold,drm:provisional_permanent,3,1,50299,0,0,0,0,0,0,not_measured,0,0,0,0,0,0,1,false,,,0
api-service,api_get_user,api_get_user_3,3,warm,drm:provisional_permanent,4,1,1925681,0,0,0,0,0,0,not_measured,0,0,1,0,0,0,1,false,,,0
api-service,session_touch,session_touch_4,4,warm,drm:provisional_permanent,3,1,94141,0,0,0,0,0,0,not_measured,0,0,0,0,0,0,1,false,,,0
api-service,api_get_user,api_get_user_5,5,warm,drm:provisional_permanent,4,1,2061184,0,0,0,0,0,0,not_measured,0,0,1,0,0,0,1,false,,,0
api-service,session_touch,session_touch_6,6,warm,drm:provisional_permanent,3,1,122792,0,0,0,0,0,0,not_measured,0,0,0,0,0,0,1,false,,,0
api-service,api_get_user,api_get_user_7,7,warm,drm:provisional_permanent,4,1,1975271,0,0,0,0,0,0,not_measured,0,0,1,0,0,0,1,false,,,0
api-service,session_touch,session_touch_8,8,warm,drm:provisional_permanent,3,1,132005,0,0,0,0,0,0,not_measured,0,0,0,0,0,0,1,false,,,0
api-service,api_get_user,api_get_user_9,9,warm,drm:provisional_permanent,4,1,2029027,0,0,0,0,0,0,not_measured,0,0,1,0,0,0,1,false,,,0
api-service,session_touch,session_touch_10,10,warm,drm:provisional_permanent,3,1,167980,0,0,0,0,0,0,not_measured,0,0,0,0,0,0,1,false,,,0
api-service,api_get_user,api_get_user_11,11,warm,drm:provisional_permanent,4,1,1842207,0,0,0,0,0,0,not_measured,0,0,1,0,0,0,1,false,,,0
api-service,session_touch,session_touch_12,12,warm,drm:provisional_permanent,3,1,83801,0,0,0,0,0,0,not_measured,0,0,0,0,0,0,1,false,,,0
api-service,api_get_user,api_get_user_13,13,warm,drm:provisional_permanent,4,1,2057775,0,0,0,0,0,0,not_measured,0,0,1,0,0,0,1,false,,,0
api-service,session_touch,session_touch_14,14,warm,drm:provisional_permanent,3,1,84885,0,0,0,0,0,0,not_measured,0,0,0,0,0,0,1,false,,,0
api-service,api_get_user,api_get_user_15,15,warm,drm:provisional_permanent,4,1,2172931,0,0,0,0,0,0,not_measured,0,0,1,0,0,0,1,false,,,0
api-service,session_touch,session_touch_16,16,warm,drm:provisional_permanent,3,1,98556,0,0,0,0,0,0,not_measured,0,0,0,0,0,0,1,false,,,0
api-service,api_get_user,api_get_user_17,17,warm,drm:provisional_permanent,4,1,1863955,0,0,0,0,0,0,not_measured,0,0,1,0,0,0,1,false,,,0
api-service,session_touch,session_touch_18,18,warm,drm:provisional_permanent,3,1,86271,0,0,0,0,0,0,not_measured,0,0,0,0,0,0,1,false,,,0
api-service,api_get_user,api_get_user_19,19,warm,drm:provisional_permanent,4,1,2000126,0,0,0,0,0,0,not_measured,0,0,1,0,0,0,1,false,,,0
api-service,session_touch,session_touch_20,20,warm,drm:provisional_permanent,3,1,173138,0,0,0,0,0,0,not_measured,0,0,0,1,1,0,1,false,,,0
api-service,api_get_user,api_get_user_21,21,warm,drm:provisional_permanent,4,1,1985118,0,0,0,0,0,0,not_measured,0,0,1,1,1,0,1,false,,,0
api-service,session_touch,session_touch_22,22,warm,drm:provisional_permanent,1,1,194306,0,0,0,0,0,0,not_measured,0,0,0,1,1,0,1,false,,,0
api-service,api_get_user,api_get_user_23,23,warm,drm:provisional_permanent,4,1,1888162,0,0,0,0,0,0,not_measured,0,0,1,1,1,0,1,false,,,0
api-service,session_touch,session_touch_24,24,warm,drm:provisional_permanent,1,1,87436,0,0,0,0,0,0,not_measured,0,0,0,1,1,0,1,false,,,0
api-service,api_get_user,api_get_user_25,25,warm,drm:provisional_permanent,4,1,2019056,0,0,0,0,0,0,not_measured,0,0,1,1,1,0,1,false,,,0
api-service,session_touch,session_touch_26,26,warm,drm:provisional_permanent,1,1,86825,0,0,0,0,0,0,not_measured,0,0,0,1,1,0,1,false,,,0
api-service,api_get_user,api_get_user_27,27,warm,drm:provisional_permanent,4,1,2039292,0,0,0,0,0,0,not_measured,0,0,1,1,1,0,1,false,,,0
api-service,session_touch,session_touch_28,28,warm,drm:provisional_permanent,1,1,130919,0,0,0,0,0,0,not_measured,0,0,0,1,1,0,1,false,,,0
api-service,api_get_user,api_get_user_29,29,warm,drm:provisional_permanent,4,1,1985283,0,0,0,0,0,0,not_measured,0,0,1,1,1,0,1,false,,,0
api-service,session_touch,session_touch_30,30,warm,drm:provisional_permanent,1,1,95136,0,0,0,0,0,0,not_measured,0,0,0,1,1,0,1,false,,,0
api-service,api_get_user,api_get_user_31,31,warm,drm:provisional_permanent,4,1,2061626,0,0,0,0,0,0,not_measured,0,0,1,1,1,0,1,false,,,0
api-service,session_touch,session_touch_32,32,warm,drm:provisional_permanent,1,1,84465,0,0,0,0,0,0,not_measured,0,0,0,1,1,0,1,false,,,0
api-service,api_get_user,api_get_user_33,33,warm,drm:provisional_permanent,4,1,2100407,0,0,0,0,0,0,not_measured,0,0,1,1,1,0,1,false,,,0
api-service,session_touch,session_touch_34,34,warm,drm:provisional_permanent,1,1,82285,0,0,0,0,0,0,not_measured,0,0,0,1,1,0,1,false,,,0
api-service,api_get_user,api_get_user_35,35,warm,drm:provisional_permanent,4,1,2038093,0,0,0,0,0,0,not_measured,0,0,1,1,1,0,1,false,,,0
api-service,session_touch,session_touch_36,36,warm,drm:provisional_permanent,1,1,83086,0,0,0,0,0,0,not_measured,0,0,0,1,1,0,1,false,,,0
api-service,api_get_user,api_get_user_37,37,warm,drm:provisional_permanent,4,1,2000274,0,0,0,0,0,0,not_measured,0,0,1,1,1,0,1,false,,,0
api-service,session_touch,session_touch_38,38,warm,drm:provisional_permanent,1,1,84506,0,0,0,0,0,0,not_measured,0,0,0,1,1,0,1,false,,,0
api-service,api_get_user,api_get_user_39,39,warm,drm:provisional_permanent,4,1,2090694,0,0,0,0,0,0,not_measured,0,0,1,1,1,0,1,false,,,0
api-service,session_touch,session_touch_40,40,warm,drm:provisional_permanent,1,1,140035,0,0,0,0,0,0,not_measured,0,0,0,1,2,0,1,false,,,0
api-service,api_get_user,api_get_user_41,41,warm,drm:provisional_permanent,4,1,1930065,0,0,0,0,0,0,not_measured,0,0,1,1,2,0,1,false,,,0
api-service,session_touch,session_touch_42,42,warm,drm:provisional_permanent,1,1,100809,0,0,0,0,0,0,not_measured,0,0,0,1,2,0,1,false,,,0
api-service,api_get_user,api_get_user_43,43,warm,drm:provisional_permanent,4,1,2005168,0,0,0,0,0,0,not_measured,0,0,1,1,2,0,1,false,,,0
api-service,session_touch,session_touch_44,44,warm,drm:provisional_permanent,1,1,112592,0,0,0,0,0,0,not_measured,0,0,0,1,2,0,1,false,,,0
api-service,api_get_user,api_get_user_45,45,warm,drm:provisional_permanent,4,1,2059402,0,0,0,0,0,0,not_measured,0,0,1,1,2,0,1,false,,,0
api-service,session_touch,session_touch_46,46,warm,drm:provisional_permanent,1,1,99118,0,0,0,0,0,0,not_measured,0,0,0,1,2,0,1,false,,,0
api-service,api_get_user,api_get_user_47,47,warm,drm:provisional_permanent,4,1,2038698,0,0,0,0,0,0,not_measured,0,0,1,1,2,0,1,false,,,0
api-service,session_touch,session_touch_48,48,warm,drm:provisional_permanent,1,1,89110,0,0,0,0,0,0,not_measured,0,0,0,1,2,0,1,false,,,0
api-service,api_get_user,api_get_user_49,49,warm,drm:provisional_permanent,4,1,2022018,0,0,0,0,0,0,not_measured,0,0,1,1,2,0,1,false,,,0
api-service,session_touch,session_touch_50,50,warm,drm:provisional_permanent,1,1,95401,0,0,0,0,0,0,not_measured,0,0,0,1,2,0,1,false,,,0
api-service,api_get_user,api_get_user_51,51,warm,drm:provisional_permanent,4,1,2008483,0,0,0,0,0,0,not_measured,0,0,1,1,2,0,1,false,,,0
api-service,session_touch,session_touch_52,52,warm,drm:provisional_permanent,1,1,95882,0,0,0,0,0,0,not_measured,0,0,0,1,2,0,1,false,,,0
api-service,api_get_user,api_get_user_53,53,warm,drm:provisional_permanent,4,1,2059946,0,0,0,0,0,0,not_measured,0,0,1,1,2,0,1,false,,,0
api-service,session_touch,session_touch_54,54,warm,drm:provisional_permanent,1,1,92572,0,0,0,0,0,0,not_measured,0,0,0,1,2,0,1,false,,,0
api-service,api_get_user,api_get_user_55,55,warm,drm:provisional_permanent,4,1,2029638,0,0,0,0,0,0,not_measured,0,0,1,1,2,0,1,false,,,0
api-service,session_touch,session_touch_56,56,warm,drm:provisional_permanent,1,1,116967,0,0,0,0,0,0,not_measured,0,0,0,1,2,0,1,false,,,0
api-service,api_get_user,api_get_user_57,57,warm,drm:provisional_permanent,4,1,2029291,0,0,0,0,0,0,not_measured,0,0,1,1,2,0,1,false,,,0
api-service,session_touch,session_touch_58,58,warm,drm:provisional_permanent,1,1,92389,0,0,0,0,0,0,not_measured,0,0,0,1,2,0,1,false,,,0
api-service,api_get_user,api_get_user_59,59,warm,drm:provisional_permanent,4,1,2019304,0,0,0,0,0,0,not_measured,0,0,1,1,2,0,1,false,,,0
api-service,session_touch,session_touch_60,60,warm,drm:provisional_permanent,1,1,152722,0,0,0,0,0,0,not_measured,0,0,0,1,2,0,1,false,,,0
api-service,api_get_user,api_get_user_61,61,warm,drm:provisional_permanent,4,1,1992693,0,0,0,0,0,0,not_measured,0,0,1,1,2,0,1,false,,,0
api-service,session_touch,session_touch_62,62,warm,drm:provisional_permanent,1,1,85520,0,0,0,0,0,0,not_measured,0,0,0,1,2,0,1,false,,,0
api-service,api_get_user,api_get_user_63,63,warm,drm:provisional_permanent,4,1,2066538,0,0,0,0,0,0,not_measured,0,0,1,1,2,0,1,false,,,0
api-service,session_touch,session_touch_64,64,warm,drm:provisional_permanent,1,1,95159,0,0,0,0,0,0,not_measured,0,0,0,1,2,0,1,false,,,0
api-service,api_get_user,api_get_user_65,65,warm,drm:provisional_permanent,4,1,1981291,0,0,0,0,0,0,not_measured,0,0,1,1,2,0,1,false,,,0
api-service,session_touch,session_touch_66,66,warm,drm:provisional_permanent,1,1,84382,0,0,0,0,0,0,not_measured,0,0,0,1,2,0,1,false,,,0
api-service,api_get_user,api_get_user_67,67,warm,drm:provisional_permanent,4,1,2026902,0,0,0,0,0,0,not_measured,0,0,1,1,2,0,1,false,,,0
api-service,session_touch,session_touch_68,68,warm,drm:provisional_permanent,1,1,83949,0,0,0,0,0,0,not_measured,0,0,0,1,2,0,1,false,,,0
api-service,api_get_user,api_get_user_69,69,warm,drm:provisional_permanent,4,1,2019567,0,0,0,0,0,0,not_measured,0,0,1,1,2,0,1,false,,,0
api-service,session_touch,session_touch_70,70,warm,drm:provisional_permanent,1,1,79869,0,0,0,0,0,0,not_measured,0,0,0,1,2,0,1,false,,,0
api-service,api_get_user,api_get_user_71,71,warm,drm:provisional_permanent,4,1,2123886,0,0,0,0,0,0,not_measured,0,0,1,1,2,0,1,false,,,0
api-service,session_touch,session_touch_72,72,warm,drm:provisional_permanent,1,1,94541,0,0,0,0,0,0,not_measured,0,0,0,1,2,0,1,false,,,0
api-service,api_get_user,api_get_user_73,73,warm,drm:provisional_permanent,4,1,1921070,0,0,0,0,0,0,not_measured,0,0,1,1,2,0,1,false,,,0
api-service,session_touch,session_touch_74,74,warm,drm:provisional_permanent,1,1,96168,0,0,0,0,0,0,not_measured,0,0,0,1,2,0,1,false,,,0
api-service,api_get_user,api_get_user_75,75,warm,drm:provisional_permanent,4,1,2015028,0,0,0,0,0,0,not_measured,0,0,1,1,2,0,1,false,,,0
api-service,session_touch,session_touch_76,76,warm,drm:provisional_permanent,1,1,105574,0,0,0,0,0,0,not_measured,0,0,0,1,2,0,1,false,,,0
api-service,api_get_user,api_get_user_77,77,warm,drm:provisional_permanent,4,1,2033041,0,0,0,0,0,0,not_measured,0,0,1,1,2,0,1,false,,,0
api-service,session_touch,session_touch_78,78,warm,drm:provisional_permanent,1,1,94823,0,0,0,0,0,0,not_measured,0,0,0,1,2,0,1,false,,,0
api-service,api_get_user,api_get_user_79,79,warm,drm:provisional_permanent,4,1,2024495,0,0,0,0,0,0,not_measured,0,0,1,1,2,0,1,false,,,0
api-service,session_touch,session_touch_80,80,warm,drm:provisional_permanent,1,1,187894,0,0,0,0,0,0,not_measured,0,0,0,1,2,0,1,false,,,0
api-service,api_get_user,api_get_user_81,81,warm,drm:provisional_permanent,4,1,1997500,0,0,0,0,0,0,not_measured,0,0,1,1,2,0,1,false,,,0
api-service,session_touch,session_touch_82,82,warm,drm:provisional_permanent,1,1,101425,0,0,0,0,0,0,not_measured,0,0,0,1,2,0,1,false,,,0
api-service,api_get_user,api_get_user_83,83,warm,drm:provisional_permanent,4,1,2082528,0,0,0,0,0,0,not_measured,0,0,1,1,2,0,1,false,,,0
api-service,session_touch,session_touch_84,84,warm,drm:provisional_permanent,1,1,130525,0,0,0,0,0,0,not_measured,0,0,0,1,2,0,1,false,,,0
api-service,api_get_user,api_get_user_85,85,warm,drm:provisional_permanent,4,1,1984081,0,0,0,0,0,0,not_measured,0,0,1,1,2,0,1,false,,,0
api-service,session_touch,session_touch_86,86,warm,drm:provisional_permanent,1,1,142913,0,0,0,0,0,0,not_measured,0,0,0,1,2,0,1,false,,,0
api-service,api_get_user,api_get_user_87,87,warm,drm:provisional_permanent,4,1,2145545,0,0,0,0,0,0,not_measured,0,0,1,1,2,0,1,false,,,0
api-service,session_touch,session_touch_88,88,warm,drm:provisional_permanent,1,1,125757,0,0,0,0,0,0,not_measured,0,0,0,1,2,0,1,false,,,0
api-service,api_get_user,api_get_user_89,89,warm,drm:provisional_permanent,4,1,2208073,0,0,0,0,0,0,not_measured,0,0,1,1,2,0,1,false,,,0
api-service,session_touch,session_touch_90,90,warm,drm:provisional_permanent,1,1,215794,0,0,0,0,0,0,not_measured,0,0,0,1,2,0,1,false,,,0
report-worker,daily_report,daily_report_91,91,cold,drm:provisional_permanent,5,1,101270,0,0,0,0,0,0,not_measured,0,0,0,0,0,0,1,false,,,0
report-worker,archive_check,archive_check_92,92,cold,drm:provisional_permanent,3,1,2475932,0,0,0,0,0,0,not_measured,1,0,0,0,0,0,1,false,,,0
report-worker,daily_report,daily_report_93,93,warm,drm:provisional_permanent,5,1,60179,0,0,0,0,0,0,not_measured,0,0,0,0,0,0,1,false,,,0
report-worker,archive_check,archive_check_94,94,warm,drm:provisional_permanent,3,1,2504963,0,0,0,0,0,0,not_measured,1,0,0,0,0,0,1,false,,,0
report-worker,daily_report,daily_report_95,95,warm,drm:provisional_permanent,5,1,63969,0,0,0,0,0,0,not_measured,0,0,0,0,0,0,1,false,,,0
report-worker,archive_check,archive_check_96,96,warm,drm:provisional_permanent,3,1,2269618,0,0,0,0,0,0,not_measured,1,0,0,0,0,0,1,false,,,0
report-worker,daily_report,daily_report_97,97,warm,drm:provisional_permanent,5,1,77377,0,0,0,0,0,0,not_measured,0,0,0,0,0,0,1,false,,,0
report-worker,archive_check,archive_check_98,98,warm,drm:provisional_permanent,3,1,1915841,0,0,0,0,0,0,not_measured,1,0,0,0,0,0,1,false,,,0
report-worker,daily_report,daily_report_99,99,warm,drm:provisional_permanent,5,1,76955,0,0,0,0,0,0,not_measured,0,0,0,0,0,0,1,false,,,0
report-worker,archive_check,archive_check_100,100,warm,drm:provisional_permanent,3,1,2586437,0,0,0,0,0,0,not_measured,1,0,0,1,1,0,1,false,,,0
report-worker,daily_report,daily_report_101,101,warm,drm:provisional_permanent,4,1,76308,0,0,0,0,0,0,not_measured,0,0,0,1,1,0,1,false,,,0
report-worker,archive_check,archive_check_102,102,warm,drm:provisional_permanent,1,1,1904893,0,0,0,0,0,0,not_measured,1,0,0,1,1,0,1,false,,,0
report-worker,daily_report,daily_report_103,103,warm,drm:provisional_permanent,4,1,79994,0,0,0,0,0,0,not_measured,0,0,0,1,1,0,1,false,,,0
report-worker,archive_check,archive_check_104,104,warm,drm:provisional_permanent,1,1,2141847,0,0,0,0,0,0,not_measured,1,0,0,1,1,0,1,false,,,0
report-worker,daily_report,daily_report_105,105,warm,drm:provisional_permanent,4,1,157478,0,0,0,0,0,0,not_measured,0,0,0,1,1,0,1,false,,,0
report-worker,archive_check,archive_check_106,106,warm,drm:provisional_permanent,1,1,1919839,0,0,0,0,0,0,not_measured,1,0,0,1,1,0,1,false,,,0
report-worker,daily_report,daily_report_107,107,warm,drm:provisional_permanent,4,1,166994,0,0,0,0,0,0,not_measured,0,0,0,1,1,0,1,false,,,0
report-worker,archive_check,archive_check_108,108,warm,drm:provisional_permanent,1,1,2257643,0,0,0,0,0,0,not_measured,1,0,0,1,1,0,1,false,,,0
report-worker,daily_report,daily_report_109,109,warm,drm:provisional_permanent,4,1,79206,0,0,0,0,0,0,not_measured,0,0,0,1,1,0,1,false,,,0
report-worker,archive_check,archive_check_110,110,warm,drm:provisional_permanent,1,1,2176525,0,0,0,0,0,0,not_measured,1,0,0,1,1,0,1,false,,,0
report-worker,daily_report,daily_report_111,111,warm,drm:provisional_permanent,4,1,78164,0,0,0,0,0,0,not_measured,0,0,0,1,1,0,1,false,,,0
report-worker,archive_check,archive_check_112,112,warm,drm:provisional_permanent,1,1,2234731,0,0,0,0,0,0,not_measured,1,0,0,1,1,0,1,false,,,0
report-worker,daily_report,daily_report_113,113,warm,drm:provisional_permanent,4,1,75321,0,0,0,0,0,0,not_measured,0,0,0,1,1,0,1,false,,,0
report-worker,archive_check,archive_check_114,114,warm,drm:provisional_permanent,1,1,2161172,0,0,0,0,0,0,not_measured,1,0,0,1,1,0,1,false,,,0
report-worker,daily_report,daily_report_115,115,warm,drm:provisional_permanent,4,1,73332,0,0,0,0,0,0,not_measured,0,0,0,1,1,0,1,false,,,0
report-worker,archive_check,archive_check_116,116,warm,drm:provisional_permanent,1,1,2062776,0,0,0,0,0,0,not_measured,1,0,0,1,1,0,1,false,,,0
report-worker,daily_report,daily_report_117,117,warm,drm:provisional_permanent,4,1,66122,0,0,0,0,0,0,not_measured,0,0,0,1,1,0,1,false,,,0
report-worker,archive_check,archive_check_118,118,warm,drm:provisional_permanent,1,1,2289144,0,0,0,0,0,0,not_measured,1,0,0,1,1,0,1,false,,,0
report-worker,daily_report,daily_report_119,119,warm,drm:provisional_permanent,4,1,132572,0,0,0,0,0,0,not_measured,0,0,0,1,1,0,1,false,,,0
report-worker,archive_check,archive_check_120,120,warm,drm:provisional_permanent,1,1,2216883,0,0,0,0,0,0,not_measured,1,0,0,2,1,0,1,false,,,0
report-worker,daily_report,daily_report_121,121,warm,drm:provisional_permanent,4,1,99137,0,0,0,0,0,0,not_measured,0,0,0,2,1,0,1,false,,,0
report-worker,archive_check,archive_check_122,122,warm,drm:provisional_permanent,1,1,2154264,0,0,0,0,0,0,not_measured,1,0,0,2,1,0,1,false,,,0
report-worker,daily_report,daily_report_123,123,warm,drm:provisional_permanent,4,1,186194,0,0,0,0,0,0,not_measured,0,0,0,2,1,0,1,false,,,0
report-worker,archive_check,archive_check_124,124,warm,drm:provisional_permanent,1,1,1886943,0,0,0,0,0,0,not_measured,1,0,0,2,1,0,1,false,,,0
report-worker,daily_report,daily_report_125,125,warm,drm:provisional_permanent,4,1,80340,0,0,0,0,0,0,not_measured,0,0,0,2,1,0,1,false,,,0
report-worker,archive_check,archive_check_126,126,warm,drm:provisional_permanent,1,1,2144334,0,0,0,0,0,0,not_measured,1,0,0,2,1,0,1,false,,,0
report-worker,daily_report,daily_report_127,127,warm,drm:provisional_permanent,4,1,68920,0,0,0,0,0,0,not_measured,0,0,0,2,1,0,1,false,,,0
report-worker,archive_check,archive_check_128,128,warm,drm:provisional_permanent,1,1,1980873,0,0,0,0,0,0,not_measured,1,0,0,2,1,0,1,false,,,0
report-worker,daily_report,daily_report_129,129,warm,drm:provisional_permanent,4,1,89914,0,0,0,0,0,0,not_measured,0,0,0,2,1,0,1,false,,,0
report-worker,archive_check,archive_check_130,130,warm,drm:provisional_permanent,1,1,1893678,0,0,0,0,0,0,not_measured,1,0,0,2,1,0,1,false,,,0
report-worker,daily_report,daily_report_131,131,warm,drm:provisional_permanent,4,1,85027,0,0,0,0,0,0,not_measured,0,0,0,2,1,0,1,false,,,0
report-worker,archive_check,archive_check_132,132,warm,drm:provisional_permanent,1,1,2318090,0,0,0,0,0,0,not_measured,1,0,0,2,1,0,1,false,,,0
report-worker,daily_report,daily_report_133,133,warm,drm:provisional_permanent,4,1,90715,0,0,0,0,0,0,not_measured,0,0,0,2,1,0,1,false,,,0
report-worker,archive_check,archive_check_134,134,warm,drm:provisional_permanent,1,1,2671104,0,0,0,0,0,0,not_measured,1,0,0,2,1,0,1,false,,,0
report-worker,daily_report,daily_report_135,135,warm,drm:provisional_permanent,4,1,99939,0,0,0,0,0,0,not_measured,0,0,0,2,1,0,1,false,,,0
report-worker,archive_check,archive_check_136,136,warm,drm:provisional_permanent,1,1,1952661,0,0,0,0,0,0,not_measured,1,0,0,2,1,0,1,false,,,0
report-worker,daily_report,daily_report_137,137,warm,drm:provisional_permanent,4,1,124274,0,0,0,0,0,0,not_measured,0,0,0,2,1,0,1,false,,,0
report-worker,archive_check,archive_check_138,138,warm,drm:provisional_permanent,1,1,2345935,0,0,0,0,0,0,not_measured,1,0,0,2,1,0,1,false,,,0
report-worker,daily_report,daily_report_139,139,warm,drm:provisional_permanent,4,1,205812,0,0,0,0,0,0,not_measured,0,0,0,2,1,0,1,false,,,0
report-worker,archive_check,archive_check_140,140,warm,drm:provisional_permanent,1,1,2250951,0,0,0,0,0,0,not_measured,1,0,0,2,1,0,1,false,,,0
report-worker,daily_report,daily_report_141,141,warm,drm:provisional_permanent,4,1,106065,0,0,0,0,0,0,not_measured,0,0,0,2,1,0,1,false,,,0
report-worker,archive_check,archive_check_142,142,warm,drm:provisional_permanent,1,1,2138938,0,0,0,0,0,0,not_measured,1,0,0,2,1,0,1,false,,,0
report-worker,daily_report,daily_report_143,143,warm,drm:provisional_permanent,4,1,81257,0,0,0,0,0,0,not_measured,0,0,0,2,1,0,1,false,,,0
report-worker,archive_check,archive_check_144,144,warm,drm:provisional_permanent,1,1,1991446,0,0,0,0,0,0,not_measured,1,0,0,2,1,0,1,false,,,0
report-worker,daily_report,daily_report_145,145,warm,drm:provisional_permanent,4,1,136986,0,0,0,0,0,0,not_measured,0,0,0,2,1,0,1,false,,,0
report-worker,archive_check,archive_check_146,146,warm,drm:provisional_permanent,1,1,2175404,0,0,0,0,0,0,not_measured,1,0,0,2,1,0,1,false,,,0
report-worker,daily_report,daily_report_147,147,warm,drm:provisional_permanent,4,1,224106,0,0,0,0,0,0,not_measured,0,0,0,2,1,0,1,false,,,0
report-worker,archive_check,archive_check_148,148,warm,drm:provisional_permanent,1,1,1851541,0,0,0,0,0,0,not_measured,1,0,0,2,1,0,1,false,,,0
report-worker,daily_report,daily_report_149,149,warm,drm:provisional_permanent,4,1,138017,0,0,0,0,0,0,not_measured,0,0,0,2,1,0,1,false,,,0
report-worker,archive_check,archive_check_150,150,warm,drm:provisional_permanent,1,1,2136814,0,0,0,0,0,0,not_measured,1,0,0,2,1,0,1,false,,,0
report-worker,daily_report,daily_report_151,151,warm,drm:provisional_permanent,4,1,149714,0,0,0,0,0,0,not_measured,0,0,0,2,1,0,1,false,,,0
report-worker,archive_check,archive_check_152,152,warm,drm:provisional_permanent,1,1,2355307,0,0,0,0,0,0,not_measured,1,0,0,2,1,0,1,false,,,0
report-worker,daily_report,daily_report_153,153,warm,drm:provisional_permanent,4,1,108315,0,0,0,0,0,0,not_measured,0,0,0,2,1,0,1,false,,,0
report-worker,archive_check,archive_check_154,154,warm,drm:provisional_permanent,1,1,1874157,0,0,0,0,0,0,not_measured,1,0,0,2,1,0,1,false,,,0
report-worker,daily_report,daily_report_155,155,warm,drm:provisional_permanent,4,1,92104,0,0,0,0,0,0,not_measured,0,0,0,2,1,0,1,false,,,0
report-worker,archive_check,archive_check_156,156,warm,drm:provisional_permanent,1,1,1810086,0,0,0,0,0,0,not_measured,1,0,0,2,1,0,1,false,,,0
report-worker,daily_report,daily_report_157,157,warm,drm:provisional_permanent,4,1,80525,0,0,0,0,0,0,not_measured,0,0,0,2,1,0,1,false,,,0
report-worker,archive_check,archive_check_158,158,warm,drm:provisional_permanent,1,1,2414830,0,0,0,0,0,0,not_measured,1,0,0,2,1,0,1,false,,,0
report-worker,daily_report,daily_report_159,159,warm,drm:provisional_permanent,4,1,78025,0,0,0,0,0,0,not_measured,0,0,0,2,1,0,1,false,,,0
report-worker,archive_check,archive_check_160,160,warm,drm:provisional_permanent,1,1,2395151,0,0,0,0,0,0,not_measured,1,0,0,2,1,0,1,false,,,0
report-worker,daily_report,daily_report_161,161,warm,drm:provisional_permanent,4,1,79755,0,0,0,0,0,0,not_measured,0,0,0,2,1,0,1,false,,,0
report-worker,archive_check,archive_check_162,162,warm,drm:provisional_permanent,1,1,2357953,0,0,0,0,0,0,not_measured,1,0,0,2,1,0,1,false,,,0
report-worker,daily_report,daily_report_163,163,warm,drm:provisional_permanent,4,1,83045,0,0,0,0,0,0,not_measured,0,0,0,2,1,0,1,false,,,0
report-worker,archive_check,archive_check_164,164,warm,drm:provisional_permanent,1,1,2227849,0,0,0,0,0,0,not_measured,1,0,0,2,1,0,1,false,,,0
report-worker,daily_report,daily_report_165,165,warm,drm:provisional_permanent,4,1,79408,0,0,0,0,0,0,not_measured,0,0,0,2,1,0,1,false,,,0
report-worker,archive_check,archive_check_166,166,warm,drm:provisional_permanent,1,1,2153105,0,0,0,0,0,0,not_measured,1,0,0,2,1,0,1,false,,,0
report-worker,daily_report,daily_report_167,167,warm,drm:provisional_permanent,4,1,125055,0,0,0,0,0,0,not_measured,0,0,0,2,1,0,1,false,,,0
report-worker,archive_check,archive_check_168,168,warm,drm:provisional_permanent,1,1,1866947,0,0,0,0,0,0,not_measured,1,0,0,2,1,0,1,false,,,0
report-worker,daily_report,daily_report_169,169,warm,drm:provisional_permanent,4,1,76467,0,0,0,0,0,0,not_measured,0,0,0,2,1,0,1,false,,,0
report-worker,archive_check,archive_check_170,170,warm,drm:provisional_permanent,1,1,2149320,0,0,0,0,0,0,not_measured,1,0,0,2,1,0,1,false,,,0
build-worker,checksum_artifact,checksum_artifact_171,171,cold,drm:provisional_permanent,3,1,1792118,0,0,0,0,0,0,not_measured,1,0,0,0,0,0,1,false,,,0
build-worker,stage_output,stage_output_172,172,cold,drm:provisional_permanent,5,1,144441,0,0,0,0,0,0,not_measured,0,0,0,0,0,0,1,false,,,0
build-worker,checksum_artifact,checksum_artifact_173,173,warm,drm:provisional_permanent,3,1,1767098,0,0,0,0,0,0,not_measured,1,0,0,0,0,0,1,false,,,0
build-worker,stage_output,stage_output_174,174,warm,drm:provisional_permanent,5,1,67399,0,0,0,0,0,0,not_measured,0,0,0,0,0,0,1,false,,,0
build-worker,checksum_artifact,checksum_artifact_175,175,warm,drm:provisional_permanent,3,1,1864563,0,0,0,0,0,0,not_measured,1,0,0,0,0,0,1,false,,,0
build-worker,stage_output,stage_output_176,176,warm,drm:provisional_permanent,5,1,66406,0,0,0,0,0,0,not_measured,0,0,0,0,0,0,1,false,,,0
build-worker,checksum_artifact,checksum_artifact_177,177,warm,drm:provisional_permanent,3,1,2220027,0,0,0,0,0,0,not_measured,1,0,0,0,0,0,1,false,,,0
build-worker,stage_output,stage_output_178,178,warm,drm:provisional_permanent,5,1,114415,0,0,0,0,0,0,not_measured,0,0,0,0,0,0,1,false,,,0
build-worker,checksum_artifact,checksum_artifact_179,179,warm,drm:provisional_permanent,3,1,2492098,0,0,0,0,0,0,not_measured,1,0,0,0,0,0,1,false,,,0
build-worker,stage_output,stage_output_180,180,warm,drm:provisional_permanent,5,1,299097,0,0,0,0,0,0,not_measured,0,0,0,1,1,0,1,false,,,0
build-worker,checksum_artifact,checksum_artifact_181,181,warm,drm:provisional_permanent,3,1,1779728,0,0,0,0,0,0,not_measured,1,0,0,1,1,0,1,false,,,0
build-worker,stage_output,stage_output_182,182,warm,drm:provisional_permanent,1,1,77279,0,0,0,0,0,0,not_measured,0,0,0,1,1,0,1,false,,,0
build-worker,checksum_artifact,checksum_artifact_183,183,warm,drm:provisional_permanent,3,1,1727202,0,0,0,0,0,0,not_measured,1,0,0,1,1,0,1,false,,,0
build-worker,stage_output,stage_output_184,184,warm,drm:provisional_permanent,1,1,79809,0,0,0,0,0,0,not_measured,0,0,0,1,1,0,1,false,,,0
build-worker,checksum_artifact,checksum_artifact_185,185,warm,drm:provisional_permanent,3,1,2223457,0,0,0,0,0,0,not_measured,1,0,0,1,1,0,1,false,,,0
build-worker,stage_output,stage_output_186,186,warm,drm:provisional_permanent,1,1,103909,0,0,0,0,0,0,not_measured,0,0,0,1,1,0,1,false,,,0
build-worker,checksum_artifact,checksum_artifact_187,187,warm,drm:provisional_permanent,3,1,1889770,0,0,0,0,0,0,not_measured,1,0,0,1,1,0,1,false,,,0
build-worker,stage_output,stage_output_188,188,warm,drm:provisional_permanent,1,1,88589,0,0,0,0,0,0,not_measured,0,0,0,1,1,0,1,false,,,0
build-worker,checksum_artifact,checksum_artifact_189,189,warm,drm:provisional_permanent,3,1,2150591,0,0,0,0,0,0,not_measured,1,0,0,1,1,0,1,false,,,0
build-worker,stage_output,stage_output_190,190,warm,drm:provisional_permanent,1,1,65551,0,0,0,0,0,0,not_measured,0,0,0,1,1,0,1,false,,,0
build-worker,checksum_artifact,checksum_artifact_191,191,warm,drm:provisional_permanent,3,1,1904597,0,0,0,0,0,0,not_measured,1,0,0,1,1,0,1,false,,,0
build-worker,stage_output,stage_output_192,192,warm,drm:provisional_permanent,1,1,73087,0,0,0,0,0,0,not_measured,0,0,0,1,1,0,1,false,,,0
build-worker,checksum_artifact,checksum_artifact_193,193,warm,drm:provisional_permanent,3,1,2027413,0,0,0,0,0,0,not_measured,1,0,0,1,1,0,1,false,,,0
build-worker,stage_output,stage_output_194,194,warm,drm:provisional_permanent,1,1,75739,0,0,0,0,0,0,not_measured,0,0,0,1,1,0,1,false,,,0
build-worker,checksum_artifact,checksum_artifact_195,195,warm,drm:provisional_permanent,3,1,1942574,0,0,0,0,0,0,not_measured,1,0,0,1,1,0,1,false,,,0
build-worker,stage_output,stage_output_196,196,warm,drm:provisional_permanent,1,1,77160,0,0,0,0,0,0,not_measured,0,0,0,1,1,0,1,false,,,0
build-worker,checksum_artifact,checksum_artifact_197,197,warm,drm:provisional_permanent,3,1,2076605,0,0,0,0,0,0,not_measured,1,0,0,1,1,0,1,false,,,0
build-worker,stage_output,stage_output_198,198,warm,drm:provisional_permanent,1,1,71574,0,0,0,0,0,0,not_measured,0,0,0,1,1,0,1,false,,,0
build-worker,checksum_artifact,checksum_artifact_199,199,warm,drm:provisional_permanent,3,1,1896712,0,0,0,0,0,0,not_measured,1,0,0,1,1,0,1,false,,,0
build-worker,stage_output,stage_output_200,200,warm,drm:provisional_permanent,1,1,401445,0,0,0,0,0,0,not_measured,0,0,0,3,2,0,1,false,,,0
build-worker,checksum_artifact,checksum_artifact_201,201,warm,drm:provisional_permanent,2,1,1747532,0,0,0,0,0,0,not_measured,1,0,0,3,2,0,1,false,,,0
build-worker,stage_output,stage_output_202,202,warm,drm:provisional_permanent,1,1,81291,0,0,0,0,0,0,not_measured,0,0,0,3,2,0,1,false,,,0
build-worker,checksum_artifact,checksum_artifact_203,203,warm,drm:provisional_permanent,2,1,1728636,0,0,0,0,0,0,not_measured,1,0,0,3,2,0,1,false,,,0
build-worker,stage_output,stage_output_204,204,warm,drm:provisional_permanent,1,1,73774,0,0,0,0,0,0,not_measured,0,0,0,3,2,0,1,false,,,0
build-worker,checksum_artifact,checksum_artifact_205,205,warm,drm:provisional_permanent,2,1,2140156,0,0,0,0,0,0,not_measured,1,0,0,3,2,0,1,false,,,0
build-worker,stage_output,stage_output_206,206,warm,drm:provisional_permanent,1,1,74805,0,0,0,0,0,0,not_measured,0,0,0,3,2,0,1,false,,,0
build-worker,checksum_artifact,checksum_artifact_207,207,warm,drm:provisional_permanent,2,1,1854306,0,0,0,0,0,0,not_measured,1,0,0,3,2,0,1,false,,,0
build-worker,stage_output,stage_output_208,208,warm,drm:provisional_permanent,1,1,70199,0,0,0,0,0,0,not_measured,0,0,0,3,2,0,1,false,,,0
build-worker,checksum_artifact,checksum_artifact_209,209,warm,drm:provisional_permanent,2,1,1984372,0,0,0,0,0,0,not_measured,1,0,0,3,2,0,1,false,,,0
build-worker,stage_output,stage_output_210,210,warm,drm:provisional_permanent,1,1,72806,0,0,0,0,0,0,not_measured,0,0,0,3,2,0,1,false,,,0
build-worker,checksum_artifact,checksum_artifact_211,211,warm,drm:provisional_permanent,2,1,1902494,0,0,0,0,0,0,not_measured,1,0,0,3,2,0,1,false,,,0
build-worker,stage_output,stage_output_212,212,warm,drm:provisional_permanent,1,1,145432,0,0,0,0,0,0,not_measured,0,0,0,3,2,0,1,false,,,0
build-worker,checksum_artifact,checksum_artifact_213,213,warm,drm:provisional_permanent,2,1,1630265,0,0,0,0,0,0,not_measured,1,0,0,3,2,0,1,false,,,0
build-worker,stage_output,stage_output_214,214,warm,drm:provisional_permanent,1,1,67039,0,0,0,0,0,0,not_measured,0,0,0,3,2,0,1,false,,,0
build-worker,checksum_artifact,checksum_artifact_215,215,warm,drm:provisional_permanent,2,1,1939712,0,0,0,0,0,0,not_measured,1,0,0,3,2,0,1,false,,,0
build-worker,stage_output,stage_output_216,216,warm,drm:provisional_permanent,1,1,77914,0,0,0,0,0,0,not_measured,0,0,0,3,2,0,1,false,,,0
build-worker,checksum_artifact,checksum_artifact_217,217,warm,drm:provisional_permanent,2,1,1953251,0,0,0,0,0,0,not_measured,1,0,0,3,2,0,1,false,,,0
build-worker,stage_output,stage_output_218,218,warm,drm:provisional_permanent,1,1,77632,0,0,0,0,0,0,not_measured,0,0,0,3,2,0,1,false,,,0
build-worker,checksum_artifact,checksum_artifact_219,219,warm,drm:provisional_permanent,2,1,2354480,0,0,0,0,0,0,not_measured,1,0,0,3,2,0,1,false,,,0
build-worker,stage_output,stage_output_220,220,warm,drm:provisional_permanent,1,1,711707,0,0,0,0,0,0,not_measured,0,0,0,3,3,0,1,false,,,0
build-worker,checksum_artifact,checksum_artifact_221,221,warm,drm:provisional_permanent,2,1,1789556,0,0,0,0,0,0,not_measured,1,0,0,3,3,0,1,false,,,0
build-worker,stage_output,stage_output_222,222,warm,drm:provisional_permanent,1,1,141882,0,0,0,0,0,0,not_measured,0,0,0,3,3,0,1,false,,,0
build-worker,checksum_artifact,checksum_artifact_223,223,warm,drm:provisional_permanent,2,1,1825304,0,0,0,0,0,0,not_measured,1,0,0,3,3,0,1,false,,,0
build-worker,stage_output,stage_output_224,224,warm,drm:provisional_permanent,1,1,99673,0,0,0,0,0,0,not_measured,0,0,0,3,3,0,1,false,,,0
build-worker,checksum_artifact,checksum_artifact_225,225,warm,drm:provisional_permanent,2,1,1773847,0,0,0,0,0,0,not_measured,1,0,0,3,3,0,1,false,,,0
build-worker,stage_output,stage_output_226,226,warm,drm:provisional_permanent,1,1,80991,0,0,0,0,0,0,not_measured,0,0,0,3,3,0,1,false,,,0
build-worker,checksum_artifact,checksum_artifact_227,227,warm,drm:provisional_permanent,2,1,2384255,0,0,0,0,0,0,not_measured,1,0,0,3,3,0,1,false,,,0
build-worker,stage_output,stage_output_228,228,warm,drm:provisional_permanent,1,1,290294,0,0,0,0,0,0,not_measured,0,0,0,3,3,0,1,false,,,0
build-worker,checksum_artifact,checksum_artifact_229,229,warm,drm:provisional_permanent,2,1,1891967,0,0,0,0,0,0,not_measured,1,0,0,3,3,0,1,false,,,0
build-worker,stage_output,stage_output_230,230,warm,drm:provisional_permanent,1,1,210993,0,0,0,0,0,0,not_measured,0,0,0,3,3,0,1,false,,,0
build-worker,checksum_artifact,checksum_artifact_231,231,warm,drm:provisional_permanent,2,1,1853762,0,0,0,0,0,0,not_measured,1,0,0,3,3,0,1,false,,,0
build-worker,stage_output,stage_output_232,232,warm,drm:provisional_permanent,1,1,303943,0,0,0,0,0,0,not_measured,0,0,0,3,3,0,1,false,,,0
build-worker,checksum_artifact,checksum_artifact_233,233,warm,drm:provisional_permanent,2,1,1788809,0,0,0,0,0,0,not_measured,1,0,0,3,3,0,1,false,,,0
build-worker,stage_output,stage_output_234,234,warm,drm:provisional_permanent,1,1,77511,0,0,0,0,0,0,not_measured,0,0,0,3,3,0,1,false,,,0
build-worker,checksum_artifact,checksum_artifact_235,235,warm,drm:provisional_permanent,2,1,1886791,0,0,0,0,0,0,not_measured,1,0,0,3,3,0,1,false,,,0
build-worker,stage_output,stage_output_236,236,warm,drm:provisional_permanent,1,1,84549,0,0,0,0,0,0,not_measured,0,0,0,3,3,0,1,false,,,0
build-worker,checksum_artifact,checksum_artifact_237,237,warm,drm:provisional_permanent,2,1,1712450,0,0,0,0,0,0,not_measured,1,0,0,3,3,0,1,false,,,0
build-worker,stage_output,stage_output_238,238,warm,drm:provisional_permanent,1,1,74499,0,0,0,0,0,0,not_measured,0,0,0,3,3,0,1,false,,,0
build-worker,checksum_artifact,checksum_artifact_239,239,warm,drm:provisional_permanent,2,1,2099650,0,0,0,0,0,0,not_measured,1,0,0,3,3,0,1,false,,,0
build-worker,stage_output,stage_output_240,240,warm,drm:provisional_permanent,1,1,928451,0,0,0,0,0,0,not_measured,0,0,0,3,4,0,1,false,,,0
job-processor,dequeue_notify,dequeue_notify_241,241,cold,drm:provisional_permanent,4,1,2010190,0,0,0,0,0,0,not_measured,0,1,0,1,0,0,1,false,,,0
job-processor,heartbeat,heartbeat_242,242,cold,drm:provisional_permanent,3,1,2172115,0,0,0,0,0,0,not_measured,0,0,0,1,0,0,1,false,,,0
job-processor,dequeue_notify,dequeue_notify_243,243,warm,drm:provisional_permanent,4,1,1920349,0,0,0,0,0,0,not_measured,0,1,0,1,0,0,1,false,,,0
job-processor,heartbeat,heartbeat_244,244,warm,drm:provisional_permanent,3,1,2405192,0,0,0,0,0,0,not_measured,0,0,0,1,0,0,1,false,,,0
job-processor,dequeue_notify,dequeue_notify_245,245,warm,drm:provisional_permanent,4,1,1798700,0,0,0,0,0,0,not_measured,0,1,0,1,0,0,1,false,,,0
job-processor,heartbeat,heartbeat_246,246,warm,drm:provisional_permanent,3,1,2162907,0,0,0,0,0,0,not_measured,0,0,0,1,0,0,1,false,,,0
job-processor,dequeue_notify,dequeue_notify_247,247,warm,drm:provisional_permanent,4,1,2106482,0,0,0,0,0,0,not_measured,0,1,0,1,0,0,1,false,,,0
job-processor,heartbeat,heartbeat_248,248,warm,drm:provisional_permanent,3,1,2145719,0,0,0,0,0,0,not_measured,0,0,0,1,0,0,1,false,,,0
job-processor,dequeue_notify,dequeue_notify_249,249,warm,drm:provisional_permanent,4,1,2008004,0,0,0,0,0,0,not_measured,0,1,0,1,0,0,1,false,,,0
job-processor,heartbeat,heartbeat_250,250,warm,drm:provisional_permanent,3,1,2344422,0,0,0,0,0,0,not_measured,0,0,0,1,0,0,1,false,,,0
job-processor,dequeue_notify,dequeue_notify_251,251,warm,drm:provisional_permanent,4,1,1907177,0,0,0,0,0,0,not_measured,0,1,0,1,0,0,1,false,,,0
job-processor,heartbeat,heartbeat_252,252,warm,drm:provisional_permanent,3,1,2223905,0,0,0,0,0,0,not_measured,0,0,0,1,0,0,1,false,,,0
job-processor,dequeue_notify,dequeue_notify_253,253,warm,drm:provisional_permanent,4,1,1965621,0,0,0,0,0,0,not_measured,0,1,0,1,0,0,1,false,,,0
job-processor,heartbeat,heartbeat_254,254,warm,drm:provisional_permanent,3,1,2226399,0,0,0,0,0,0,not_measured,0,0,0,1,0,0,1,false,,,0
job-processor,dequeue_notify,dequeue_notify_255,255,warm,drm:provisional_permanent,4,1,1966476,0,0,0,0,0,0,not_measured,0,1,0,1,0,0,1,false,,,0
job-processor,heartbeat,heartbeat_256,256,warm,drm:provisional_permanent,3,1,2398814,0,0,0,0,0,0,not_measured,0,0,0,1,0,0,1,false,,,0
job-processor,dequeue_notify,dequeue_notify_257,257,warm,drm:provisional_permanent,4,1,1787313,0,0,0,0,0,0,not_measured,0,1,0,1,0,0,1,false,,,0
job-processor,heartbeat,heartbeat_258,258,warm,drm:provisional_permanent,3,1,2507058,0,0,0,0,0,0,not_measured,0,0,0,1,0,0,1,false,,,0
job-processor,dequeue_notify,dequeue_notify_259,259,warm,drm:provisional_permanent,4,1,1778372,0,0,0,0,0,0,not_measured,0,1,0,1,0,0,1,false,,,0
job-processor,heartbeat,heartbeat_260,260,warm,drm:provisional_permanent,3,1,2281678,0,0,0,0,0,0,not_measured,0,0,0,2,1,0,1,false,,,0
job-processor,dequeue_notify,dequeue_notify_261,261,warm,drm:provisional_permanent,4,1,1883881,0,0,0,0,0,0,not_measured,0,1,0,2,1,0,1,false,,,0
job-processor,heartbeat,heartbeat_262,262,warm,drm:provisional_permanent,1,1,2200510,0,0,0,0,0,0,not_measured,0,0,0,2,1,0,1,false,,,0
job-processor,dequeue_notify,dequeue_notify_263,263,warm,drm:provisional_permanent,4,1,1971070,0,0,0,0,0,0,not_measured,0,1,0,2,1,0,1,false,,,0
job-processor,heartbeat,heartbeat_264,264,warm,drm:provisional_permanent,1,1,2407186,0,0,0,0,0,0,not_measured,0,0,0,2,1,0,1,false,,,0
job-processor,dequeue_notify,dequeue_notify_265,265,warm,drm:provisional_permanent,4,1,1858017,0,0,0,0,0,0,not_measured,0,1,0,2,1,0,1,false,,,0
job-processor,heartbeat,heartbeat_266,266,warm,drm:provisional_permanent,1,1,2306485,0,0,0,0,0,0,not_measured,0,0,0,2,1,0,1,false,,,0
job-processor,dequeue_notify,dequeue_notify_267,267,warm,drm:provisional_permanent,4,1,1830667,0,0,0,0,0,0,not_measured,0,1,0,2,1,0,1,false,,,0
job-processor,heartbeat,heartbeat_268,268,warm,drm:provisional_permanent,1,1,2114838,0,0,0,0,0,0,not_measured,0,0,0,2,1,0,1,false,,,0
job-processor,dequeue_notify,dequeue_notify_269,269,warm,drm:provisional_permanent,4,1,2166959,0,0,0,0,0,0,not_measured,0,1,0,2,1,0,1,false,,,0
job-processor,heartbeat,heartbeat_270,270,warm,drm:provisional_permanent,1,1,2322430,0,0,0,0,0,0,not_measured,0,0,0,2,1,0,1,false,,,0
job-processor,dequeue_notify,dequeue_notify_271,271,warm,drm:provisional_permanent,4,1,1732968,0,0,0,0,0,0,not_measured,0,1,0,2,1,0,1,false,,,0
job-processor,heartbeat,heartbeat_272,272,warm,drm:provisional_permanent,1,1,2175319,0,0,0,0,0,0,not_measured,0,0,0,2,1,0,1,false,,,0
job-processor,dequeue_notify,dequeue_notify_273,273,warm,drm:provisional_permanent,4,1,2040908,0,0,0,0,0,0,not_measured,0,1,0,2,1,0,1,false,,,0
job-processor,heartbeat,heartbeat_274,274,warm,drm:provisional_permanent,1,1,2236550,0,0,0,0,0,0,not_measured,0,0,0,2,1,0,1,false,,,0
job-processor,dequeue_notify,dequeue_notify_275,275,warm,drm:provisional_permanent,4,1,1923801,0,0,0,0,0,0,not_measured,0,1,0,2,1,0,1,false,,,0
job-processor,heartbeat,heartbeat_276,276,warm,drm:provisional_permanent,1,1,2138604,0,0,0,0,0,0,not_measured,0,0,0,2,1,0,1,false,,,0
job-processor,dequeue_notify,dequeue_notify_277,277,warm,drm:provisional_permanent,4,1,2024345,0,0,0,0,0,0,not_measured,0,1,0,2,1,0,1,false,,,0
job-processor,heartbeat,heartbeat_278,278,warm,drm:provisional_permanent,1,1,2372751,0,0,0,0,0,0,not_measured,0,0,0,2,1,0,1,false,,,0
job-processor,dequeue_notify,dequeue_notify_279,279,warm,drm:provisional_permanent,4,1,1805383,0,0,0,0,0,0,not_measured,0,1,0,2,1,0,1,false,,,0
job-processor,heartbeat,heartbeat_280,280,warm,drm:provisional_permanent,1,1,2539533,0,0,0,0,0,0,not_measured,0,0,0,2,2,0,1,false,,,0
job-processor,dequeue_notify,dequeue_notify_281,281,warm,drm:provisional_permanent,4,1,1600008,0,0,0,0,0,0,not_measured,0,1,0,2,2,0,1,false,,,0
job-processor,heartbeat,heartbeat_282,282,warm,drm:provisional_permanent,1,1,2279009,0,0,0,0,0,0,not_measured,0,0,0,2,2,0,1,false,,,0
job-processor,dequeue_notify,dequeue_notify_283,283,warm,drm:provisional_permanent,4,1,2062116,0,0,0,0,0,0,not_measured,0,1,0,2,2,0,1,false,,,0
job-processor,heartbeat,heartbeat_284,284,warm,drm:provisional_permanent,1,1,2184326,0,0,0,0,0,0,not_measured,0,0,0,2,2,0,1,false,,,0
job-processor,dequeue_notify,dequeue_notify_285,285,warm,drm:provisional_permanent,4,1,1980636,0,0,0,0,0,0,not_measured,0,1,0,2,2,0,1,false,,,0
job-processor,heartbeat,heartbeat_286,286,warm,drm:provisional_permanent,1,1,2239666,0,0,0,0,0,0,not_measured,0,0,0,2,2,0,1,false,,,0
job-processor,dequeue_notify,dequeue_notify_287,287,warm,drm:provisional_permanent,4,1,1942886,0,0,0,0,0,0,not_measured,0,1,0,2,2,0,1,false,,,0
job-processor,heartbeat,heartbeat_288,288,warm,drm:provisional_permanent,1,1,2363703,0,0,0,0,0,0,not_measured,0,0,0,2,2,0,1,false,,,0
job-processor,dequeue_notify,dequeue_notify_289,289,warm,drm:provisional_permanent,4,1,1826284,0,0,0,0,0,0,not_measured,0,1,0,2,2,0,1,false,,,0
job-processor,heartbeat,heartbeat_290,290,warm,drm:provisional_permanent,1,1,2212855,0,0,0,0,0,0,not_measured,0,0,0,2,2,0,1,false,,,0
job-processor,dequeue_notify,dequeue_notify_291,291,warm,drm:provisional_permanent,4,1,2058243,0,0,0,0,0,0,not_measured,0,1,0,2,2,0,1,false,,,0
job-processor,heartbeat,heartbeat_292,292,warm,drm:provisional_permanent,1,1,2194730,0,0,0,0,0,0,not_measured,0,0,0,2,2,0,1,false,,,0
job-processor,dequeue_notify,dequeue_notify_293,293,warm,drm:provisional_permanent,4,1,1950587,0,0,0,0,0,0,not_measured,0,1,0,2,2,0,1,false,,,0
job-processor,heartbeat,heartbeat_294,294,warm,drm:provisional_permanent,1,1,2258169,0,0,0,0,0,0,not_measured,0,0,0,2,2,0,1,false,,,0
job-processor,dequeue_notify,dequeue_notify_295,295,warm,drm:provisional_permanent,4,1,1988509,0,0,0,0,0,0,not_measured,0,1,0,2,2,0,1,false,,,0
job-processor,heartbeat,heartbeat_296,296,warm,drm:provisional_permanent,1,1,2416834,0,0,0,0,0,0,not_measured,0,0,0,2,2,0,1,false,,,0
job-processor,dequeue_notify,dequeue_notify_297,297,warm,drm:provisional_permanent,4,1,1665171,0,0,0,0,0,0,not_measured,0,1,0,2,2,0,1,false,,,0
job-processor,heartbeat,heartbeat_298,298,warm,drm:provisional_permanent,1,1,2333622,0,0,0,0,0,0,not_measured,0,0,0,2,2,0,1,false,,,0
job-processor,dequeue_notify,dequeue_notify_299,299,warm,drm:provisional_permanent,4,1,1866245,0,0,0,0,0,0,not_measured,0,1,0,2,2,0,1,false,,,0
job-processor,heartbeat,heartbeat_300,300,warm,drm:provisional_permanent,1,1,2487375,0,0,0,0,0,0,not_measured,0,0,0,2,2,0,1,false,,,0
job-processor,dequeue_notify,dequeue_notify_301,301,warm,drm:provisional_permanent,4,1,1729821,0,0,0,0,0,0,not_measured,0,1,0,2,2,0,1,false,,,0
job-processor,heartbeat,heartbeat_302,302,warm,drm:provisional_permanent,1,1,2354868,0,0,0,0,0,0,not_measured,0,0,0,2,2,0,1,false,,,0
job-processor,dequeue_notify,dequeue_notify_303,303,warm,drm:provisional_permanent,4,1,1848397,0,0,0,0,0,0,not_measured,0,1,0,2,2,0,1,false,,,0
job-processor,heartbeat,heartbeat_304,304,warm,drm:provisional_permanent,1,1,2121928,0,0,0,0,0,0,not_measured,0,0,0,2,2,0,1,false,,,0
job-processor,dequeue_notify,dequeue_notify_305,305,warm,drm:provisional_permanent,4,1,2070508,0,0,0,0,0,0,not_measured,0,1,0,2,2,0,1,false,,,0
job-processor,heartbeat,heartbeat_306,306,warm,drm:provisional_permanent,1,1,2381851,0,0,0,0,0,0,not_measured,0,0,0,2,2,0,1,false,,,0
job-processor,dequeue_notify,dequeue_notify_307,307,warm,drm:provisional_permanent,4,1,1923142,0,0,0,0,0,0,not_measured,0,1,0,2,2,0,1,false,,,0
job-processor,heartbeat,heartbeat_308,308,warm,drm:provisional_permanent,1,1,2113966,0,0,0,0,0,0,not_measured,0,0,0,2,2,0,1,false,,,0
job-processor,dequeue_notify,dequeue_notify_309,309,warm,drm:provisional_permanent,4,1,2046516,0,0,0,0,0,0,not_measured,0,1,0,2,2,0,1,false,,,0
job-processor,heartbeat,heartbeat_310,310,warm,drm:provisional_permanent,1,1,2122740,0,0,0,0,0,0,not_measured,0,0,0,2,2,0,1,false,,,0
job-processor,dequeue_notify,dequeue_notify_311,311,warm,drm:provisional_permanent,4,1,2072633,0,0,0,0,0,0,not_measured,0,1,0,2,2,0,1,false,,,0
job-processor,heartbeat,heartbeat_312,312,warm,drm:provisional_permanent,1,1,2136070,0,0,0,0,0,0,not_measured,0,0,0,2,2,0,1,false,,,0
job-processor,dequeue_notify,dequeue_notify_313,313,warm,drm:provisional_permanent,4,1,2052986,0,0,0,0,0,0,not_measured,0,1,0,2,2,0,1,false,,,0
job-processor,heartbeat,heartbeat_314,314,warm,drm:provisional_permanent,1,1,2288595,0,0,0,0,0,0,not_measured,0,0,0,2,2,0,1,false,,,0
job-processor,dequeue_notify,dequeue_notify_315,315,warm,drm:provisional_permanent,4,1,1953220,0,0,0,0,0,0,not_measured,0,1,0,2,2,0,1,false,,,0
job-processor,heartbeat,heartbeat_316,316,warm,drm:provisional_permanent,1,1,2218850,0,0,0,0,0,0,not_measured,0,0,0,2,2,0,1,false,,,0
job-processor,dequeue_notify,dequeue_notify_317,317,warm,drm:provisional_permanent,4,1,1957241,0,0,0,0,0,0,not_measured,0,1,0,2,2,0,1,false,,,0
job-processor,heartbeat,heartbeat_318,318,warm,drm:provisional_permanent,1,1,2227423,0,0,0,0,0,0,not_measured,0,0,0,2,2,0,1,false,,,0
job-processor,dequeue_notify,dequeue_notify_319,319,warm,drm:provisional_permanent,4,1,1947208,0,0,0,0,0,0,not_measured,0,1,0,2,2,0,1,false,,,0
job-processor,heartbeat,heartbeat_320,320,warm,drm:provisional_permanent,1,1,2611313,0,0,0,0,0,0,not_measured,0,0,0,2,2,0,1,false,,,0
report-worker,daily_report,daily_report_321,321,warm,drm:provisional_permanent,5,1,149323,0,0,0,0,0,0,not_measured,0,0,0,3,1,0,1,false,,,0
report-worker,daily_report,daily_report_322,322,warm,drm:provisional_permanent,5,1,94923,0,0,0,0,0,0,not_measured,0,0,0,3,1,0,1,false,,,0
report-worker,daily_report,daily_report_323,323,warm,drm:provisional_permanent,5,1,174397,0,0,0,0,0,0,not_measured,0,0,0,3,1,0,1,false,,,0
report-worker,daily_report,daily_report_324,324,warm,drm:provisional_permanent,5,1,149162,0,0,0,0,0,0,not_measured,0,0,0,3,1,0,1,false,,,0
report-worker,daily_report,daily_report_325,325,warm,drm:provisional_permanent,5,1,99932,0,0,0,0,0,0,not_measured,0,0,0,3,1,0,1,false,,,0
report-worker,daily_report,daily_report_326,326,warm,drm:provisional_permanent,5,1,77863,0,0,0,0,0,0,not_measured,0,0,0,3,1,0,1,false,,,0
report-worker,daily_report,daily_report_327,327,warm,drm:provisional_permanent,5,1,136499,0,0,0,0,0,0,not_measured,0,0,0,3,1,0,1,false,,,0
report-worker,daily_report,daily_report_328,328,warm,drm:provisional_permanent,5,1,304868,0,0,0,0,0,0,not_measured,0,0,0,3,1,0,1,false,,,0
report-worker,daily_report,daily_report_329,329,warm,drm:provisional_permanent,5,1,94109,0,0,0,0,0,0,not_measured,0,0,0,3,1,0,1,false,,,0
report-worker,daily_report,daily_report_330,330,warm,drm:provisional_permanent,5,1,75683,0,0,0,0,0,0,not_measured,0,0,0,3,1,0,1,false,,,0
report-worker,daily_report,daily_report_331,331,warm,drm:provisional_permanent,5,1,126893,0,0,0,0,0,0,not_measured,0,0,0,3,1,0,1,false,,,0
report-worker,daily_report,daily_report_332,332,warm,drm:provisional_permanent,5,1,87697,0,0,0,0,0,0,not_measured,0,0,0,3,1,0,1,false,,,0
report-worker,daily_report,daily_report_333,333,warm,drm:provisional_permanent,4,1,67161,0,0,0,0,0,0,not_measured,0,0,0,3,1,0,1,false,,,0
report-worker,daily_report,daily_report_334,334,warm,drm:provisional_permanent,4,1,125903,0,0,0,0,0,0,not_measured,0,0,0,3,1,0,1,false,,,0
report-worker,daily_report,daily_report_335,335,warm,drm:provisional_permanent,4,1,72256,0,0,0,0,0,0,not_measured,0,0,0,3,1,0,1,false,,,0
report-worker,daily_report,daily_report_336,336,warm,drm:provisional_permanent,4,1,69052,0,0,0,0,0,0,not_measured,0,0,0,3,1,0,1,false,,,0
report-worker,daily_report,daily_report_337,337,warm,drm:provisional_permanent,4,1,129831,0,0,0,0,0,0,not_measured,0,0,0,3,1,0,1,false,,,0
report-worker,daily_report,daily_report_338,338,warm,drm:provisional_permanent,4,1,62333,0,0,0,0,0,0,not_measured,0,0,0,3,1,0,1,false,,,0
report-worker,daily_report,daily_report_339,339,warm,drm:provisional_permanent,4,1,53527,0,0,0,0,0,0,not_measured,0,0,0,3,1,0,1,false,,,0
report-worker,daily_report,daily_report_340,340,warm,drm:provisional_permanent,4,1,1472516,0,0,0,0,0,0,not_measured,0,0,0,4,1,0,1,false,,,0
report-worker,daily_report,daily_report_341,341,warm,drm:provisional_permanent,1,1,161712,0,0,0,0,0,0,not_measured,0,0,0,4,1,0,1,false,,,0
report-worker,daily_report,daily_report_342,342,warm,drm:provisional_permanent,1,1,74009,0,0,0,0,0,0,not_measured,0,0,0,4,1,0,1,false,,,0
report-worker,daily_report,daily_report_343,343,warm,drm:provisional_permanent,1,1,72213,0,0,0,0,0,0,not_measured,0,0,0,4,1,0,1,false,,,0
report-worker,daily_report,daily_report_344,344,warm,drm:provisional_permanent,1,1,120110,0,0,0,0,0,0,not_measured,0,0,0,4,1,0,1,false,,,0
report-worker,daily_report,daily_report_345,345,warm,drm:provisional_permanent,1,1,89487,0,0,0,0,0,0,not_measured,0,0,0,4,1,0,1,false,,,0
report-worker,daily_report,daily_report_346,346,warm,drm:provisional_permanent,1,1,134858,0,0,0,0,0,0,not_measured,0,0,0,4,1,0,1,false,,,0
report-worker,daily_report,daily_report_347,347,warm,drm:provisional_permanent,1,1,71423,0,0,0,0,0,0,not_measured,0,0,0,4,1,0,1,false,,,0
api-service,api_get_user,api_get_user_348,348,warm,drm:provisional_permanent,3,1,2047221,0,0,0,0,0,0,not_measured,0,0,1,2,2,0,1,false,,,0
api-service,session_touch,session_touch_349,349,warm,drm:provisional_permanent,1,1,125429,0,0,0,0,0,0,not_measured,0,0,0,2,2,0,1,false,,,0
api-service,api_get_user,api_get_user_350,350,warm,drm:provisional_permanent,3,1,1913554,0,0,0,0,0,0,not_measured,0,0,1,2,2,0,1,false,,,0
api-service,session_touch,session_touch_351,351,warm,drm:provisional_permanent,1,1,139975,0,0,0,0,0,0,not_measured,0,0,0,2,2,0,1,false,,,0
api-service,api_get_user,api_get_user_352,352,warm,drm:provisional_permanent,3,1,2036434,0,0,0,0,0,0,not_measured,0,0,1,2,2,0,1,false,,,0
api-service,session_touch,session_touch_353,353,warm,drm:provisional_permanent,1,1,119828,0,0,0,0,0,0,not_measured,0,0,0,2,2,0,1,false,,,0
api-service,api_get_user,api_get_user_354,354,warm,drm:provisional_permanent,3,1,1957078,0,0,0,0,0,0,not_measured,0,0,1,2,2,0,1,false,,,0
api-service,session_touch,session_touch_355,355,warm,drm:provisional_permanent,1,1,118007,0,0,0,0,0,0,not_measured,0,0,0,2,2,0,1,false,,,0
api-service,api_get_user,api_get_user_356,356,warm,drm:provisional_permanent,3,1,1994581,0,0,0,0,0,0,not_measured,0,0,1,2,2,0,1,false,,,0
api-service,session_touch,session_touch_357,357,warm,drm:provisional_permanent,1,1,112011,0,0,0,0,0,0,not_measured,0,0,0,2,2,0,1,false,,,0
api-service,api_get_user,api_get_user_358,358,warm,drm:provisional_permanent,3,1,2038727,0,0,0,0,0,0,not_measured,0,0,1,2,2,0,1,false,,,0
api-service,session_touch,session_touch_359,359,warm,drm:provisional_permanent,1,1,102661,0,0,0,0,0,0,not_measured,0,0,0,2,2,0,1,false,,,0
api-service,api_get_user,api_get_user_360,360,warm,drm:provisional_permanent,3,1,4963192,0,0,0,0,0,0,not_measured,0,0,1,3,3,0,1,false,,,0
api-service,session_touch,session_touch_361,361,warm,drm:provisional_permanent,1,1,113448,0,0,0,0,0,0,not_measured,0,0,0,3,3,0,1,false,,,0
api-service,api_get_user,api_get_user_362,362,warm,drm:provisional_permanent,1,1,1715687,0,0,0,0,0,0,not_measured,0,0,1,3,3,0,1,false,,,0
api-service,session_touch,session_touch_363,363,warm,drm:provisional_permanent,1,1,102981,0,0,0,0,0,0,not_measured,0,0,0,3,3,0,1,false,,,0
api-service,api_get_user,api_get_user_364,364,warm,drm:provisional_permanent,1,1,2084755,0,0,0,0,0,0,not_measured,0,0,1,3,3,0,1,false,,,0
api-service,session_touch,session_touch_365,365,warm,drm:provisional_permanent,1,1,152616,0,0,0,0,0,0,not_measured,0,0,0,3,3,0,1,false,,,0
api-service,api_get_user,api_get_user_366,366,warm,drm:provisional_permanent,1,1,1913766,0,0,0,0,0,0,not_measured,0,0,1,3,3,0,1,false,,,0
api-service,session_touch,session_touch_367,367,warm,drm:provisional_permanent,1,1,104219,0,0,0,0,0,0,not_measured,0,0,0,3,3,0,1,false,,,0
api-service,api_get_user,api_get_user_368,368,warm,drm:provisional_permanent,1,1,2081102,0,0,0,0,0,0,not_measured,0,0,1,3,3,0,1,false,,,0
api-service,session_touch,session_touch_369,369,warm,drm:provisional_permanent,1,1,169286,0,0,0,0,0,0,not_measured,0,0,0,3,3,0,1,false,,,0
api-service,api_get_user,api_get_user_370,370,warm,drm:provisional_permanent,1,1,1926144,0,0,0,0,0,0,not_measured,0,0,1,3,3,0,1,false,,,0
api-service,session_touch,session_touch_371,371,warm,drm:provisional_permanent,1,1,185978,0,0,0,0,0,0,not_measured,0,0,0,3,3,0,1,false,,,0
api-service,api_get_user,api_get_user_372,372,warm,drm:provisional_permanent,1,1,2252632,0,0,0,0,0,0,not_measured,0,0,1,3,3,0,1,false,,,0
api-service,session_touch,session_touch_373,373,warm,drm:provisional_permanent,1,1,171494,0,0,0,0,0,0,not_measured,0,0,0,3,3,0,1,false,,,0
api-service,api_get_user,api_get_user_374,374,warm,drm:provisional_permanent,1,1,1633919,0,0,0,0,0,0,not_measured,0,0,1,3,3,0,1,false,,,0
api-service,session_touch,session_touch_375,375,warm,drm:provisional_permanent,1,1,106466,0,0,0,0,0,0,not_measured,0,0,0,3,3,0,1,false,,,0
api-service,api_get_user,api_get_user_376,376,warm,drm:provisional_permanent,1,1,2031507,0,0,0,0,0,0,not_measured,0,0,1,3,3,0,1,false,,,0
api-service,session_touch,session_touch_377,377,warm,drm:provisional_permanent,1,1,94879,0,0,0,0,0,0,not_measured,0,0,0,3,3,0,1,false,,,0
report-worker,daily_report,daily_report_378,378,warm,drm:provisional_permanent,1,1,115989,0,0,0,0,0,0,not_measured,0,0,0,5,1,0,1,false,,,0
report-worker,archive_check,archive_check_379,379,warm,drm:provisional_permanent,1,1,2591246,0,0,0,0,0,0,not_measured,1,0,0,5,1,0,1,false,,,0
report-worker,daily_report,daily_report_380,380,warm,drm:provisional_permanent,1,1,3083890,0,0,0,0,0,0,not_measured,0,0,0,6,2,0,1,false,,,0
report-worker,archive_check,archive_check_381,381,warm,drm:provisional_permanent,1,1,2471676,0,0,0,0,0,0,not_measured,1,0,0,6,2,0,1,false,,,0
report-worker,daily_report,daily_report_382,382,warm,drm:provisional_permanent,1,1,170534,0,0,0,0,0,0,not_measured,0,0,0,6,2,0,1,false,,,0
report-worker,archive_check,archive_check_383,383,warm,drm:provisional_permanent,1,1,2482974,0,0,0,0,0,0,not_measured,1,0,0,6,2,0,1,false,,,0
report-worker,daily_report,daily_report_384,384,warm,drm:provisional_permanent,1,1,117984,0,0,0,0,0,0,not_measured,0,0,0,6,2,0,1,false,,,0
report-worker,archive_check,archive_check_385,385,warm,drm:provisional_permanent,1,1,1956984,0,0,0,0,0,0,not_measured,1,0,0,6,2,0,1,false,,,0
report-worker,daily_report,daily_report_386,386,warm,drm:provisional_permanent,1,1,88465,0,0,0,0,0,0,not_measured,0,0,0,6,2,0,1,false,,,0
report-worker,archive_check,archive_check_387,387,warm,drm:provisional_permanent,1,1,2419917,0,0,0,0,0,0,not_measured,1,0,0,6,2,0,1,false,,,0
report-worker,daily_report,daily_report_388,388,warm,drm:provisional_permanent,1,1,123939,0,0,0,0,0,0,not_measured,0,0,0,6,2,0,1,false,,,0
report-worker,archive_check,archive_check_389,389,warm,drm:provisional_permanent,1,1,2272193,0,0,0,0,0,0,not_measured,1,0,0,6,2,0,1,false,,,0
report-worker,daily_report,daily_report_390,390,warm,drm:provisional_permanent,1,1,154965,0,0,0,0,0,0,not_measured,0,0,0,6,2,0,1,false,,,0
report-worker,archive_check,archive_check_391,391,warm,drm:provisional_permanent,1,1,1987887,0,0,0,0,0,0,not_measured,1,0,0,6,2,0,1,false,,,0
report-worker,daily_report,daily_report_392,392,warm,drm:provisional_permanent,1,1,167146,0,0,0,0,0,0,not_measured,0,0,0,6,2,0,1,false,,,0
report-worker,archive_check,archive_check_393,393,warm,drm:provisional_permanent,1,1,1723242,0,0,0,0,0,0,not_measured,1,0,0,6,2,0,1,false,,,0
report-worker,daily_report,daily_report_394,394,warm,drm:provisional_permanent,1,1,89238,0,0,0,0,0,0,not_measured,0,0,0,6,2,0,1,false,,,0
report-worker,archive_check,archive_check_395,395,warm,drm:provisional_permanent,1,1,2200526,0,0,0,0,0,0,not_measured,1,0,0,6,2,0,1,false,,,0
report-worker,daily_report,daily_report_396,396,warm,drm:provisional_permanent,1,1,83807,0,0,0,0,0,0,not_measured,0,0,0,6,2,0,1,false,,,0
report-worker,archive_check,archive_check_397,397,warm,drm:provisional_permanent,1,1,2183219,0,0,0,0,0,0,not_measured,1,0,0,6,2,0,1,false,,,0
report-worker,daily_report,daily_report_398,398,warm,drm:provisional_permanent,1,1,81154,0,0,0,0,0,0,not_measured,0,0,0,6,2,0,1,false,,,0
report-worker,archive_check,archive_check_399,399,warm,drm:provisional_permanent,1,1,2292418,0,0,0,0,0,0,not_measured,1,0,0,6,2,0,1,false,,,0
report-worker,daily_report,daily_report_400,400,warm,drm:provisional_permanent,1,1,2842607,0,0,0,0,0,0,not_measured,0,0,0,6,3,0,1,false,,,0
report-worker,archive_check,archive_check_401,401,warm,drm:provisional_permanent,1,1,2452202,0,0,0,0,0,0,not_measured,1,0,0,6,3,0,1,false,,,0
report-worker,daily_report,daily_report_402,402,warm,drm:provisional_permanent,1,1,108517,0,0,0,0,0,0,not_measured,0,0,0,6,3,0,1,false,,,0
report-worker,archive_check,archive_check_403,403,warm,drm:provisional_permanent,1,1,2003066,0,0,0,0,0,0,not_measured,1,0,0,6,3,0,1,false,,,0
report-worker,daily_report,daily_report_404,404,warm,drm:provisional_permanent,1,1,91099,0,0,0,0,0,0,not_measured,0,0,0,6,3,0,1,false,,,0
report-worker,archive_check,archive_check_405,405,warm,drm:provisional_permanent,1,1,1830013,0,0,0,0,0,0,not_measured,1,0,0,6,3,0,1,false,,,0
report-worker,daily_report,daily_report_406,406,warm,drm:provisional_permanent,1,1,137630,0,0,0,0,0,0,not_measured,0,0,0,6,3,0,1,false,,,0
report-worker,archive_check,archive_check_407,407,warm,drm:provisional_permanent,1,1,2386398,0,0,0,0,0,0,not_measured,1,0,0,6,3,0,1,false,,,0
build-worker,checksum_artifact,checksum_artifact_408,408,warm,drm:provisional_permanent,2,1,2228991,0,0,0,0,0,0,not_measured,1,0,0,3,4,0,1,false,,,0
build-worker,stage_output,stage_output_409,409,warm,drm:provisional_permanent,1,1,122925,0,0,0,0,0,0,not_measured,0,0,0,3,4,0,1,false,,,0
build-worker,checksum_artifact,checksum_artifact_410,410,warm,drm:provisional_permanent,2,1,2019622,0,0,0,0,0,0,not_measured,1,0,0,3,4,0,1,false,,,0
build-worker,stage_output,stage_output_411,411,warm,drm:provisional_permanent,1,1,84259,0,0,0,0,0,0,not_measured,0,0,0,3,4,0,1,false,,,0
build-worker,checksum_artifact,checksum_artifact_412,412,warm,drm:provisional_permanent,2,1,2105127,0,0,0,0,0,0,not_measured,1,0,0,3,4,0,1,false,,,0
build-worker,stage_output,stage_output_413,413,warm,drm:provisional_permanent,1,1,99298,0,0,0,0,0,0,not_measured,0,0,0,3,4,0,1,false,,,0
build-worker,checksum_artifact,checksum_artifact_414,414,warm,drm:provisional_permanent,2,1,2110400,0,0,0,0,0,0,not_measured,1,0,0,3,4,0,1,false,,,0
build-worker,stage_output,stage_output_415,415,warm,drm:provisional_permanent,1,1,90670,0,0,0,0,0,0,not_measured,0,0,0,3,4,0,1,false,,,0
build-worker,checksum_artifact,checksum_artifact_416,416,warm,drm:provisional_permanent,2,1,2229159,0,0,0,0,0,0,not_measured,1,0,0,3,4,0,1,false,,,0
build-worker,stage_output,stage_output_417,417,warm,drm:provisional_permanent,1,1,83815,0,0,0,0,0,0,not_measured,0,0,0,3,4,0,1,false,,,0
build-worker,checksum_artifact,checksum_artifact_418,418,warm,drm:provisional_permanent,2,1,1876880,0,0,0,0,0,0,not_measured,1,0,0,3,4,0,1,false,,,0
build-worker,stage_output,stage_output_419,419,warm,drm:provisional_permanent,1,1,96001,0,0,0,0,0,0,not_measured,0,0,0,3,4,0,1,false,,,0
build-worker,checksum_artifact,checksum_artifact_420,420,warm,drm:provisional_permanent,2,1,3051134,0,0,0,0,0,0,not_measured,1,0,0,4,5,0,1,false,,,0
build-worker,stage_output,stage_output_421,421,warm,drm:provisional_permanent,1,1,111958,0,0,0,0,0,0,not_measured,0,0,0,4,5,0,1,false,,,0
build-worker,checksum_artifact,checksum_artifact_422,422,warm,drm:provisional_permanent,1,1,2090637,0,0,0,0,0,0,not_measured,1,0,0,4,5,0,1,false,,,0
build-worker,stage_output,stage_output_423,423,warm,drm:provisional_permanent,1,1,95384,0,0,0,0,0,0,not_measured,0,0,0,4,5,0,1,false,,,0
build-worker,checksum_artifact,checksum_artifact_424,424,warm,drm:provisional_permanent,1,1,2119203,0,0,0,0,0,0,not_measured,1,0,0,4,5,0,1,false,,,0
build-worker,stage_output,stage_output_425,425,warm,drm:provisional_permanent,1,1,108214,0,0,0,0,0,0,not_measured,0,0,0,4,5,0,1,false,,,0
build-worker,checksum_artifact,checksum_artifact_426,426,warm,drm:provisional_permanent,1,1,2146777,0,0,0,0,0,0,not_measured,1,0,0,4,5,0,1,false,,,0
build-worker,stage_output,stage_output_427,427,warm,drm:provisional_permanent,1,1,138187,0,0,0,0,0,0,not_measured,0,0,0,4,5,0,1,false,,,0
build-worker,checksum_artifact,checksum_artifact_428,428,warm,drm:provisional_permanent,1,1,1715178,0,0,0,0,0,0,not_measured,1,0,0,4,5,0,1,false,,,0
build-worker,stage_output,stage_output_429,429,warm,drm:provisional_permanent,1,1,87770,0,0,0,0,0,0,not_measured,0,0,0,4,5,0,1,false,,,0
build-worker,checksum_artifact,checksum_artifact_430,430,warm,drm:provisional_permanent,1,1,1993130,0,0,0,0,0,0,not_measured,1,0,0,4,5,0,1,false,,,0
build-worker,stage_output,stage_output_431,431,warm,drm:provisional_permanent,1,1,137063,0,0,0,0,0,0,not_measured,0,0,0,4,5,0,1,false,,,0
build-worker,checksum_artifact,checksum_artifact_432,432,warm,drm:provisional_permanent,1,1,2152336,0,0,0,0,0,0,not_measured,1,0,0,4,5,0,1,false,,,0
build-worker,stage_output,stage_output_433,433,warm,drm:provisional_permanent,1,1,79883,0,0,0,0,0,0,not_measured,0,0,0,4,5,0,1,false,,,0
build-worker,checksum_artifact,checksum_artifact_434,434,warm,drm:provisional_permanent,1,1,2199555,0,0,0,0,0,0,not_measured,1,0,0,4,5,0,1,false,,,0
build-worker,stage_output,stage_output_435,435,warm,drm:provisional_permanent,1,1,100349,0,0,0,0,0,0,not_measured,0,0,0,4,5,0,1,false,,,0
build-worker,checksum_artifact,checksum_artifact_436,436,warm,drm:provisional_permanent,1,1,2110483,0,0,0,0,0,0,not_measured,1,0,0,4,5,0,1,false,,,0
build-worker,stage_output,stage_output_437,437,warm,drm:provisional_permanent,1,1,207377,0,0,0,0,0,0,not_measured,0,0,0,4,5,0,1,false,,,0
job-processor,dequeue_notify,dequeue_notify_438,438,warm,drm:provisional_permanent,4,1,284395,0,0,0,0,0,0,not_measured,0,1,0,2,2,0,1,false,,,0
job-processor,heartbeat,heartbeat_439,439,warm,drm:provisional_permanent,1,1,2258649,0,0,0,0,0,0,not_measured,0,0,0,2,2,0,1,false,,,0
job-processor,dequeue_notify,dequeue_notify_440,440,warm,drm:provisional_permanent,4,1,4405769,0,0,0,0,0,0,not_measured,0,1,0,3,3,0,1,false,,,0
job-processor,heartbeat,heartbeat_441,441,warm,drm:provisional_permanent,1,1,2276649,0,0,0,0,0,0,not_measured,0,0,0,3,3,0,1,false,,,0
job-processor,dequeue_notify,dequeue_notify_442,442,warm,drm:provisional_permanent,1,1,1030021,0,0,0,0,0,0,not_measured,0,1,0,3,3,0,1,false,,,0
job-processor,heartbeat,heartbeat_443,443,warm,drm:provisional_permanent,1,1,2303779,0,0,0,0,0,0,not_measured,0,0,0,3,3,0,1,false,,,0
job-processor,dequeue_notify,dequeue_notify_444,444,warm,drm:provisional_permanent,1,1,1893893,0,0,0,0,0,0,not_measured,0,1,0,3,3,0,1,false,,,0
job-processor,heartbeat,heartbeat_445,445,warm,drm:provisional_permanent,1,1,2417215,0,0,0,0,0,0,not_measured,0,0,0,3,3,0,1,false,,,0
job-processor,dequeue_notify,dequeue_notify_446,446,warm,drm:provisional_permanent,1,1,1819794,0,0,0,0,0,0,not_measured,0,1,0,3,3,0,1,false,,,0
job-processor,heartbeat,heartbeat_447,447,warm,drm:provisional_permanent,1,1,2151356,0,0,0,0,0,0,not_measured,0,0,0,3,3,0,1,false,,,0
job-processor,dequeue_notify,dequeue_notify_448,448,warm,drm:provisional_permanent,1,1,2022261,0,0,0,0,0,0,not_measured,0,1,0,3,3,0,1,false,,,0
job-processor,heartbeat,heartbeat_449,449,warm,drm:provisional_permanent,1,1,2169086,0,0,0,0,0,0,not_measured,0,0,0,3,3,0,1,false,,,0
job-processor,dequeue_notify,dequeue_notify_450,450,warm,drm:provisional_permanent,1,1,2030791,0,0,0,0,0,0,not_measured,0,1,0,3,3,0,1,false,,,0
job-processor,heartbeat,heartbeat_451,451,warm,drm:provisional_permanent,1,1,2154938,0,0,0,0,0,0,not_measured,0,0,0,3,3,0,1,false,,,0
job-processor,dequeue_notify,dequeue_notify_452,452,warm,drm:provisional_permanent,1,1,2066158,0,0,0,0,0,0,not_measured,0,1,0,3,3,0,1,false,,,0
job-processor,heartbeat,heartbeat_453,453,warm,drm:provisional_permanent,1,1,2287285,0,0,0,0,0,0,not_measured,0,0,0,3,3,0,1,false,,,0
job-processor,dequeue_notify,dequeue_notify_454,454,warm,drm:provisional_permanent,1,1,1911074,0,0,0,0,0,0,not_measured,0,1,0,3,3,0,1,false,,,0
job-processor,heartbeat,heartbeat_455,455,warm,drm:provisional_permanent,1,1,2228044,0,0,0,0,0,0,not_measured,0,0,0,3,3,0,1,false,,,0
job-processor,dequeue_notify,dequeue_notify_456,456,warm,drm:provisional_permanent,1,1,1963921,0,0,0,0,0,0,not_measured,0,1,0,3,3,0,1,false,,,0
job-processor,heartbeat,heartbeat_457,457,warm,drm:provisional_permanent,1,1,2423415,0,0,0,0,0,0,not_measured,0,0,0,3,3,0,1,false,,,0
job-processor,dequeue_notify,dequeue_notify_458,458,warm,drm:provisional_permanent,1,1,1773330,0,0,0,0,0,0,not_measured,0,1,0,3,3,0,1,false,,,0
job-processor,heartbeat,heartbeat_459,459,warm,drm:provisional_permanent,1,1,2388892,0,0,0,0,0,0,not_measured,0,0,0,3,3,0,1,false,,,0
job-processor,dequeue_notify,dequeue_notify_460,460,warm,drm:provisional_permanent,1,1,2702763,0,0,0,0,0,0,not_measured,0,1,0,3,4,0,1,false,,,0
job-processor,heartbeat,heartbeat_461,461,warm,drm:provisional_permanent,1,1,2384746,0,0,0,0,0,0,not_measured,0,0,0,3,4,0,1,false,,,0
job-processor,dequeue_notify,dequeue_notify_462,462,warm,drm:provisional_permanent,1,1,1010283,0,0,0,0,0,0,not_measured,0,1,0,3,4,0,1,false,,,0
job-processor,heartbeat,heartbeat_463,463,warm,drm:provisional_permanent,1,1,2518743,0,0,0,0,0,0,not_measured,0,0,0,3,4,0,1,false,,,0
job-processor,dequeue_notify,dequeue_notify_464,464,warm,drm:provisional_permanent,1,1,1612228,0,0,0,0,0,0,not_measured,0,1,0,3,4,0,1,false,,,0
job-processor,heartbeat,heartbeat_465,465,warm,drm:provisional_permanent,1,1,2211523,0,0,0,0,0,0,not_measured,0,0,0,3,4,0,1,false,,,0
job-processor,dequeue_notify,dequeue_notify_466,466,warm,drm:provisional_permanent,1,1,2041752,0,0,0,0,0,0,not_measured,0,1,0,3,4,0,1,false,,,0
job-processor,heartbeat,heartbeat_467,467,warm,drm:provisional_permanent,1,1,2450204,0,0,0,0,0,0,not_measured,0,0,0,3,4,0,1,false,,,0
build-worker,stage_output,stage_output_411,468,warm,drm:provisional_permanent,1,0,179535,0,0,0,0,0,0,not_measured,0,0,0,4,6,0,0,false,,,0
build-worker,checksum_artifact,checksum_artifact_183,469,warm,drm:provisional_permanent,1,0,2759953,0,0,0,0,0,0,not_measured,1,0,0,4,6,0,0,false,,,0
report-worker,daily_report,daily_report_113,470,warm,drm:provisional_permanent,1,0,274395,0,0,0,0,0,0,not_measured,0,0,0,6,4,0,0,false,,,0
build-worker,stage_output,stage_output_204,471,warm,drm:provisional_permanent,1,0,212929,0,0,0,0,0,0,not_measured,0,0,0,4,6,0,0,false,,,0
api-service,api_get_user,api_get_user_376,472,warm,drm:provisional_permanent,1,0,1083786,0,0,0,0,0,0,not_measured,0,0,1,3,3,0,0,false,,,0
build-worker,stage_output,stage_output_200,473,warm,drm:provisional_permanent,1,0,204881,0,0,0,0,0,0,not_measured,0,0,0,4,6,0,0,false,,,0
api-service,api_get_user,api_get_user_65,474,warm,drm:provisional_permanent,1,0,1876301,0,0,0,0,0,0,not_measured,0,0,1,3,3,0,0,false,,,0
job-processor,dequeue_notify,dequeue_notify_283,475,warm,drm:provisional_permanent,1,0,1437979,0,0,0,0,0,0,not_measured,0,1,0,3,4,0,0,false,,,0
api-service,api_get_user,api_get_user_67,476,warm,drm:provisional_permanent,1,0,697906,0,0,0,0,0,0,not_measured,0,0,1,3,3,0,0,false,,,0
job-processor,heartbeat,heartbeat_320,477,warm,drm:provisional_permanent,1,0,2203379,0,0,0,0,0,0,not_measured,0,0,0,3,4,0,0,false,,,0
report-worker,daily_report,daily_report_119,478,warm,drm:provisional_permanent,1,0,120421,0,0,0,0,0,0,not_measured,0,0,0,6,4,0,0,false,,,0
api-service,api_get_user,api_get_user_372,479,warm,drm:provisional_permanent,1,0,1835535,0,0,0,0,0,0,not_measured,0,0,1,3,3,0,0,false,,,0
api-service,session_touch,session_touch_365,480,warm,drm:provisional_permanent,1,0,373532,0,0,0,0,0,0,not_measured,0,0,0,3,3,0,0,false,,,0
report-worker,archive_check,archive_check_168,481,warm,drm:provisional_permanent,1,0,2421738,0,0,0,0,0,0,not_measured,1,0,0,6,4,0,0,false,,,0
api-service,session_touch,session_touch_62,482,warm,drm:provisional_permanent,1,0,135508,0,0,0,0,0,0,not_measured,0,0,0,3,3,0,0,false,,,0
api-service,api_get_user,api_get_user_27,483,warm,drm:provisional_permanent,1,0,1495556,0,0,0,0,0,0,not_measured,0,0,1,3,3,0,0,false,,,0
build-worker,checksum_artifact,checksum_artifact_418,484,warm,drm:provisional_permanent,1,0,2373757,0,0,0,0,0,0,not_measured,1,0,0,4,6,0,0,false,,,0
job-processor,dequeue_notify,dequeue_notify_251,485,warm,drm:provisional_permanent,1,0,678852,0,0,0,0,0,0,not_measured,0,1,0,3,4,0,0,false,,,0
report-worker,archive_check,archive_check_114,486,warm,drm:provisional_permanent,1,0,2061341,0,0,0,0,0,0,not_measured,1,0,0,6,4,0,0,false,,,0
report-worker,daily_report,daily_report_121,487,warm,drm:provisional_permanent,1,0,126961,0,0,0,0,0,0,not_measured,0,0,0,6,4,0,0,false,,,0
report-worker,daily_report,daily_report_93,488,warm,drm:provisional_permanent,1,0,168561,0,0,0,0,0,0,not_measured,0,0,0,6,4,0,0,false,,,0
job-processor,heartbeat,heartbeat_320,489,warm,drm:provisional_permanent,1,0,2206896,0,0,0,0,0,0,not_measured,0,0,0,3,4,0,0,false,,,0
build-worker,checksum_artifact,checksum_artifact_221,490,warm,drm:provisional_permanent,1,0,2367948,0,0,0,0,0,0,not_measured,1,0,0,4,6,0,0,false,,,0
job-processor,dequeue_notify,dequeue_notify_267,491,warm,drm:provisional_permanent,1,0,1452271,0,0,0,0,0,0,not_measured,0,1,0,3,4,0,0,false,,,0
api-service,session_touch,session_touch_20,492,warm,drm:provisional_permanent,1,0,81505,0,0,0,0,0,0,not_measured,0,0,0,3,3,0,0,false,,,0
api-service,noise,noise_468,493,cold,drm:provisional_permanent,2,1,27442,0,0,0,0,0,0,not_measured,0,0,0,3,3,0,1,false,,,0
api-service,noise,noise_469,494,warm,drm:provisional_permanent,2,1,17113,0,0,0,0,0,0,not_measured,0,0,0,3,3,0,1,false,,,0
api-service,noise,noise_470,495,warm,drm:provisional_permanent,2,1,53690,0,0,0,0,0,0,not_measured,0,0,0,3,3,0,1,false,,,0
api-service,noise,noise_471,496,warm,drm:provisional_permanent,2,1,4334059,0,0,0,0,0,0,not_measured,0,0,0,3,3,0,1,false,,,0
api-service,noise,noise_472,497,warm,drm:provisional_permanent,2,1,2422298,0,0,0,0,0,0,not_measured,0,0,2,3,3,0,1,false,,,0
api-service,noise,noise_473,498,warm,drm:provisional_permanent,2,1,3371861,0,0,0,0,0,0,not_measured,0,2,0,3,3,0,1,false,,,0
api-service,noise,noise_474,499,warm,drm:provisional_permanent,2,1,4383655,0,0,0,0,0,0,not_measured,2,0,0,3,3,0,1,false,,,0
api-service,noise,noise_475,500,warm,drm:provisional_permanent,2,1,44336,0,0,0,0,0,0,not_measured,0,0,0,3,3,0,1,false,,,0
api-service,noise,noise_476,501,warm,drm:provisional_permanent,2,1,263077,0,0,0,0,0,0,not_measured,0,0,0,3,3,0,1,false,,,0
api-service,noise,noise_477,502,warm,drm:provisional_permanent,2,1,22109,0,0,0,0,0,0,not_measured,0,0,0,3,3,0,1,false,,,0
api-service,noise,noise_478,503,warm,drm:provisional_permanent,3,1,26310,0,0,0,0,0,0,not_measured,0,0,0,3,3,0,1,false,,,0
api-service,noise,noise_479,504,warm,drm:provisional_permanent,3,1,21338,0,0,0,0,0,0,not_measured,0,0,0,3,3,0,1,false,,,0
api-service,noise,noise_480,505,warm,drm:provisional_permanent,3,1,55037,0,0,0,0,0,0,not_measured,0,0,0,3,3,0,1,false,,,0
api-service,noise,noise_481,506,warm,drm:provisional_permanent,3,1,6531962,0,0,0,0,0,0,not_measured,0,0,0,3,3,0,1,false,,,0
api-service,noise,noise_482,507,warm,drm:provisional_permanent,3,1,6296611,0,0,0,0,0,0,not_measured,0,0,3,3,3,0,1,false,,,0
api-service,noise,noise_483,508,warm,drm:provisional_permanent,3,1,5416871,0,0,0,0,0,0,not_measured,0,3,0,3,3,0,1,false,,,0
api-service,noise,noise_484,509,warm,drm:provisional_permanent,3,1,6340841,0,0,0,0,0,0,not_measured,3,0,0,3,3,0,1,false,,,0
api-service,noise,noise_485,510,warm,drm:provisional_permanent,3,1,38354,0,0,0,0,0,0,not_measured,0,0,0,3,3,0,1,false,,,0
api-service,noise,noise_486,511,warm,drm:provisional_permanent,3,1,474496,0,0,0,0,0,0,not_measured,0,0,0,3,3,0,1,false,,,0
api-service,noise,noise_487,512,warm,drm:provisional_permanent,3,1,84572,0,0,0,0,0,0,not_measured,0,0,0,3,3,0,1,false,,,0
api-service,api_get_user,api_get_user_1,1,cold,drm:specialized,4,1,2093819,0,0,0,0,0,0,not_measured,0,0,1,0,0,0,1,false,,,0
api-service,session_touch,session_touch_2,2,cold,drm:specialized,3,1,50501,0,0,0,0,0,0,not_measured,0,0,0,0,0,0,1,false,,,0
api-service,api_get_user,api_get_user_3,3,warm,drm:specialized,4,1,2072208,0,0,0,0,0,0,not_measured,0,0,1,0,0,0,1,false,,,0
api-service,session_touch,session_touch_4,4,warm,drm:specialized,3,1,107439,0,0,0,0,0,0,not_measured,0,0,0,0,0,0,1,false,,,0
api-service,api_get_user,api_get_user_5,5,warm,drm:specialized,4,1,2202673,0,0,0,0,0,0,not_measured,0,0,1,0,0,0,1,false,,,0
api-service,session_touch,session_touch_6,6,warm,drm:specialized,3,1,166212,0,0,0,0,0,0,not_measured,0,0,0,0,0,0,1,false,,,0
api-service,api_get_user,api_get_user_7,7,warm,drm:specialized,4,1,1930546,0,0,0,0,0,0,not_measured,0,0,1,0,0,1,1,false,,,0
api-service,session_touch,session_touch_8,8,warm,drm:specialized,3,1,114818,0,0,0,0,0,0,not_measured,0,0,0,0,0,1,1,false,,,0
api-service,api_get_user,api_get_user_9,9,warm,drm:specialized,4,1,2240299,0,0,0,0,0,0,not_measured,0,0,1,0,0,1,1,false,,,0
api-service,session_touch,session_touch_10,10,warm,drm:specialized,3,1,90058,0,0,0,0,0,0,not_measured,0,0,0,0,0,1,1,false,,,0
api-service,api_get_user,api_get_user_11,11,warm,drm:specialized,4,1,1742408,0,0,0,0,0,0,not_measured,0,0,1,0,0,1,1,false,,,0
api-service,session_touch,session_touch_12,12,warm,drm:specialized,3,1,89219,0,0,0,0,0,0,not_measured,0,0,0,0,0,1,1,false,,,0
api-service,api_get_user,api_get_user_13,13,warm,drm:specialized,4,1,2040467,0,0,0,0,0,0,not_measured,0,0,1,0,0,1,1,false,,,0
api-service,session_touch,session_touch_14,14,warm,drm:specialized,3,1,85932,0,0,0,0,0,0,not_measured,0,0,0,0,0,1,1,false,,,0
api-service,api_get_user,api_get_user_15,15,warm,drm:specialized,4,1,2037025,0,0,0,0,0,0,not_measured,0,0,1,0,0,1,1,false,,,0
api-service,session_touch,session_touch_16,16,warm,drm:specialized,3,1,91293,0,0,0,0,0,0,not_measured,0,0,0,0,0,1,1,false,,,0
api-service,api_get_user,api_get_user_17,17,warm,drm:specialized,4,1,2013345,0,0,0,0,0,0,not_measured,0,0,1,0,0,1,1,false,,,0
api-service,session_touch,session_touch_18,18,warm,drm:specialized,3,1,85380,0,0,0,0,0,0,not_measured,0,0,0,0,0,1,1,false,,,0
api-service,api_get_user,api_get_user_19,19,warm,drm:specialized,4,1,2011432,0,0,0,0,0,0,not_measured,0,0,1,0,0,1,1,true,fuse:api-service:transform.extract>transform.summarize,Verified,0
api-service,session_touch,session_touch_20,20,warm,drm:specialized,3,1,111511,0,0,0,0,0,0,not_measured,0,0,0,1,1,1,1,false,,,0
api-service,api_get_user,api_get_user_21,21,warm,drm:specialized,4,1,2059607,0,0,0,0,0,0,not_measured,0,0,1,1,1,1,1,false,,,0
api-service,session_touch,session_touch_22,22,warm,drm:specialized,1,1,95215,0,0,0,0,0,0,not_measured,0,0,0,1,1,1,1,false,,,0
api-service,api_get_user,api_get_user_23,23,warm,drm:specialized,4,1,2064517,0,0,0,0,0,0,not_measured,0,0,1,1,1,1,1,true,fuse:api-service:transform.extract>transform.summarize,Verified,0
api-service,session_touch,session_touch_24,24,warm,drm:specialized,1,1,98621,0,0,0,0,0,0,not_measured,0,0,0,1,1,1,1,false,,,0
api-service,api_get_user,api_get_user_25,25,warm,drm:specialized,4,1,2057808,0,0,0,0,0,0,not_measured,0,0,1,1,1,1,1,true,fuse:api-service:transform.extract>transform.summarize,Verified,0
api-service,session_touch,session_touch_26,26,warm,drm:specialized,1,1,137217,0,0,0,0,0,0,not_measured,0,0,0,1,1,1,1,false,,,0
api-service,api_get_user,api_get_user_27,27,warm,drm:specialized,4,1,1971054,0,0,0,0,0,0,not_measured,0,0,1,1,1,1,1,true,fuse:api-service:transform.extract>transform.summarize,Verified,0
api-service,session_touch,session_touch_28,28,warm,drm:specialized,1,1,71891,0,0,0,0,0,0,not_measured,0,0,0,1,1,1,1,false,,,0
api-service,api_get_user,api_get_user_29,29,warm,drm:specialized,4,1,2114236,0,0,0,0,0,0,not_measured,0,0,1,1,1,1,1,true,fuse:api-service:transform.extract>transform.summarize,Verified,0
api-service,session_touch,session_touch_30,30,warm,drm:specialized,1,1,117205,0,0,0,0,0,0,not_measured,0,0,0,1,1,1,1,false,,,0
api-service,api_get_user,api_get_user_31,31,warm,drm:specialized,4,1,2007688,0,0,0,0,0,0,not_measured,0,0,1,1,1,1,1,false,,,0
api-service,session_touch,session_touch_32,32,warm,drm:specialized,1,1,118089,0,0,0,0,0,0,not_measured,0,0,0,1,1,1,1,false,,,0
api-service,api_get_user,api_get_user_33,33,warm,drm:specialized,4,1,2009567,0,0,0,0,0,0,not_measured,0,0,1,1,1,1,1,true,fuse:api-service:transform.extract>transform.summarize,Verified,0
api-service,session_touch,session_touch_34,34,warm,drm:specialized,1,1,94058,0,0,0,0,0,0,not_measured,0,0,0,1,1,1,1,false,,,0
api-service,api_get_user,api_get_user_35,35,warm,drm:specialized,4,1,1998063,0,0,0,0,0,0,not_measured,0,0,1,1,1,1,1,true,fuse:api-service:transform.extract>transform.summarize,Verified,0
api-service,session_touch,session_touch_36,36,warm,drm:specialized,1,1,98461,0,0,0,0,0,0,not_measured,0,0,0,1,1,1,1,false,,,0
api-service,api_get_user,api_get_user_37,37,warm,drm:specialized,4,1,2078923,0,0,0,0,0,0,not_measured,0,0,1,1,1,1,1,true,fuse:api-service:transform.extract>transform.summarize,Verified,0
api-service,session_touch,session_touch_38,38,warm,drm:specialized,1,1,86319,0,0,0,0,0,0,not_measured,0,0,0,1,1,1,1,false,,,0
api-service,api_get_user,api_get_user_39,39,warm,drm:specialized,4,1,2102301,0,0,0,0,0,0,not_measured,0,0,1,1,1,1,1,true,fuse:api-service:transform.extract>transform.summarize,Verified,0
api-service,session_touch,session_touch_40,40,warm,drm:specialized,1,1,161471,0,0,0,0,0,0,not_measured,0,0,0,1,2,1,1,false,,,0
api-service,api_get_user,api_get_user_41,41,warm,drm:specialized,4,1,1986620,0,0,0,0,0,0,not_measured,0,0,1,1,2,1,1,false,,,0
api-service,session_touch,session_touch_42,42,warm,drm:specialized,1,1,93436,0,0,0,0,0,0,not_measured,0,0,0,1,2,1,1,false,,,0
api-service,api_get_user,api_get_user_43,43,warm,drm:specialized,4,1,2020565,0,0,0,0,0,0,not_measured,0,0,1,1,2,1,1,true,fuse:api-service:transform.extract>transform.summarize,Verified,0
api-service,session_touch,session_touch_44,44,warm,drm:specialized,1,1,112008,0,0,0,0,0,0,not_measured,0,0,0,1,2,1,1,false,,,0
api-service,api_get_user,api_get_user_45,45,warm,drm:specialized,4,1,2127042,0,0,0,0,0,0,not_measured,0,0,1,1,2,1,1,false,,,0
api-service,session_touch,session_touch_46,46,warm,drm:specialized,1,1,164366,0,0,0,0,0,0,not_measured,0,0,0,1,2,1,1,false,,,0
api-service,api_get_user,api_get_user_47,47,warm,drm:specialized,4,1,1870002,0,0,0,0,0,0,not_measured,0,0,1,1,2,1,1,true,fuse:api-service:transform.extract>transform.summarize,Verified,0
api-service,session_touch,session_touch_48,48,warm,drm:specialized,1,1,101602,0,0,0,0,0,0,not_measured,0,0,0,1,2,1,1,false,,,0
api-service,api_get_user,api_get_user_49,49,warm,drm:specialized,4,1,1986239,0,0,0,0,0,0,not_measured,0,0,1,1,2,1,1,true,fuse:api-service:transform.extract>transform.summarize,Verified,0
api-service,session_touch,session_touch_50,50,warm,drm:specialized,1,1,98022,0,0,0,0,0,0,not_measured,0,0,0,1,2,1,1,false,,,0
api-service,api_get_user,api_get_user_51,51,warm,drm:specialized,4,1,2027580,0,0,0,0,0,0,not_measured,0,0,1,1,2,1,1,true,fuse:api-service:transform.extract>transform.summarize,Verified,0
api-service,session_touch,session_touch_52,52,warm,drm:specialized,1,1,89769,0,0,0,0,0,0,not_measured,0,0,0,1,2,1,1,false,,,0
api-service,api_get_user,api_get_user_53,53,warm,drm:specialized,4,1,2014176,0,0,0,0,0,0,not_measured,0,0,1,1,2,1,1,true,fuse:api-service:transform.extract>transform.summarize,Verified,0
api-service,session_touch,session_touch_54,54,warm,drm:specialized,1,1,89053,0,0,0,0,0,0,not_measured,0,0,0,1,2,1,1,false,,,0
api-service,api_get_user,api_get_user_55,55,warm,drm:specialized,4,1,2049673,0,0,0,0,0,0,not_measured,0,0,1,1,2,1,1,true,fuse:api-service:transform.extract>transform.summarize,Verified,0
api-service,session_touch,session_touch_56,56,warm,drm:specialized,1,1,84092,0,0,0,0,0,0,not_measured,0,0,0,1,2,1,1,false,,,0
api-service,api_get_user,api_get_user_57,57,warm,drm:specialized,4,1,2064119,0,0,0,0,0,0,not_measured,0,0,1,1,2,1,1,false,,,0
api-service,session_touch,session_touch_58,58,warm,drm:specialized,1,1,126148,0,0,0,0,0,0,not_measured,0,0,0,1,2,1,1,false,,,0
api-service,api_get_user,api_get_user_59,59,warm,drm:specialized,4,1,2014863,0,0,0,0,0,0,not_measured,0,0,1,1,2,1,1,true,fuse:api-service:transform.extract>transform.summarize,Verified,0
api-service,session_touch,session_touch_60,60,warm,drm:specialized,1,1,160997,0,0,0,0,0,0,not_measured,0,0,0,1,2,1,1,false,,,0
api-service,api_get_user,api_get_user_61,61,warm,drm:specialized,4,1,1959229,0,0,0,0,0,0,not_measured,0,0,1,1,2,1,1,true,fuse:api-service:transform.extract>transform.summarize,Verified,0
api-service,session_touch,session_touch_62,62,warm,drm:specialized,1,1,111336,0,0,0,0,0,0,not_measured,0,0,0,1,2,1,1,false,,,0
api-service,api_get_user,api_get_user_63,63,warm,drm:specialized,4,1,1997332,0,0,0,0,0,0,not_measured,0,0,1,1,2,1,1,true,fuse:api-service:transform.extract>transform.summarize,Verified,0
api-service,session_touch,session_touch_64,64,warm,drm:specialized,1,1,91521,0,0,0,0,0,0,not_measured,0,0,0,1,2,1,1,false,,,0
api-service,api_get_user,api_get_user_65,65,warm,drm:specialized,4,1,2063172,0,0,0,0,0,0,not_measured,0,0,1,1,2,1,1,true,fuse:api-service:transform.extract>transform.summarize,Verified,0
api-service,session_touch,session_touch_66,66,warm,drm:specialized,1,1,91134,0,0,0,0,0,0,not_measured,0,0,0,1,2,1,1,false,,,0
api-service,api_get_user,api_get_user_67,67,warm,drm:specialized,4,1,1969995,0,0,0,0,0,0,not_measured,0,0,1,1,2,1,1,true,fuse:api-service:transform.extract>transform.summarize,Verified,0
api-service,session_touch,session_touch_68,68,warm,drm:specialized,1,1,83697,0,0,0,0,0,0,not_measured,0,0,0,1,2,1,1,false,,,0
api-service,api_get_user,api_get_user_69,69,warm,drm:specialized,4,1,2065163,0,0,0,0,0,0,not_measured,0,0,1,1,2,1,1,false,,,0
api-service,session_touch,session_touch_70,70,warm,drm:specialized,1,1,86488,0,0,0,0,0,0,not_measured,0,0,0,1,2,1,1,false,,,0
api-service,api_get_user,api_get_user_71,71,warm,drm:specialized,4,1,2070478,0,0,0,0,0,0,not_measured,0,0,1,1,2,1,1,true,fuse:api-service:transform.extract>transform.summarize,Verified,0
api-service,session_touch,session_touch_72,72,warm,drm:specialized,1,1,93628,0,0,0,0,0,0,not_measured,0,0,0,1,2,1,1,false,,,0
api-service,api_get_user,api_get_user_73,73,warm,drm:specialized,4,1,2149126,0,0,0,0,0,0,not_measured,0,0,1,1,2,1,1,true,fuse:api-service:transform.extract>transform.summarize,Verified,0
api-service,session_touch,session_touch_74,74,warm,drm:specialized,1,1,193752,0,0,0,0,0,0,not_measured,0,0,0,1,2,1,1,false,,,0
api-service,api_get_user,api_get_user_75,75,warm,drm:specialized,4,1,1925856,0,0,0,0,0,0,not_measured,0,0,1,1,2,1,1,true,fuse:api-service:transform.extract>transform.summarize,Verified,0
api-service,session_touch,session_touch_76,76,warm,drm:specialized,1,1,140798,0,0,0,0,0,0,not_measured,0,0,0,1,2,1,1,false,,,0
api-service,api_get_user,api_get_user_77,77,warm,drm:specialized,4,1,1930398,0,0,0,0,0,0,not_measured,0,0,1,1,2,1,1,true,fuse:api-service:transform.extract>transform.summarize,Verified,0
api-service,session_touch,session_touch_78,78,warm,drm:specialized,1,1,123765,0,0,0,0,0,0,not_measured,0,0,0,1,2,1,1,false,,,0
api-service,api_get_user,api_get_user_79,79,warm,drm:specialized,4,1,1978508,0,0,0,0,0,0,not_measured,0,0,1,1,2,1,1,true,fuse:api-service:transform.extract>transform.summarize,Verified,0
api-service,session_touch,session_touch_80,80,warm,drm:specialized,1,1,175812,0,0,0,0,0,0,not_measured,0,0,0,1,2,1,1,false,,,0
api-service,api_get_user,api_get_user_81,81,warm,drm:specialized,4,1,1966807,0,0,0,0,0,0,not_measured,0,0,1,1,2,1,1,false,,,0
api-service,session_touch,session_touch_82,82,warm,drm:specialized,1,1,118423,0,0,0,0,0,0,not_measured,0,0,0,1,2,1,1,false,,,0
api-service,api_get_user,api_get_user_83,83,warm,drm:specialized,4,1,2139067,0,0,0,0,0,0,not_measured,0,0,1,1,2,1,1,true,fuse:api-service:transform.extract>transform.summarize,Verified,0
api-service,session_touch,session_touch_84,84,warm,drm:specialized,1,1,120913,0,0,0,0,0,0,not_measured,0,0,0,1,2,1,1,false,,,0
api-service,api_get_user,api_get_user_85,85,warm,drm:specialized,4,1,2005908,0,0,0,0,0,0,not_measured,0,0,1,1,2,1,1,true,fuse:api-service:transform.extract>transform.summarize,Verified,0
api-service,session_touch,session_touch_86,86,warm,drm:specialized,1,1,139978,0,0,0,0,0,0,not_measured,0,0,0,1,2,1,1,false,,,0
api-service,api_get_user,api_get_user_87,87,warm,drm:specialized,4,1,1945840,0,0,0,0,0,0,not_measured,0,0,1,1,2,1,1,true,fuse:api-service:transform.extract>transform.summarize,Verified,0
api-service,session_touch,session_touch_88,88,warm,drm:specialized,1,1,93106,0,0,0,0,0,0,not_measured,0,0,0,1,2,1,1,false,,,0
api-service,api_get_user,api_get_user_89,89,warm,drm:specialized,4,1,1985595,0,0,0,0,0,0,not_measured,0,0,1,1,2,1,1,true,fuse:api-service:transform.extract>transform.summarize,Verified,0
api-service,session_touch,session_touch_90,90,warm,drm:specialized,1,1,100550,0,0,0,0,0,0,not_measured,0,0,0,1,2,1,1,false,,,0
report-worker,daily_report,daily_report_91,91,cold,drm:specialized,5,1,143248,0,0,0,0,0,0,not_measured,0,0,0,0,0,1,1,false,,,0
report-worker,archive_check,archive_check_92,92,cold,drm:specialized,3,1,2424988,0,0,0,0,0,0,not_measured,1,0,0,0,0,1,1,false,,,0
report-worker,daily_report,daily_report_93,93,warm,drm:specialized,5,1,88515,0,0,0,0,0,0,not_measured,0,0,0,0,0,1,1,false,,,0
report-worker,archive_check,archive_check_94,94,warm,drm:specialized,3,1,2173664,0,0,0,0,0,0,not_measured,1,0,0,0,0,1,1,false,,,0
report-worker,daily_report,daily_report_95,95,warm,drm:specialized,5,1,119664,0,0,0,0,0,0,not_measured,0,0,0,0,0,1,1,false,,,0
report-worker,archive_check,archive_check_96,96,warm,drm:specialized,3,1,1971783,0,0,0,0,0,0,not_measured,1,0,0,0,0,2,1,false,,,0
report-worker,daily_report,daily_report_97,97,warm,drm:specialized,5,1,74574,0,0,0,0,0,0,not_measured,0,0,0,0,0,2,1,false,,,0
report-worker,archive_check,archive_check_98,98,warm,drm:specialized,3,1,1772706,0,0,0,0,0,0,not_measured,1,0,0,0,0,2,1,false,,,0
report-worker,daily_report,daily_report_99,99,warm,drm:specialized,5,1,61831,0,0,0,0,0,0,not_measured,0,0,0,0,0,2,1,false,,,0
report-worker,archive_check,archive_check_100,100,warm,drm:specialized,3,1,2437479,0,0,0,0,0,0,not_measured,1,0,0,1,1,2,1,false,,,0
report-worker,daily_report,daily_report_101,101,warm,drm:specialized,4,1,132505,0,0,0,0,0,0,not_measured,0,0,0,1,1,2,1,false,,,0
report-worker,archive_check,archive_check_102,102,warm,drm:specialized,1,1,1774843,0,0,0,0,0,0,not_measured,1,0,0,1,1,2,1,false,,,0
report-worker,daily_report,daily_report_103,103,warm,drm:specialized,4,1,145405,0,0,0,0,0,0,not_measured,0,0,0,1,1,2,1,false,,,0
report-worker,archive_check,archive_check_104,104,warm,drm:specialized,1,1,2482949,0,0,0,0,0,0,not_measured,1,0,0,1,1,2,1,false,,,0
report-worker,daily_report,daily_report_105,105,warm,drm:specialized,4,1,102925,0,0,0,0,0,0,not_measured,0,0,0,1,1,2,1,false,,,0
report-worker,archive_check,archive_check_106,106,warm,drm:specialized,1,1,2004061,0,0,0,0,0,0,not_measured,1,0,0,1,1,2,1,false,,,0
report-worker,daily_report,daily_report_107,107,warm,drm:specialized,4,1,77246,0,0,0,0,0,0,not_measured,0,0,0,1,1,4,1,false,,,0
report-worker,archive_check,archive_check_108,108,warm,drm:specialized,1,1,2385115,0,0,0,0,0,0,not_measured,1,0,0,1,1,4,1,false,,,0
report-worker,daily_report,daily_report_109,109,warm,drm:specialized,4,1,133720,0,0,0,0,0,0,not_measured,0,0,0,1,1,5,1,false,,,0
report-worker,archive_check,archive_check_110,110,warm,drm:specialized,1,1,1872748,0,0,0,0,0,0,not_measured,1,0,0,1,1,5,1,true,fuse:report-worker:transform.summarize,Verified,0
report-worker,daily_report,daily_report_111,111,warm,drm:specialized,4,1,80173,0,0,0,0,0,0,not_measured,0,0,0,1,1,6,1,false,,,0
report-worker,archive_check,archive_check_112,112,warm,drm:specialized,1,1,2080838,0,0,0,0,0,0,not_measured,1,0,0,1,1,6,1,false,,,0
report-worker,daily_report,daily_report_113,113,warm,drm:specialized,4,1,262617,0,0,0,0,0,0,not_measured,0,0,0,1,1,7,1,true,fuse:report-worker:transform.extract>transform.summarize,Verified,0
report-worker,archive_check,archive_check_114,114,warm,drm:specialized,1,1,1907395,0,0,0,0,0,0,not_measured,1,0,0,1,1,7,1,false,,,0
report-worker,daily_report,daily_report_115,115,warm,drm:specialized,4,1,101090,0,0,0,0,0,0,not_measured,0,0,0,1,1,7,1,false,,,0
report-worker,archive_check,archive_check_116,116,warm,drm:specialized,1,1,2055526,0,0,0,0,0,0,not_measured,1,0,0,1,1,7,1,true,fuse:report-worker:transform.summarize,Verified,0
report-worker,daily_report,daily_report_117,117,warm,drm:specialized,4,1,99088,0,0,0,0,0,0,not_measured,0,0,0,1,1,7,1,false,,,0
report-worker,archive_check,archive_check_118,118,warm,drm:specialized,1,1,2790943,0,0,0,0,0,0,not_measured,1,0,0,1,1,7,1,true,fuse:report-worker:transform.summarize,Verified,0
report-worker,daily_report,daily_report_119,119,warm,drm:specialized,4,1,235441,0,0,0,0,0,0,not_measured,0,0,0,1,1,7,1,false,,,0
report-worker,archive_check,archive_check_120,120,warm,drm:specialized,1,1,2185859,0,0,0,0,0,0,not_measured,1,0,0,2,1,7,1,true,fuse:report-worker:transform.summarize,Verified,0
report-worker,daily_report,daily_report_121,121,warm,drm:specialized,4,1,155088,0,0,0,0,0,0,not_measured,0,0,0,2,1,8,1,true,fuse:report-worker:transform.extract>transform.summarize,Verified,0
report-worker,archive_check,archive_check_122,122,warm,drm:specialized,1,1,2379839,0,0,0,0,0,0,not_measured,1,0,0,2,1,8,1,false,,,0
report-worker,daily_report,daily_report_123,123,warm,drm:specialized,4,1,111822,0,0,0,0,0,0,not_measured,0,0,0,2,1,9,1,true,fuse:report-worker:transform.extract>transform.summarize,Verified,0
report-worker,archive_check,archive_check_124,124,warm,drm:specialized,1,1,2210733,0,0,0,0,0,0,not_measured,1,0,0,2,1,9,1,true,fuse:report-worker:transform.summarize,Verified,0
report-worker,daily_report,daily_report_125,125,warm,drm:specialized,4,1,80579,0,0,0,0,0,0,not_measured,0,0,0,2,1,9,1,false,,,0
report-worker,archive_check,archive_check_126,126,warm,drm:specialized,1,1,2103692,0,0,0,0,0,0,not_measured,1,0,0,2,1,9,1,false,,,0
report-worker,daily_report,daily_report_127,127,warm,drm:specialized,4,1,68891,0,0,0,0,0,0,not_measured,0,0,0,2,1,10,1,true,fuse:report-worker:transform.extract>transform.summarize,Verified,0
report-worker,archive_check,archive_check_128,128,warm,drm:specialized,1,1,1713078,0,0,0,0,0,0,not_measured,1,0,0,2,1,10,1,false,,,0
report-worker,daily_report,daily_report_129,129,warm,drm:specialized,4,1,174159,0,0,0,0,0,0,not_measured,0,0,0,2,1,10,1,false,,,0
report-worker,archive_check,archive_check_130,130,warm,drm:specialized,1,1,1826427,0,0,0,0,0,0,not_measured,1,0,0,2,1,10,1,false,,,0
report-worker,daily_report,daily_report_131,131,warm,drm:specialized,4,1,84416,0,0,0,0,0,0,not_measured,0,0,0,2,1,10,1,false,,,0
report-worker,archive_check,archive_check_132,132,warm,drm:specialized,1,1,1962632,0,0,0,0,0,0,not_measured,1,0,0,2,1,10,1,true,fuse:report-worker:transform.summarize,Verified,0
report-worker,daily_report,daily_report_133,133,warm,drm:specialized,4,1,76470,0,0,0,0,0,0,not_measured,0,0,0,2,1,10,1,false,,,0
report-worker,archive_check,archive_check_134,134,warm,drm:specialized,1,1,1854168,0,0,0,0,0,0,not_measured,1,0,0,2,1,10,1,true,fuse:report-worker:transform.summarize,Verified,0
report-worker,daily_report,daily_report_135,135,warm,drm:specialized,4,1,66958,0,0,0,0,0,0,not_measured,0,0,0,2,1,11,1,true,fuse:report-worker:transform.extract>transform.summarize,Verified,0
report-worker,archive_check,archive_check_136,136,warm,drm:specialized,1,1,2339123,0,0,0,0,0,0,not_measured,1,0,0,2,1,11,1,true,fuse:report-worker:transform.summarize,Verified,0
report-worker,daily_report,daily_report_137,137,warm,drm:specialized,4,1,207169,0,0,0,0,0,0,not_measured,0,0,0,2,1,12,1,false,,,0
report-worker,archive_check,archive_check_138,138,warm,drm:specialized,1,1,1814755,0,0,0,0,0,0,not_measured,1,0,0,2,1,12,1,true,fuse:report-worker:transform.summarize,Verified,0
report-worker,daily_report,daily_report_139,139,warm,drm:specialized,4,1,173011,0,0,0,0,0,0,not_measured,0,0,0,2,1,12,1,true,fuse:report-worker:transform.extract>transform.summarize,Verified,0
report-worker,archive_check,archive_check_140,140,warm,drm:specialized,1,1,2215751,0,0,0,0,0,0,not_measured,1,0,0,2,1,12,1,true,fuse:report-worker:transform.summarize,Verified,0
report-worker,daily_report,daily_report_141,141,warm,drm:specialized,4,1,71855,0,0,0,0,0,0,not_measured,0,0,0,2,1,12,1,true,fuse:report-worker:transform.extract>transform.summarize,Verified,0
report-worker,archive_check,archive_check_142,142,warm,drm:specialized,1,1,1892495,0,0,0,0,0,0,not_measured,1,0,0,2,1,12,1,false,,,0
report-worker,daily_report,daily_report_143,143,warm,drm:specialized,4,1,74634,0,0,0,0,0,0,not_measured,0,0,0,2,1,13,1,true,fuse:report-worker:transform.extract>transform.summarize,Verified,0
report-worker,archive_check,archive_check_144,144,warm,drm:specialized,1,1,1917026,0,0,0,0,0,0,not_measured,1,0,0,2,1,13,1,false,,,0
report-worker,daily_report,daily_report_145,145,warm,drm:specialized,4,1,78688,0,0,0,0,0,0,not_measured,0,0,0,2,1,14,1,true,fuse:report-worker:transform.extract>transform.summarize,Verified,0
report-worker,archive_check,archive_check_146,146,warm,drm:specialized,1,1,1709232,0,0,0,0,0,0,not_measured,1,0,0,2,1,14,1,true,fuse:report-worker:transform.summarize,Verified,0
report-worker,daily_report,daily_report_147,147,warm,drm:specialized,4,1,135228,0,0,0,0,0,0,not_measured,0,0,0,2,1,15,1,true,fuse:report-worker:transform.extract>transform.summarize,Verified,0
report-worker,archive_check,archive_check_148,148,warm,drm:specialized,1,1,1766037,0,0,0,0,0,0,not_measured,1,0,0,2,1,15,1,true,fuse:report-worker:transform.summarize,Verified,0
report-worker,daily_report,daily_report_149,149,warm,drm:specialized,4,1,88783,0,0,0,0,0,0,not_measured,0,0,0,2,1,16,1,false,,,0
report-worker,archive_check,archive_check_150,150,warm,drm:specialized,1,1,1933805,0,0,0,0,0,0,not_measured,1,0,0,2,1,16,1,false,,,0
report-worker,daily_report,daily_report_151,151,warm,drm:specialized,4,1,64715,0,0,0,0,0,0,not_measured,0,0,0,2,1,16,1,true,fuse:report-worker:transform.extract>transform.summarize,Verified,0
report-worker,archive_check,archive_check_152,152,warm,drm:specialized,1,1,1961447,0,0,0,0,0,0,not_measured,1,0,0,2,1,16,1,false,,,0
report-worker,daily_report,daily_report_153,153,warm,drm:specialized,4,1,62570,0,0,0,0,0,0,not_measured,0,0,0,2,1,16,1,true,fuse:report-worker:transform.extract>transform.summarize,Verified,0
report-worker,archive_check,archive_check_154,154,warm,drm:specialized,1,1,1864703,0,0,0,0,0,0,not_measured,1,0,0,2,1,16,1,true,fuse:report-worker:transform.summarize,Verified,0
report-worker,daily_report,daily_report_155,155,warm,drm:specialized,4,1,110565,0,0,0,0,0,0,not_measured,0,0,0,2,1,16,1,true,fuse:report-worker:transform.extract>transform.summarize,Verified,0
report-worker,archive_check,archive_check_156,156,warm,drm:specialized,1,1,1803933,0,0,0,0,0,0,not_measured,1,0,0,2,1,16,1,false,,,0
report-worker,daily_report,daily_report_157,157,warm,drm:specialized,4,1,159898,0,0,0,0,0,0,not_measured,0,0,0,2,1,16,1,true,fuse:report-worker:transform.extract>transform.summarize,Verified,0
report-worker,archive_check,archive_check_158,158,warm,drm:specialized,1,1,2024571,0,0,0,0,0,0,not_measured,1,0,0,2,1,16,1,true,fuse:report-worker:transform.summarize,Verified,0
report-worker,daily_report,daily_report_159,159,warm,drm:specialized,4,1,94374,0,0,0,0,0,0,not_measured,0,0,0,2,1,17,1,true,fuse:report-worker:transform.extract>transform.summarize,Verified,0
report-worker,archive_check,archive_check_160,160,warm,drm:specialized,1,1,2026822,0,0,0,0,0,0,not_measured,1,0,0,2,1,17,1,true,fuse:report-worker:transform.summarize,Verified,0
report-worker,daily_report,daily_report_161,161,warm,drm:specialized,4,1,87624,0,0,0,0,0,0,not_measured,0,0,0,2,1,17,1,false,,,0
report-worker,archive_check,archive_check_162,162,warm,drm:specialized,1,1,1928359,0,0,0,0,0,0,not_measured,1,0,0,2,1,17,1,false,,,0
report-worker,daily_report,daily_report_163,163,warm,drm:specialized,4,1,79959,0,0,0,0,0,0,not_measured,0,0,0,2,1,17,1,true,fuse:report-worker:transform.extract>transform.summarize,Verified,0
report-worker,archive_check,archive_check_164,164,warm,drm:specialized,1,1,2245832,0,0,0,0,0,0,not_measured,1,0,0,2,1,17,1,true,fuse:report-worker:transform.summarize,Verified,0
report-worker,daily_report,daily_report_165,165,warm,drm:specialized,4,1,73861,0,0,0,0,0,0,not_measured,0,0,0,2,1,17,1,true,fuse:report-worker:transform.extract>transform.summarize,Verified,0
report-worker,archive_check,archive_check_166,166,warm,drm:specialized,1,1,2052217,0,0,0,0,0,0,not_measured,1,0,0,2,1,17,1,true,fuse:report-worker:transform.summarize,Verified,0
report-worker,daily_report,daily_report_167,167,warm,drm:specialized,4,1,94668,0,0,0,0,0,0,not_measured,0,0,0,2,1,17,1,true,fuse:report-worker:transform.extract>transform.summarize,Verified,0
report-worker,archive_check,archive_check_168,168,warm,drm:specialized,1,1,2113861,0,0,0,0,0,0,not_measured,1,0,0,2,1,17,1,true,fuse:report-worker:transform.summarize,Verified,0
report-worker,daily_report,daily_report_169,169,warm,drm:specialized,4,1,75187,0,0,0,0,0,0,not_measured,0,0,0,2,1,17,1,true,read-avoid:report-worker:inputs/report_2.csv+fuse:report-worker:transform.extract>transform.summarize,,0
report-worker,archive_check,archive_check_170,170,warm,drm:specialized,1,1,2142707,0,0,0,0,0,0,not_measured,1,0,0,2,1,17,1,true,fuse:report-worker:transform.summarize,Verified,0
build-worker,checksum_artifact,checksum_artifact_171,171,cold,drm:specialized,3,1,1859248,0,0,0,0,0,0,not_measured,1,0,0,0,0,17,1,false,,,0
build-worker,stage_output,stage_output_172,172,cold,drm:specialized,5,1,145577,0,0,0,0,0,0,not_measured,0,0,0,0,0,18,1,false,,,0
build-worker,checksum_artifact,checksum_artifact_173,173,warm,drm:specialized,3,1,2408862,0,0,0,0,0,0,not_measured,1,0,0,0,0,18,1,false,,,0
build-worker,stage_output,stage_output_174,174,warm,drm:specialized,5,1,136276,0,0,0,0,0,0,not_measured,0,0,0,0,0,19,1,false,,,0
build-worker,checksum_artifact,checksum_artifact_175,175,warm,drm:specialized,3,1,2537090,0,0,0,0,0,0,not_measured,1,0,0,0,0,20,1,false,,,0
build-worker,stage_output,stage_output_176,176,warm,drm:specialized,5,1,78333,0,0,0,0,0,0,not_measured,0,0,0,0,0,21,1,false,,,0
build-worker,checksum_artifact,checksum_artifact_177,177,warm,drm:specialized,3,1,2213881,0,0,0,0,0,0,not_measured,1,0,0,0,0,21,1,false,,,0
build-worker,stage_output,stage_output_178,178,warm,drm:specialized,5,1,83234,0,0,0,0,0,0,not_measured,0,0,0,0,0,22,1,false,,,0
build-worker,checksum_artifact,checksum_artifact_179,179,warm,drm:specialized,3,1,2453262,0,0,0,0,0,0,not_measured,1,0,0,0,0,22,1,false,,,0
build-worker,stage_output,stage_output_180,180,warm,drm:specialized,5,1,635615,0,0,0,0,0,0,not_measured,0,0,0,1,1,23,1,false,,,0
build-worker,checksum_artifact,checksum_artifact_181,181,warm,drm:specialized,3,1,2476562,0,0,0,0,0,0,not_measured,1,0,0,1,1,23,1,false,,,0
build-worker,stage_output,stage_output_182,182,warm,drm:specialized,1,1,97902,0,0,0,0,0,0,not_measured,0,0,0,1,1,24,1,false,,,0
build-worker,checksum_artifact,checksum_artifact_183,183,warm,drm:specialized,3,1,2050416,0,0,0,0,0,0,not_measured,1,0,0,1,1,24,1,false,,,0
build-worker,stage_output,stage_output_184,184,warm,drm:specialized,1,1,170842,0,0,0,0,0,0,not_measured,0,0,0,1,1,24,1,false,,,0
build-worker,checksum_artifact,checksum_artifact_185,185,warm,drm:specialized,3,1,2368717,0,0,0,0,0,0,not_measured,1,0,0,1,1,24,1,false,,,0
build-worker,stage_output,stage_output_186,186,warm,drm:specialized,1,1,92155,0,0,0,0,0,0,not_measured,0,0,0,1,1,25,1,false,,,0
build-worker,checksum_artifact,checksum_artifact_187,187,warm,drm:specialized,3,1,2156497,0,0,0,0,0,0,not_measured,1,0,0,1,1,25,1,false,,,0
build-worker,stage_output,stage_output_188,188,warm,drm:specialized,1,1,78435,0,0,0,0,0,0,not_measured,0,0,0,1,1,26,1,false,,,0
build-worker,checksum_artifact,checksum_artifact_189,189,warm,drm:specialized,3,1,1973828,0,0,0,0,0,0,not_measured,1,0,0,1,1,26,1,false,,,0
build-worker,stage_output,stage_output_190,190,warm,drm:specialized,1,1,329759,0,0,0,0,0,0,not_measured,0,0,0,1,1,27,1,false,,,0
build-worker,checksum_artifact,checksum_artifact_191,191,warm,drm:specialized,3,1,1684508,0,0,0,0,0,0,not_measured,1,0,0,1,1,27,1,false,,,0
build-worker,stage_output,stage_output_192,192,warm,drm:specialized,1,1,76433,0,0,0,0,0,0,not_measured,0,0,0,1,1,28,1,false,,,0
build-worker,checksum_artifact,checksum_artifact_193,193,warm,drm:specialized,3,1,2152061,0,0,0,0,0,0,not_measured,1,0,0,1,1,28,1,false,,,0
build-worker,stage_output,stage_output_194,194,warm,drm:specialized,1,1,73250,0,0,0,0,0,0,not_measured,0,0,0,1,1,28,1,false,,,0
build-worker,checksum_artifact,checksum_artifact_195,195,warm,drm:specialized,3,1,1721919,0,0,0,0,0,0,not_measured,1,0,0,1,1,28,1,true,fuse:build-worker:transform.summarize,Verified,0
build-worker,stage_output,stage_output_196,196,warm,drm:specialized,1,1,131993,0,0,0,0,0,0,not_measured,0,0,0,1,1,29,1,false,,,0
build-worker,checksum_artifact,checksum_artifact_197,197,warm,drm:specialized,3,1,1781444,0,0,0,0,0,0,not_measured,1,0,0,1,1,29,1,false,,,0
build-worker,stage_output,stage_output_198,198,warm,drm:specialized,1,1,213186,0,0,0,0,0,0,not_measured,0,0,0,1,1,29,1,true,fuse:build-worker:transform.extract>transform.summarize,Verified,0
build-worker,checksum_artifact,checksum_artifact_199,199,warm,drm:specialized,3,1,1773106,0,0,0,0,0,0,not_measured,1,0,0,1,1,29,1,true,fuse:build-worker:transform.summarize,Verified,0
build-worker,stage_output,stage_output_200,200,warm,drm:specialized,1,1,370250,0,0,0,0,0,0,not_measured,0,0,0,3,2,29,1,true,fuse:build-worker:transform.extract>transform.summarize,Verified,0
build-worker,checksum_artifact,checksum_artifact_201,201,warm,drm:specialized,2,1,1749970,0,0,0,0,0,0,not_measured,1,0,0,3,2,29,1,true,fuse:build-worker:transform.summarize,Verified,0
build-worker,stage_output,stage_output_202,202,warm,drm:specialized,1,1,150333,0,0,0,0,0,0,not_measured,0,0,0,3,2,29,1,true,fuse:build-worker:transform.extract>transform.summarize,Verified,0
build-worker,checksum_artifact,checksum_artifact_203,203,warm,drm:specialized,2,1,2116009,0,0,0,0,0,0,not_measured,1,0,0,3,2,29,1,false,,,0
build-worker,stage_output,stage_output_204,204,warm,drm:specialized,1,1,93821,0,0,0,0,0,0,not_measured,0,0,0,3,2,29,1,true,fuse:build-worker:transform.extract>transform.summarize,Verified,0
build-worker,checksum_artifact,checksum_artifact_205,205,warm,drm:specialized,2,1,1741882,0,0,0,0,0,0,not_measured,1,0,0,3,2,29,1,true,fuse:build-worker:transform.summarize,Verified,0
build-worker,stage_output,stage_output_206,206,warm,drm:specialized,1,1,161353,0,0,0,0,0,0,not_measured,0,0,0,3,2,30,1,false,,,0
build-worker,checksum_artifact,checksum_artifact_207,207,warm,drm:specialized,2,1,1718237,0,0,0,0,0,0,not_measured,1,0,0,3,2,30,1,true,fuse:build-worker:transform.summarize,Verified,0
build-worker,stage_output,stage_output_208,208,warm,drm:specialized,1,1,98725,0,0,0,0,0,0,not_measured,0,0,0,3,2,30,1,true,fuse:build-worker:transform.extract>transform.summarize,Verified,0
build-worker,checksum_artifact,checksum_artifact_209,209,warm,drm:specialized,2,1,2180943,0,0,0,0,0,0,not_measured,1,0,0,3,2,30,1,false,,,0
build-worker,stage_output,stage_output_210,210,warm,drm:specialized,1,1,84156,0,0,0,0,0,0,not_measured,0,0,0,3,2,30,1,true,read-avoid:build-worker:inputs/report_0.csv,Verified,0
build-worker,checksum_artifact,checksum_artifact_211,211,warm,drm:specialized,2,1,1748046,0,0,0,0,0,0,not_measured,1,0,0,3,2,30,1,true,fuse:build-worker:transform.summarize,Verified,0
build-worker,stage_output,stage_output_212,212,warm,drm:specialized,1,1,79069,0,0,0,0,0,0,not_measured,0,0,0,3,2,30,1,true,fuse:build-worker:transform.extract>transform.summarize,Verified,0
build-worker,checksum_artifact,checksum_artifact_213,213,warm,drm:specialized,2,1,1963837,0,0,0,0,0,0,not_measured,1,0,0,3,2,30,1,true,fuse:build-worker:transform.summarize,Verified,0
build-worker,stage_output,stage_output_214,214,warm,drm:specialized,1,1,146565,0,0,0,0,0,0,not_measured,0,0,0,3,2,30,1,true,fuse:build-worker:transform.extract>transform.summarize,Verified,0
build-worker,checksum_artifact,checksum_artifact_215,215,warm,drm:specialized,2,1,2333947,0,0,0,0,0,0,not_measured,1,0,0,3,2,30,1,true,fuse:build-worker:transform.summarize,Verified,0
build-worker,stage_output,stage_output_216,216,warm,drm:specialized,1,1,183049,0,0,0,0,0,0,not_measured,0,0,0,3,2,30,1,false,,,0
build-worker,checksum_artifact,checksum_artifact_217,217,warm,drm:specialized,2,1,1962668,0,0,0,0,0,0,not_measured,1,0,0,3,2,30,1,false,,,0
build-worker,stage_output,stage_output_218,218,warm,drm:specialized,1,1,201467,0,0,0,0,0,0,not_measured,0,0,0,3,2,30,1,true,fuse:build-worker:transform.extract>transform.summarize,Verified,0
build-worker,checksum_artifact,checksum_artifact_219,219,warm,drm:specialized,2,1,1764002,0,0,0,0,0,0,not_measured,1,0,0,3,2,30,1,true,fuse:build-worker:transform.summarize,Verified,0
build-worker,stage_output,stage_output_220,220,warm,drm:specialized,1,1,857141,0,0,0,0,0,0,not_measured,0,0,0,3,3,30,1,true,fuse:build-worker:transform.extract>transform.summarize,Verified,0
build-worker,checksum_artifact,checksum_artifact_221,221,warm,drm:specialized,2,1,1910682,0,0,0,0,0,0,not_measured,1,0,0,3,3,30,1,false,,,0
build-worker,stage_output,stage_output_222,222,warm,drm:specialized,1,1,69578,0,0,0,0,0,0,not_measured,0,0,0,3,3,30,1,true,read-avoid:build-worker:inputs/report_6.csv+fuse:build-worker:transform.extract>transform.summarize,,0
build-worker,checksum_artifact,checksum_artifact_223,223,warm,drm:specialized,2,1,2375277,0,0,0,0,0,0,not_measured,1,0,0,3,3,30,1,true,fuse:build-worker:transform.summarize,Verified,0
build-worker,stage_output,stage_output_224,224,warm,drm:specialized,1,1,86864,0,0,0,0,0,0,not_measured,0,0,0,3,3,30,1,false,,,0
build-worker,checksum_artifact,checksum_artifact_225,225,warm,drm:specialized,2,1,1907690,0,0,0,0,0,0,not_measured,1,0,0,3,3,30,1,false,,,0
build-worker,stage_output,stage_output_226,226,warm,drm:specialized,1,1,66697,0,0,0,0,0,0,not_measured,0,0,0,3,3,30,1,true,read-avoid:build-worker:inputs/report_9.csv+fuse:build-worker:transform.extract>transform.summarize,,0
build-worker,checksum_artifact,checksum_artifact_227,227,warm,drm:specialized,2,1,2192856,0,0,0,0,0,0,not_measured,1,0,0,3,3,30,1,true,fuse:build-worker:transform.summarize,Verified,0
build-worker,stage_output,stage_output_228,228,warm,drm:specialized,1,1,177860,0,0,0,0,0,0,not_measured,0,0,0,3,3,30,1,true,fuse:build-worker:transform.extract>transform.summarize,Verified,0
build-worker,checksum_artifact,checksum_artifact_229,229,warm,drm:specialized,2,1,1807955,0,0,0,0,0,0,not_measured,1,0,0,3,3,30,1,true,fuse:build-worker:transform.summarize,Verified,0
build-worker,stage_output,stage_output_230,230,warm,drm:specialized,1,1,71065,0,0,0,0,0,0,not_measured,0,0,0,3,3,30,1,true,read-avoid:build-worker:inputs/report_9.csv+fuse:build-worker:transform.extract>transform.summarize,,0
build-worker,checksum_artifact,checksum_artifact_231,231,warm,drm:specialized,2,1,2402174,0,0,0,0,0,0,not_measured,1,0,0,3,3,30,1,true,fuse:build-worker:transform.summarize,Verified,0
build-worker,stage_output,stage_output_232,232,warm,drm:specialized,1,1,87733,0,0,0,0,0,0,not_measured,0,0,0,3,3,31,1,false,,,0
build-worker,checksum_artifact,checksum_artifact_233,233,warm,drm:specialized,2,1,2016002,0,0,0,0,0,0,not_measured,1,0,0,3,3,31,1,true,fuse:build-worker:transform.summarize,Verified,0
build-worker,stage_output,stage_output_234,234,warm,drm:specialized,1,1,104874,0,0,0,0,0,0,not_measured,0,0,0,3,3,31,1,true,read-avoid:build-worker:inputs/report_9.csv+fuse:build-worker:transform.extract>transform.summarize,,0
build-worker,checksum_artifact,checksum_artifact_235,235,warm,drm:specialized,2,1,1894786,0,0,0,0,0,0,not_measured,1,0,0,3,3,31,1,true,fuse:build-worker:transform.summarize,Verified,0
build-worker,stage_output,stage_output_236,236,warm,drm:specialized,1,1,83852,0,0,0,0,0,0,not_measured,0,0,0,3,3,31,1,true,fuse:build-worker:transform.extract>transform.summarize,Verified,0
build-worker,checksum_artifact,checksum_artifact_237,237,warm,drm:specialized,2,1,1799555,0,0,0,0,0,0,not_measured,1,0,0,3,3,31,1,false,,,0
build-worker,stage_output,stage_output_238,238,warm,drm:specialized,1,1,81548,0,0,0,0,0,0,not_measured,0,0,0,3,3,32,1,false,,,0
build-worker,checksum_artifact,checksum_artifact_239,239,warm,drm:specialized,2,1,2036688,0,0,0,0,0,0,not_measured,1,0,0,3,3,32,1,true,fuse:build-worker:transform.summarize,Verified,0
build-worker,stage_output,stage_output_240,240,warm,drm:specialized,1,1,919113,0,0,0,0,0,0,not_measured,0,0,0,3,4,32,1,false,,,0
job-processor,dequeue_notify,dequeue_notify_241,241,cold,drm:specialized,4,1,1911940,0,0,0,0,0,0,not_measured,0,1,0,1,0,33,1,false,,,0
job-processor,heartbeat,heartbeat_242,242,cold,drm:specialized,3,1,2226776,0,0,0,0,0,0,not_measured,0,0,0,1,0,33,1,false,,,0
job-processor,dequeue_notify,dequeue_notify_243,243,warm,drm:specialized,4,1,1904068,0,0,0,0,0,0,not_measured,0,1,0,1,0,34,1,false,,,0
job-processor,heartbeat,heartbeat_244,244,warm,drm:specialized,3,1,2233755,0,0,0,0,0,0,not_measured,0,0,0,1,0,34,1,false,,,0
job-processor,dequeue_notify,dequeue_notify_245,245,warm,drm:specialized,4,1,1943245,0,0,0,0,0,0,not_measured,0,1,0,1,0,35,1,false,,,0
job-processor,heartbeat,heartbeat_246,246,warm,drm:specialized,3,1,2148927,0,0,0,0,0,0,not_measured,0,0,0,1,0,35,1,false,,,0
job-processor,dequeue_notify,dequeue_notify_247,247,warm,drm:specialized,4,1,2028121,0,0,0,0,0,0,not_measured,0,1,0,1,0,36,1,false,,,0
job-processor,heartbeat,heartbeat_248,248,warm,drm:specialized,3,1,2134024,0,0,0,0,0,0,not_measured,0,0,0,1,0,36,1,false,,,0
job-processor,dequeue_notify,dequeue_notify_249,249,warm,drm:specialized,4,1,2067438,0,0,0,0,0,0,not_measured,0,1,0,1,0,37,1,false,,,0
job-processor,heartbeat,heartbeat_250,250,warm,drm:specialized,3,1,2525244,0,0,0,0,0,0,not_measured,0,0,0,1,0,37,1,false,,,0
job-processor,dequeue_notify,dequeue_notify_251,251,warm,drm:specialized,4,1,1767315,0,0,0,0,0,0,not_measured,0,1,0,1,0,38,1,false,,,0
job-processor,heartbeat,heartbeat_252,252,warm,drm:specialized,3,1,2181263,0,0,0,0,0,0,not_measured,0,0,0,1,0,38,1,false,,,0
job-processor,dequeue_notify,dequeue_notify_253,253,warm,drm:specialized,4,1,1794351,0,0,0,0,0,0,not_measured,0,1,0,1,0,39,1,false,,,0
job-processor,heartbeat,heartbeat_254,254,warm,drm:specialized,3,1,2258625,0,0,0,0,0,0,not_measured,0,0,0,1,0,39,1,false,,,0
job-processor,dequeue_notify,dequeue_notify_255,255,warm,drm:specialized,4,1,1928266,0,0,0,0,0,0,not_measured,0,1,0,1,0,39,1,false,,,0
job-processor,heartbeat,heartbeat_256,256,warm,drm:specialized,3,1,2512682,0,0,0,0,0,0,not_measured,0,0,0,1,0,39,1,false,,,0
job-processor,dequeue_notify,dequeue_notify_257,257,warm,drm:specialized,4,1,1694525,0,0,0,0,0,0,not_measured,0,1,0,1,0,40,1,false,,,0
job-processor,heartbeat,heartbeat_258,258,warm,drm:specialized,3,1,2359920,0,0,0,0,0,0,not_measured,0,0,0,1,0,40,1,false,,,0
job-processor,dequeue_notify,dequeue_notify_259,259,warm,drm:specialized,4,1,1796033,0,0,0,0,0,0,not_measured,0,1,0,1,0,41,1,false,,,0
job-processor,heartbeat,heartbeat_260,260,warm,drm:specialized,3,1,2416911,0,0,0,0,0,0,not_measured,0,0,0,2,1,41,1,false,,,0
job-processor,dequeue_notify,dequeue_notify_261,261,warm,drm:specialized,4,1,1789351,0,0,0,0,0,0,not_measured,0,1,0,2,1,41,1,false,,,0
job-processor,heartbeat,heartbeat_262,262,warm,drm:specialized,1,1,2376784,0,0,0,0,0,0,not_measured,0,0,0,2,1,41,1,false,,,0
job-processor,dequeue_notify,dequeue_notify_263,263,warm,drm:specialized,4,1,1886459,0,0,0,0,0,0,not_measured,0,1,0,2,1,42,1,false,,,0
job-processor,heartbeat,heartbeat_264,264,warm,drm:specialized,1,1,2145318,0,0,0,0,0,0,not_measured,0,0,0,2,1,42,1,false,,,0
job-processor,dequeue_notify,dequeue_notify_265,265,warm,drm:specialized,4,1,1937575,0,0,0,0,0,0,not_measured,0,1,0,2,1,43,1,false,,,0
job-processor,heartbeat,heartbeat_266,266,warm,drm:specialized,1,1,2487850,0,0,0,0,0,0,not_measured,0,0,0,2,1,43,1,false,,,0
job-processor,dequeue_notify,dequeue_notify_267,267,warm,drm:specialized,4,1,1713110,0,0,0,0,0,0,not_measured,0,1,0,2,1,44,1,false,,,0
job-processor,heartbeat,heartbeat_268,268,warm,drm:specialized,1,1,2432988,0,0,0,0,0,0,not_measured,0,0,0,2,1,44,1,false,,,0
job-processor,dequeue_notify,dequeue_notify_269,269,warm,drm:specialized,4,1,1696951,0,0,0,0,0,0,not_measured,0,1,0,2,1,44,1,true,fuse:job-processor:transform.summarize,Verified,0
job-processor,heartbeat,heartbeat_270,270,warm,drm:specialized,1,1,2192219,0,0,0,0,0,0,not_measured,0,0,0,2,1,44,1,false,,,0
job-processor,dequeue_notify,dequeue_notify_271,271,warm,drm:specialized,4,1,2001156,0,0,0,0,0,0,not_measured,0,1,0,2,1,44,1,true,read-avoid:job-processor:inputs/report_5.csv+fuse:job-processor:transform.summarize,,0
job-processor,heartbeat,heartbeat_272,272,warm,drm:specialized,1,1,2136097,0,0,0,0,0,0,not_measured,0,0,0,2,1,44,1,false,,,0
job-processor,dequeue_notify,dequeue_notify_273,273,warm,drm:specialized,4,1,2034401,0,0,0,0,0,0,not_measured,0,1,0,2,1,45,1,false,,,0
job-processor,heartbeat,heartbeat_274,274,warm,drm:specialized,1,1,2159227,0,0,0,0,0,0,not_measured,0,0,0,2,1,45,1,false,,,0
job-processor,dequeue_notify,dequeue_notify_275,275,warm,drm:specialized,4,1,2084898,0,0,0,0,0,0,not_measured,0,1,0,2,1,45,1,true,fuse:job-processor:transform.summarize,Verified,0
job-processor,heartbeat,heartbeat_276,276,warm,drm:specialized,1,1,2213640,0,0,0,0,0,0,not_measured,0,0,0,2,1,45,1,false,,,0
job-processor,dequeue_notify,dequeue_notify_277,277,warm,drm:specialized,4,1,2195529,0,0,0,0,0,0,not_measured,0,1,0,2,1,45,1,true,fuse:job-processor:transform.summarize,Verified,0
job-processor,heartbeat,heartbeat_278,278,warm,drm:specialized,1,1,2167597,0,0,0,0,0,0,not_measured,0,0,0,2,1,45,1,false,,,0
job-processor,dequeue_notify,dequeue_notify_279,279,warm,drm:specialized,4,1,1781185,0,0,0,0,0,0,not_measured,0,1,0,2,1,45,1,true,fuse:job-processor:transform.summarize,Verified,0
job-processor,heartbeat,heartbeat_280,280,warm,drm:specialized,1,1,2302164,0,0,0,0,0,0,not_measured,0,0,0,2,2,45,1,false,,,0
job-processor,dequeue_notify,dequeue_notify_281,281,warm,drm:specialized,4,1,1896937,0,0,0,0,0,0,not_measured,0,1,0,2,2,46,1,false,,,0
job-processor,heartbeat,heartbeat_282,282,warm,drm:specialized,1,1,2215862,0,0,0,0,0,0,not_measured,0,0,0,2,2,46,1,false,,,0
job-processor,dequeue_notify,dequeue_notify_283,283,warm,drm:specialized,4,1,1997987,0,0,0,0,0,0,not_measured,0,1,0,2,2,46,1,false,,,0
job-processor,heartbeat,heartbeat_284,284,warm,drm:specialized,1,1,2159554,0,0,0,0,0,0,not_measured,0,0,0,2,2,46,1,false,,,0
job-processor,dequeue_notify,dequeue_notify_285,285,warm,drm:specialized,4,1,2003703,0,0,0,0,0,0,not_measured,0,1,0,2,2,46,1,true,fuse:job-processor:transform.summarize,Verified,0
job-processor,heartbeat,heartbeat_286,286,warm,drm:specialized,1,1,2161755,0,0,0,0,0,0,not_measured,0,0,0,2,2,46,1,false,,,0
job-processor,dequeue_notify,dequeue_notify_287,287,warm,drm:specialized,4,1,1978628,0,0,0,0,0,0,not_measured,0,1,0,2,2,46,1,true,fuse:job-processor:transform.summarize,Verified,0
job-processor,heartbeat,heartbeat_288,288,warm,drm:specialized,1,1,2129018,0,0,0,0,0,0,not_measured,0,0,0,2,2,46,1,false,,,0
job-processor,dequeue_notify,dequeue_notify_289,289,warm,drm:specialized,4,1,2128510,0,0,0,0,0,0,not_measured,0,1,0,2,2,46,1,true,fuse:job-processor:transform.summarize,Verified,0
job-processor,heartbeat,heartbeat_290,290,warm,drm:specialized,1,1,2159235,0,0,0,0,0,0,not_measured,0,0,0,2,2,46,1,false,,,0
job-processor,dequeue_notify,dequeue_notify_291,291,warm,drm:specialized,4,1,1990347,0,0,0,0,0,0,not_measured,0,1,0,2,2,46,1,true,fuse:job-processor:transform.summarize,Verified,0
job-processor,heartbeat,heartbeat_292,292,warm,drm:specialized,1,1,2130266,0,0,0,0,0,0,not_measured,0,0,0,2,2,46,1,false,,,0
job-processor,dequeue_notify,dequeue_notify_293,293,warm,drm:specialized,4,1,2055419,0,0,0,0,0,0,not_measured,0,1,0,2,2,46,1,true,fuse:job-processor:transform.summarize,Verified,0
job-processor,heartbeat,heartbeat_294,294,warm,drm:specialized,1,1,2173349,0,0,0,0,0,0,not_measured,0,0,0,2,2,46,1,false,,,0
job-processor,dequeue_notify,dequeue_notify_295,295,warm,drm:specialized,4,1,2054110,0,0,0,0,0,0,not_measured,0,1,0,2,2,47,1,false,,,0
job-processor,heartbeat,heartbeat_296,296,warm,drm:specialized,1,1,2171476,0,0,0,0,0,0,not_measured,0,0,0,2,2,47,1,false,,,0
job-processor,dequeue_notify,dequeue_notify_297,297,warm,drm:specialized,4,1,2057694,0,0,0,0,0,0,not_measured,0,1,0,2,2,47,1,true,read-avoid:job-processor:inputs/report_15.csv,Verified,0
job-processor,heartbeat,heartbeat_298,298,warm,drm:specialized,1,1,2308601,0,0,0,0,0,0,not_measured,0,0,0,2,2,47,1,false,,,0
job-processor,dequeue_notify,dequeue_notify_299,299,warm,drm:specialized,4,1,2110787,0,0,0,0,0,0,not_measured,0,1,0,2,2,47,1,true,fuse:job-processor:transform.summarize,Verified,0
job-processor,heartbeat,heartbeat_300,300,warm,drm:specialized,1,1,2357921,0,0,0,0,0,0,not_measured,0,0,0,2,2,47,1,false,,,0
job-processor,dequeue_notify,dequeue_notify_301,301,warm,drm:specialized,4,1,1765678,0,0,0,0,0,0,not_measured,0,1,0,2,2,48,1,false,,,0
job-processor,heartbeat,heartbeat_302,302,warm,drm:specialized,1,1,2252473,0,0,0,0,0,0,not_measured,0,0,0,2,2,48,1,false,,,0
job-processor,dequeue_notify,dequeue_notify_303,303,warm,drm:specialized,4,1,1869506,0,0,0,0,0,0,not_measured,0,1,0,2,2,48,1,true,fuse:job-processor:transform.summarize,Verified,0
job-processor,heartbeat,heartbeat_304,304,warm,drm:specialized,1,1,2138091,0,0,0,0,0,0,not_measured,0,0,0,2,2,48,1,false,,,0
job-processor,dequeue_notify,dequeue_notify_305,305,warm,drm:specialized,4,1,2062115,0,0,0,0,0,0,not_measured,0,1,0,2,2,48,1,true,read-avoid:job-processor:inputs/report_15.csv+fuse:job-processor:transform.summarize,,0
job-processor,heartbeat,heartbeat_306,306,warm,drm:specialized,1,1,2125269,0,0,0,0,0,0,not_measured,0,0,0,2,2,48,1,false,,,0
job-processor,dequeue_notify,dequeue_notify_307,307,warm,drm:specialized,4,1,1943200,0,0,0,0,0,0,not_measured,0,1,0,2,2,48,1,true,read-avoid:job-processor:inputs/report_2.csv+fuse:job-processor:transform.summarize,,0
job-processor,heartbeat,heartbeat_308,308,warm,drm:specialized,1,1,2130345,0,0,0,0,0,0,not_measured,0,0,0,2,2,48,1,false,,,0
job-processor,dequeue_notify,dequeue_notify_309,309,warm,drm:specialized,4,1,2013780,0,0,0,0,0,0,not_measured,0,1,0,2,2,48,1,true,fuse:job-processor:transform.summarize,Verified,0
job-processor,heartbeat,heartbeat_310,310,warm,drm:specialized,1,1,2097796,0,0,0,0,0,0,not_measured,0,0,0,2,2,48,1,false,,,0
job-processor,dequeue_notify,dequeue_notify_311,311,warm,drm:specialized,4,1,2107006,0,0,0,0,0,0,not_measured,0,1,0,2,2,48,1,true,read-avoid:job-processor:inputs/report_12.csv,Verified,0
job-processor,heartbeat,heartbeat_312,312,warm,drm:specialized,1,1,2136959,0,0,0,0,0,0,not_measured,0,0,0,2,2,48,1,false,,,0
job-processor,dequeue_notify,dequeue_notify_313,313,warm,drm:specialized,4,1,2077605,0,0,0,0,0,0,not_measured,0,1,0,2,2,48,1,true,read-avoid:job-processor:inputs/report_15.csv+fuse:job-processor:transform.summarize,,0
job-processor,heartbeat,heartbeat_314,314,warm,drm:specialized,1,1,2115587,0,0,0,0,0,0,not_measured,0,0,0,2,2,48,1,false,,,0
job-processor,dequeue_notify,dequeue_notify_315,315,warm,drm:specialized,4,1,2078259,0,0,0,0,0,0,not_measured,0,1,0,2,2,48,1,true,read-avoid:job-processor:inputs/report_12.csv+fuse:job-processor:transform.summarize,,0
job-processor,heartbeat,heartbeat_316,316,warm,drm:specialized,1,1,2151564,0,0,0,0,0,0,not_measured,0,0,0,2,2,48,1,false,,,0
job-processor,dequeue_notify,dequeue_notify_317,317,warm,drm:specialized,4,1,1987159,0,0,0,0,0,0,not_measured,0,1,0,2,2,48,1,true,fuse:job-processor:transform.summarize,Verified,0
job-processor,heartbeat,heartbeat_318,318,warm,drm:specialized,1,1,2121579,0,0,0,0,0,0,not_measured,0,0,0,2,2,48,1,false,,,0
job-processor,dequeue_notify,dequeue_notify_319,319,warm,drm:specialized,4,1,2070516,0,0,0,0,0,0,not_measured,0,1,0,2,2,48,1,true,fuse:job-processor:transform.summarize,Verified,0
job-processor,heartbeat,heartbeat_320,320,warm,drm:specialized,1,1,2470664,0,0,0,0,0,0,not_measured,0,0,0,2,2,48,1,false,,,0
report-worker,daily_report,daily_report_321,321,warm,drm:specialized,5,1,198661,0,0,0,0,0,0,not_measured,0,0,0,3,1,48,1,false,,,0
report-worker,daily_report,daily_report_322,322,warm,drm:specialized,5,1,137759,0,0,0,0,0,0,not_measured,0,0,0,3,1,48,1,false,,,0
report-worker,daily_report,daily_report_323,323,warm,drm:specialized,5,1,79656,0,0,0,0,0,0,not_measured,0,0,0,3,1,48,1,false,,,0
report-worker,daily_report,daily_report_324,324,warm,drm:specialized,5,1,86866,0,0,0,0,0,0,not_measured,0,0,0,3,1,48,1,false,,,0
report-worker,daily_report,daily_report_325,325,warm,drm:specialized,5,1,153527,0,0,0,0,0,0,not_measured,0,0,0,3,1,48,1,false,,,0
report-worker,daily_report,daily_report_326,326,warm,drm:specialized,5,1,91205,0,0,0,0,0,0,not_measured,0,0,0,3,1,48,1,false,,,0
report-worker,daily_report,daily_report_327,327,warm,drm:specialized,5,1,121241,0,0,0,0,0,0,not_measured,0,0,0,3,1,48,1,false,,,0
report-worker,daily_report,daily_report_328,328,warm,drm:specialized,5,1,85516,0,0,0,0,0,0,not_measured,0,0,0,3,1,48,1,false,,,0
report-worker,daily_report,daily_report_329,329,warm,drm:specialized,5,1,73099,0,0,0,0,0,0,not_measured,0,0,0,3,1,49,1,false,,,0
report-worker,daily_report,daily_report_330,330,warm,drm:specialized,5,1,73605,0,0,0,0,0,0,not_measured,0,0,0,3,1,49,1,false,,,0
report-worker,daily_report,daily_report_331,331,warm,drm:specialized,5,1,73390,0,0,0,0,0,0,not_measured,0,0,0,3,1,49,1,true,read-avoid:report-worker:inputs/report_5.csv,Verified,0
report-worker,daily_report,daily_report_332,332,warm,drm:specialized,5,1,119688,0,0,0,0,0,0,not_measured,0,0,0,3,1,49,1,false,,,0
report-worker,daily_report,daily_report_333,333,warm,drm:specialized,4,1,63088,0,0,0,0,0,0,not_measured,0,0,0,3,1,49,1,true,fuse:report-worker:transform.extract>transform.summarize,Verified,0
report-worker,daily_report,daily_report_334,334,warm,drm:specialized,4,1,105714,0,0,0,0,0,0,not_measured,0,0,0,3,1,49,1,true,read-avoid:report-worker:inputs/report_11.csv,Verified,0
report-worker,daily_report,daily_report_335,335,warm,drm:specialized,4,1,365134,0,0,0,0,0,0,not_measured,0,0,0,3,1,49,1,true,read-avoid:report-worker:inputs/report_10.csv+fuse:report-worker:transform.extract>transform.summarize,,0
report-worker,daily_report,daily_report_336,336,warm,drm:specialized,4,1,62743,0,0,0,0,0,0,not_measured,0,0,0,3,1,49,1,true,read-avoid:report-worker:inputs/report_10.csv+fuse:report-worker:transform.extract>transform.summarize,,0
report-worker,daily_report,daily_report_337,337,warm,drm:specialized,4,1,126334,0,0,0,0,0,0,not_measured,0,0,0,3,1,49,1,true,read-avoid:report-worker:inputs/report_2.csv+fuse:report-worker:transform.extract>transform.summarize,,0
report-worker,daily_report,daily_report_338,338,warm,drm:specialized,4,1,68946,0,0,0,0,0,0,not_measured,0,0,0,3,1,50,1,false,,,0
report-worker,daily_report,daily_report_339,339,warm,drm:specialized,4,1,54611,0,0,0,0,0,0,not_measured,0,0,0,3,1,50,1,true,fuse:report-worker:transform.extract>transform.summarize,Verified,0
report-worker,daily_report,daily_report_340,340,warm,drm:specialized,4,1,1438938,0,0,0,0,0,0,not_measured,0,0,0,4,1,50,1,true,read-avoid:report-worker:inputs/report_2.csv+fuse:report-worker:transform.extract>transform.summarize,,0
report-worker,daily_report,daily_report_341,341,warm,drm:specialized,1,1,81691,0,0,0,0,0,0,not_measured,0,0,0,4,1,50,1,true,read-avoid:report-worker:inputs/report_11.csv,Verified,0
report-worker,daily_report,daily_report_342,342,warm,drm:specialized,1,1,52716,0,0,0,0,0,0,not_measured,0,0,0,4,1,50,1,true,read-avoid:report-worker:inputs/report_14.csv+fuse:report-worker:transform.extract>transform.summarize,,0
report-worker,daily_report,daily_report_343,343,warm,drm:specialized,1,1,51308,0,0,0,0,0,0,not_measured,0,0,0,4,1,50,1,true,read-avoid:report-worker:inputs/report_2.csv+fuse:report-worker:transform.extract>transform.summarize,,0
report-worker,daily_report,daily_report_344,344,warm,drm:specialized,1,1,48794,0,0,0,0,0,0,not_measured,0,0,0,4,1,50,1,true,read-avoid:report-worker:inputs/report_14.csv+fuse:report-worker:transform.extract>transform.summarize,,0
report-worker,daily_report,daily_report_345,345,warm,drm:specialized,1,1,48361,0,0,0,0,0,0,not_measured,0,0,0,4,1,50,1,true,read-avoid:report-worker:inputs/report_12.csv+fuse:report-worker:transform.extract>transform.summarize,,0
report-worker,daily_report,daily_report_346,346,warm,drm:specialized,1,1,56233,0,0,0,0,0,0,not_measured,0,0,0,4,1,51,1,true,fuse:report-worker:transform.extract>transform.summarize,Verified,0
report-worker,daily_report,daily_report_347,347,warm,drm:specialized,1,1,59551,0,0,0,0,0,0,not_measured,0,0,0,4,1,51,1,true,read-avoid:report-worker:inputs/report_11.csv,Verified,0
api-service,api_get_user,api_get_user_348,348,warm,drm:specialized,3,1,698292,0,0,0,0,0,0,not_measured,0,0,1,2,2,51,1,true,fuse:api-service:transform.extract>transform.summarize,Verified,0
api-service,session_touch,session_touch_349,349,warm,drm:specialized,1,1,124349,0,0,0,0,0,0,not_measured,0,0,0,2,2,51,1,false,,,0
api-service,api_get_user,api_get_user_350,350,warm,drm:specialized,3,1,2015105,0,0,0,0,0,0,not_measured,0,0,1,2,2,51,1,false,,,0
api-service,session_touch,session_touch_351,351,warm,drm:specialized,1,1,122528,0,0,0,0,0,0,not_measured,0,0,0,2,2,51,1,false,,,0
api-service,api_get_user,api_get_user_352,352,warm,drm:specialized,3,1,1973760,0,0,0,0,0,0,not_measured,0,0,1,2,2,51,1,true,fuse:api-service:transform.extract>transform.summarize,Verified,0
api-service,session_touch,session_touch_353,353,warm,drm:specialized,1,1,118414,0,0,0,0,0,0,not_measured,0,0,0,2,2,51,1,false,,,0
api-service,api_get_user,api_get_user_354,354,warm,drm:specialized,3,1,1976531,0,0,0,0,0,0,not_measured,0,0,1,2,2,51,1,true,fuse:api-service:transform.extract>transform.summarize,Verified,0
api-service,session_touch,session_touch_355,355,warm,drm:specialized,1,1,98678,0,0,0,0,0,0,not_measured,0,0,0,2,2,51,1,false,,,0
api-service,api_get_user,api_get_user_356,356,warm,drm:specialized,3,1,2017770,0,0,0,0,0,0,not_measured,0,0,1,2,2,51,1,true,fuse:api-service:transform.extract>transform.summarize,Verified,0
api-service,session_touch,session_touch_357,357,warm,drm:specialized,1,1,105655,0,0,0,0,0,0,not_measured,0,0,0,2,2,51,1,false,,,0
api-service,api_get_user,api_get_user_358,358,warm,drm:specialized,3,1,2031137,0,0,0,0,0,0,not_measured,0,0,1,2,2,51,1,true,fuse:api-service:transform.extract>transform.summarize,Verified,0
api-service,session_touch,session_touch_359,359,warm,drm:specialized,1,1,86214,0,0,0,0,0,0,not_measured,0,0,0,2,2,51,1,false,,,0
api-service,api_get_user,api_get_user_360,360,warm,drm:specialized,3,1,4644740,0,0,0,0,0,0,not_measured,0,0,1,3,3,51,1,true,fuse:api-service:transform.extract>transform.summarize,Verified,0
api-service,session_touch,session_touch_361,361,warm,drm:specialized,1,1,115556,0,0,0,0,0,0,not_measured,0,0,0,3,3,51,1,false,,,0
api-service,api_get_user,api_get_user_362,362,warm,drm:specialized,1,1,1502974,0,0,0,0,0,0,not_measured,0,0,1,3,3,51,1,false,,,0
api-service,session_touch,session_touch_363,363,warm,drm:specialized,1,1,102665,0,0,0,0,0,0,not_measured,0,0,0,3,3,51,1,false,,,0
api-service,api_get_user,api_get_user_364,364,warm,drm:specialized,1,1,2013492,0,0,0,0,0,0,not_measured,0,0,1,3,3,51,1,true,fuse:api-service:transform.extract>transform.summarize,Permanent,0
api-service,session_touch,session_touch_365,365,warm,drm:specialized,1,1,348494,0,0,0,0,0,0,not_measured,0,0,0,3,3,51,1,false,,,0
api-service,api_get_user,api_get_user_366,366,warm,drm:specialized,1,1,1783862,0,0,0,0,0,0,not_measured,0,0,1,3,3,51,1,true,fuse:api-service:transform.extract>transform.summarize,Permanent,0
api-service,session_touch,session_touch_367,367,warm,drm:specialized,1,1,96647,0,0,0,0,0,0,not_measured,0,0,0,3,3,51,1,false,,,0
api-service,api_get_user,api_get_user_368,368,warm,drm:specialized,1,1,2060365,0,0,0,0,0,0,not_measured,0,0,1,3,3,51,1,true,fuse:api-service:transform.extract>transform.summarize,Permanent,0
api-service,session_touch,session_touch_369,369,warm,drm:specialized,1,1,180517,0,0,0,0,0,0,not_measured,0,0,0,3,3,51,1,false,,,0
api-service,api_get_user,api_get_user_370,370,warm,drm:specialized,1,1,1947544,0,0,0,0,0,0,not_measured,0,0,1,3,3,51,1,true,fuse:api-service:transform.extract>transform.summarize,Permanent,0
api-service,session_touch,session_touch_371,371,warm,drm:specialized,1,1,123167,0,0,0,0,0,0,not_measured,0,0,0,3,3,51,1,false,,,0
api-service,api_get_user,api_get_user_372,372,warm,drm:specialized,1,1,1993567,0,0,0,0,0,0,not_measured,0,0,1,3,3,51,1,true,fuse:api-service:transform.extract>transform.summarize,Permanent,0
api-service,session_touch,session_touch_373,373,warm,drm:specialized,1,1,143662,0,0,0,0,0,0,not_measured,0,0,0,3,3,51,1,false,,,0
api-service,api_get_user,api_get_user_374,374,warm,drm:specialized,1,1,2007076,0,0,0,0,0,0,not_measured,0,0,1,3,3,51,1,false,,,0
api-service,session_touch,session_touch_375,375,warm,drm:specialized,1,1,98410,0,0,0,0,0,0,not_measured,0,0,0,3,3,51,1,false,,,0
api-service,api_get_user,api_get_user_376,376,warm,drm:specialized,1,1,1991112,0,0,0,0,0,0,not_measured,0,0,1,3,3,51,1,true,fuse:api-service:transform.extract>transform.summarize,Permanent,0
api-service,session_touch,session_touch_377,377,warm,drm:specialized,1,1,90645,0,0,0,0,0,0,not_measured,0,0,0,3,3,51,1,false,,,0
report-worker,daily_report,daily_report_378,378,warm,drm:specialized,1,1,100054,0,0,0,0,0,0,not_measured,0,0,0,5,1,51,1,true,fuse:report-worker:transform.extract>transform.summarize,Verified,0
report-worker,archive_check,archive_check_379,379,warm,drm:specialized,1,1,2380620,0,0,0,0,0,0,not_measured,1,0,0,5,1,51,1,true,fuse:report-worker:transform.summarize,Verified,0
report-worker,daily_report,daily_report_380,380,warm,drm:specialized,1,1,2887761,0,0,0,0,0,0,not_measured,0,0,0,6,2,51,1,true,read-avoid:report-worker:inputs/report_2.csv+fuse:report-worker:transform.extract>transform.summarize,,0
report-worker,archive_check,archive_check_381,381,warm,drm:specialized,1,1,2515669,0,0,0,0,0,0,not_measured,1,0,0,6,2,51,1,false,,,0
report-worker,daily_report,daily_report_382,382,warm,drm:specialized,1,1,84028,0,0,0,0,0,0,not_measured,0,0,0,6,2,51,1,true,fuse:report-worker:transform.extract>transform.summarize,Verified,0
report-worker,archive_check,archive_check_383,383,warm,drm:specialized,1,1,2555113,0,0,0,0,0,0,not_measured,1,0,0,6,2,51,1,false,,,0
report-worker,daily_report,daily_report_384,384,warm,drm:specialized,1,1,159224,0,0,0,0,0,0,not_measured,0,0,0,6,2,51,1,true,fuse:report-worker:transform.extract>transform.summarize,Verified,0
report-worker,archive_check,archive_check_385,385,warm,drm:specialized,1,1,1924534,0,0,0,0,0,0,not_measured,1,0,0,6,2,51,1,true,fuse:report-worker:transform.summarize,Verified,0
report-worker,daily_report,daily_report_386,386,warm,drm:specialized,1,1,92116,0,0,0,0,0,0,not_measured,0,0,0,6,2,51,1,true,fuse:report-worker:transform.extract>transform.summarize,Verified,0
report-worker,archive_check,archive_check_387,387,warm,drm:specialized,1,1,1775966,0,0,0,0,0,0,not_measured,1,0,0,6,2,51,1,true,fuse:report-worker:transform.summarize,Verified,0
report-worker,daily_report,daily_report_388,388,warm,drm:specialized,1,1,167818,0,0,0,0,0,0,not_measured,0,0,0,6,2,51,1,true,read-avoid:report-worker:inputs/report_3.csv,Verified,0
report-worker,archive_check,archive_check_389,389,warm,drm:specialized,1,1,1792773,0,0,0,0,0,0,not_measured,1,0,0,6,2,51,1,true,fuse:report-worker:transform.summarize,Verified,0
report-worker,daily_report,daily_report_390,390,warm,drm:specialized,1,1,116328,0,0,0,0,0,0,not_measured,0,0,0,6,2,51,1,true,read-avoid:report-worker:inputs/report_13.csv+fuse:report-worker:transform.extract>transform.summarize,,0
report-worker,archive_check,archive_check_391,391,warm,drm:specialized,1,1,2327196,0,0,0,0,0,0,not_measured,1,0,0,6,2,51,1,true,fuse:report-worker:transform.summarize,Verified,0
report-worker,daily_report,daily_report_392,392,warm,drm:specialized,1,1,102814,0,0,0,0,0,0,not_measured,0,0,0,6,2,51,1,true,fuse:report-worker:transform.extract>transform.summarize,Permanent,0
report-worker,archive_check,archive_check_393,393,warm,drm:specialized,1,1,1889280,0,0,0,0,0,0,not_measured,1,0,0,6,2,51,1,true,fuse:report-worker:transform.summarize,Verified,0
report-worker,daily_report,daily_report_394,394,warm,drm:specialized,1,1,127774,0,0,0,0,0,0,not_measured,0,0,0,6,2,51,1,true,read-avoid:report-worker:inputs/report_6.csv+fuse:report-worker:transform.extract>transform.summarize,,0
report-worker,archive_check,archive_check_395,395,warm,drm:specialized,1,1,1859995,0,0,0,0,0,0,not_measured,1,0,0,6,2,51,1,false,,,0
report-worker,daily_report,daily_report_396,396,warm,drm:specialized,1,1,225481,0,0,0,0,0,0,not_measured,0,0,0,6,2,51,1,true,fuse:report-worker:transform.extract>transform.summarize,Permanent,0
report-worker,archive_check,archive_check_397,397,warm,drm:specialized,1,1,1811449,0,0,0,0,0,0,not_measured,1,0,0,6,2,51,1,true,fuse:report-worker:transform.summarize,Verified,0
report-worker,daily_report,daily_report_398,398,warm,drm:specialized,1,1,105150,0,0,0,0,0,0,not_measured,0,0,0,6,2,51,1,true,read-avoid:report-worker:inputs/report_9.csv+fuse:report-worker:transform.extract>transform.summarize,,0
report-worker,archive_check,archive_check_399,399,warm,drm:specialized,1,1,1983611,0,0,0,0,0,0,not_measured,1,0,0,6,2,51,1,true,fuse:report-worker:transform.summarize,Verified,0
report-worker,daily_report,daily_report_400,400,warm,drm:specialized,1,1,4738342,0,0,0,0,0,0,not_measured,0,0,0,6,3,51,1,true,read-avoid:report-worker:inputs/report_14.csv,Verified,0
report-worker,archive_check,archive_check_401,401,warm,drm:specialized,1,1,1969562,0,0,0,0,0,0,not_measured,1,0,0,6,3,51,1,true,fuse:report-worker:transform.summarize,Verified,0
report-worker,daily_report,daily_report_402,402,warm,drm:specialized,1,1,97736,0,0,0,0,0,0,not_measured,0,0,0,6,3,51,1,true,read-avoid:report-worker:inputs/report_14.csv+fuse:report-worker:transform.extract>transform.summarize,,0
report-worker,archive_check,archive_check_403,403,warm,drm:specialized,1,1,2314146,0,0,0,0,0,0,not_measured,1,0,0,6,3,51,1,true,fuse:report-worker:transform.summarize,Verified,0
report-worker,daily_report,daily_report_404,404,warm,drm:specialized,1,1,98107,0,0,0,0,0,0,not_measured,0,0,0,6,3,51,1,true,read-avoid:report-worker:inputs/report_14.csv+fuse:report-worker:transform.extract>transform.summarize,,0
report-worker,archive_check,archive_check_405,405,warm,drm:specialized,1,1,1787853,0,0,0,0,0,0,not_measured,1,0,0,6,3,51,1,true,fuse:report-worker:transform.summarize,Verified,0
report-worker,daily_report,daily_report_406,406,warm,drm:specialized,1,1,87545,0,0,0,0,0,0,not_measured,0,0,0,6,3,51,1,true,read-avoid:report-worker:inputs/report_4.csv+fuse:report-worker:transform.extract>transform.summarize,,0
report-worker,archive_check,archive_check_407,407,warm,drm:specialized,1,1,1743175,0,0,0,0,0,0,not_measured,1,0,0,6,3,51,1,false,,,0
build-worker,checksum_artifact,checksum_artifact_408,408,warm,drm:specialized,2,1,2040877,0,0,0,0,0,0,not_measured,1,0,0,3,4,51,1,true,fuse:build-worker:transform.summarize,Verified,0
build-worker,stage_output,stage_output_409,409,warm,drm:specialized,1,1,131575,0,0,0,0,0,0,not_measured,0,0,0,3,4,51,1,true,fuse:build-worker:transform.extract>transform.summarize,Verified,0
build-worker,checksum_artifact,checksum_artifact_410,410,warm,drm:specialized,2,1,1950863,0,0,0,0,0,0,not_measured,1,0,0,3,4,51,1,true,fuse:build-worker:transform.summarize,Verified,0
build-worker,stage_output,stage_output_411,411,warm,drm:specialized,1,1,84487,0,0,0,0,0,0,not_measured,0,0,0,3,4,51,1,true,fuse:build-worker:transform.extract>transform.summarize,Verified,0
build-worker,checksum_artifact,checksum_artifact_412,412,warm,drm:specialized,2,1,1951512,0,0,0,0,0,0,not_measured,1,0,0,3,4,51,1,true,fuse:build-worker:transform.summarize,Verified,0
build-worker,stage_output,stage_output_413,413,warm,drm:specialized,1,1,79918,0,0,0,0,0,0,not_measured,0,0,0,3,4,51,1,true,read-avoid:build-worker:inputs/report_3.csv+fuse:build-worker:transform.extract>transform.summarize,,0
build-worker,checksum_artifact,checksum_artifact_414,414,warm,drm:specialized,2,1,1889642,0,0,0,0,0,0,not_measured,1,0,0,3,4,51,1,true,fuse:build-worker:transform.summarize,Verified,0
build-worker,stage_output,stage_output_415,415,warm,drm:specialized,1,1,90730,0,0,0,0,0,0,not_measured,0,0,0,3,4,51,1,true,fuse:build-worker:transform.extract>transform.summarize,Verified,0
build-worker,checksum_artifact,checksum_artifact_416,416,warm,drm:specialized,2,1,1940199,0,0,0,0,0,0,not_measured,1,0,0,3,4,51,1,false,,,0
build-worker,stage_output,stage_output_417,417,warm,drm:specialized,1,1,80807,0,0,0,0,0,0,not_measured,0,0,0,3,4,51,1,true,fuse:build-worker:transform.extract>transform.summarize,Verified,0
build-worker,checksum_artifact,checksum_artifact_418,418,warm,drm:specialized,2,1,1865827,0,0,0,0,0,0,not_measured,1,0,0,3,4,51,1,true,fuse:build-worker:transform.summarize,Verified,0
build-worker,stage_output,stage_output_419,419,warm,drm:specialized,1,1,163802,0,0,0,0,0,0,not_measured,0,0,0,3,4,51,1,false,,,0
build-worker,checksum_artifact,checksum_artifact_420,420,warm,drm:specialized,2,1,2471277,0,0,0,0,0,0,not_measured,1,0,0,4,5,51,1,false,,,0
build-worker,stage_output,stage_output_421,421,warm,drm:specialized,1,1,91716,0,0,0,0,0,0,not_measured,0,0,0,4,5,51,1,true,fuse:build-worker:transform.extract>transform.summarize,Verified,0
build-worker,checksum_artifact,checksum_artifact_422,422,warm,drm:specialized,1,1,2444279,0,0,0,0,0,0,not_measured,1,0,0,4,5,51,1,true,fuse:build-worker:transform.summarize,Verified,0
build-worker,stage_output,stage_output_423,423,warm,drm:specialized,1,1,75990,0,0,0,0,0,0,not_measured,0,0,0,4,5,51,1,true,read-avoid:build-worker:inputs/report_6.csv+fuse:build-worker:transform.extract>transform.summarize,,0
build-worker,checksum_artifact,checksum_artifact_424,424,warm,drm:specialized,1,1,2149913,0,0,0,0,0,0,not_measured,1,0,0,4,5,51,1,true,fuse:build-worker:transform.summarize,Verified,0
build-worker,stage_output,stage_output_425,425,warm,drm:specialized,1,1,154548,0,0,0,0,0,0,not_measured,0,0,0,4,5,51,1,true,read-avoid:build-worker:inputs/report_9.csv+fuse:build-worker:transform.extract>transform.summarize,,0
build-worker,checksum_artifact,checksum_artifact_426,426,warm,drm:specialized,1,1,2493334,0,0,0,0,0,0,not_measured,1,0,0,4,5,51,1,true,fuse:build-worker:transform.summarize,Verified,0
build-worker,stage_output,stage_output_427,427,warm,drm:specialized,1,1,116373,0,0,0,0,0,0,not_measured,0,0,0,4,5,52,1,false,,,0
build-worker,checksum_artifact,checksum_artifact_428,428,warm,drm:specialized,1,1,2257967,0,0,0,0,0,0,not_measured,1,0,0,4,5,52,1,true,fuse:build-worker:transform.summarize,Verified,0
build-worker,stage_output,stage_output_429,429,warm,drm:specialized,1,1,92642,0,0,0,0,0,0,not_measured,0,0,0,4,5,52,1,true,read-avoid:build-worker:inputs/report_9.csv+fuse:build-worker:transform.extract>transform.summarize,,0
build-worker,checksum_artifact,checksum_artifact_430,430,warm,drm:specialized,1,1,2403396,0,0,0,0,0,0,not_measured,1,0,0,4,5,52,1,false,,,0
build-worker,stage_output,stage_output_431,431,warm,drm:specialized,1,1,157729,0,0,0,0,0,0,not_measured,0,0,0,4,5,52,1,true,fuse:build-worker:transform.extract>transform.summarize,Verified,0
build-worker,checksum_artifact,checksum_artifact_432,432,warm,drm:specialized,1,1,1740309,0,0,0,0,0,0,not_measured,1,0,0,4,5,52,1,false,,,0
build-worker,stage_output,stage_output_433,433,warm,drm:specialized,1,1,86812,0,0,0,0,0,0,not_measured,0,0,0,4,5,52,1,true,read-avoid:build-worker:inputs/report_0.csv,Verified,0
build-worker,checksum_artifact,checksum_artifact_434,434,warm,drm:specialized,1,1,2270714,0,0,0,0,0,0,not_measured,1,0,0,4,5,52,1,true,fuse:build-worker:transform.summarize,Verified,0
build-worker,stage_output,stage_output_435,435,warm,drm:specialized,1,1,75441,0,0,0,0,0,0,not_measured,0,0,0,4,5,52,1,true,read-avoid:build-worker:inputs/report_14.csv+fuse:build-worker:transform.extract>transform.summarize,,0
build-worker,checksum_artifact,checksum_artifact_436,436,warm,drm:specialized,1,1,2292757,0,0,0,0,0,0,not_measured,1,0,0,4,5,52,1,true,fuse:build-worker:transform.summarize,Verified,0
build-worker,stage_output,stage_output_437,437,warm,drm:specialized,1,1,251122,0,0,0,0,0,0,not_measured,0,0,0,4,5,52,1,true,fuse:build-worker:transform.extract>transform.summarize,Verified,0
job-processor,dequeue_notify,dequeue_notify_438,438,warm,drm:specialized,4,1,879094,0,0,0,0,0,0,not_measured,0,1,0,2,2,52,1,true,fuse:job-processor:transform.summarize,Verified,0
job-processor,heartbeat,heartbeat_439,439,warm,drm:specialized,1,1,2170582,0,0,0,0,0,0,not_measured,0,0,0,2,2,52,1,false,,,0
job-processor,dequeue_notify,dequeue_notify_440,440,warm,drm:specialized,4,1,4196076,0,0,0,0,0,0,not_measured,0,1,0,3,3,52,1,false,,,0
job-processor,heartbeat,heartbeat_441,441,warm,drm:specialized,1,1,2158079,0,0,0,0,0,0,not_measured,0,0,0,3,3,52,1,false,,,0
job-processor,dequeue_notify,dequeue_notify_442,442,warm,drm:specialized,1,1,1788890,0,0,0,0,0,0,not_measured,0,1,0,3,3,52,1,true,fuse:job-processor:transform.summarize,Verified,0
job-processor,heartbeat,heartbeat_443,443,warm,drm:specialized,1,1,2144622,0,0,0,0,0,0,not_measured,0,0,0,3,3,52,1,false,,,0
job-processor,dequeue_notify,dequeue_notify_444,444,warm,drm:specialized,1,1,2015039,0,0,0,0,0,0,not_measured,0,1,0,3,3,52,1,true,read-avoid:job-processor:inputs/report_15.csv+fuse:job-processor:transform.summarize,,0
job-processor,heartbeat,heartbeat_445,445,warm,drm:specialized,1,1,2394785,0,0,0,0,0,0,not_measured,0,0,0,3,3,52,1,false,,,0
job-processor,dequeue_notify,dequeue_notify_446,446,warm,drm:specialized,1,1,1774639,0,0,0,0,0,0,not_measured,0,1,0,3,3,52,1,true,fuse:job-processor:transform.summarize,Verified,0
job-processor,heartbeat,heartbeat_447,447,warm,drm:specialized,1,1,2359677,0,0,0,0,0,0,not_measured,0,0,0,3,3,52,1,false,,,0
job-processor,dequeue_notify,dequeue_notify_448,448,warm,drm:specialized,1,1,2035122,0,0,0,0,0,0,not_measured,0,1,0,3,3,52,1,true,fuse:job-processor:transform.summarize,Verified,0
job-processor,heartbeat,heartbeat_449,449,warm,drm:specialized,1,1,2141580,0,0,0,0,0,0,not_measured,0,0,0,3,3,52,1,false,,,0
job-processor,dequeue_notify,dequeue_notify_450,450,warm,drm:specialized,1,1,1838042,0,0,0,0,0,0,not_measured,0,1,0,3,3,52,1,true,fuse:job-processor:transform.summarize,Verified,0
job-processor,heartbeat,heartbeat_451,451,warm,drm:specialized,1,1,2252489,0,0,0,0,0,0,not_measured,0,0,0,3,3,52,1,false,,,0
job-processor,dequeue_notify,dequeue_notify_452,452,warm,drm:specialized,1,1,2044265,0,0,0,0,0,0,not_measured,0,1,0,3,3,52,1,false,,,0
job-processor,heartbeat,heartbeat_453,453,warm,drm:specialized,1,1,2374718,0,0,0,0,0,0,not_measured,0,0,0,3,3,52,1,false,,,0
job-processor,dequeue_notify,dequeue_notify_454,454,warm,drm:specialized,1,1,1741812,0,0,0,0,0,0,not_measured,0,1,0,3,3,52,1,true,read-avoid:job-processor:inputs/report_0.csv+fuse:job-processor:transform.summarize,,0
job-processor,heartbeat,heartbeat_455,455,warm,drm:specialized,1,1,2309966,0,0,0,0,0,0,not_measured,0,0,0,3,3,52,1,false,,,0
job-processor,dequeue_notify,dequeue_notify_456,456,warm,drm:specialized,1,1,1841307,0,0,0,0,0,0,not_measured,0,1,0,3,3,52,1,true,fuse:job-processor:transform.summarize,Verified,0
job-processor,heartbeat,heartbeat_457,457,warm,drm:specialized,1,1,2314768,0,0,0,0,0,0,not_measured,0,0,0,3,3,52,1,false,,,0
job-processor,dequeue_notify,dequeue_notify_458,458,warm,drm:specialized,1,1,1889838,0,0,0,0,0,0,not_measured,0,1,0,3,3,52,1,true,read-avoid:job-processor:inputs/report_10.csv+fuse:job-processor:transform.summarize,,0
job-processor,heartbeat,heartbeat_459,459,warm,drm:specialized,1,1,2264207,0,0,0,0,0,0,not_measured,0,0,0,3,3,52,1,false,,,0
job-processor,dequeue_notify,dequeue_notify_460,460,warm,drm:specialized,1,1,2945454,0,0,0,0,0,0,not_measured,0,1,0,3,4,52,1,true,fuse:job-processor:transform.summarize,Verified,0
job-processor,heartbeat,heartbeat_461,461,warm,drm:specialized,1,1,2405164,0,0,0,0,0,0,not_measured,0,0,0,3,4,52,1,false,,,0
job-processor,dequeue_notify,dequeue_notify_462,462,warm,drm:specialized,1,1,1043842,0,0,0,0,0,0,not_measured,0,1,0,3,4,52,1,true,read-avoid:job-processor:inputs/report_3.csv+fuse:job-processor:transform.summarize,,0
job-processor,heartbeat,heartbeat_463,463,warm,drm:specialized,1,1,2171161,0,0,0,0,0,0,not_measured,0,0,0,3,4,52,1,false,,,0
job-processor,dequeue_notify,dequeue_notify_464,464,warm,drm:specialized,1,1,1976914,0,0,0,0,0,0,not_measured,0,1,0,3,4,52,1,true,read-avoid:job-processor:inputs/report_10.csv,Verified,0
job-processor,heartbeat,heartbeat_465,465,warm,drm:specialized,1,1,2518079,0,0,0,0,0,0,not_measured,0,0,0,3,4,52,1,false,,,0
job-processor,dequeue_notify,dequeue_notify_466,466,warm,drm:specialized,1,1,1619759,0,0,0,0,0,0,not_measured,0,1,0,3,4,52,1,true,read-avoid:job-processor:inputs/report_3.csv+fuse:job-processor:transform.summarize,,0
job-processor,heartbeat,heartbeat_467,467,warm,drm:specialized,1,1,2266144,0,0,0,0,0,0,not_measured,0,0,0,3,4,52,1,false,,,0
build-worker,stage_output,stage_output_411,468,warm,drm:specialized,1,0,282210,0,0,0,0,0,0,not_measured,0,0,0,4,6,52,0,true,read-avoid:build-worker:inputs/report_15.csv+fuse:build-worker:transform.extract>transform.summarize,,0
build-worker,checksum_artifact,checksum_artifact_183,469,warm,drm:specialized,1,0,2541090,0,0,0,0,0,0,not_measured,1,0,0,4,6,52,0,true,fuse:build-worker:transform.summarize,Verified,0
report-worker,daily_report,daily_report_113,470,warm,drm:specialized,1,0,128106,0,0,0,0,0,0,not_measured,0,0,0,6,4,52,0,true,fuse:report-worker:transform.extract>transform.summarize,Permanent,0
build-worker,stage_output,stage_output_204,471,warm,drm:specialized,1,0,93262,0,0,0,0,0,0,not_measured,0,0,0,4,6,52,0,true,read-avoid:build-worker:inputs/report_6.csv+fuse:build-worker:transform.extract>transform.summarize,,0
api-service,api_get_user,api_get_user_376,472,warm,drm:specialized,1,0,1002685,0,0,0,0,0,0,not_measured,0,0,1,3,3,52,0,true,fuse:api-service:transform.extract>transform.summarize,Permanent,0
build-worker,stage_output,stage_output_200,473,warm,drm:specialized,1,0,233321,0,0,0,0,0,0,not_measured,0,0,0,4,6,52,0,true,read-avoid:build-worker:inputs/report_0.csv+fuse:build-worker:transform.extract>transform.summarize,,0
api-service,api_get_user,api_get_user_65,474,warm,drm:specialized,1,0,1922338,0,0,0,0,0,0,not_measured,0,0,1,3,3,52,0,true,fuse:api-service:transform.extract>transform.summarize,Permanent,0
job-processor,dequeue_notify,dequeue_notify_283,475,warm,drm:specialized,1,0,2067898,0,0,0,0,0,0,not_measured,0,1,0,3,4,52,0,true,fuse:job-processor:transform.summarize,Verified,0
api-service,api_get_user,api_get_user_67,476,warm,drm:specialized,1,0,2200217,0,0,0,0,0,0,not_measured,0,0,1,3,3,52,0,true,fuse:api-service:transform.extract>transform.summarize,Permanent,0
job-processor,heartbeat,heartbeat_320,477,warm,drm:specialized,1,0,2260425,0,0,0,0,0,0,not_measured,0,0,0,3,4,52,0,false,,,0
report-worker,daily_report,daily_report_119,478,warm,drm:specialized,1,0,151011,0,0,0,0,0,0,not_measured,0,0,0,6,4,52,0,true,read-avoid:report-worker:inputs/report_13.csv+fuse:report-worker:transform.extract>transform.summarize,,0
api-service,api_get_user,api_get_user_372,479,warm,drm:specialized,1,0,1845072,0,0,0,0,0,0,not_measured,0,0,1,3,3,52,0,true,fuse:api-service:transform.extract>transform.summarize,Permanent,0
api-service,session_touch,session_touch_365,480,warm,drm:specialized,1,0,514945,0,0,0,0,0,0,not_measured,0,0,0,3,3,52,0,false,,,0
report-worker,archive_check,archive_check_168,481,warm,drm:specialized,1,0,2949851,0,0,0,0,0,0,not_measured,1,0,0,6,4,52,0,true,fuse:report-worker:transform.summarize,Verified,0
api-service,session_touch,session_touch_62,482,warm,drm:specialized,1,0,125297,0,0,0,0,0,0,not_measured,0,0,0,3,3,52,0,false,,,0
api-service,api_get_user,api_get_user_27,483,warm,drm:specialized,1,0,598080,0,0,0,0,0,0,not_measured,0,0,1,3,3,52,0,false,,,0
build-worker,checksum_artifact,checksum_artifact_418,484,warm,drm:specialized,1,0,2251324,0,0,0,0,0,0,not_measured,1,0,0,4,6,52,0,true,fuse:build-worker:transform.summarize,Verified,0
job-processor,dequeue_notify,dequeue_notify_251,485,warm,drm:specialized,1,0,1595088,0,0,0,0,0,0,not_measured,0,1,0,3,4,52,0,true,read-avoid:job-processor:inputs/report_15.csv+fuse:job-processor:transform.summarize,,0
report-worker,archive_check,archive_check_114,486,warm,drm:specialized,1,0,2148027,0,0,0,0,0,0,not_measured,1,0,0,6,4,52,0,true,fuse:report-worker:transform.summarize,Verified,0
report-worker,daily_report,daily_report_121,487,warm,drm:specialized,1,0,186817,0,0,0,0,0,0,not_measured,0,0,0,6,4,52,0,true,read-avoid:report-worker:inputs/report_7.csv,Verified,0
report-worker,daily_report,daily_report_93,488,warm,drm:specialized,1,0,152049,0,0,0,0,0,0,not_measured,0,0,0,6,4,52,0,true,read-avoid:report-worker:inputs/report_0.csv+fuse:report-worker:transform.extract>transform.summarize,,0
job-processor,heartbeat,heartbeat_320,489,warm,drm:specialized,1,0,2182016,0,0,0,0,0,0,not_measured,0,0,0,3,4,52,0,false,,,0
build-worker,checksum_artifact,checksum_artifact_221,490,warm,drm:specialized,1,0,2558228,0,0,0,0,0,0,not_measured,1,0,0,4,6,52,0,true,fuse:build-worker:transform.summarize,Verified,0
job-processor,dequeue_notify,dequeue_notify_267,491,warm,drm:specialized,1,0,988202,0,0,0,0,0,0,not_measured,0,1,0,3,4,52,0,true,read-avoid:job-processor:inputs/report_6.csv+fuse:job-processor:transform.summarize,,0
api-service,session_touch,session_touch_20,492,warm,drm:specialized,1,0,99100,0,0,0,0,0,0,not_measured,0,0,0,3,3,52,0,false,,,0
api-service,noise,noise_468,493,cold,drm:specialized,2,1,47615,0,0,0,0,0,0,not_measured,0,0,0,3,3,53,1,false,,,0
api-service,noise,noise_469,494,warm,drm:specialized,2,1,18533,0,0,0,0,0,0,not_measured,0,0,0,3,3,53,1,false,,,0
api-service,noise,noise_470,495,warm,drm:specialized,2,1,51808,0,0,0,0,0,0,not_measured,0,0,0,3,3,53,1,false,,,0
api-service,noise,noise_471,496,warm,drm:specialized,2,1,4208872,0,0,0,0,0,0,not_measured,0,0,0,3,3,53,1,false,,,0
api-service,noise,noise_472,497,warm,drm:specialized,2,1,4227048,0,0,0,0,0,0,not_measured,0,0,2,3,3,53,1,false,,,0
api-service,noise,noise_473,498,warm,drm:specialized,2,1,3770609,0,0,0,0,0,0,not_measured,0,2,0,3,3,53,1,false,,,0
api-service,noise,noise_474,499,warm,drm:specialized,2,1,4535728,0,0,0,0,0,0,not_measured,2,0,0,3,3,53,1,false,,,0
api-service,noise,noise_475,500,warm,drm:specialized,2,1,105611,0,0,0,0,0,0,not_measured,0,0,0,3,3,53,1,false,,,0
api-service,noise,noise_476,501,warm,drm:specialized,2,1,349005,0,0,0,0,0,0,not_measured,0,0,0,3,3,53,1,false,,,0
api-service,noise,noise_477,502,warm,drm:specialized,2,1,25521,0,0,0,0,0,0,not_measured,0,0,0,3,3,53,1,false,,,0
api-service,noise,noise_478,503,warm,drm:specialized,3,1,38837,0,0,0,0,0,0,not_measured,0,0,0,3,3,54,1,false,,,0
api-service,noise,noise_479,504,warm,drm:specialized,3,1,28961,0,0,0,0,0,0,not_measured,0,0,0,3,3,54,1,false,,,0
api-service,noise,noise_480,505,warm,drm:specialized,3,1,87852,0,0,0,0,0,0,not_measured,0,0,0,3,3,54,1,false,,,0
api-service,noise,noise_481,506,warm,drm:specialized,3,1,6449302,0,0,0,0,0,0,not_measured,0,0,0,3,3,54,1,false,,,0
api-service,noise,noise_482,507,warm,drm:specialized,3,1,5628384,0,0,0,0,0,0,not_measured,0,0,3,3,3,54,1,false,,,0
api-service,noise,noise_483,508,warm,drm:specialized,3,1,5738116,0,0,0,0,0,0,not_measured,0,3,0,3,3,54,1,false,,,0
api-service,noise,noise_484,509,warm,drm:specialized,3,1,6597758,0,0,0,0,0,0,not_measured,3,0,0,3,3,54,1,false,,,0
api-service,noise,noise_485,510,warm,drm:specialized,3,1,27657,0,0,0,0,0,0,not_measured,0,0,0,3,3,54,1,false,,,0
api-service,noise,noise_486,511,warm,drm:specialized,3,1,394287,0,0,0,0,0,0,not_measured,0,0,0,3,3,54,1,false,,,0
api-service,noise,noise_487,512,warm,drm:specialized,3,1,61351,0,0,0,0,0,0,not_measured,0,0,0,3,3,54,1,false,,,0
