engine,application_id,workload_id,occurrence_index,wall_time_ns,warmth
BASELINE_0_stateless,api-service,api_get_user,1,2429100,cold
BASELINE_0_stateless,api-service,session_touch,1,47620,cold
BASELINE_0_stateless,api-service,api_get_user,2,1951668,warm
BASELINE_0_stateless,api-service,session_touch,2,135770,warm
BASELINE_0_stateless,api-service,api_get_user,3,2199257,warm
BASELINE_0_stateless,api-service,session_touch,3,101464,warm
BASELINE_0_stateless,api-service,api_get_user,4,1975521,warm
BASELINE_0_stateless,api-service,session_touch,4,76532,warm
BASELINE_0_stateless,api-service,api_get_user,5,2090850,warm
BASELINE_0_stateless,api-service,session_touch,5,74366,warm
BASELINE_0_stateless,api-service,api_get_user,6,2063241,warm
BASELINE_0_stateless,api-service,session_touch,6,96914,warm
BASELINE_0_stateless,api-service,api_get_user,7,2054363,warm
BASELINE_0_stateless,api-service,session_touch,7,96445,warm
BASELINE_0_stateless,api-service,api_get_user,8,2021518,warm
BASELINE_0_stateless,api-service,session_touch,8,139545,warm
BASELINE_0_stateless,api-service,api_get_user,9,1971520,warm
BASELINE_0_stateless,api-service,session_touch,9,94721,warm
BASELINE_0_stateless,api-service,api_get_user,10,2029070,warm
BASELINE_0_stateless,api-service,session_touch,10,97751,warm
BASELINE_0_stateless,api-service,api_get_user,11,2032071,warm
BASELINE_0_stateless,api-service,session_touch,11,97679,warm
BASELINE_0_stateless,api-service,api_get_user,12,2161172,warm
BASELINE_0_stateless,api-service,session_touch,12,89375,warm
BASELINE_0_stateless,api-service,api_get_user,13,2031356,warm
BASELINE_0_stateless,api-service,session_touch,13,88877,warm
BASELINE_0_stateless,api-service,api_get_user,14,2042944,warm
BASELINE_0_stateless,api-service,session_touch,14,100841,warm
BASELINE_0_stateless,api-service,api_get_user,15,2028355,warm
BASELINE_0_stateless,api-service,session_touch,15,92562,warm
BASELINE_0_stateless,api-service,api_get_user,16,2013630,warm
BASELINE_0_stateless,api-service,session_touch,16,92810,warm
BASELINE_0_stateless,api-service,api_get_user,17,2032286,warm
BASELINE_0_stateless,api-service,session_touch,17,112049,warm
BASELINE_0_stateless,api-service,api_get_user,18,2068568,warm
BASELINE_0_stateless,api-service,session_touch,18,107229,warm
BASELINE_0_stateless,api-service,api_get_user,19,1961846,warm
BASELINE_0_stateless,api-service,session_touch,19,98946,warm
BASELINE_0_stateless,api-service,api_get_user,20,2082052,warm
BASELINE_0_stateless,api-service,session_touch,20,102521,warm
BASELINE_0_stateless,api-service,api_get_user,21,1963784,warm
BASELINE_0_stateless,api-service,session_touch,21,95213,warm
BASELINE_0_stateless,api-service,api_get_user,22,2021223,warm
BASELINE_0_stateless,api-service,session_touch,22,90500,warm
BASELINE_0_stateless,api-service,api_get_user,23,2026752,warm
BASELINE_0_stateless,api-service,session_touch,23,96081,warm
BASELINE_0_stateless,api-service,api_get_user,24,2053091,warm
BASELINE_0_stateless,api-service,session_touch,24,162325,warm
BASELINE_0_stateless,api-service,api_get_user,25,2060160,warm
BASELINE_0_stateless,api-service,session_touch,25,96407,warm
BASELINE_0_stateless,api-service,api_get_user,26,1970313,warm
BASELINE_0_stateless,api-service,session_touch,26,95368,warm
BASELINE_0_stateless,api-service,api_get_user,27,2350544,warm
BASELINE_0_stateless,api-service,session_touch,27,63642,warm
BASELINE_0_stateless,api-service,api_get_user,28,2136228,warm
BASELINE_0_stateless,api-service,session_touch,28,145038,warm
BASELINE_0_stateless,api-service,api_get_user,29,1961051,warm
BASELINE_0_stateless,api-service,session_touch,29,142459,warm
BASELINE_0_stateless,api-service,api_get_user,30,1880368,warm
BASELINE_0_stateless,api-service,session_touch,30,99890,warm
BASELINE_0_stateless,api-service,api_get_user,31,2003971,warm
BASELINE_0_stateless,api-service,session_touch,31,96251,warm
BASELINE_0_stateless,api-service,api_get_user,32,2012866,warm
BASELINE_0_stateless,api-service,session_touch,32,110271,warm
BASELINE_0_stateless,api-service,api_get_user,33,2008957,warm
BASELINE_0_stateless,api-service,session_touch,33,90816,warm
BASELINE_0_stateless,api-service,api_get_user,34,2035479,warm
BASELINE_0_stateless,api-service,session_touch,34,98604,warm
BASELINE_0_stateless,api-service,api_get_user,35,2022566,warm
BASELINE_0_stateless,api-service,session_touch,35,103900,warm
BASELINE_0_stateless,api-service,api_get_user,36,2069036,warm
BASELINE_0_stateless,api-service,session_touch,36,135332,warm
BASELINE_0_stateless,api-service,api_get_user,37,1921488,warm
BASELINE_0_stateless,api-service,session_touch,37,89248,warm
BASELINE_0_stateless,api-service,api_get_user,38,2034448,warm
BASELINE_0_stateless,api-service,session_touch,38,89627,warm
BASELINE_0_stateless,api-service,api_get_user,39,2045415,warm
BASELINE_0_stateless,api-service,session_touch,39,90269,warm
BASELINE_0_stateless,api-service,api_get_user,40,2038559,warm
BASELINE_0_stateless,api-service,session_touch,40,89190,warm
BASELINE_0_stateless,api-service,api_get_user,41,2094988,warm
BASELINE_0_stateless,api-service,session_touch,41,93475,warm
BASELINE_0_stateless,api-service,api_get_user,42,2175620,warm
BASELINE_0_stateless,api-service,session_touch,42,91291,warm
BASELINE_0_stateless,api-service,api_get_user,43,2044407,warm
BASELINE_0_stateless,api-service,session_touch,43,110602,warm
BASELINE_0_stateless,api-service,api_get_user,44,1991203,warm
BASELINE_0_stateless,api-service,session_touch,44,143451,warm
BASELINE_0_stateless,api-service,api_get_user,45,1961790,warm
BASELINE_0_stateless,api-service,session_touch,45,93736,warm
BASELINE_0_stateless,report-worker,daily_report,1,100705,cold
BASELINE_0_stateless,report-worker,archive_check,1,2542933,cold
BASELINE_0_stateless,report-worker,daily_report,2,67442,warm
BASELINE_0_stateless,report-worker,archive_check,2,2032599,warm
BASELINE_0_stateless,report-worker,daily_report,3,67512,warm
BASELINE_0_stateless,report-worker,archive_check,3,1878191,warm
BASELINE_0_stateless,report-worker,daily_report,4,62462,warm
BASELINE_0_stateless,report-worker,archive_check,4,1996436,warm
BASELINE_0_stateless,report-worker,daily_report,5,62990,warm
BASELINE_0_stateless,report-worker,archive_check,5,1908046,warm
BASELINE_0_stateless,report-worker,daily_report,6,67116,warm
BASELINE_0_stateless,report-worker,archive_check,6,1917464,warm
BASELINE_0_stateless,report-worker,daily_report,7,108672,warm
BASELINE_0_stateless,report-worker,archive_check,7,2391241,warm
BASELINE_0_stateless,report-worker,daily_report,8,104194,warm
BASELINE_0_stateless,report-worker,archive_check,8,1934480,warm
BASELINE_0_stateless,report-worker,daily_report,9,74087,warm
BASELINE_0_stateless,report-worker,archive_check,9,2061476,warm
BASELINE_0_stateless,report-worker,daily_report,10,66886,warm
BASELINE_0_stateless,report-worker,archive_check,10,1984960,warm
BASELINE_0_stateless,report-worker,daily_report,11,63534,warm
BASELINE_0_stateless,report-worker,archive_check,11,1817507,warm
BASELINE_0_stateless,report-worker,daily_report,12,104681,warm
BASELINE_0_stateless,report-worker,archive_check,12,1941145,warm
BASELINE_0_stateless,report-worker,daily_report,13,66306,warm
BASELINE_0_stateless,report-worker,archive_check,13,2005704,warm
BASELINE_0_stateless,report-worker,daily_report,14,82560,warm
BASELINE_0_stateless,report-worker,archive_check,14,2192940,warm
BASELINE_0_stateless,report-worker,daily_report,15,77192,warm
BASELINE_0_stateless,report-worker,archive_check,15,1853308,warm
BASELINE_0_stateless,report-worker,daily_report,16,77425,warm
BASELINE_0_stateless,report-worker,archive_check,16,1962505,warm
BASELINE_0_stateless,report-worker,daily_report,17,63966,warm
BASELINE_0_stateless,report-worker,archive_check,17,1803910,warm
BASELINE_0_stateless,report-worker,daily_report,18,64545,warm
BASELINE_0_stateless,report-worker,archive_check,18,1993054,warm
BASELINE_0_stateless,report-worker,daily_report,19,64393,warm
BASELINE_0_stateless,report-worker,archive_check,19,1885710,warm
BASELINE_0_stateless,report-worker,daily_report,20,73014,warm
BASELINE_0_stateless,report-worker,archive_check,20,1767372,warm
BASELINE_0_stateless,report-worker,daily_report,21,67801,warm
BASELINE_0_stateless,report-worker,archive_check,21,1769508,warm
BASELINE_0_stateless,report-worker,daily_report,22,122209,warm
BASELINE_0_stateless,report-worker,archive_check,22,1678113,warm
BASELINE_0_stateless,report-worker,daily_report,23,66733,warm
BASELINE_0_stateless,report-worker,archive_check,23,2027993,warm
BASELINE_0_stateless,report-worker,daily_report,24,70053,warm
BASELINE_0_stateless,report-worker,archive_check,24,2032272,warm
BASELINE_0_stateless,report-worker,daily_report,25,113629,warm
BASELINE_0_stateless,report-worker,archive_check,25,1875454,warm
BASELINE_0_stateless,report-worker,daily_report,26,114539,warm
BASELINE_0_stateless,report-worker,archive_check,26,1769536,warm
BASELINE_0_stateless,report-worker,daily_report,27,67680,warm
BASELINE_0_stateless,report-worker,archive_check,27,1773222,warm
BASELINE_0_stateless,report-worker,daily_report,28,82933,warm
BASELINE_0_stateless,report-worker,archive_check,28,1764436,warm
BASELINE_0_stateless,report-worker,daily_report,29,66728,warm
BASELINE_0_stateless,report-worker,archive_check,29,1893386,warm
BASELINE_0_stateless,report-worker,daily_report,30,67448,warm
BASELINE_0_stateless,report-worker,archive_check,30,1947192,warm
BASELINE_0_stateless,report-worker,daily_report,31,67875,warm
BASELINE_0_stateless,report-worker,archive_check,31,2017480,warm
BASELINE_0_stateless,report-worker,daily_report,32,124660,warm
BASELINE_0_stateless,report-worker,archive_check,32,1937614,warm
BASELINE_0_stateless,report-worker,daily_report,33,84375,warm
BASELINE_0_stateless,report-worker,archive_check,33,1847025,warm
BASELINE_0_stateless,report-worker,daily_report,34,70162,warm
BASELINE_0_stateless,report-worker,archive_check,34,1828712,warm
BASELINE_0_stateless,report-worker,daily_report,35,68395,warm
BASELINE_0_stateless,report-worker,archive_check,35,1692293,warm
BASELINE_0_stateless,report-worker,daily_report,36,93973,warm
BASELINE_0_stateless,report-worker,archive_check,36,2028471,warm
BASELINE_0_stateless,report-worker,daily_report,37,65644,warm
BASELINE_0_stateless,report-worker,archive_check,37,1739802,warm
BASELINE_0_stateless,report-worker,daily_report,38,91194,warm
BASELINE_0_stateless,report-worker,archive_check,38,1738786,warm
BASELINE_0_stateless,report-worker,daily_report,39,69326,warm
BASELINE_0_stateless,report-worker,archive_check,39,1861280,warm
BASELINE_0_stateless,report-worker,daily_report,40,66004,warm
BASELINE_0_stateless,report-worker,archive_check,40,1818691,warm
BASELINE_0_stateless,build-worker,checksum_artifact,1,1785584,cold
BASELINE_0_stateless,build-worker,stage_output,1,124291,cold
BASELINE_0_stateless,build-worker,checksum_artifact,2,1762840,warm
BASELINE_0_stateless,build-worker,stage_output,2,66241,warm
BASELINE_0_stateless,build-worker,checksum_artifact,3,1733629,warm
BASELINE_0_stateless,build-worker,stage_output,3,65992,warm
BASELINE_0_stateless,build-worker,checksum_artifact,4,1801986,warm
BASELINE_0_stateless,build-worker,stage_output,4,80555,warm
BASELINE_0_stateless,build-worker,checksum_artifact,5,1745870,warm
BASELINE_0_stateless,build-worker,stage_output,5,139083,warm
BASELINE_0_stateless,build-worker,checksum_artifact,6,1707889,warm
BASELINE_0_stateless,build-worker,stage_output,6,69500,warm
BASELINE_0_stateless,build-worker,checksum_artifact,7,1850230,warm
BASELINE_0_stateless,build-worker,stage_output,7,70124,warm
BASELINE_0_stateless,build-worker,checksum_artifact,8,1952201,warm
BASELINE_0_stateless,build-worker,stage_output,8,66831,warm
BASELINE_0_stateless,build-worker,checksum_artifact,9,1801783,warm
BASELINE_0_stateless,build-worker,stage_output,9,75598,warm
BASELINE_0_stateless,build-worker,checksum_artifact,10,1823036,warm
BASELINE_0_stateless,build-worker,stage_output,10,78843,warm
BASELINE_0_stateless,build-worker,checksum_artifact,11,1849005,warm
BASELINE_0_stateless,build-worker,stage_output,11,67345,warm
BASELINE_0_stateless,build-worker,checksum_artifact,12,1973985,warm
BASELINE_0_stateless,build-worker,stage_output,12,63257,warm
BASELINE_0_stateless,build-worker,checksum_artifact,13,1938253,warm
BASELINE_0_stateless,build-worker,stage_output,13,76246,warm
BASELINE_0_stateless,build-worker,checksum_artifact,14,1970917,warm
BASELINE_0_stateless,build-worker,stage_output,14,80260,warm
BASELINE_0_stateless,build-worker,checksum_artifact,15,1809830,warm
BASELINE_0_stateless,build-worker,stage_output,15,68022,warm
BASELINE_0_stateless,build-worker,checksum_artifact,16,1932831,warm
BASELINE_0_stateless,build-worker,stage_output,16,69223,warm
BASELINE_0_stateless,build-worker,checksum_artifact,17,2056584,warm
BASELINE_0_stateless,build-worker,stage_output,17,93632,warm
BASELINE_0_stateless,build-worker,checksum_artifact,18,2291664,warm
BASELINE_0_stateless,build-worker,stage_output,18,84505,warm
BASELINE_0_stateless,build-worker,checksum_artifact,19,1743932,warm
BASELINE_0_stateless,build-worker,stage_output,19,95088,warm
BASELINE_0_stateless,build-worker,checksum_artifact,20,1742860,warm
BASELINE_0_stateless,build-worker,stage_output,20,134133,warm
BASELINE_0_stateless,build-worker,checksum_artifact,21,1737431,warm
BASELINE_0_stateless,build-worker,stage_output,21,70918,warm
BASELINE_0_stateless,build-worker,checksum_artifact,22,1944543,warm
BASELINE_0_stateless,build-worker,stage_output,22,66952,warm
BASELINE_0_stateless,build-worker,checksum_artifact,23,1765626,warm
BASELINE_0_stateless,build-worker,stage_output,23,84364,warm
BASELINE_0_stateless,build-worker,checksum_artifact,24,1782211,warm
BASELINE_0_stateless,build-worker,stage_output,24,128270,warm
BASELINE_0_stateless,build-worker,checksum_artifact,25,1787781,warm
BASELINE_0_stateless,build-worker,stage_output,25,138153,warm
BASELINE_0_stateless,build-worker,checksum_artifact,26,1868204,warm
BASELINE_0_stateless,build-worker,stage_output,26,71497,warm
BASELINE_0_stateless,build-worker,checksum_artifact,27,1881342,warm
BASELINE_0_stateless,build-worker,stage_output,27,69201,warm
BASELINE_0_stateless,build-worker,checksum_artifact,28,1848318,warm
BASELINE_0_stateless,build-worker,stage_output,28,126210,warm
BASELINE_0_stateless,build-worker,checksum_artifact,29,1767405,warm
BASELINE_0_stateless,build-worker,stage_output,29,70500,warm
BASELINE_0_stateless,build-worker,checksum_artifact,30,1779362,warm
BASELINE_0_stateless,build-worker,stage_output,30,72325,warm
BASELINE_0_stateless,build-worker,checksum_artifact,31,1933415,warm
BASELINE_0_stateless,build-worker,stage_output,31,68674,warm
BASELINE_0_stateless,build-worker,checksum_artifact,32,1870726,warm
BASELINE_0_stateless,build-worker,stage_output,32,66402,warm
BASELINE_0_stateless,build-worker,checksum_artifact,33,1988146,warm
BASELINE_0_stateless,build-worker,stage_output,33,69458,warm
BASELINE_0_stateless,build-worker,checksum_artifact,34,1950736,warm
BASELINE_0_stateless,build-worker,stage_output,34,69632,warm
BASELINE_0_stateless,build-worker,checksum_artifact,35,1936475,warm
BASELINE_0_stateless,build-worker,stage_output,35,77678,warm
BASELINE_0_stateless,job-processor,dequeue_notify,1,894478,cold
BASELINE_0_stateless,job-processor,heartbeat,1,2163446,cold
BASELINE_0_stateless,job-processor,dequeue_notify,2,2031301,warm
BASELINE_0_stateless,job-processor,heartbeat,2,2148094,warm
BASELINE_0_stateless,job-processor,dequeue_notify,3,2051471,warm
BASELINE_0_stateless,job-processor,heartbeat,3,2161930,warm
BASELINE_0_stateless,job-processor,dequeue_notify,4,2044973,warm
BASELINE_0_stateless,job-processor,heartbeat,4,2137936,warm
BASELINE_0_stateless,job-processor,dequeue_notify,5,2119089,warm
BASELINE_0_stateless,job-processor,heartbeat,5,2163775,warm
BASELINE_0_stateless,job-processor,dequeue_notify,6,2020435,warm
BASELINE_0_stateless,job-processor,heartbeat,6,2119061,warm
BASELINE_0_stateless,job-processor,dequeue_notify,7,2068435,warm
BASELINE_0_stateless,job-processor,heartbeat,7,2111279,warm
BASELINE_0_stateless,job-processor,dequeue_notify,8,2110563,warm
BASELINE_0_stateless,job-processor,heartbeat,8,2133310,warm
BASELINE_0_stateless,job-processor,dequeue_notify,9,2064926,warm
BASELINE_0_stateless,job-processor,heartbeat,9,2125917,warm
BASELINE_0_stateless,job-processor,dequeue_notify,10,2069882,warm
BASELINE_0_stateless,job-processor,heartbeat,10,2125793,warm
BASELINE_0_stateless,job-processor,dequeue_notify,11,2071535,warm
BASELINE_0_stateless,job-processor,heartbeat,11,2151862,warm
BASELINE_0_stateless,job-processor,dequeue_notify,12,2091697,warm
BASELINE_0_stateless,job-processor,heartbeat,12,2123383,warm
BASELINE_0_stateless,job-processor,dequeue_notify,13,2061056,warm
BASELINE_0_stateless,job-processor,heartbeat,13,2114594,warm
BASELINE_0_stateless,job-processor,dequeue_notify,14,2065724,warm
BASELINE_0_stateless,job-processor,heartbeat,14,2403608,warm
BASELINE_0_stateless,job-processor,dequeue_notify,15,1866959,warm
BASELINE_0_stateless,job-processor,heartbeat,15,2268542,warm
BASELINE_0_stateless,job-processor,dequeue_notify,16,1859785,warm
BASELINE_0_stateless,job-processor,heartbeat,16,2207733,warm
BASELINE_0_stateless,job-processor,dequeue_notify,17,2104158,warm
BASELINE_0_stateless,job-processor,heartbeat,17,2155085,warm
BASELINE_0_stateless,job-processor,dequeue_notify,18,2033211,warm
BASELINE_0_stateless,job-processor,heartbeat,18,2170663,warm
BASELINE_0_stateless,job-processor,dequeue_notify,19,2117153,warm
BASELINE_0_stateless,job-processor,heartbeat,19,2121625,warm
BASELINE_0_stateless,job-processor,dequeue_notify,20,2097489,warm
BASELINE_0_stateless,job-processor,heartbeat,20,2240752,warm
BASELINE_0_stateless,job-processor,dequeue_notify,21,1827495,warm
BASELINE_0_stateless,job-processor,heartbeat,21,2220779,warm
BASELINE_0_stateless,job-processor,dequeue_notify,22,1947357,warm
BASELINE_0_stateless,job-processor,heartbeat,22,2156350,warm
BASELINE_0_stateless,job-processor,dequeue_notify,23,2035793,warm
BASELINE_0_stateless,job-processor,heartbeat,23,2123617,warm
BASELINE_0_stateless,job-processor,dequeue_notify,24,2070628,warm
BASELINE_0_stateless,job-processor,heartbeat,24,2195076,warm
BASELINE_0_stateless,job-processor,dequeue_notify,25,2068177,warm
BASELINE_0_stateless,job-processor,heartbeat,25,2167299,warm
BASELINE_0_stateless,job-processor,dequeue_notify,26,1979874,warm
BASELINE_0_stateless,job-processor,heartbeat,26,2123875,warm
BASELINE_0_stateless,job-processor,dequeue_notify,27,2058379,warm
BASELINE_0_stateless,job-processor,heartbeat,27,2350725,warm
BASELINE_0_stateless,job-processor,dequeue_notify,28,1897239,warm
BASELINE_0_stateless,job-processor,heartbeat,28,2171687,warm
BASELINE_0_stateless,job-processor,dequeue_notify,29,1404880,warm
BASELINE_0_stateless,job-processor,heartbeat,29,2205413,warm
BASELINE_0_stateless,job-processor,dequeue_notify,30,1464387,warm
BASELINE_0_stateless,job-processor,heartbeat,30,2249098,warm
BASELINE_0_stateless,job-processor,dequeue_notify,31,1890944,warm
BASELINE_0_stateless,job-processor,heartbeat,31,2220712,warm
BASELINE_0_stateless,job-processor,dequeue_notify,32,2102101,warm
BASELINE_0_stateless,job-processor,heartbeat,32,2180615,warm
BASELINE_0_stateless,job-processor,dequeue_notify,33,2028613,warm
BASELINE_0_stateless,job-processor,heartbeat,33,2263421,warm
BASELINE_0_stateless,job-processor,dequeue_notify,34,1921617,warm
BASELINE_0_stateless,job-processor,heartbeat,34,2167790,warm
BASELINE_0_stateless,job-processor,dequeue_notify,35,1994275,warm
BASELINE_0_stateless,job-processor,heartbeat,35,2155973,warm
BASELINE_0_stateless,job-processor,dequeue_notify,36,2052464,warm
BASELINE_0_stateless,job-processor,heartbeat,36,2203878,warm
BASELINE_0_stateless,job-processor,dequeue_notify,37,2028805,warm
BASELINE_0_stateless,job-processor,heartbeat,37,2131023,warm
BASELINE_0_stateless,job-processor,dequeue_notify,38,2054772,warm
BASELINE_0_stateless,job-processor,heartbeat,38,2121415,warm
BASELINE_0_stateless,job-processor,dequeue_notify,39,2161270,warm
BASELINE_0_stateless,job-processor,heartbeat,39,2389156,warm
BASELINE_0_stateless,job-processor,dequeue_notify,40,1942679,warm
BASELINE_0_stateless,job-processor,heartbeat,40,2175524,warm
BASELINE_0_stateless,report-worker,daily_report,41,166087,warm
BASELINE_0_stateless,report-worker,daily_report,42,75643,warm
BASELINE_0_stateless,report-worker,daily_report,43,66799,warm
BASELINE_0_stateless,report-worker,daily_report,44,64870,warm
BASELINE_0_stateless,report-worker,daily_report,45,65152,warm
BASELINE_0_stateless,report-worker,daily_report,46,64488,warm
BASELINE_0_stateless,report-worker,daily_report,47,61985,warm
BASELINE_0_stateless,report-worker,daily_report,48,62680,warm
BASELINE_0_stateless,report-worker,daily_report,49,61554,warm
BASELINE_0_stateless,report-worker,daily_report,50,64589,warm
BASELINE_0_stateless,report-worker,daily_report,51,60926,warm
BASELINE_0_stateless,report-worker,daily_report,52,66361,warm
BASELINE_0_stateless,report-worker,daily_report,53,65581,warm
BASELINE_0_stateless,report-worker,daily_report,54,57170,warm
BASELINE_0_stateless,report-worker,daily_report,55,91730,warm
BASELINE_0_stateless,report-worker,daily_report,56,60018,warm
BASELINE_0_stateless,report-worker,daily_report,57,61171,warm
BASELINE_0_stateless,report-worker,daily_report,58,62749,warm
BASELINE_0_stateless,report-worker,daily_report,59,61813,warm
BASELINE_0_stateless,report-worker,daily_report,60,58861,warm
BASELINE_0_stateless,report-worker,daily_report,61,65224,warm
BASELINE_0_stateless,report-worker,daily_report,62,59330,warm
BASELINE_0_stateless,report-worker,daily_report,63,60114,warm
BASELINE_0_stateless,report-worker,daily_report,64,57833,warm
BASELINE_0_stateless,report-worker,daily_report,65,62650,warm
BASELINE_0_stateless,report-worker,daily_report,66,68994,warm
BASELINE_0_stateless,report-worker,daily_report,67,63399,warm
BASELINE_0_stateless,api-service,api_get_user,46,386608,warm
BASELINE_0_stateless,api-service,session_touch,46,100606,warm
BASELINE_0_stateless,api-service,api_get_user,47,2042356,warm
BASELINE_0_stateless,api-service,session_touch,47,96383,warm
BASELINE_0_stateless,api-service,api_get_user,48,2012093,warm
BASELINE_0_stateless,api-service,session_touch,48,96008,warm
BASELINE_0_stateless,api-service,api_get_user,49,2029310,warm
BASELINE_0_stateless,api-service,session_touch,49,95641,warm
BASELINE_0_stateless,api-service,api_get_user,50,2018592,warm
BASELINE_0_stateless,api-service,session_touch,50,164490,warm
BASELINE_0_stateless,api-service,api_get_user,51,1998058,warm
BASELINE_0_stateless,api-service,session_touch,51,101535,warm
BASELINE_0_stateless,api-service,api_get_user,52,2007831,warm
BASELINE_0_stateless,api-service,session_touch,52,97951,warm
BASELINE_0_stateless,api-service,api_get_user,53,2020889,warm
BASELINE_0_stateless,api-service,session_touch,53,94469,warm
BASELINE_0_stateless,api-service,api_get_user,54,2048114,warm
BASELINE_0_stateless,api-service,session_touch,54,95367,warm
BASELINE_0_stateless,api-service,api_get_user,55,2037552,warm
BASELINE_0_stateless,api-service,session_touch,55,94085,warm
BASELINE_0_stateless,api-service,api_get_user,56,2022194,warm
BASELINE_0_stateless,api-service,session_touch,56,99277,warm
BASELINE_0_stateless,api-service,api_get_user,57,2027060,warm
BASELINE_0_stateless,api-service,session_touch,57,120191,warm
BASELINE_0_stateless,api-service,api_get_user,58,2013656,warm
BASELINE_0_stateless,api-service,session_touch,58,93795,warm
BASELINE_0_stateless,api-service,api_get_user,59,2016213,warm
BASELINE_0_stateless,api-service,session_touch,59,94330,warm
BASELINE_0_stateless,api-service,api_get_user,60,2033174,warm
BASELINE_0_stateless,api-service,session_touch,60,93832,warm
BASELINE_0_stateless,report-worker,daily_report,68,81523,warm
BASELINE_0_stateless,report-worker,archive_check,41,2219258,warm
BASELINE_0_stateless,report-worker,daily_report,69,82976,warm
BASELINE_0_stateless,report-worker,archive_check,42,2336266,warm
BASELINE_0_stateless,report-worker,daily_report,70,74623,warm
BASELINE_0_stateless,report-worker,archive_check,43,2070118,warm
BASELINE_0_stateless,report-worker,daily_report,71,71644,warm
BASELINE_0_stateless,report-worker,archive_check,44,1733162,warm
BASELINE_0_stateless,report-worker,daily_report,72,75785,warm
BASELINE_0_stateless,report-worker,archive_check,45,1936673,warm
BASELINE_0_stateless,report-worker,daily_report,73,68722,warm
BASELINE_0_stateless,report-worker,archive_check,46,1842623,warm
BASELINE_0_stateless,report-worker,daily_report,74,125080,warm
BASELINE_0_stateless,report-worker,archive_check,47,1921559,warm
BASELINE_0_stateless,report-worker,daily_report,75,69029,warm
BASELINE_0_stateless,report-worker,archive_check,48,1725488,warm
BASELINE_0_stateless,report-worker,daily_report,76,80014,warm
BASELINE_0_stateless,report-worker,archive_check,49,2096331,warm
BASELINE_0_stateless,report-worker,daily_report,77,70598,warm
BASELINE_0_stateless,report-worker,archive_check,50,1864081,warm
BASELINE_0_stateless,report-worker,daily_report,78,71492,warm
BASELINE_0_stateless,report-worker,archive_check,51,1930918,warm
BASELINE_0_stateless,report-worker,daily_report,79,76245,warm
BASELINE_0_stateless,report-worker,archive_check,52,1750099,warm
BASELINE_0_stateless,report-worker,daily_report,80,75797,warm
BASELINE_0_stateless,report-worker,archive_check,53,1919073,warm
BASELINE_0_stateless,report-worker,daily_report,81,73484,warm
BASELINE_0_stateless,report-worker,archive_check,54,1680156,warm
BASELINE_0_stateless,report-worker,daily_report,82,93625,warm
BASELINE_0_stateless,report-worker,archive_check,55,1825115,warm
BASELINE_0_stateless,build-worker,checksum_artifact,36,1849915,warm
BASELINE_0_stateless,build-worker,stage_output,36,69927,warm
BASELINE_0_stateless,build-worker,checksum_artifact,37,1910574,warm
BASELINE_0_stateless,build-worker,stage_output,37,71079,warm
BASELINE_0_stateless,build-worker,checksum_artifact,38,1923837,warm
BASELINE_0_stateless,build-worker,stage_output,38,69212,warm
BASELINE_0_stateless,build-worker,checksum_artifact,39,1996242,warm
BASELINE_0_stateless,build-worker,stage_output,39,70949,warm
BASELINE_0_stateless,build-worker,checksum_artifact,40,1855994,warm
BASELINE_0_stateless,build-worker,stage_output,40,69317,warm
BASELINE_0_stateless,build-worker,checksum_artifact,41,1826493,warm
BASELINE_0_stateless,build-worker,stage_output,41,68788,warm
BASELINE_0_stateless,build-worker,checksum_artifact,42,2037490,warm
BASELINE_0_stateless,build-worker,stage_output,42,68631,warm
BASELINE_0_stateless,build-worker,checksum_artifact,43,1721368,warm
BASELINE_0_stateless,build-worker,stage_output,43,67964,warm
BASELINE_0_stateless,build-worker,checksum_artifact,44,1773215,warm
BASELINE_0_stateless,build-worker,stage_output,44,98128,warm
BASELINE_0_stateless,build-worker,checksum_artifact,45,1776285,warm
BASELINE_0_stateless,build-worker,stage_output,45,67302,warm
BASELINE_0_stateless,build-worker,checksum_artifact,46,1838937,warm
BASELINE_0_stateless,build-worker,stage_output,46,79210,warm
BASELINE_0_stateless,build-worker,checksum_artifact,47,1658541,warm
BASELINE_0_stateless,build-worker,stage_output,47,70782,warm
BASELINE_0_stateless,build-worker,checksum_artifact,48,1715491,warm
BASELINE_0_stateless,build-worker,stage_output,48,69857,warm
BASELINE_0_stateless,build-worker,checksum_artifact,49,1719461,warm
BASELINE_0_stateless,build-worker,stage_output,49,70177,warm
BASELINE_0_stateless,build-worker,checksum_artifact,50,1980446,warm
BASELINE_0_stateless,build-worker,stage_output,50,70933,warm
BASELINE_0_stateless,job-processor,dequeue_notify,41,691287,warm
BASELINE_0_stateless,job-processor,heartbeat,41,2184093,warm
BASELINE_0_stateless,job-processor,dequeue_notify,42,1956627,warm
BASELINE_0_stateless,job-processor,heartbeat,42,2353187,warm
BASELINE_0_stateless,job-processor,dequeue_notify,43,1804861,warm
BASELINE_0_stateless,job-processor,heartbeat,43,2184087,warm
BASELINE_0_stateless,job-processor,dequeue_notify,44,2191755,warm
BASELINE_0_stateless,job-processor,heartbeat,44,2192949,warm
BASELINE_0_stateless,job-processor,dequeue_notify,45,1846547,warm
BASELINE_0_stateless,job-processor,heartbeat,45,2228331,warm
BASELINE_0_stateless,job-processor,dequeue_notify,46,1954020,warm
BASELINE_0_stateless,job-processor,heartbeat,46,2474853,warm
BASELINE_0_stateless,job-processor,dequeue_notify,47,1705339,warm
BASELINE_0_stateless,job-processor,heartbeat,47,2423211,warm
BASELINE_0_stateless,job-processor,dequeue_notify,48,1844887,warm
BASELINE_0_stateless,job-processor,heartbeat,48,2225063,warm
BASELINE_0_stateless,job-processor,dequeue_notify,49,1969005,warm
BASELINE_0_stateless,job-processor,heartbeat,49,2153984,warm
BASELINE_0_stateless,job-processor,dequeue_notify,50,2026665,warm
BASELINE_0_stateless,job-processor,heartbeat,50,2178768,warm
BASELINE_0_stateless,job-processor,dequeue_notify,51,1927247,warm
BASELINE_0_stateless,job-processor,heartbeat,51,2284265,warm
BASELINE_0_stateless,job-processor,dequeue_notify,52,1991536,warm
BASELINE_0_stateless,job-processor,heartbeat,52,2127317,warm
BASELINE_0_stateless,job-processor,dequeue_notify,53,2009853,warm
BASELINE_0_stateless,job-processor,heartbeat,53,2119251,warm
BASELINE_0_stateless,job-processor,dequeue_notify,54,2068474,warm
BASELINE_0_stateless,job-processor,heartbeat,54,2124155,warm
BASELINE_0_stateless,job-processor,dequeue_notify,55,2080359,warm
BASELINE_0_stateless,job-processor,heartbeat,55,2123575,warm
BASELINE_0_stateless,build-worker,stage_output,51,132658,warm
BASELINE_0_stateless,build-worker,checksum_artifact,51,2430780,warm
BASELINE_0_stateless,report-worker,daily_report,83,99794,warm
BASELINE_0_stateless,build-worker,stage_output,52,106881,warm
BASELINE_0_stateless,api-service,api_get_user,61,2426464,warm
BASELINE_0_stateless,build-worker,stage_output,53,120238,warm
BASELINE_0_stateless,api-service,api_get_user,62,1945811,warm
BASELINE_0_stateless,job-processor,dequeue_notify,56,1152139,warm
BASELINE_0_stateless,api-service,api_get_user,63,916978,warm
BASELINE_0_stateless,job-processor,heartbeat,56,2195520,warm
BASELINE_0_stateless,report-worker,daily_report,84,163949,warm
BASELINE_0_stateless,api-service,api_get_user,64,2093568,warm
BASELINE_0_stateless,api-service,session_touch,61,146260,warm
BASELINE_0_stateless,report-worker,archive_check,56,2146182,warm
BASELINE_0_stateless,api-service,session_touch,62,137541,warm
BASELINE_0_stateless,api-service,api_get_user,65,1540758,warm
BASELINE_0_stateless,build-worker,checksum_artifact,52,1931763,warm
BASELINE_0_stateless,job-processor,dequeue_notify,57,1108842,warm
BASELINE_0_stateless,report-worker,archive_check,57,1972012,warm
BASELINE_0_stateless,report-worker,daily_report,85,183635,warm
BASELINE_0_stateless,report-worker,daily_report,86,151437,warm
BASELINE_0_stateless,job-processor,heartbeat,57,2130608,warm
BASELINE_0_stateless,build-worker,checksum_artifact,53,1854185,warm
BASELINE_0_stateless,job-processor,dequeue_notify,58,1990156,warm
BASELINE_0_stateless,api-service,session_touch,63,138398,warm
BASELINE_0_stateless,api-service,noise,1,15113,cold
BASELINE_0_stateless,api-service,noise,2,11585,warm
BASELINE_0_stateless,api-service,noise,3,41769,warm
BASELINE_0_stateless,api-service,noise,4,4311310,warm
BASELINE_0_stateless,api-service,noise,5,2753121,warm
BASELINE_0_stateless,api-service,noise,6,3028430,warm
BASELINE_0_stateless,api-service,noise,7,3523342,warm
BASELINE_0_stateless,api-service,noise,8,8764,warm
BASELINE_0_stateless,api-service,noise,9,267165,warm
BASELINE_0_stateless,api-service,noise,10,14349,warm
BASELINE_0_stateless,api-service,noise,11,15985,warm
BASELINE_0_stateless,api-service,noise,12,13490,warm
BASELINE_0_stateless,api-service,noise,13,42881,warm
BASELINE_0_stateless,api-service,noise,14,6129273,warm
BASELINE_0_stateless,api-service,noise,15,5860466,warm
BASELINE_0_stateless,api-service,noise,16,4998505,warm
BASELINE_0_stateless,api-service,noise,17,6094827,warm
BASELINE_0_stateless,api-service,noise,18,21947,warm
BASELINE_0_stateless,api-service,noise,19,553502,warm
BASELINE_0_stateless,api-service,noise,20,27316,warm
BASELINE_1_exact_cache,api-service,api_get_user,1,2252025,cold
BASELINE_1_exact_cache,api-service,session_touch,1,23409,cold
BASELINE_1_exact_cache,api-service,api_get_user,2,2086733,warm
BASELINE_1_exact_cache,api-service,session_touch,2,90898,warm
BASELINE_1_exact_cache,api-service,api_get_user,3,2034017,warm
BASELINE_1_exact_cache,api-service,session_touch,3,95267,warm
BASELINE_1_exact_cache,api-service,api_get_user,4,1995166,warm
BASELINE_1_exact_cache,api-service,session_touch,4,74347,warm
BASELINE_1_exact_cache,api-service,api_get_user,5,1962928,warm
BASELINE_1_exact_cache,api-service,session_touch,5,72515,warm
BASELINE_1_exact_cache,api-service,api_get_user,6,2029423,warm
BASELINE_1_exact_cache,api-service,session_touch,6,145469,warm
BASELINE_1_exact_cache,api-service,api_get_user,7,1982989,warm
BASELINE_1_exact_cache,api-service,session_touch,7,114040,warm
BASELINE_1_exact_cache,api-service,api_get_user,8,2176138,warm
BASELINE_1_exact_cache,api-service,session_touch,8,107424,warm
BASELINE_1_exact_cache,api-service,api_get_user,9,1813427,warm
BASELINE_1_exact_cache,api-service,session_touch,9,77279,warm
BASELINE_1_exact_cache,api-service,api_get_user,10,2017565,warm
BASELINE_1_exact_cache,api-service,session_touch,10,122944,warm
BASELINE_1_exact_cache,api-service,api_get_user,11,2055122,warm
BASELINE_1_exact_cache,api-service,session_touch,11,67776,warm
BASELINE_1_exact_cache,api-service,api_get_user,12,2029312,warm
BASELINE_1_exact_cache,api-service,session_touch,12,70197,warm
BASELINE_1_exact_cache,api-service,api_get_user,13,2056106,warm
BASELINE_1_exact_cache,api-service,session_touch,13,118426,warm
BASELINE_1_exact_cache,api-service,api_get_user,14,2018791,warm
BASELINE_1_exact_cache,api-service,session_touch,14,71351,warm
BASELINE_1_exact_cache,api-service,api_get_user,15,2056462,warm
BASELINE_1_exact_cache,api-service,session_touch,15,70895,warm
BASELINE_1_exact_cache,api-service,api_get_user,16,2058520,warm
BASELINE_1_exact_cache,api-service,session_touch,16,135067,warm
BASELINE_1_exact_cache,api-service,api_get_user,17,2062521,warm
BASELINE_1_exact_cache,api-service,session_touch,17,52988,warm
BASELINE_1_exact_cache,api-service,api_get_user,18,1970553,warm
BASELINE_1_exact_cache,api-service,session_touch,18,72448,warm
BASELINE_1_exact_cache,api-service,api_get_user,19,2007461,warm
BASELINE_1_exact_cache,api-service,session_touch,19,71049,warm
BASELINE_1_exact_cache,api-service,api_get_user,20,2066995,warm
BASELINE_1_exact_cache,api-service,session_touch,20,90189,warm
BASELINE_1_exact_cache,api-service,api_get_user,21,2032632,warm
BASELINE_1_exact_cache,api-service,session_touch,21,151268,warm
BASELINE_1_exact_cache,api-service,api_get_user,22,1957980,warm
BASELINE_1_exact_cache,api-service,session_touch,22,261802,warm
BASELINE_1_exact_cache,api-service,api_get_user,23,1900181,warm
BASELINE_1_exact_cache,api-service,session_touch,23,180372,warm
BASELINE_1_exact_cache,api-service,api_get_user,24,1972603,warm
BASELINE_1_exact_cache,api-service,session_touch,24,234737,warm
BASELINE_1_exact_cache,api-service,api_get_user,25,1869692,warm
BASELINE_1_exact_cache,api-service,session_touch,25,103473,warm
BASELINE_1_exact_cache,api-service,api_get_user,26,1896395,warm
BASELINE_1_exact_cache,api-service,session_touch,26,120392,warm
BASELINE_1_exact_cache,api-service,api_get_user,27,2016680,warm
BASELINE_1_exact_cache,api-service,session_touch,27,152438,warm
BASELINE_1_exact_cache,api-service,api_get_user,28,1976178,warm
BASELINE_1_exact_cache,api-service,session_touch,28,121101,warm
BASELINE_1_exact_cache,api-service,api_get_user,29,1986639,warm
BASELINE_1_exact_cache,api-service,session_touch,29,99167,warm
BASELINE_1_exact_cache,api-service,api_get_user,30,2031783,warm
BASELINE_1_exact_cache,api-service,session_touch,30,75768,warm
BASELINE_1_exact_cache,api-service,api_get_user,31,2006592,warm
BASELINE_1_exact_cache,api-service,session_touch,31,269180,warm
BASELINE_1_exact_cache,api-service,api_get_user,32,1801167,warm
BASELINE_1_exact_cache,api-service,session_touch,32,112252,warm
BASELINE_1_exact_cache,api-service,api_get_user,33,2009094,warm
BASELINE_1_exact_cache,api-service,session_touch,33,74659,warm
BASELINE_1_exact_cache,api-service,api_get_user,34,2010897,warm
BASELINE_1_exact_cache,api-service,session_touch,34,75604,warm
BASELINE_1_exact_cache,api-service,api_get_user,35,2100398,warm
BASELINE_1_exact_cache,api-service,session_touch,35,182545,warm
BASELINE_1_exact_cache,api-service,api_get_user,36,1886502,warm
BASELINE_1_exact_cache,api-service,session_touch,36,110690,warm
BASELINE_1_exact_cache,api-service,api_get_user,37,2068155,warm
BASELINE_1_exact_cache,api-service,session_touch,37,94647,warm
BASELINE_1_exact_cache,api-service,api_get_user,38,2010595,warm
BASELINE_1_exact_cache,api-service,session_touch,38,88490,warm
BASELINE_1_exact_cache,api-service,api_get_user,39,2017518,warm
BASELINE_1_exact_cache,api-service,session_touch,39,75772,warm
BASELINE_1_exact_cache,api-service,api_get_user,40,2033395,warm
BASELINE_1_exact_cache,api-service,session_touch,40,78177,warm
BASELINE_1_exact_cache,api-service,api_get_user,41,2169173,warm
BASELINE_1_exact_cache,api-service,session_touch,41,73861,warm
BASELINE_1_exact_cache,api-service,api_get_user,42,2092701,warm
BASELINE_1_exact_cache,api-service,session_touch,42,74721,warm
BASELINE_1_exact_cache,api-service,api_get_user,43,2032528,warm
BASELINE_1_exact_cache,api-service,session_touch,43,78432,warm
BASELINE_1_exact_cache,api-service,api_get_user,44,2038384,warm
BASELINE_1_exact_cache,api-service,session_touch,44,73368,warm
BASELINE_1_exact_cache,api-service,api_get_user,45,2045429,warm
BASELINE_1_exact_cache,api-service,session_touch,45,73833,warm
BASELINE_1_exact_cache,report-worker,daily_report,1,58005,cold
BASELINE_1_exact_cache,report-worker,archive_check,1,2265812,cold
BASELINE_1_exact_cache,report-worker,daily_report,2,46011,warm
BASELINE_1_exact_cache,report-worker,archive_check,2,2042656,warm
BASELINE_1_exact_cache,report-worker,daily_report,3,131571,warm
BASELINE_1_exact_cache,report-worker,archive_check,3,1739704,warm
BASELINE_1_exact_cache,report-worker,daily_report,4,42721,warm
BASELINE_1_exact_cache,report-worker,archive_check,4,2026799,warm
BASELINE_1_exact_cache,report-worker,daily_report,5,68838,warm
BASELINE_1_exact_cache,report-worker,archive_check,5,1852732,warm
BASELINE_1_exact_cache,report-worker,daily_report,6,106378,warm
BASELINE_1_exact_cache,report-worker,archive_check,6,2168256,warm
BASELINE_1_exact_cache,report-worker,daily_report,7,58591,warm
BASELINE_1_exact_cache,report-worker,archive_check,7,1935315,warm
BASELINE_1_exact_cache,report-worker,daily_report,8,55767,warm
BASELINE_1_exact_cache,report-worker,archive_check,8,1950787,warm
BASELINE_1_exact_cache,report-worker,daily_report,9,46911,warm
BASELINE_1_exact_cache,report-worker,archive_check,9,1905839,warm
BASELINE_1_exact_cache,report-worker,daily_report,10,51536,warm
BASELINE_1_exact_cache,report-worker,archive_check,10,2019592,warm
BASELINE_1_exact_cache,report-worker,daily_report,11,55543,warm
BASELINE_1_exact_cache,report-worker,archive_check,11,1937448,warm
BASELINE_1_exact_cache,report-worker,daily_report,12,73127,warm
BASELINE_1_exact_cache,report-worker,archive_check,12,1688150,warm
BASELINE_1_exact_cache,report-worker,daily_report,13,54964,warm
BASELINE_1_exact_cache,report-worker,archive_check,13,2054168,warm
BASELINE_1_exact_cache,report-worker,daily_report,14,47450,warm
BASELINE_1_exact_cache,report-worker,archive_check,14,1709806,warm
BASELINE_1_exact_cache,report-worker,daily_report,15,52276,warm
BASELINE_1_exact_cache,report-worker,archive_check,15,2034962,warm
BASELINE_1_exact_cache,report-worker,daily_report,16,59194,warm
BASELINE_1_exact_cache,report-worker,archive_check,16,2048760,warm
BASELINE_1_exact_cache,report-worker,daily_report,17,51259,warm
BASELINE_1_exact_cache,report-worker,archive_check,17,1832532,warm
BASELINE_1_exact_cache,report-worker,daily_report,18,50291,warm
BASELINE_1_exact_cache,report-worker,archive_check,18,1932249,warm
BASELINE_1_exact_cache,report-worker,daily_report,19,47608,warm
BASELINE_1_exact_cache,report-worker,archive_check,19,1691424,warm
BASELINE_1_exact_cache,report-worker,daily_report,20,148187,warm
BASELINE_1_exact_cache,report-worker,archive_check,20,1757056,warm
BASELINE_1_exact_cache,report-worker,daily_report,21,46972,warm
BASELINE_1_exact_cache,report-worker,archive_check,21,2189563,warm
BASELINE_1_exact_cache,report-worker,daily_report,22,74273,warm
BASELINE_1_exact_cache,report-worker,archive_check,22,1813919,warm
BASELINE_1_exact_cache,report-worker,daily_report,23,56746,warm
BASELINE_1_exact_cache,report-worker,archive_check,23,1990488,warm
BASELINE_1_exact_cache,report-worker,daily_report,24,58295,warm
BASELINE_1_exact_cache,report-worker,archive_check,24,1675929,warm
BASELINE_1_exact_cache,report-worker,daily_report,25,119115,warm
BASELINE_1_exact_cache,report-worker,archive_check,25,1978353,warm
BASELINE_1_exact_cache,report-worker,daily_report,26,58720,warm
BASELINE_1_exact_cache,report-worker,archive_check,26,1739221,warm
BASELINE_1_exact_cache,report-worker,daily_report,27,48690,warm
BASELINE_1_exact_cache,report-worker,archive_check,27,1752623,warm
BASELINE_1_exact_cache,report-worker,daily_report,28,53716,warm
BASELINE_1_exact_cache,report-worker,archive_check,28,2145881,warm
BASELINE_1_exact_cache,report-worker,daily_report,29,144600,warm
BASELINE_1_exact_cache,report-worker,archive_check,29,1767978,warm
BASELINE_1_exact_cache,report-worker,daily_report,30,46688,warm
BASELINE_1_exact_cache,report-worker,archive_check,30,1955150,warm
BASELINE_1_exact_cache,report-worker,daily_report,31,161914,warm
BASELINE_1_exact_cache,report-worker,archive_check,31,1853030,warm
BASELINE_1_exact_cache,report-worker,daily_report,32,134541,warm
BASELINE_1_exact_cache,report-worker,archive_check,32,1707568,warm
BASELINE_1_exact_cache,report-worker,daily_report,33,51772,warm
BASELINE_1_exact_cache,report-worker,archive_check,33,2007797,warm
BASELINE_1_exact_cache,report-worker,daily_report,34,54374,warm
BASELINE_1_exact_cache,report-worker,archive_check,34,2001719,warm
BASELINE_1_exact_cache,report-worker,daily_report,35,295116,warm
BASELINE_1_exact_cache,report-worker,archive_check,35,1790643,warm
BASELINE_1_exact_cache,report-worker,daily_report,36,57785,warm
BASELINE_1_exact_cache,report-worker,archive_check,36,1799309,warm
BASELINE_1_exact_cache,report-worker,daily_report,37,98490,warm
BASELINE_1_exact_cache,report-worker,archive_check,37,1821843,warm
BASELINE_1_exact_cache,report-worker,daily_report,38,51370,warm
BASELINE_1_exact_cache,report-worker,archive_check,38,1828539,warm
BASELINE_1_exact_cache,report-worker,daily_report,39,59066,warm
BASELINE_1_exact_cache,report-worker,archive_check,39,1745448,warm
BASELINE_1_exact_cache,report-worker,daily_report,40,45803,warm
BASELINE_1_exact_cache,report-worker,archive_check,40,1825803,warm
BASELINE_1_exact_cache,build-worker,checksum_artifact,1,1720763,cold
BASELINE_1_exact_cache,build-worker,stage_output,1,169310,cold
BASELINE_1_exact_cache,build-worker,checksum_artifact,2,1747322,warm
BASELINE_1_exact_cache,build-worker,stage_output,2,54750,warm
BASELINE_1_exact_cache,build-worker,checksum_artifact,3,1731044,warm
BASELINE_1_exact_cache,build-worker,stage_output,3,47610,warm
BASELINE_1_exact_cache,build-worker,checksum_artifact,4,2074054,warm
BASELINE_1_exact_cache,build-worker,stage_output,4,46781,warm
BASELINE_1_exact_cache,build-worker,checksum_artifact,5,1878743,warm
BASELINE_1_exact_cache,build-worker,stage_output,5,44812,warm
BASELINE_1_exact_cache,build-worker,checksum_artifact,6,2025237,warm
BASELINE_1_exact_cache,build-worker,stage_output,6,53284,warm
BASELINE_1_exact_cache,build-worker,checksum_artifact,7,1898190,warm
BASELINE_1_exact_cache,build-worker,stage_output,7,66646,warm
BASELINE_1_exact_cache,build-worker,checksum_artifact,8,1963959,warm
BASELINE_1_exact_cache,build-worker,stage_output,8,55679,warm
BASELINE_1_exact_cache,build-worker,checksum_artifact,9,1978814,warm
BASELINE_1_exact_cache,build-worker,stage_output,9,53361,warm
BASELINE_1_exact_cache,build-worker,checksum_artifact,10,2498630,warm
BASELINE_1_exact_cache,build-worker,stage_output,10,77504,warm
BASELINE_1_exact_cache,build-worker,checksum_artifact,11,2016337,warm
BASELINE_1_exact_cache,build-worker,stage_output,11,48863,warm
BASELINE_1_exact_cache,build-worker,checksum_artifact,12,2087059,warm
BASELINE_1_exact_cache,build-worker,stage_output,12,52663,warm
BASELINE_1_exact_cache,build-worker,checksum_artifact,13,2648919,warm
BASELINE_1_exact_cache,build-worker,stage_output,13,120599,warm
BASELINE_1_exact_cache,build-worker,checksum_artifact,14,1822158,warm
BASELINE_1_exact_cache,build-worker,stage_output,14,63525,warm
BASELINE_1_exact_cache,build-worker,checksum_artifact,15,2444254,warm
BASELINE_1_exact_cache,build-worker,stage_output,15,51196,warm
BASELINE_1_exact_cache,build-worker,checksum_artifact,16,1929545,warm
BASELINE_1_exact_cache,build-worker,stage_output,16,53126,warm
BASELINE_1_exact_cache,build-worker,checksum_artifact,17,1770695,warm
BASELINE_1_exact_cache,build-worker,stage_output,17,196150,warm
BASELINE_1_exact_cache,build-worker,checksum_artifact,18,1768027,warm
BASELINE_1_exact_cache,build-worker,stage_output,18,51702,warm
BASELINE_1_exact_cache,build-worker,checksum_artifact,19,2183987,warm
BASELINE_1_exact_cache,build-worker,stage_output,19,50418,warm
BASELINE_1_exact_cache,build-worker,checksum_artifact,20,1901717,warm
BASELINE_1_exact_cache,build-worker,stage_output,20,52413,warm
BASELINE_1_exact_cache,build-worker,checksum_artifact,21,2072057,warm
BASELINE_1_exact_cache,build-worker,stage_output,21,55602,warm
BASELINE_1_exact_cache,build-worker,checksum_artifact,22,1909655,warm
BASELINE_1_exact_cache,build-worker,stage_output,22,48995,warm
BASELINE_1_exact_cache,build-worker,checksum_artifact,23,1941137,warm
BASELINE_1_exact_cache,build-worker,stage_output,23,51261,warm
BASELINE_1_exact_cache,build-worker,checksum_artifact,24,1736058,warm
BASELINE_1_exact_cache,build-worker,stage_output,24,52335,warm
BASELINE_1_exact_cache,build-worker,checksum_artifact,25,2033200,warm
BASELINE_1_exact_cache,build-worker,stage_output,25,56403,warm
BASELINE_1_exact_cache,build-worker,checksum_artifact,26,1826692,warm
BASELINE_1_exact_cache,build-worker,stage_output,26,265793,warm
BASELINE_1_exact_cache,build-worker,checksum_artifact,27,1894578,warm
BASELINE_1_exact_cache,build-worker,stage_output,27,46634,warm
BASELINE_1_exact_cache,build-worker,checksum_artifact,28,1863058,warm
BASELINE_1_exact_cache,build-worker,stage_output,28,49114,warm
BASELINE_1_exact_cache,build-worker,checksum_artifact,29,2055363,warm
BASELINE_1_exact_cache,build-worker,stage_output,29,50150,warm
BASELINE_1_exact_cache,build-worker,checksum_artifact,30,2000008,warm
BASELINE_1_exact_cache,build-worker,stage_output,30,51854,warm
BASELINE_1_exact_cache,build-worker,checksum_artifact,31,2306113,warm
BASELINE_1_exact_cache,build-worker,stage_output,31,64390,warm
BASELINE_1_exact_cache,build-worker,checksum_artifact,32,1871774,warm
BASELINE_1_exact_cache,build-worker,stage_output,32,52355,warm
BASELINE_1_exact_cache,build-worker,checksum_artifact,33,2024673,warm
BASELINE_1_exact_cache,build-worker,stage_output,33,50829,warm
BASELINE_1_exact_cache,build-worker,checksum_artifact,34,2009364,warm
BASELINE_1_exact_cache,build-worker,stage_output,34,51003,warm
BASELINE_1_exact_cache,build-worker,checksum_artifact,35,1918150,warm
BASELINE_1_exact_cache,build-worker,stage_output,35,47629,warm
BASELINE_1_exact_cache,job-processor,dequeue_notify,1,1279467,cold
BASELINE_1_exact_cache,job-processor,heartbeat,1,2199129,cold
BASELINE_1_exact_cache,job-processor,dequeue_notify,2,1973944,warm
BASELINE_1_exact_cache,job-processor,heartbeat,2,2155426,warm
BASELINE_1_exact_cache,job-processor,dequeue_notify,3,2044614,warm
BASELINE_1_exact_cache,job-processor,heartbeat,3,2211929,warm
BASELINE_1_exact_cache,job-processor,dequeue_notify,4,1909251,warm
BASELINE_1_exact_cache,job-processor,heartbeat,4,2142920,warm
BASELINE_1_exact_cache,job-processor,dequeue_notify,5,2057983,warm
BASELINE_1_exact_cache,job-processor,heartbeat,5,2138300,warm
BASELINE_1_exact_cache,job-processor,dequeue_notify,6,2061702,warm
BASELINE_1_exact_cache,job-processor,heartbeat,6,2098046,warm
BASELINE_1_exact_cache,job-processor,dequeue_notify,7,2130124,warm
BASELINE_1_exact_cache,job-processor,heartbeat,7,2392710,warm
BASELINE_1_exact_cache,job-processor,dequeue_notify,8,1765300,warm
BASELINE_1_exact_cache,job-processor,heartbeat,8,2390328,warm
BASELINE_1_exact_cache,job-processor,dequeue_notify,9,1809261,warm
BASELINE_1_exact_cache,job-processor,heartbeat,9,2104906,warm
BASELINE_1_exact_cache,job-processor,dequeue_notify,10,2083704,warm
BASELINE_1_exact_cache,job-processor,heartbeat,10,2089690,warm
BASELINE_1_exact_cache,job-processor,dequeue_notify,11,2193460,warm
BASELINE_1_exact_cache,job-processor,heartbeat,11,2177445,warm
BASELINE_1_exact_cache,job-processor,dequeue_notify,12,1969682,warm
BASELINE_1_exact_cache,job-processor,heartbeat,12,2375023,warm
BASELINE_1_exact_cache,job-processor,dequeue_notify,13,1833627,warm
BASELINE_1_exact_cache,job-processor,heartbeat,13,2144092,warm
BASELINE_1_exact_cache,job-processor,dequeue_notify,14,1988945,warm
BASELINE_1_exact_cache,job-processor,heartbeat,14,2138221,warm
BASELINE_1_exact_cache,job-processor,dequeue_notify,15,1983564,warm
BASELINE_1_exact_cache,job-processor,heartbeat,15,2359187,warm
BASELINE_1_exact_cache,job-processor,dequeue_notify,16,1872110,warm
BASELINE_1_exact_cache,job-processor,heartbeat,16,2373248,warm
BASELINE_1_exact_cache,job-processor,dequeue_notify,17,1770616,warm
BASELINE_1_exact_cache,job-processor,heartbeat,17,2337606,warm
BASELINE_1_exact_cache,job-processor,dequeue_notify,18,1932006,warm
BASELINE_1_exact_cache,job-processor,heartbeat,18,2198269,warm
BASELINE_1_exact_cache,job-processor,dequeue_notify,19,1921115,warm
BASELINE_1_exact_cache,job-processor,heartbeat,19,2094515,warm
BASELINE_1_exact_cache,job-processor,dequeue_notify,20,2080848,warm
BASELINE_1_exact_cache,job-processor,heartbeat,20,2142221,warm
BASELINE_1_exact_cache,job-processor,dequeue_notify,21,2118776,warm
BASELINE_1_exact_cache,job-processor,heartbeat,21,2111020,warm
BASELINE_1_exact_cache,job-processor,dequeue_notify,22,2063168,warm
BASELINE_1_exact_cache,job-processor,heartbeat,22,2088643,warm
BASELINE_1_exact_cache,job-processor,dequeue_notify,23,2095961,warm
BASELINE_1_exact_cache,job-processor,heartbeat,23,2344472,warm
BASELINE_1_exact_cache,job-processor,dequeue_notify,24,1860821,warm
BASELINE_1_exact_cache,job-processor,heartbeat,24,2105613,warm
BASELINE_1_exact_cache,job-processor,dequeue_notify,25,2106949,warm
BASELINE_1_exact_cache,job-processor,heartbeat,25,2201342,warm
BASELINE_1_exact_cache,job-processor,dequeue_notify,26,1979953,warm
BASELINE_1_exact_cache,job-processor,heartbeat,26,2167669,warm
BASELINE_1_exact_cache,job-processor,dequeue_notify,27,2002285,warm
BASELINE_1_exact_cache,job-processor,heartbeat,27,2366130,warm
BASELINE_1_exact_cache,job-processor,dequeue_notify,28,1823550,warm
BASELINE_1_exact_cache,job-processor,heartbeat,28,2437882,warm
BASELINE_1_exact_cache,job-processor,dequeue_notify,29,1752050,warm
BASELINE_1_exact_cache,job-processor,heartbeat,29,2369683,warm
BASELINE_1_exact_cache,job-processor,dequeue_notify,30,1835221,warm
BASELINE_1_exact_cache,job-processor,heartbeat,30,2247853,warm
BASELINE_1_exact_cache,job-processor,dequeue_notify,31,1966510,warm
BASELINE_1_exact_cache,job-processor,heartbeat,31,2333520,warm
BASELINE_1_exact_cache,job-processor,dequeue_notify,32,1854758,warm
BASELINE_1_exact_cache,job-processor,heartbeat,32,2127820,warm
BASELINE_1_exact_cache,job-processor,dequeue_notify,33,2067103,warm
BASELINE_1_exact_cache,job-processor,heartbeat,33,2102700,warm
BASELINE_1_exact_cache,job-processor,dequeue_notify,34,2172161,warm
BASELINE_1_exact_cache,job-processor,heartbeat,34,2118376,warm
BASELINE_1_exact_cache,job-processor,dequeue_notify,35,2104996,warm
BASELINE_1_exact_cache,job-processor,heartbeat,35,2524909,warm
BASELINE_1_exact_cache,job-processor,dequeue_notify,36,1620634,warm
BASELINE_1_exact_cache,job-processor,heartbeat,36,2366552,warm
BASELINE_1_exact_cache,job-processor,dequeue_notify,37,1786677,warm
BASELINE_1_exact_cache,job-processor,heartbeat,37,2235008,warm
BASELINE_1_exact_cache,job-processor,dequeue_notify,38,1931871,warm
BASELINE_1_exact_cache,job-processor,heartbeat,38,2138774,warm
BASELINE_1_exact_cache,job-processor,dequeue_notify,39,2046414,warm
BASELINE_1_exact_cache,job-processor,heartbeat,39,2207626,warm
BASELINE_1_exact_cache,job-processor,dequeue_notify,40,1975535,warm
BASELINE_1_exact_cache,job-processor,heartbeat,40,2113307,warm
BASELINE_1_exact_cache,report-worker,daily_report,41,73743,warm
BASELINE_1_exact_cache,report-worker,daily_report,42,45748,warm
BASELINE_1_exact_cache,report-worker,daily_report,43,46282,warm
BASELINE_1_exact_cache,report-worker,daily_report,44,45887,warm
BASELINE_1_exact_cache,report-worker,daily_report,45,46124,warm
BASELINE_1_exact_cache,report-worker,daily_report,46,110095,warm
BASELINE_1_exact_cache,report-worker,daily_report,47,84228,warm
BASELINE_1_exact_cache,report-worker,daily_report,48,79836,warm
BASELINE_1_exact_cache,report-worker,daily_report,49,47321,warm
BASELINE_1_exact_cache,report-worker,daily_report,50,245952,warm
BASELINE_1_exact_cache,report-worker,daily_report,51,46221,warm
BASELINE_1_exact_cache,report-worker,daily_report,52,60181,warm
BASELINE_1_exact_cache,report-worker,daily_report,53,61719,warm
BASELINE_1_exact_cache,report-worker,daily_report,54,64691,warm
BASELINE_1_exact_cache,report-worker,daily_report,55,41906,warm
BASELINE_1_exact_cache,report-worker,daily_report,56,41190,warm
BASELINE_1_exact_cache,report-worker,daily_report,57,84883,warm
BASELINE_1_exact_cache,report-worker,daily_report,58,136545,warm
BASELINE_1_exact_cache,report-worker,daily_report,59,45064,warm
BASELINE_1_exact_cache,report-worker,daily_report,60,38818,warm
BASELINE_1_exact_cache,report-worker,daily_report,61,39727,warm
BASELINE_1_exact_cache,report-worker,daily_report,62,38279,warm
BASELINE_1_exact_cache,report-worker,daily_report,63,38408,warm
BASELINE_1_exact_cache,report-worker,daily_report,64,44019,warm
BASELINE_1_exact_cache,report-worker,daily_report,65,43992,warm
BASELINE_1_exact_cache,report-worker,daily_report,66,40642,warm
BASELINE_1_exact_cache,report-worker,daily_report,67,94831,warm
BASELINE_1_exact_cache,api-service,api_get_user,46,1785325,warm
BASELINE_1_exact_cache,api-service,session_touch,46,131333,warm
BASELINE_1_exact_cache,api-service,api_get_user,47,1996228,warm
BASELINE_1_exact_cache,api-service,session_touch,47,83204,warm
BASELINE_1_exact_cache,api-service,api_get_user,48,1990059,warm
BASELINE_1_exact_cache,api-service,session_touch,48,78863,warm
BASELINE_1_exact_cache,api-service,api_get_user,49,2033330,warm
BASELINE_1_exact_cache,api-service,session_touch,49,118512,warm
BASELINE_1_exact_cache,api-service,api_get_user,50,1998037,warm
BASELINE_1_exact_cache,api-service,session_touch,50,121143,warm
BASELINE_1_exact_cache,api-service,api_get_user,51,2014889,warm
BASELINE_1_exact_cache,api-service,session_touch,51,119353,warm
BASELINE_1_exact_cache,api-service,api_get_user,52,2246453,warm
BASELINE_1_exact_cache,api-service,session_touch,52,78830,warm
BASELINE_1_exact_cache,api-service,api_get_user,53,1816210,warm
BASELINE_1_exact_cache,api-service,session_touch,53,113186,warm
BASELINE_1_exact_cache,api-service,api_get_user,54,2017562,warm
BASELINE_1_exact_cache,api-service,session_touch,54,85463,warm
BASELINE_1_exact_cache,api-service,api_get_user,55,1972350,warm
BASELINE_1_exact_cache,api-service,session_touch,55,77889,warm
BASELINE_1_exact_cache,api-service,api_get_user,56,2048720,warm
BASELINE_1_exact_cache,api-service,session_touch,56,78048,warm
BASELINE_1_exact_cache,api-service,api_get_user,57,2082368,warm
BASELINE_1_exact_cache,api-service,session_touch,57,117295,warm
BASELINE_1_exact_cache,api-service,api_get_user,58,2278317,warm
BASELINE_1_exact_cache,api-service,session_touch,58,84297,warm
BASELINE_1_exact_cache,api-service,api_get_user,59,2046034,warm
BASELINE_1_exact_cache,api-service,session_touch,59,81066,warm
BASELINE_1_exact_cache,api-service,api_get_user,60,2048769,warm
BASELINE_1_exact_cache,api-service,session_touch,60,89623,warm
BASELINE_1_exact_cache,report-worker,daily_report,68,67666,warm
BASELINE_1_exact_cache,report-worker,archive_check,41,2376997,warm
BASELINE_1_exact_cache,report-worker,daily_report,69,54269,warm
BASELINE_1_exact_cache,report-worker,archive_check,42,1895636,warm
BASELINE_1_exact_cache,report-worker,daily_report,70,51575,warm
BASELINE_1_exact_cache,report-worker,archive_check,43,2199457,warm
BASELINE_1_exact_cache,report-worker,daily_report,71,50284,warm
BASELINE_1_exact_cache,report-worker,archive_check,44,1861921,warm
BASELINE_1_exact_cache,report-worker,daily_report,72,48346,warm
BASELINE_1_exact_cache,report-worker,archive_check,45,2078584,warm
BASELINE_1_exact_cache,report-worker,daily_report,73,129883,warm
BASELINE_1_exact_cache,report-worker,archive_check,46,1879057,warm
BASELINE_1_exact_cache,report-worker,daily_report,74,51165,warm
BASELINE_1_exact_cache,report-worker,archive_check,47,2097677,warm
BASELINE_1_exact_cache,report-worker,daily_report,75,52062,warm
BASELINE_1_exact_cache,report-worker,archive_check,48,1862942,warm
BASELINE_1_exact_cache,report-worker,daily_report,76,56833,warm
BASELINE_1_exact_cache,report-worker,archive_check,49,1937844,warm
BASELINE_1_exact_cache,report-worker,daily_report,77,54284,warm
BASELINE_1_exact_cache,report-worker,archive_check,50,2015809,warm
BASELINE_1_exact_cache,report-worker,daily_report,78,51578,warm
BASELINE_1_exact_cache,report-worker,archive_check,51,1915252,warm
BASELINE_1_exact_cache,report-worker,daily_report,79,58631,warm
BASELINE_1_exact_cache,report-worker,archive_check,52,1959266,warm
BASELINE_1_exact_cache,report-worker,daily_report,80,54466,warm
BASELINE_1_exact_cache,report-worker,archive_check,53,1754750,warm
BASELINE_1_exact_cache,report-worker,daily_report,81,56709,warm
BASELINE_1_exact_cache,report-worker,archive_check,54,1871858,warm
BASELINE_1_exact_cache,report-worker,daily_report,82,50871,warm
BASELINE_1_exact_cache,report-worker,archive_check,55,1803921,warm
BASELINE_1_exact_cache,build-worker,checksum_artifact,36,1846063,warm
BASELINE_1_exact_cache,build-worker,stage_output,36,52629,warm
BASELINE_1_exact_cache,build-worker,checksum_artifact,37,1824815,warm
BASELINE_1_exact_cache,build-worker,stage_output,37,47639,warm
BASELINE_1_exact_cache,build-worker,checksum_artifact,38,1822469,warm
BASELINE_1_exact_cache,build-worker,stage_output,38,48817,warm
BASELINE_1_exact_cache,build-worker,checksum_artifact,39,1727980,warm
BASELINE_1_exact_cache,build-worker,stage_output,39,62310,warm
BASELINE_1_exact_cache,build-worker,checksum_artifact,40,1824327,warm
BASELINE_1_exact_cache,build-worker,stage_output,40,84192,warm
BASELINE_1_exact_cache,build-worker,checksum_artifact,41,1752918,warm
BASELINE_1_exact_cache,build-worker,stage_output,41,52027,warm
BASELINE_1_exact_cache,build-worker,checksum_artifact,42,1738357,warm
BASELINE_1_exact_cache,build-worker,stage_output,42,49162,warm
BASELINE_1_exact_cache,build-worker,checksum_artifact,43,1824049,warm
BASELINE_1_exact_cache,build-worker,stage_output,43,51033,warm
BASELINE_1_exact_cache,build-worker,checksum_artifact,44,1915302,warm
BASELINE_1_exact_cache,build-worker,stage_output,44,74193,warm
BASELINE_1_exact_cache,build-worker,checksum_artifact,45,2037126,warm
BASELINE_1_exact_cache,build-worker,stage_output,45,64444,warm
BASELINE_1_exact_cache,build-worker,checksum_artifact,46,1824099,warm
BASELINE_1_exact_cache,build-worker,stage_output,46,57876,warm
BASELINE_1_exact_cache,build-worker,checksum_artifact,47,1827433,warm
BASELINE_1_exact_cache,build-worker,stage_output,47,56224,warm
BASELINE_1_exact_cache,build-worker,checksum_artifact,48,1995302,warm
BASELINE_1_exact_cache,build-worker,stage_output,48,56311,warm
BASELINE_1_exact_cache,build-worker,checksum_artifact,49,1791557,warm
BASELINE_1_exact_cache,build-worker,stage_output,49,51515,warm
BASELINE_1_exact_cache,build-worker,checksum_artifact,50,1836816,warm
BASELINE_1_exact_cache,build-worker,stage_output,50,100380,warm
BASELINE_1_exact_cache,job-processor,dequeue_notify,41,1163073,warm
BASELINE_1_exact_cache,job-processor,heartbeat,41,2142001,warm
BASELINE_1_exact_cache,job-processor,dequeue_notify,42,1990570,warm
BASELINE_1_exact_cache,job-processor,heartbeat,42,2298175,warm
BASELINE_1_exact_cache,job-processor,dequeue_notify,43,1942802,warm
BASELINE_1_exact_cache,job-processor,heartbeat,43,2381381,warm
BASELINE_1_exact_cache,job-processor,dequeue_notify,44,1821374,warm
BASELINE_1_exact_cache,job-processor,heartbeat,44,2178547,warm
BASELINE_1_exact_cache,job-processor,dequeue_notify,45,1985263,warm
BASELINE_1_exact_cache,job-processor,heartbeat,45,2166947,warm
BASELINE_1_exact_cache,job-processor,dequeue_notify,46,2005494,warm
BASELINE_1_exact_cache,job-processor,heartbeat,46,2268274,warm
BASELINE_1_exact_cache,job-processor,dequeue_notify,47,1910595,warm
BASELINE_1_exact_cache,job-processor,heartbeat,47,2278456,warm
BASELINE_1_exact_cache,job-processor,dequeue_notify,48,1939157,warm
BASELINE_1_exact_cache,job-processor,heartbeat,48,2132316,warm
BASELINE_1_exact_cache,job-processor,dequeue_notify,49,2259731,warm
BASELINE_1_exact_cache,job-processor,heartbeat,49,2168795,warm
BASELINE_1_exact_cache,job-processor,dequeue_notify,50,2101569,warm
BASELINE_1_exact_cache,job-processor,heartbeat,50,2150113,warm
BASELINE_1_exact_cache,job-processor,dequeue_notify,51,2128379,warm
BASELINE_1_exact_cache,job-processor,heartbeat,51,2110341,warm
BASELINE_1_exact_cache,job-processor,dequeue_notify,52,2082249,warm
BASELINE_1_exact_cache,job-processor,heartbeat,52,2103581,warm
BASELINE_1_exact_cache,job-processor,dequeue_notify,53,2074559,warm
BASELINE_1_exact_cache,job-processor,heartbeat,53,3786105,warm
BASELINE_1_exact_cache,job-processor,dequeue_notify,54,637424,warm
BASELINE_1_exact_cache,job-processor,heartbeat,54,2114793,warm
BASELINE_1_exact_cache,job-processor,dequeue_notify,55,2032847,warm
BASELINE_1_exact_cache,job-processor,heartbeat,55,2187444,warm
BASELINE_1_exact_cache,build-worker,stage_output,51,13483,warm
BASELINE_1_exact_cache,build-worker,checksum_artifact,51,5109,warm
BASELINE_1_exact_cache,report-worker,daily_report,83,4045,warm
BASELINE_1_exact_cache,build-worker,stage_output,52,4743,warm
BASELINE_1_exact_cache,api-service,api_get_user,61,3964,warm
BASELINE_1_exact_cache,build-worker,stage_output,53,3503,warm
BASELINE_1_exact_cache,api-service,api_get_user,62,3758,warm
BASELINE_1_exact_cache,job-processor,dequeue_notify,56,4184,warm
BASELINE_1_exact_cache,api-service,api_get_user,63,4143,warm
BASELINE_1_exact_cache,job-processor,heartbeat,56,3799,warm
BASELINE_1_exact_cache,report-worker,daily_report,84,3860,warm
BASELINE_1_exact_cache,api-service,api_get_user,64,3431,warm
BASELINE_1_exact_cache,api-service,session_touch,61,4392,warm
BASELINE_1_exact_cache,report-worker,archive_check,56,3230,warm
BASELINE_1_exact_cache,api-service,session_touch,62,4212,warm
BASELINE_1_exact_cache,api-service,api_get_user,65,3562,warm
BASELINE_1_exact_cache,build-worker,checksum_artifact,52,3514,warm
BASELINE_1_exact_cache,job-processor,dequeue_notify,57,3524,warm
BASELINE_1_exact_cache,report-worker,archive_check,57,4499,warm
BASELINE_1_exact_cache,report-worker,daily_report,85,3681,warm
BASELINE_1_exact_cache,report-worker,daily_report,86,4077,warm
BASELINE_1_exact_cache,job-processor,heartbeat,57,2915,warm
BASELINE_1_exact_cache,build-worker,checksum_artifact,53,3154,warm
BASELINE_1_exact_cache,job-processor,dequeue_notify,58,3379,warm
BASELINE_1_exact_cache,api-service,session_touch,63,3746,warm
BASELINE_1_exact_cache,api-service,noise,1,18312,cold
BASELINE_1_exact_cache,api-service,noise,2,12937,warm
BASELINE_1_exact_cache,api-service,noise,3,35973,warm
BASELINE_1_exact_cache,api-service,noise,4,4118516,warm
BASELINE_1_exact_cache,api-service,noise,5,2852318,warm
BASELINE_1_exact_cache,api-service,noise,6,3055429,warm
BASELINE_1_exact_cache,api-service,noise,7,4980467,warm
BASELINE_1_exact_cache,api-service,noise,8,11389,warm
BASELINE_1_exact_cache,api-service,noise,9,203416,warm
BASELINE_1_exact_cache,api-service,noise,10,22836,warm
BASELINE_1_exact_cache,api-service,noise,11,20927,warm
BASELINE_1_exact_cache,api-service,noise,12,13459,warm
BASELINE_1_exact_cache,api-service,noise,13,42167,warm
BASELINE_1_exact_cache,api-service,noise,14,6446988,warm
BASELINE_1_exact_cache,api-service,noise,15,6398097,warm
BASELINE_1_exact_cache,api-service,noise,16,4885727,warm
BASELINE_1_exact_cache,api-service,noise,17,6134777,warm
BASELINE_1_exact_cache,api-service,noise,18,12115,warm
BASELINE_1_exact_cache,api-service,noise,19,298033,warm
BASELINE_1_exact_cache,api-service,noise,20,18818,warm
BASELINE_2_checkpoint_replay,api-service,api_get_user,1,2341300,cold
BASELINE_2_checkpoint_replay,api-service,session_touch,1,22618,cold
BASELINE_2_checkpoint_replay,api-service,api_get_user,2,2026535,warm
BASELINE_2_checkpoint_replay,api-service,session_touch,2,85764,warm
BASELINE_2_checkpoint_replay,api-service,api_get_user,3,1978941,warm
BASELINE_2_checkpoint_replay,api-service,session_touch,3,138657,warm
BASELINE_2_checkpoint_replay,api-service,api_get_user,4,1946772,warm
BASELINE_2_checkpoint_replay,api-service,session_touch,4,72642,warm
BASELINE_2_checkpoint_replay,api-service,api_get_user,5,2066102,warm
BASELINE_2_checkpoint_replay,api-service,session_touch,5,78536,warm
BASELINE_2_checkpoint_replay,api-service,api_get_user,6,2026822,warm
BASELINE_2_checkpoint_replay,api-service,session_touch,6,75808,warm
BASELINE_2_checkpoint_replay,api-service,api_get_user,7,2103468,warm
BASELINE_2_checkpoint_replay,api-service,session_touch,7,73327,warm
BASELINE_2_checkpoint_replay,api-service,api_get_user,8,2031531,warm
BASELINE_2_checkpoint_replay,api-service,session_touch,8,71760,warm
BASELINE_2_checkpoint_replay,api-service,api_get_user,9,2136133,warm
BASELINE_2_checkpoint_replay,api-service,session_touch,9,122479,warm
BASELINE_2_checkpoint_replay,api-service,api_get_user,10,1960706,warm
BASELINE_2_checkpoint_replay,api-service,session_touch,10,125360,warm
BASELINE_2_checkpoint_replay,api-service,api_get_user,11,1979718,warm
BASELINE_2_checkpoint_replay,api-service,session_touch,11,73570,warm
BASELINE_2_checkpoint_replay,api-service,api_get_user,12,2059706,warm
BASELINE_2_checkpoint_replay,api-service,session_touch,12,69450,warm
BASELINE_2_checkpoint_replay,api-service,api_get_user,13,2148887,warm
BASELINE_2_checkpoint_replay,api-service,session_touch,13,98345,warm
BASELINE_2_checkpoint_replay,api-service,api_get_user,14,1879141,warm
BASELINE_2_checkpoint_replay,api-service,session_touch,14,77889,warm
BASELINE_2_checkpoint_replay,api-service,api_get_user,15,2029951,warm
BASELINE_2_checkpoint_replay,api-service,session_touch,15,72772,warm
BASELINE_2_checkpoint_replay,api-service,api_get_user,16,2133576,warm
BASELINE_2_checkpoint_replay,api-service,session_touch,16,75053,warm
BASELINE_2_checkpoint_replay,api-service,api_get_user,17,1939531,warm
BASELINE_2_checkpoint_replay,api-service,session_touch,17,576005,warm
BASELINE_2_checkpoint_replay,api-service,api_get_user,18,1495885,warm
BASELINE_2_checkpoint_replay,api-service,session_touch,18,80310,warm
BASELINE_2_checkpoint_replay,api-service,api_get_user,19,2039633,warm
BASELINE_2_checkpoint_replay,api-service,session_touch,19,75096,warm
BASELINE_2_checkpoint_replay,api-service,api_get_user,20,2038131,warm
BASELINE_2_checkpoint_replay,api-service,session_touch,20,71128,warm
BASELINE_2_checkpoint_replay,api-service,api_get_user,21,2059611,warm
BASELINE_2_checkpoint_replay,api-service,session_touch,21,71482,warm
BASELINE_2_checkpoint_replay,api-service,api_get_user,22,2101021,warm
BASELINE_2_checkpoint_replay,api-service,session_touch,22,91971,warm
BASELINE_2_checkpoint_replay,api-service,api_get_user,23,1945641,warm
BASELINE_2_checkpoint_replay,api-service,session_touch,23,76149,warm
BASELINE_2_checkpoint_replay,api-service,api_get_user,24,1998902,warm
BASELINE_2_checkpoint_replay,api-service,session_touch,24,75133,warm
BASELINE_2_checkpoint_replay,api-service,api_get_user,25,2036565,warm
BASELINE_2_checkpoint_replay,api-service,session_touch,25,69628,warm
BASELINE_2_checkpoint_replay,api-service,api_get_user,26,2058651,warm
BASELINE_2_checkpoint_replay,api-service,session_touch,26,71094,warm
BASELINE_2_checkpoint_replay,api-service,api_get_user,27,2082316,warm
BASELINE_2_checkpoint_replay,api-service,session_touch,27,68483,warm
BASELINE_2_checkpoint_replay,api-service,api_get_user,28,2032531,warm
BASELINE_2_checkpoint_replay,api-service,session_touch,28,76496,warm
BASELINE_2_checkpoint_replay,api-service,api_get_user,29,2085484,warm
BASELINE_2_checkpoint_replay,api-service,session_touch,29,92289,warm
BASELINE_2_checkpoint_replay,api-service,api_get_user,30,2053300,warm
BASELINE_2_checkpoint_replay,api-service,session_touch,30,73512,warm
BASELINE_2_checkpoint_replay,api-service,api_get_user,31,2037323,warm
BASELINE_2_checkpoint_replay,api-service,session_touch,31,67463,warm
BASELINE_2_checkpoint_replay,api-service,api_get_user,32,2080127,warm
BASELINE_2_checkpoint_replay,api-service,session_touch,32,70492,warm
BASELINE_2_checkpoint_replay,api-service,api_get_user,33,2055937,warm
BASELINE_2_checkpoint_replay,api-service,session_touch,33,71152,warm
BASELINE_2_checkpoint_replay,api-service,api_get_user,34,2050769,warm
BASELINE_2_checkpoint_replay,api-service,session_touch,34,70846,warm
BASELINE_2_checkpoint_replay,api-service,api_get_user,35,2055483,warm
BASELINE_2_checkpoint_replay,api-service,session_touch,35,68925,warm
BASELINE_2_checkpoint_replay,api-service,api_get_user,36,2081525,warm
BASELINE_2_checkpoint_replay,api-service,session_touch,36,68738,warm
BASELINE_2_checkpoint_replay,api-service,api_get_user,37,2073099,warm
BASELINE_2_checkpoint_replay,api-service,session_touch,37,91556,warm
BASELINE_2_checkpoint_replay,api-service,api_get_user,38,2074113,warm
BASELINE_2_checkpoint_replay,api-service,session_touch,38,111656,warm
BASELINE_2_checkpoint_replay,api-service,api_get_user,39,1927219,warm
BASELINE_2_checkpoint_replay,api-service,session_touch,39,80290,warm
BASELINE_2_checkpoint_replay,api-service,api_get_user,40,2025475,warm
BASELINE_2_checkpoint_replay,api-service,session_touch,40,72900,warm
BASELINE_2_checkpoint_replay,api-service,api_get_user,41,2092229,warm
BASELINE_2_checkpoint_replay,api-service,session_touch,41,99461,warm
BASELINE_2_checkpoint_replay,api-service,api_get_user,42,1972107,warm
BASELINE_2_checkpoint_replay,api-service,session_touch,42,73377,warm
BASELINE_2_checkpoint_replay,api-service,api_get_user,43,2114097,warm
BASELINE_2_checkpoint_replay,api-service,session_touch,43,81528,warm
BASELINE_2_checkpoint_replay,api-service,api_get_user,44,2048376,warm
BASELINE_2_checkpoint_replay,api-service,session_touch,44,76015,warm
BASELINE_2_checkpoint_replay,api-service,api_get_user,45,1999777,warm
BASELINE_2_checkpoint_replay,api-service,session_touch,45,71706,warm
BASELINE_2_checkpoint_replay,report-worker,daily_report,1,56562,cold
BASELINE_2_checkpoint_replay,report-worker,archive_check,1,2669274,cold
BASELINE_2_checkpoint_replay,report-worker,daily_report,2,62786,warm
BASELINE_2_checkpoint_replay,report-worker,archive_check,2,1873744,warm
BASELINE_2_checkpoint_replay,report-worker,daily_report,3,54965,warm
BASELINE_2_checkpoint_replay,report-worker,archive_check,3,1690014,warm
BASELINE_2_checkpoint_replay,report-worker,daily_report,4,46952,warm
BASELINE_2_checkpoint_replay,report-worker,archive_check,4,1740600,warm
BASELINE_2_checkpoint_replay,report-worker,daily_report,5,57103,warm
BASELINE_2_checkpoint_replay,report-worker,archive_check,5,1791334,warm
BASELINE_2_checkpoint_replay,report-worker,daily_report,6,46772,warm
BASELINE_2_checkpoint_replay,report-worker,archive_check,6,2352866,warm
BASELINE_2_checkpoint_replay,report-worker,daily_report,7,47759,warm
BASELINE_2_checkpoint_replay,report-worker,archive_check,7,2432132,warm
BASELINE_2_checkpoint_replay,report-worker,daily_report,8,49591,warm
BASELINE_2_checkpoint_replay,report-worker,archive_check,8,1633352,warm
BASELINE_2_checkpoint_replay,report-worker,daily_report,9,46808,warm
BASELINE_2_checkpoint_replay,report-worker,archive_check,9,1953495,warm
BASELINE_2_checkpoint_replay,report-worker,daily_report,10,43882,warm
BASELINE_2_checkpoint_replay,report-worker,archive_check,10,1823940,warm
BASELINE_2_checkpoint_replay,report-worker,daily_report,11,44720,warm
BASELINE_2_checkpoint_replay,report-worker,archive_check,11,1964116,warm
BASELINE_2_checkpoint_replay,report-worker,daily_report,12,60120,warm
BASELINE_2_checkpoint_replay,report-worker,archive_check,12,1767608,warm
BASELINE_2_checkpoint_replay,report-worker,daily_report,13,57153,warm
BASELINE_2_checkpoint_replay,report-worker,archive_check,13,1923782,warm
BASELINE_2_checkpoint_replay,report-worker,daily_report,14,56630,warm
BASELINE_2_checkpoint_replay,report-worker,archive_check,14,1762640,warm
BASELINE_2_checkpoint_replay,report-worker,daily_report,15,51754,warm
BASELINE_2_checkpoint_replay,report-worker,archive_check,15,2137419,warm
BASELINE_2_checkpoint_replay,report-worker,daily_report,16,44530,warm
BASELINE_2_checkpoint_replay,report-worker,archive_check,16,1781759,warm
BASELINE_2_checkpoint_replay,report-worker,daily_report,17,77730,warm
BASELINE_2_checkpoint_replay,report-worker,archive_check,17,1810980,warm
BASELINE_2_checkpoint_replay,report-worker,daily_report,18,44674,warm
BASELINE_2_checkpoint_replay,report-worker,archive_check,18,1814963,warm
BASELINE_2_checkpoint_replay,report-worker,daily_report,19,48590,warm
BASELINE_2_checkpoint_replay,report-worker,archive_check,19,2367482,warm
BASELINE_2_checkpoint_replay,report-worker,daily_report,20,108063,warm
BASELINE_2_checkpoint_replay,report-worker,archive_check,20,1896710,warm
BASELINE_2_checkpoint_replay,report-worker,daily_report,21,88373,warm
BASELINE_2_checkpoint_replay,report-worker,archive_check,21,1729909,warm
BASELINE_2_checkpoint_replay,report-worker,daily_report,22,60918,warm
BASELINE_2_checkpoint_replay,report-worker,archive_check,22,1688664,warm
BASELINE_2_checkpoint_replay,report-worker,daily_report,23,56818,warm
BASELINE_2_checkpoint_replay,report-worker,archive_check,23,1803566,warm
BASELINE_2_checkpoint_replay,report-worker,daily_report,24,54624,warm
BASELINE_2_checkpoint_replay,report-worker,archive_check,24,2196171,warm
BASELINE_2_checkpoint_replay,report-worker,daily_report,25,85633,warm
BASELINE_2_checkpoint_replay,report-worker,archive_check,25,1947011,warm
BASELINE_2_checkpoint_replay,report-worker,daily_report,26,47478,warm
BASELINE_2_checkpoint_replay,report-worker,archive_check,26,1933563,warm
BASELINE_2_checkpoint_replay,report-worker,daily_report,27,46559,warm
BASELINE_2_checkpoint_replay,report-worker,archive_check,27,2152297,warm
BASELINE_2_checkpoint_replay,report-worker,daily_report,28,48418,warm
BASELINE_2_checkpoint_replay,report-worker,archive_check,28,2065943,warm
BASELINE_2_checkpoint_replay,report-worker,daily_report,29,50972,warm
BASELINE_2_checkpoint_replay,report-worker,archive_check,29,2046950,warm
BASELINE_2_checkpoint_replay,report-worker,daily_report,30,47646,warm
BASELINE_2_checkpoint_replay,report-worker,archive_check,30,1648636,warm
BASELINE_2_checkpoint_replay,report-worker,daily_report,31,46555,warm
BASELINE_2_checkpoint_replay,report-worker,archive_check,31,1968992,warm
BASELINE_2_checkpoint_replay,report-worker,daily_report,32,49200,warm
BASELINE_2_checkpoint_replay,report-worker,archive_check,32,1901626,warm
BASELINE_2_checkpoint_replay,report-worker,daily_report,33,65036,warm
BASELINE_2_checkpoint_replay,report-worker,archive_check,33,2255214,warm
BASELINE_2_checkpoint_replay,report-worker,daily_report,34,50708,warm
BASELINE_2_checkpoint_replay,report-worker,archive_check,34,2097794,warm
BASELINE_2_checkpoint_replay,report-worker,daily_report,35,45897,warm
BASELINE_2_checkpoint_replay,report-worker,archive_check,35,2176855,warm
BASELINE_2_checkpoint_replay,report-worker,daily_report,36,48187,warm
BASELINE_2_checkpoint_replay,report-worker,archive_check,36,1743889,warm
BASELINE_2_checkpoint_replay,report-worker,daily_report,37,50177,warm
BASELINE_2_checkpoint_replay,report-worker,archive_check,37,1872048,warm
BASELINE_2_checkpoint_replay,report-worker,daily_report,38,51646,warm
BASELINE_2_checkpoint_replay,report-worker,archive_check,38,2008520,warm
BASELINE_2_checkpoint_replay,report-worker,daily_report,39,92482,warm
BASELINE_2_checkpoint_replay,report-worker,archive_check,39,2024293,warm
BASELINE_2_checkpoint_replay,report-worker,daily_report,40,49015,warm
BASELINE_2_checkpoint_replay,report-worker,archive_check,40,1914395,warm
BASELINE_2_checkpoint_replay,build-worker,checksum_artifact,1,1954242,cold
BASELINE_2_checkpoint_replay,build-worker,stage_output,1,54670,cold
BASELINE_2_checkpoint_replay,build-worker,checksum_artifact,2,2013443,warm
BASELINE_2_checkpoint_replay,build-worker,stage_output,2,45213,warm
BASELINE_2_checkpoint_replay,build-worker,checksum_artifact,3,1990671,warm
BASELINE_2_checkpoint_replay,build-worker,stage_output,3,44551,warm
BASELINE_2_checkpoint_replay,build-worker,checksum_artifact,4,1816423,warm
BASELINE_2_checkpoint_replay,build-worker,stage_output,4,53478,warm
BASELINE_2_checkpoint_replay,build-worker,checksum_artifact,5,1932228,warm
BASELINE_2_checkpoint_replay,build-worker,stage_output,5,49239,warm
BASELINE_2_checkpoint_replay,build-worker,checksum_artifact,6,1647208,warm
BASELINE_2_checkpoint_replay,build-worker,stage_output,6,47437,warm
BASELINE_2_checkpoint_replay,build-worker,checksum_artifact,7,2125280,warm
BASELINE_2_checkpoint_replay,build-worker,stage_output,7,64103,warm
BASELINE_2_checkpoint_replay,build-worker,checksum_artifact,8,1753862,warm
BASELINE_2_checkpoint_replay,build-worker,stage_output,8,117378,warm
BASELINE_2_checkpoint_replay,build-worker,checksum_artifact,9,1875246,warm
BASELINE_2_checkpoint_replay,build-worker,stage_output,9,48090,warm
BASELINE_2_checkpoint_replay,build-worker,checksum_artifact,10,1869130,warm
BASELINE_2_checkpoint_replay,build-worker,stage_output,10,47692,warm
BASELINE_2_checkpoint_replay,build-worker,checksum_artifact,11,1840120,warm
BASELINE_2_checkpoint_replay,build-worker,stage_output,11,56135,warm
BASELINE_2_checkpoint_replay,build-worker,checksum_artifact,12,2158099,warm
BASELINE_2_checkpoint_replay,build-worker,stage_output,12,76172,warm
BASELINE_2_checkpoint_replay,build-worker,checksum_artifact,13,1912865,warm
BASELINE_2_checkpoint_replay,build-worker,stage_output,13,81690,warm
BASELINE_2_checkpoint_replay,build-worker,checksum_artifact,14,1813578,warm
BASELINE_2_checkpoint_replay,build-worker,stage_output,14,144345,warm
BASELINE_2_checkpoint_replay,build-worker,checksum_artifact,15,1782088,warm
BASELINE_2_checkpoint_replay,build-worker,stage_output,15,44958,warm
BASELINE_2_checkpoint_replay,build-worker,checksum_artifact,16,2575401,warm
BASELINE_2_checkpoint_replay,build-worker,stage_output,16,52372,warm
BASELINE_2_checkpoint_replay,build-worker,checksum_artifact,17,1924196,warm
BASELINE_2_checkpoint_replay,build-worker,stage_output,17,48282,warm
BASELINE_2_checkpoint_replay,build-worker,checksum_artifact,18,2907532,warm
BASELINE_2_checkpoint_replay,build-worker,stage_output,18,66628,warm
BASELINE_2_checkpoint_replay,build-worker,checksum_artifact,19,1880020,warm
BASELINE_2_checkpoint_replay,build-worker,stage_output,19,53592,warm
BASELINE_2_checkpoint_replay,build-worker,checksum_artifact,20,2470878,warm
BASELINE_2_checkpoint_replay,build-worker,stage_output,20,122958,warm
BASELINE_2_checkpoint_replay,build-worker,checksum_artifact,21,2120809,warm
BASELINE_2_checkpoint_replay,build-worker,stage_output,21,51808,warm
BASELINE_2_checkpoint_replay,build-worker,checksum_artifact,22,1836001,warm
BASELINE_2_checkpoint_replay,build-worker,stage_output,22,323776,warm
BASELINE_2_checkpoint_replay,build-worker,checksum_artifact,23,1677600,warm
BASELINE_2_checkpoint_replay,build-worker,stage_output,23,49432,warm
BASELINE_2_checkpoint_replay,build-worker,checksum_artifact,24,1961352,warm
BASELINE_2_checkpoint_replay,build-worker,stage_output,24,47480,warm
BASELINE_2_checkpoint_replay,build-worker,checksum_artifact,25,1749920,warm
BASELINE_2_checkpoint_replay,build-worker,stage_output,25,59250,warm
BASELINE_2_checkpoint_replay,build-worker,checksum_artifact,26,1794054,warm
BASELINE_2_checkpoint_replay,build-worker,stage_output,26,47378,warm
BASELINE_2_checkpoint_replay,build-worker,checksum_artifact,27,1901064,warm
BASELINE_2_checkpoint_replay,build-worker,stage_output,27,47503,warm
BASELINE_2_checkpoint_replay,build-worker,checksum_artifact,28,1865666,warm
BASELINE_2_checkpoint_replay,build-worker,stage_output,28,48655,warm
BASELINE_2_checkpoint_replay,build-worker,checksum_artifact,29,1796580,warm
BASELINE_2_checkpoint_replay,build-worker,stage_output,29,47334,warm
BASELINE_2_checkpoint_replay,build-worker,checksum_artifact,30,1932373,warm
BASELINE_2_checkpoint_replay,build-worker,stage_output,30,94861,warm
BASELINE_2_checkpoint_replay,build-worker,checksum_artifact,31,1883263,warm
BASELINE_2_checkpoint_replay,build-worker,stage_output,31,52519,warm
BASELINE_2_checkpoint_replay,build-worker,checksum_artifact,32,2003021,warm
BASELINE_2_checkpoint_replay,build-worker,stage_output,32,49749,warm
BASELINE_2_checkpoint_replay,build-worker,checksum_artifact,33,1702035,warm
BASELINE_2_checkpoint_replay,build-worker,stage_output,33,49013,warm
BASELINE_2_checkpoint_replay,build-worker,checksum_artifact,34,1904151,warm
BASELINE_2_checkpoint_replay,build-worker,stage_output,34,48021,warm
BASELINE_2_checkpoint_replay,build-worker,checksum_artifact,35,1822649,warm
BASELINE_2_checkpoint_replay,build-worker,stage_output,35,99754,warm
BASELINE_2_checkpoint_replay,job-processor,dequeue_notify,1,675618,cold
BASELINE_2_checkpoint_replay,job-processor,heartbeat,1,2154748,cold
BASELINE_2_checkpoint_replay,job-processor,dequeue_notify,2,2061540,warm
BASELINE_2_checkpoint_replay,job-processor,heartbeat,2,2427104,warm
BASELINE_2_checkpoint_replay,job-processor,dequeue_notify,3,1749415,warm
BASELINE_2_checkpoint_replay,job-processor,heartbeat,3,2161264,warm
BASELINE_2_checkpoint_replay,job-processor,dequeue_notify,4,2045477,warm
BASELINE_2_checkpoint_replay,job-processor,heartbeat,4,2133622,warm
BASELINE_2_checkpoint_replay,job-processor,dequeue_notify,5,2037768,warm
BASELINE_2_checkpoint_replay,job-processor,heartbeat,5,2107330,warm
BASELINE_2_checkpoint_replay,job-processor,dequeue_notify,6,2109351,warm
BASELINE_2_checkpoint_replay,job-processor,heartbeat,6,2122124,warm
BASELINE_2_checkpoint_replay,job-processor,dequeue_notify,7,2057327,warm
BASELINE_2_checkpoint_replay,job-processor,heartbeat,7,2141361,warm
BASELINE_2_checkpoint_replay,job-processor,dequeue_notify,8,2041611,warm
BASELINE_2_checkpoint_replay,job-processor,heartbeat,8,2104116,warm
BASELINE_2_checkpoint_replay,job-processor,dequeue_notify,9,2107764,warm
BASELINE_2_checkpoint_replay,job-processor,heartbeat,9,2123571,warm
BASELINE_2_checkpoint_replay,job-processor,dequeue_notify,10,2032980,warm
BASELINE_2_checkpoint_replay,job-processor,heartbeat,10,2251568,warm
BASELINE_2_checkpoint_replay,job-processor,dequeue_notify,11,1965509,warm
BASELINE_2_checkpoint_replay,job-processor,heartbeat,11,2131870,warm
BASELINE_2_checkpoint_replay,job-processor,dequeue_notify,12,2102771,warm
BASELINE_2_checkpoint_replay,job-processor,heartbeat,12,2179638,warm
BASELINE_2_checkpoint_replay,job-processor,dequeue_notify,13,1996903,warm
BASELINE_2_checkpoint_replay,job-processor,heartbeat,13,2162411,warm
BASELINE_2_checkpoint_replay,job-processor,dequeue_notify,14,2044522,warm
BASELINE_2_checkpoint_replay,job-processor,heartbeat,14,2101006,warm
BASELINE_2_checkpoint_replay,job-processor,dequeue_notify,15,2082854,warm
BASELINE_2_checkpoint_replay,job-processor,heartbeat,15,2125204,warm
BASELINE_2_checkpoint_replay,job-processor,dequeue_notify,16,2077581,warm
BASELINE_2_checkpoint_replay,job-processor,heartbeat,16,2101924,warm
BASELINE_2_checkpoint_replay,job-processor,dequeue_notify,17,2104845,warm
BASELINE_2_checkpoint_replay,job-processor,heartbeat,17,2122011,warm
BASELINE_2_checkpoint_replay,job-processor,dequeue_notify,18,2073825,warm
BASELINE_2_checkpoint_replay,job-processor,heartbeat,18,2126516,warm
BASELINE_2_checkpoint_replay,job-processor,dequeue_notify,19,2053534,warm
BASELINE_2_checkpoint_replay,job-processor,heartbeat,19,2099458,warm
BASELINE_2_checkpoint_replay,job-processor,dequeue_notify,20,2090319,warm
BASELINE_2_checkpoint_replay,job-processor,heartbeat,20,2153508,warm
BASELINE_2_checkpoint_replay,job-processor,dequeue_notify,21,2032331,warm
BASELINE_2_checkpoint_replay,job-processor,heartbeat,21,2176306,warm
BASELINE_2_checkpoint_replay,job-processor,dequeue_notify,22,2009183,warm
BASELINE_2_checkpoint_replay,job-processor,heartbeat,22,2118443,warm
BASELINE_2_checkpoint_replay,job-processor,dequeue_notify,23,2103563,warm
BASELINE_2_checkpoint_replay,job-processor,heartbeat,23,2115224,warm
BASELINE_2_checkpoint_replay,job-processor,dequeue_notify,24,2055704,warm
BASELINE_2_checkpoint_replay,job-processor,heartbeat,24,2184008,warm
BASELINE_2_checkpoint_replay,job-processor,dequeue_notify,25,2008130,warm
BASELINE_2_checkpoint_replay,job-processor,heartbeat,25,2113885,warm
BASELINE_2_checkpoint_replay,job-processor,dequeue_notify,26,2068576,warm
BASELINE_2_checkpoint_replay,job-processor,heartbeat,26,2088462,warm
BASELINE_2_checkpoint_replay,job-processor,dequeue_notify,27,2129628,warm
BASELINE_2_checkpoint_replay,job-processor,heartbeat,27,2154535,warm
BASELINE_2_checkpoint_replay,job-processor,dequeue_notify,28,2027237,warm
BASELINE_2_checkpoint_replay,job-processor,heartbeat,28,2160832,warm
BASELINE_2_checkpoint_replay,job-processor,dequeue_notify,29,2050313,warm
BASELINE_2_checkpoint_replay,job-processor,heartbeat,29,2155219,warm
BASELINE_2_checkpoint_replay,job-processor,dequeue_notify,30,2053811,warm
BASELINE_2_checkpoint_replay,job-processor,heartbeat,30,2345732,warm
BASELINE_2_checkpoint_replay,job-processor,dequeue_notify,31,1855586,warm
BASELINE_2_checkpoint_replay,job-processor,heartbeat,31,2152729,warm
BASELINE_2_checkpoint_replay,job-processor,dequeue_notify,32,2016757,warm
BASELINE_2_checkpoint_replay,job-processor,heartbeat,32,2423979,warm
BASELINE_2_checkpoint_replay,job-processor,dequeue_notify,33,1851916,warm
BASELINE_2_checkpoint_replay,job-processor,heartbeat,33,2321737,warm
BASELINE_2_checkpoint_replay,job-processor,dequeue_notify,34,1793642,warm
BASELINE_2_checkpoint_replay,job-processor,heartbeat,34,2126222,warm
BASELINE_2_checkpoint_replay,job-processor,dequeue_notify,35,2102331,warm
BASELINE_2_checkpoint_replay,job-processor,heartbeat,35,2148213,warm
BASELINE_2_checkpoint_replay,job-processor,dequeue_notify,36,2021675,warm
BASELINE_2_checkpoint_replay,job-processor,heartbeat,36,2366824,warm
BASELINE_2_checkpoint_replay,job-processor,dequeue_notify,37,1688852,warm
BASELINE_2_checkpoint_replay,job-processor,heartbeat,37,2181840,warm
BASELINE_2_checkpoint_replay,job-processor,dequeue_notify,38,2022671,warm
BASELINE_2_checkpoint_replay,job-processor,heartbeat,38,2105369,warm
BASELINE_2_checkpoint_replay,job-processor,dequeue_notify,39,2106832,warm
BASELINE_2_checkpoint_replay,job-processor,heartbeat,39,2105453,warm
BASELINE_2_checkpoint_replay,job-processor,dequeue_notify,40,2099394,warm
BASELINE_2_checkpoint_replay,job-processor,heartbeat,40,2227925,warm
BASELINE_2_checkpoint_replay,report-worker,daily_report,41,138075,warm
BASELINE_2_checkpoint_replay,report-worker,daily_report,42,60024,warm
BASELINE_2_checkpoint_replay,report-worker,daily_report,43,52518,warm
BASELINE_2_checkpoint_replay,report-worker,daily_report,44,46740,warm
BASELINE_2_checkpoint_replay,report-worker,daily_report,45,45469,warm
BASELINE_2_checkpoint_replay,report-worker,daily_report,46,45859,warm
BASELINE_2_checkpoint_replay,report-worker,daily_report,47,43657,warm
BASELINE_2_checkpoint_replay,report-worker,daily_report,48,50003,warm
BASELINE_2_checkpoint_replay,report-worker,daily_report,49,44367,warm
BASELINE_2_checkpoint_replay,report-worker,daily_report,50,43287,warm
BASELINE_2_checkpoint_replay,report-worker,daily_report,51,45486,warm
BASELINE_2_checkpoint_replay,report-worker,daily_report,52,119267,warm
BASELINE_2_checkpoint_replay,report-worker,daily_report,53,48194,warm
BASELINE_2_checkpoint_replay,report-worker,daily_report,54,38733,warm
BASELINE_2_checkpoint_replay,report-worker,daily_report,55,38793,warm
BASELINE_2_checkpoint_replay,report-worker,daily_report,56,45159,warm
BASELINE_2_checkpoint_replay,report-worker,daily_report,57,43376,warm
BASELINE_2_checkpoint_replay,report-worker,daily_report,58,97392,warm
BASELINE_2_checkpoint_replay,report-worker,daily_report,59,53740,warm
BASELINE_2_checkpoint_replay,report-worker,daily_report,60,41150,warm
BASELINE_2_checkpoint_replay,report-worker,daily_report,61,42726,warm
BASELINE_2_checkpoint_replay,report-worker,daily_report,62,39717,warm
BASELINE_2_checkpoint_replay,report-worker,daily_report,63,47473,warm
BASELINE_2_checkpoint_replay,report-worker,daily_report,64,41700,warm
BASELINE_2_checkpoint_replay,report-worker,daily_report,65,38261,warm
BASELINE_2_checkpoint_replay,report-worker,daily_report,66,43781,warm
BASELINE_2_checkpoint_replay,report-worker,daily_report,67,40559,warm
BASELINE_2_checkpoint_replay,api-service,api_get_user,46,899472,warm
BASELINE_2_checkpoint_replay,api-service,session_touch,46,136542,warm
BASELINE_2_checkpoint_replay,api-service,api_get_user,47,1975535,warm
BASELINE_2_checkpoint_replay,api-service,session_touch,47,82056,warm
BASELINE_2_checkpoint_replay,api-service,api_get_user,48,2021641,warm
BASELINE_2_checkpoint_replay,api-service,session_touch,48,82449,warm
BASELINE_2_checkpoint_replay,api-service,api_get_user,49,2095670,warm
BASELINE_2_checkpoint_replay,api-service,session_touch,49,95910,warm
BASELINE_2_checkpoint_replay,api-service,api_get_user,50,1991284,warm
BASELINE_2_checkpoint_replay,api-service,session_touch,50,87833,warm
BASELINE_2_checkpoint_replay,api-service,api_get_user,51,2009685,warm
BASELINE_2_checkpoint_replay,api-service,session_touch,51,80583,warm
BASELINE_2_checkpoint_replay,api-service,api_get_user,52,2038528,warm
BASELINE_2_checkpoint_replay,api-service,session_touch,52,93089,warm
BASELINE_2_checkpoint_replay,api-service,api_get_user,53,2150975,warm
BASELINE_2_checkpoint_replay,api-service,session_touch,53,177329,warm
BASELINE_2_checkpoint_replay,api-service,api_get_user,54,1851448,warm
BASELINE_2_checkpoint_replay,api-service,session_touch,54,92184,warm
BASELINE_2_checkpoint_replay,api-service,api_get_user,55,2020692,warm
BASELINE_2_checkpoint_replay,api-service,session_touch,55,89550,warm
BASELINE_2_checkpoint_replay,api-service,api_get_user,56,2026715,warm
BASELINE_2_checkpoint_replay,api-service,session_touch,56,91878,warm
BASELINE_2_checkpoint_replay,api-service,api_get_user,57,2034111,warm
BASELINE_2_checkpoint_replay,api-service,session_touch,57,99852,warm
BASELINE_2_checkpoint_replay,api-service,api_get_user,58,2053238,warm
BASELINE_2_checkpoint_replay,api-service,session_touch,58,90049,warm
BASELINE_2_checkpoint_replay,api-service,api_get_user,59,2007163,warm
BASELINE_2_checkpoint_replay,api-service,session_touch,59,81932,warm
BASELINE_2_checkpoint_replay,api-service,api_get_user,60,2115744,warm
BASELINE_2_checkpoint_replay,api-service,session_touch,60,87284,warm
BASELINE_2_checkpoint_replay,report-worker,daily_report,68,84259,warm
BASELINE_2_checkpoint_replay,report-worker,archive_check,41,2289996,warm
BASELINE_2_checkpoint_replay,report-worker,daily_report,69,62412,warm
BASELINE_2_checkpoint_replay,report-worker,archive_check,42,2400549,warm
BASELINE_2_checkpoint_replay,report-worker,daily_report,70,72547,warm
BASELINE_2_checkpoint_replay,report-worker,archive_check,43,1745828,warm
BASELINE_2_checkpoint_replay,report-worker,daily_report,71,88758,warm
BASELINE_2_checkpoint_replay,report-worker,archive_check,44,2142020,warm
BASELINE_2_checkpoint_replay,report-worker,daily_report,72,78951,warm
BASELINE_2_checkpoint_replay,report-worker,archive_check,45,1946458,warm
BASELINE_2_checkpoint_replay,report-worker,daily_report,73,56983,warm
BASELINE_2_checkpoint_replay,report-worker,archive_check,46,1849896,warm
BASELINE_2_checkpoint_replay,report-worker,daily_report,74,51957,warm
BASELINE_2_checkpoint_replay,report-worker,archive_check,47,1869077,warm
BASELINE_2_checkpoint_replay,report-worker,daily_report,75,50891,warm
BASELINE_2_checkpoint_replay,report-worker,archive_check,48,1963649,warm
BASELINE_2_checkpoint_replay,report-worker,daily_report,76,57087,warm
BASELINE_2_checkpoint_replay,report-worker,archive_check,49,2062803,warm
BASELINE_2_checkpoint_replay,report-worker,daily_report,77,50020,warm
BASELINE_2_checkpoint_replay,report-worker,archive_check,50,1990687,warm
BASELINE_2_checkpoint_replay,report-worker,daily_report,78,48865,warm
BASELINE_2_checkpoint_replay,report-worker,archive_check,51,1886217,warm
BASELINE_2_checkpoint_replay,report-worker,daily_report,79,52389,warm
BASELINE_2_checkpoint_replay,report-worker,archive_check,52,1880548,warm
BASELINE_2_checkpoint_replay,report-worker,daily_report,80,58730,warm
BASELINE_2_checkpoint_replay,report-worker,archive_check,53,2122559,warm
BASELINE_2_checkpoint_replay,report-worker,daily_report,81,132296,warm
BASELINE_2_checkpoint_replay,report-worker,archive_check,54,1901808,warm
BASELINE_2_checkpoint_replay,report-worker,daily_report,82,57099,warm
BASELINE_2_checkpoint_replay,report-worker,archive_check,55,2009598,warm
BASELINE_2_checkpoint_replay,build-worker,checksum_artifact,36,1885355,warm
BASELINE_2_checkpoint_replay,build-worker,stage_output,36,59775,warm
BASELINE_2_checkpoint_replay,build-worker,checksum_artifact,37,1909917,warm
BASELINE_2_checkpoint_replay,build-worker,stage_output,37,52686,warm
BASELINE_2_checkpoint_replay,build-worker,checksum_artifact,38,2016378,warm
BASELINE_2_checkpoint_replay,build-worker,stage_output,38,48010,warm
BASELINE_2_checkpoint_replay,build-worker,checksum_artifact,39,1892809,warm
BASELINE_2_checkpoint_replay,build-worker,stage_output,39,105290,warm
BASELINE_2_checkpoint_replay,build-worker,checksum_artifact,40,1792993,warm
BASELINE_2_checkpoint_replay,build-worker,stage_output,40,48745,warm
BASELINE_2_checkpoint_replay,build-worker,checksum_artifact,41,1885007,warm
BASELINE_2_checkpoint_replay,build-worker,stage_output,41,68819,warm
BASELINE_2_checkpoint_replay,build-worker,checksum_artifact,42,1831482,warm
BASELINE_2_checkpoint_replay,build-worker,stage_output,42,54427,warm
BASELINE_2_checkpoint_replay,build-worker,checksum_artifact,43,1978066,warm
BASELINE_2_checkpoint_replay,build-worker,stage_output,43,49554,warm
BASELINE_2_checkpoint_replay,build-worker,checksum_artifact,44,1853639,warm
BASELINE_2_checkpoint_replay,build-worker,stage_output,44,49342,warm
BASELINE_2_checkpoint_replay,build-worker,checksum_artifact,45,2098929,warm
BASELINE_2_checkpoint_replay,build-worker,stage_output,45,64563,warm
BASELINE_2_checkpoint_replay,build-worker,checksum_artifact,46,1951182,warm
BASELINE_2_checkpoint_replay,build-worker,stage_output,46,56797,warm
BASELINE_2_checkpoint_replay,build-worker,checksum_artifact,47,1924877,warm
BASELINE_2_checkpoint_replay,build-worker,stage_output,47,58928,warm
BASELINE_2_checkpoint_replay,build-worker,checksum_artifact,48,1852919,warm
BASELINE_2_checkpoint_replay,build-worker,stage_output,48,50396,warm
BASELINE_2_checkpoint_replay,build-worker,checksum_artifact,49,1935318,warm
BASELINE_2_checkpoint_replay,build-worker,stage_output,49,49645,warm
BASELINE_2_checkpoint_replay,build-worker,checksum_artifact,50,2043500,warm
BASELINE_2_checkpoint_replay,build-worker,stage_output,50,53069,warm
BASELINE_2_checkpoint_replay,job-processor,dequeue_notify,41,2043395,warm
BASELINE_2_checkpoint_replay,job-processor,heartbeat,41,2346663,warm
BASELINE_2_checkpoint_replay,job-processor,dequeue_notify,42,1689123,warm
BASELINE_2_checkpoint_replay,job-processor,heartbeat,42,2144533,warm
BASELINE_2_checkpoint_replay,job-processor,dequeue_notify,43,2079212,warm
BASELINE_2_checkpoint_replay,job-processor,heartbeat,43,2307569,warm
BASELINE_2_checkpoint_replay,job-processor,dequeue_notify,44,2010489,warm
BASELINE_2_checkpoint_replay,job-processor,heartbeat,44,2175583,warm
BASELINE_2_checkpoint_replay,job-processor,dequeue_notify,45,2065945,warm
BASELINE_2_checkpoint_replay,job-processor,heartbeat,45,2191366,warm
BASELINE_2_checkpoint_replay,job-processor,dequeue_notify,46,1873500,warm
BASELINE_2_checkpoint_replay,job-processor,heartbeat,46,2280817,warm
BASELINE_2_checkpoint_replay,job-processor,dequeue_notify,47,1931273,warm
BASELINE_2_checkpoint_replay,job-processor,heartbeat,47,2137314,warm
BASELINE_2_checkpoint_replay,job-processor,dequeue_notify,48,2068890,warm
BASELINE_2_checkpoint_replay,job-processor,heartbeat,48,2240969,warm
BASELINE_2_checkpoint_replay,job-processor,dequeue_notify,49,1967371,warm
BASELINE_2_checkpoint_replay,job-processor,heartbeat,49,2211100,warm
BASELINE_2_checkpoint_replay,job-processor,dequeue_notify,50,2094547,warm
BASELINE_2_checkpoint_replay,job-processor,heartbeat,50,2232822,warm
BASELINE_2_checkpoint_replay,job-processor,dequeue_notify,51,1970687,warm
BASELINE_2_checkpoint_replay,job-processor,heartbeat,51,2298474,warm
BASELINE_2_checkpoint_replay,job-processor,dequeue_notify,52,1858664,warm
BASELINE_2_checkpoint_replay,job-processor,heartbeat,52,2136832,warm
BASELINE_2_checkpoint_replay,job-processor,dequeue_notify,53,2088362,warm
BASELINE_2_checkpoint_replay,job-processor,heartbeat,53,2139939,warm
BASELINE_2_checkpoint_replay,job-processor,dequeue_notify,54,2053092,warm
BASELINE_2_checkpoint_replay,job-processor,heartbeat,54,2223362,warm
BASELINE_2_checkpoint_replay,job-processor,dequeue_notify,55,2026901,warm
BASELINE_2_checkpoint_replay,job-processor,heartbeat,55,2190261,warm
BASELINE_2_checkpoint_replay,build-worker,stage_output,51,197654,warm
BASELINE_2_checkpoint_replay,build-worker,checksum_artifact,51,2537940,warm
BASELINE_2_checkpoint_replay,report-worker,daily_report,83,197386,warm
BASELINE_2_checkpoint_replay,build-worker,stage_output,52,101461,warm
BASELINE_2_checkpoint_replay,api-service,api_get_user,61,682404,warm
BASELINE_2_checkpoint_replay,build-worker,stage_output,53,105343,warm
BASELINE_2_checkpoint_replay,api-service,api_get_user,62,1961518,warm
BASELINE_2_checkpoint_replay,job-processor,dequeue_notify,56,2193401,warm
BASELINE_2_checkpoint_replay,api-service,api_get_user,63,1868456,warm
BASELINE_2_checkpoint_replay,job-processor,heartbeat,56,2370838,warm
BASELINE_2_checkpoint_replay,report-worker,daily_report,84,187602,warm
BASELINE_2_checkpoint_replay,api-service,api_get_user,64,1800779,warm
BASELINE_2_checkpoint_replay,api-service,session_touch,61,185670,warm
BASELINE_2_checkpoint_replay,report-worker,archive_check,56,2653850,warm
BASELINE_2_checkpoint_replay,api-service,session_touch,62,167370,warm
BASELINE_2_checkpoint_replay,api-service,api_get_user,65,1103010,warm
BASELINE_2_checkpoint_replay,build-worker,checksum_artifact,52,2384241,warm
BASELINE_2_checkpoint_replay,job-processor,dequeue_notify,57,2167038,warm
BASELINE_2_checkpoint_replay,report-worker,archive_check,57,2384649,warm
BASELINE_2_checkpoint_replay,report-worker,daily_report,85,185768,warm
BASELINE_2_checkpoint_replay,report-worker,daily_report,86,160760,warm
BASELINE_2_checkpoint_replay,job-processor,heartbeat,57,2368348,warm
BASELINE_2_checkpoint_replay,build-worker,checksum_artifact,53,2335749,warm
BASELINE_2_checkpoint_replay,job-processor,dequeue_notify,58,623904,warm
BASELINE_2_checkpoint_replay,api-service,session_touch,63,85740,warm
BASELINE_2_checkpoint_replay,api-service,noise,1,17592,cold
BASELINE_2_checkpoint_replay,api-service,noise,2,14073,warm
BASELINE_2_checkpoint_replay,api-service,noise,3,85240,warm
BASELINE_2_checkpoint_replay,api-service,noise,4,4055239,warm
BASELINE_2_checkpoint_replay,api-service,noise,5,3562726,warm
BASELINE_2_checkpoint_replay,api-service,noise,6,2515933,warm
BASELINE_2_checkpoint_replay,api-service,noise,7,3826969,warm
BASELINE_2_checkpoint_replay,api-service,noise,8,9375,warm
BASELINE_2_checkpoint_replay,api-service,noise,9,238466,warm
BASELINE_2_checkpoint_replay,api-service,noise,10,15715,warm
BASELINE_2_checkpoint_replay,api-service,noise,11,17539,warm
BASELINE_2_checkpoint_replay,api-service,noise,12,14422,warm
BASELINE_2_checkpoint_replay,api-service,noise,13,48824,warm
BASELINE_2_checkpoint_replay,api-service,noise,14,6650878,warm
BASELINE_2_checkpoint_replay,api-service,noise,15,5591561,warm
BASELINE_2_checkpoint_replay,api-service,noise,16,4485184,warm
BASELINE_2_checkpoint_replay,api-service,noise,17,5643884,warm
BASELINE_2_checkpoint_replay,api-service,noise,18,16210,warm
BASELINE_2_checkpoint_replay,api-service,noise,19,653405,warm
BASELINE_2_checkpoint_replay,api-service,noise,20,30844,warm
BASELINE_3_static_macros,api-service,api_get_user,1,2239,cold
BASELINE_3_static_macros,api-service,session_touch,1,795,cold
BASELINE_3_static_macros,api-service,api_get_user,2,1047,warm
BASELINE_3_static_macros,api-service,session_touch,2,1733,warm
BASELINE_3_static_macros,api-service,api_get_user,3,858,warm
BASELINE_3_static_macros,api-service,session_touch,3,542,warm
BASELINE_3_static_macros,api-service,api_get_user,4,532,warm
BASELINE_3_static_macros,api-service,session_touch,4,1608,warm
BASELINE_3_static_macros,api-service,api_get_user,5,489,warm
BASELINE_3_static_macros,api-service,session_touch,5,834,warm
BASELINE_3_static_macros,api-service,api_get_user,6,707,warm
BASELINE_3_static_macros,api-service,session_touch,6,544,warm
BASELINE_3_static_macros,api-service,api_get_user,7,554,warm
BASELINE_3_static_macros,api-service,session_touch,7,471,warm
BASELINE_3_static_macros,api-service,api_get_user,8,3416,warm
BASELINE_3_static_macros,api-service,session_touch,8,529,warm
BASELINE_3_static_macros,api-service,api_get_user,9,459,warm
BASELINE_3_static_macros,api-service,session_touch,9,816,warm
BASELINE_3_static_macros,api-service,api_get_user,10,865,warm
BASELINE_3_static_macros,api-service,session_touch,10,661,warm
BASELINE_3_static_macros,api-service,api_get_user,11,813,warm
BASELINE_3_static_macros,api-service,session_touch,11,803,warm
BASELINE_3_static_macros,api-service,api_get_user,12,926,warm
BASELINE_3_static_macros,api-service,session_touch,12,953,warm
BASELINE_3_static_macros,api-service,api_get_user,13,743,warm
BASELINE_3_static_macros,api-service,session_touch,13,927,warm
BASELINE_3_static_macros,api-service,api_get_user,14,1087,warm
BASELINE_3_static_macros,api-service,session_touch,14,865,warm
BASELINE_3_static_macros,api-service,api_get_user,15,4282,warm
BASELINE_3_static_macros,api-service,session_touch,15,830,warm
BASELINE_3_static_macros,api-service,api_get_user,16,1567,warm
BASELINE_3_static_macros,api-service,session_touch,16,1000,warm
BASELINE_3_static_macros,api-service,api_get_user,17,894,warm
BASELINE_3_static_macros,api-service,session_touch,17,843,warm
BASELINE_3_static_macros,api-service,api_get_user,18,672,warm
BASELINE_3_static_macros,api-service,session_touch,18,825,warm
BASELINE_3_static_macros,api-service,api_get_user,19,761,warm
BASELINE_3_static_macros,api-service,session_touch,19,749,warm
BASELINE_3_static_macros,api-service,api_get_user,20,1626,warm
BASELINE_3_static_macros,api-service,session_touch,20,701,warm
BASELINE_3_static_macros,api-service,api_get_user,21,774,warm
BASELINE_3_static_macros,api-service,session_touch,21,1155,warm
BASELINE_3_static_macros,api-service,api_get_user,22,779,warm
BASELINE_3_static_macros,api-service,session_touch,22,605,warm
BASELINE_3_static_macros,api-service,api_get_user,23,739,warm
BASELINE_3_static_macros,api-service,session_touch,23,712,warm
BASELINE_3_static_macros,api-service,api_get_user,24,933,warm
BASELINE_3_static_macros,api-service,session_touch,24,1234,warm
BASELINE_3_static_macros,api-service,api_get_user,25,1915,warm
BASELINE_3_static_macros,api-service,session_touch,25,2817,warm
BASELINE_3_static_macros,api-service,api_get_user,26,898,warm
BASELINE_3_static_macros,api-service,session_touch,26,1753,warm
BASELINE_3_static_macros,api-service,api_get_user,27,816,warm
BASELINE_3_static_macros,api-service,session_touch,27,1547,warm
BASELINE_3_static_macros,api-service,api_get_user,28,1183,warm
BASELINE_3_static_macros,api-service,session_touch,28,1116,warm
BASELINE_3_static_macros,api-service,api_get_user,29,9276,warm
BASELINE_3_static_macros,api-service,session_touch,29,3962,warm
BASELINE_3_static_macros,api-service,api_get_user,30,2738,warm
BASELINE_3_static_macros,api-service,session_touch,30,1924,warm
BASELINE_3_static_macros,api-service,api_get_user,31,3228,warm
BASELINE_3_static_macros,api-service,session_touch,31,934,warm
BASELINE_3_static_macros,api-service,api_get_user,32,1153,warm
BASELINE_3_static_macros,api-service,session_touch,32,909,warm
BASELINE_3_static_macros,api-service,api_get_user,33,1032,warm
BASELINE_3_static_macros,api-service,session_touch,33,1138,warm
BASELINE_3_static_macros,api-service,api_get_user,34,1012,warm
BASELINE_3_static_macros,api-service,session_touch,34,1233,warm
BASELINE_3_static_macros,api-service,api_get_user,35,1007,warm
BASELINE_3_static_macros,api-service,session_touch,35,1012,warm
BASELINE_3_static_macros,api-service,api_get_user,36,1142,warm
BASELINE_3_static_macros,api-service,session_touch,36,1143,warm
BASELINE_3_static_macros,api-service,api_get_user,37,1219,warm
BASELINE_3_static_macros,api-service,session_touch,37,1226,warm
BASELINE_3_static_macros,api-service,api_get_user,38,1121,warm
BASELINE_3_static_macros,api-service,session_touch,38,845,warm
BASELINE_3_static_macros,api-service,api_get_user,39,872,warm
BASELINE_3_static_macros,api-service,session_touch,39,935,warm
BASELINE_3_static_macros,api-service,api_get_user,40,1033,warm
BASELINE_3_static_macros,api-service,session_touch,40,1177,warm
BASELINE_3_static_macros,api-service,api_get_user,41,1075,warm
BASELINE_3_static_macros,api-service,session_touch,41,2142,warm
BASELINE_3_static_macros,api-service,api_get_user,42,1384,warm
BASELINE_3_static_macros,api-service,session_touch,42,1155,warm
BASELINE_3_static_macros,api-service,api_get_user,43,1108,warm
BASELINE_3_static_macros,api-service,session_touch,43,1222,warm
BASELINE_3_static_macros,api-service,api_get_user,44,1092,warm
BASELINE_3_static_macros,api-service,session_touch,44,1192,warm
BASELINE_3_static_macros,api-service,api_get_user,45,1162,warm
BASELINE_3_static_macros,api-service,session_touch,45,1240,warm
BASELINE_3_static_macros,report-worker,daily_report,1,1679,cold
BASELINE_3_static_macros,report-worker,archive_check,1,1463,cold
BASELINE_3_static_macros,report-worker,daily_report,2,1514,warm
BASELINE_3_static_macros,report-worker,archive_check,2,7959,warm
BASELINE_3_static_macros,report-worker,daily_report,3,3097,warm
BASELINE_3_static_macros,report-worker,archive_check,3,1419,warm
BASELINE_3_static_macros,report-worker,daily_report,4,2200,warm
BASELINE_3_static_macros,report-worker,archive_check,4,1165,warm
BASELINE_3_static_macros,report-worker,daily_report,5,1364,warm
BASELINE_3_static_macros,report-worker,archive_check,5,1347,warm
BASELINE_3_static_macros,report-worker,daily_report,6,1753,warm
BASELINE_3_static_macros,report-worker,archive_check,6,1780,warm
BASELINE_3_static_macros,report-worker,daily_report,7,1377,warm
BASELINE_3_static_macros,report-worker,archive_check,7,1276,warm
BASELINE_3_static_macros,report-worker,daily_report,8,1348,warm
BASELINE_3_static_macros,report-worker,archive_check,8,1188,warm
BASELINE_3_static_macros,report-worker,daily_report,9,1262,warm
BASELINE_3_static_macros,report-worker,archive_check,9,1262,warm
BASELINE_3_static_macros,report-worker,daily_report,10,1271,warm
BASELINE_3_static_macros,report-worker,archive_check,10,1141,warm
BASELINE_3_static_macros,report-worker,daily_report,11,5442,warm
BASELINE_3_static_macros,report-worker,archive_check,11,4629,warm
BASELINE_3_static_macros,report-worker,daily_report,12,20969,warm
BASELINE_3_static_macros,report-worker,archive_check,12,1623,warm
BASELINE_3_static_macros,report-worker,daily_report,13,1465,warm
BASELINE_3_static_macros,report-worker,archive_check,13,1713,warm
BASELINE_3_static_macros,report-worker,daily_report,14,3625,warm
BASELINE_3_static_macros,report-worker,archive_check,14,1263,warm
BASELINE_3_static_macros,report-worker,daily_report,15,1310,warm
BASELINE_3_static_macros,report-worker,archive_check,15,28379,warm
BASELINE_3_static_macros,report-worker,daily_report,16,1853,warm
BASELINE_3_static_macros,report-worker,archive_check,16,1526,warm
BASELINE_3_static_macros,report-worker,daily_report,17,1437,warm
BASELINE_3_static_macros,report-worker,archive_check,17,6444,warm
BASELINE_3_static_macros,report-worker,daily_report,18,5877,warm
BASELINE_3_static_macros,report-worker,archive_check,18,1448,warm
BASELINE_3_static_macros,report-worker,daily_report,19,6513,warm
BASELINE_3_static_macros,report-worker,archive_check,19,6557,warm
BASELINE_3_static_macros,report-worker,daily_report,20,5275,warm
BASELINE_3_static_macros,report-worker,archive_check,20,1397,warm
BASELINE_3_static_macros,report-worker,daily_report,21,1732,warm
BASELINE_3_static_macros,report-worker,archive_check,21,1414,warm
BASELINE_3_static_macros,report-worker,daily_report,22,1396,warm
BASELINE_3_static_macros,report-worker,archive_check,22,1383,warm
BASELINE_3_static_macros,report-worker,daily_report,23,1650,warm
BASELINE_3_static_macros,report-worker,archive_check,23,1857,warm
BASELINE_3_static_macros,report-worker,daily_report,24,1757,warm
BASELINE_3_static_macros,report-worker,archive_check,24,1352,warm
BASELINE_3_static_macros,report-worker,daily_report,25,8106,warm
BASELINE_3_static_macros,report-worker,archive_check,25,4927,warm
BASELINE_3_static_macros,report-worker,daily_report,26,1494,warm
BASELINE_3_static_macros,report-worker,archive_check,26,1593,warm
BASELINE_3_static_macros,report-worker,daily_report,27,1690,warm
BASELINE_3_static_macros,report-worker,archive_check,27,1495,warm
BASELINE_3_static_macros,report-worker,daily_report,28,1708,warm
BASELINE_3_static_macros,report-worker,archive_check,28,1705,warm
BASELINE_3_static_macros,report-worker,daily_report,29,2244,warm
BASELINE_3_static_macros,report-worker,archive_check,29,1642,warm
BASELINE_3_static_macros,report-worker,daily_report,30,12107,warm
BASELINE_3_static_macros,report-worker,archive_check,30,1517,warm
BASELINE_3_static_macros,report-worker,daily_report,31,1870,warm
BASELINE_3_static_macros,report-worker,archive_check,31,1598,warm
BASELINE_3_static_macros,report-worker,daily_report,32,1974,warm
BASELINE_3_static_macros,report-worker,archive_check,32,1853,warm
BASELINE_3_static_macros,report-worker,daily_report,33,1692,warm
BASELINE_3_static_macros,report-worker,archive_check,33,1812,warm
BASELINE_3_static_macros,report-worker,daily_report,34,1543,warm
BASELINE_3_static_macros,report-worker,archive_check,34,1744,warm
BASELINE_3_static_macros,report-worker,daily_report,35,1799,warm
BASELINE_3_static_macros,report-worker,archive_check,35,1623,warm
BASELINE_3_static_macros,report-worker,daily_report,36,2076,warm
BASELINE_3_static_macros,report-worker,archive_check,36,1527,warm
BASELINE_3_static_macros,report-worker,daily_report,37,8521,warm
BASELINE_3_static_macros,report-worker,archive_check,37,7396,warm
BASELINE_3_static_macros,report-worker,daily_report,38,7220,warm
BASELINE_3_static_macros,report-worker,archive_check,38,1755,warm
BASELINE_3_static_macros,report-worker,daily_report,39,1616,warm
BASELINE_3_static_macros,report-worker,archive_check,39,1713,warm
BASELINE_3_static_macros,report-worker,daily_report,40,2005,warm
BASELINE_3_static_macros,report-worker,archive_check,40,1854,warm
BASELINE_3_static_macros,build-worker,checksum_artifact,1,1981,cold
BASELINE_3_static_macros,build-worker,stage_output,1,1550,cold
BASELINE_3_static_macros,build-worker,checksum_artifact,2,8740,warm
BASELINE_3_static_macros,build-worker,stage_output,2,1658,warm
BASELINE_3_static_macros,build-worker,checksum_artifact,3,1984,warm
BASELINE_3_static_macros,build-worker,stage_output,3,2155,warm
BASELINE_3_static_macros,build-worker,checksum_artifact,4,1790,warm
BASELINE_3_static_macros,build-worker,stage_output,4,1913,warm
BASELINE_3_static_macros,build-worker,checksum_artifact,5,4451,warm
BASELINE_3_static_macros,build-worker,stage_output,5,1845,warm
BASELINE_3_static_macros,build-worker,checksum_artifact,6,1660,warm
BASELINE_3_static_macros,build-worker,stage_output,6,2060,warm
BASELINE_3_static_macros,build-worker,checksum_artifact,7,1861,warm
BASELINE_3_static_macros,build-worker,stage_output,7,1945,warm
BASELINE_3_static_macros,build-worker,checksum_artifact,8,2003,warm
BASELINE_3_static_macros,build-worker,stage_output,8,2646,warm
BASELINE_3_static_macros,build-worker,checksum_artifact,9,1922,warm
BASELINE_3_static_macros,build-worker,stage_output,9,2150,warm
BASELINE_3_static_macros,build-worker,checksum_artifact,10,1733,warm
BASELINE_3_static_macros,build-worker,stage_output,10,1722,warm
BASELINE_3_static_macros,build-worker,checksum_artifact,11,1716,warm
BASELINE_3_static_macros,build-worker,stage_output,11,2418,warm
BASELINE_3_static_macros,build-worker,checksum_artifact,12,2086,warm
BASELINE_3_static_macros,build-worker,stage_output,12,1902,warm
BASELINE_3_static_macros,build-worker,checksum_artifact,13,10435,warm
BASELINE_3_static_macros,build-worker,stage_output,13,9660,warm
BASELINE_3_static_macros,build-worker,checksum_artifact,14,9101,warm
BASELINE_3_static_macros,build-worker,stage_output,14,2131,warm
BASELINE_3_static_macros,build-worker,checksum_artifact,15,2123,warm
BASELINE_3_static_macros,build-worker,stage_output,15,2368,warm
BASELINE_3_static_macros,build-worker,checksum_artifact,16,9323,warm
BASELINE_3_static_macros,build-worker,stage_output,16,8457,warm
BASELINE_3_static_macros,build-worker,checksum_artifact,17,1769,warm
BASELINE_3_static_macros,build-worker,stage_output,17,1840,warm
BASELINE_3_static_macros,build-worker,checksum_artifact,18,1799,warm
BASELINE_3_static_macros,build-worker,stage_output,18,1819,warm
BASELINE_3_static_macros,build-worker,checksum_artifact,19,1860,warm
BASELINE_3_static_macros,build-worker,stage_output,19,2042,warm
BASELINE_3_static_macros,build-worker,checksum_artifact,20,2322,warm
BASELINE_3_static_macros,build-worker,stage_output,20,2080,warm
BASELINE_3_static_macros,build-worker,checksum_artifact,21,1944,warm
BASELINE_3_static_macros,build-worker,stage_output,21,1862,warm
BASELINE_3_static_macros,build-worker,checksum_artifact,22,1928,warm
BASELINE_3_static_macros,build-worker,stage_output,22,1796,warm
BASELINE_3_static_macros,build-worker,checksum_artifact,23,2039,warm
BASELINE_3_static_macros,build-worker,stage_output,23,2070,warm
BASELINE_3_static_macros,build-worker,checksum_artifact,24,1960,warm
BASELINE_3_static_macros,build-worker,stage_output,24,2311,warm
BASELINE_3_static_macros,build-worker,checksum_artifact,25,2316,warm
BASELINE_3_static_macros,build-worker,stage_output,25,2487,warm
BASELINE_3_static_macros,build-worker,checksum_artifact,26,2065,warm
BASELINE_3_static_macros,build-worker,stage_output,26,1852,warm
BASELINE_3_static_macros,build-worker,checksum_artifact,27,3870,warm
BASELINE_3_static_macros,build-worker,stage_output,27,2247,warm
BASELINE_3_static_macros,build-worker,checksum_artifact,28,34288,warm
BASELINE_3_static_macros,build-worker,stage_output,28,2707,warm
BASELINE_3_static_macros,build-worker,checksum_artifact,29,2393,warm
BASELINE_3_static_macros,build-worker,stage_output,29,2427,warm
BASELINE_3_static_macros,build-worker,checksum_artifact,30,2036,warm
BASELINE_3_static_macros,build-worker,stage_output,30,2089,warm
BASELINE_3_static_macros,build-worker,checksum_artifact,31,7841,warm
BASELINE_3_static_macros,build-worker,stage_output,31,8760,warm
BASELINE_3_static_macros,build-worker,checksum_artifact,32,2248,warm
BASELINE_3_static_macros,build-worker,stage_output,32,2527,warm
BASELINE_3_static_macros,build-worker,checksum_artifact,33,2492,warm
BASELINE_3_static_macros,build-worker,stage_output,33,2350,warm
BASELINE_3_static_macros,build-worker,checksum_artifact,34,2419,warm
BASELINE_3_static_macros,build-worker,stage_output,34,2543,warm
BASELINE_3_static_macros,build-worker,checksum_artifact,35,2225,warm
BASELINE_3_static_macros,build-worker,stage_output,35,2480,warm
BASELINE_3_static_macros,job-processor,dequeue_notify,1,2795,cold
BASELINE_3_static_macros,job-processor,heartbeat,1,2256452,cold
BASELINE_3_static_macros,job-processor,dequeue_notify,2,10983,warm
BASELINE_3_static_macros,job-processor,heartbeat,2,2155638,warm
BASELINE_3_static_macros,job-processor,dequeue_notify,3,7024,warm
BASELINE_3_static_macros,job-processor,heartbeat,3,2356468,warm
BASELINE_3_static_macros,job-processor,dequeue_notify,4,5469,warm
BASELINE_3_static_macros,job-processor,heartbeat,4,2363987,warm
BASELINE_3_static_macros,job-processor,dequeue_notify,5,4866,warm
BASELINE_3_static_macros,job-processor,heartbeat,5,2360420,warm
BASELINE_3_static_macros,job-processor,dequeue_notify,6,3950,warm
BASELINE_3_static_macros,job-processor,heartbeat,6,2135462,warm
BASELINE_3_static_macros,job-processor,dequeue_notify,7,3853,warm
BASELINE_3_static_macros,job-processor,heartbeat,7,2418909,warm
BASELINE_3_static_macros,job-processor,dequeue_notify,8,73159,warm
BASELINE_3_static_macros,job-processor,heartbeat,8,2338240,warm
BASELINE_3_static_macros,job-processor,dequeue_notify,9,6766,warm
BASELINE_3_static_macros,job-processor,heartbeat,9,2127778,warm
BASELINE_3_static_macros,job-processor,dequeue_notify,10,4183,warm
BASELINE_3_static_macros,job-processor,heartbeat,10,2085125,warm
BASELINE_3_static_macros,job-processor,dequeue_notify,11,4149,warm
BASELINE_3_static_macros,job-processor,heartbeat,11,2204364,warm
BASELINE_3_static_macros,job-processor,dequeue_notify,12,3933,warm
BASELINE_3_static_macros,job-processor,heartbeat,12,2297048,warm
BASELINE_3_static_macros,job-processor,dequeue_notify,13,14406,warm
BASELINE_3_static_macros,job-processor,heartbeat,13,2499036,warm
BASELINE_3_static_macros,job-processor,dequeue_notify,14,8749,warm
BASELINE_3_static_macros,job-processor,heartbeat,14,2223733,warm
BASELINE_3_static_macros,job-processor,dequeue_notify,15,8576,warm
BASELINE_3_static_macros,job-processor,heartbeat,15,2134167,warm
BASELINE_3_static_macros,job-processor,dequeue_notify,16,6410,warm
BASELINE_3_static_macros,job-processor,heartbeat,16,2116363,warm
BASELINE_3_static_macros,job-processor,dequeue_notify,17,5227,warm
BASELINE_3_static_macros,job-processor,heartbeat,17,2294134,warm
BASELINE_3_static_macros,job-processor,dequeue_notify,18,6095,warm
BASELINE_3_static_macros,job-processor,heartbeat,18,2174204,warm
BASELINE_3_static_macros,job-processor,dequeue_notify,19,7276,warm
BASELINE_3_static_macros,job-processor,heartbeat,19,2309039,warm
BASELINE_3_static_macros,job-processor,dequeue_notify,20,6319,warm
BASELINE_3_static_macros,job-processor,heartbeat,20,2138684,warm
BASELINE_3_static_macros,job-processor,dequeue_notify,21,5022,warm
BASELINE_3_static_macros,job-processor,heartbeat,21,2374792,warm
BASELINE_3_static_macros,job-processor,dequeue_notify,22,7069,warm
BASELINE_3_static_macros,job-processor,heartbeat,22,2283625,warm
BASELINE_3_static_macros,job-processor,dequeue_notify,23,7874,warm
BASELINE_3_static_macros,job-processor,heartbeat,23,2241545,warm
BASELINE_3_static_macros,job-processor,dequeue_notify,24,7243,warm
BASELINE_3_static_macros,job-processor,heartbeat,24,2350242,warm
BASELINE_3_static_macros,job-processor,dequeue_notify,25,7999,warm
BASELINE_3_static_macros,job-processor,heartbeat,25,2127322,warm
BASELINE_3_static_macros,job-processor,dequeue_notify,26,6158,warm
BASELINE_3_static_macros,job-processor,heartbeat,26,2320709,warm
BASELINE_3_static_macros,job-processor,dequeue_notify,27,3884,warm
BASELINE_3_static_macros,job-processor,heartbeat,27,2377918,warm
BASELINE_3_static_macros,job-processor,dequeue_notify,28,7208,warm
BASELINE_3_static_macros,job-processor,heartbeat,28,2108481,warm
BASELINE_3_static_macros,job-processor,dequeue_notify,29,4796,warm
BASELINE_3_static_macros,job-processor,heartbeat,29,2112738,warm
BASELINE_3_static_macros,job-processor,dequeue_notify,30,4486,warm
BASELINE_3_static_macros,job-processor,heartbeat,30,2132858,warm
BASELINE_3_static_macros,job-processor,dequeue_notify,31,4323,warm
BASELINE_3_static_macros,job-processor,heartbeat,31,2154910,warm
BASELINE_3_static_macros,job-processor,dequeue_notify,32,4463,warm
BASELINE_3_static_macros,job-processor,heartbeat,32,2124640,warm
BASELINE_3_static_macros,job-processor,dequeue_notify,33,4770,warm
BASELINE_3_static_macros,job-processor,heartbeat,33,2483079,warm
BASELINE_3_static_macros,job-processor,dequeue_notify,34,13664,warm
BASELINE_3_static_macros,job-processor,heartbeat,34,2216041,warm
BASELINE_3_static_macros,job-processor,dequeue_notify,35,6513,warm
BASELINE_3_static_macros,job-processor,heartbeat,35,2234368,warm
BASELINE_3_static_macros,job-processor,dequeue_notify,36,4865,warm
BASELINE_3_static_macros,job-processor,heartbeat,36,2231466,warm
BASELINE_3_static_macros,job-processor,dequeue_notify,37,55883,warm
BASELINE_3_static_macros,job-processor,heartbeat,37,2185883,warm
BASELINE_3_static_macros,job-processor,dequeue_notify,38,6162,warm
BASELINE_3_static_macros,job-processor,heartbeat,38,2136741,warm
BASELINE_3_static_macros,job-processor,dequeue_notify,39,4922,warm
BASELINE_3_static_macros,job-processor,heartbeat,39,2117813,warm
BASELINE_3_static_macros,job-processor,dequeue_notify,40,4508,warm
BASELINE_3_static_macros,job-processor,heartbeat,40,2104635,warm
BASELINE_3_static_macros,report-worker,daily_report,41,186951,warm
BASELINE_3_static_macros,report-worker,daily_report,42,48636,warm
BASELINE_3_static_macros,report-worker,daily_report,43,42337,warm
BASELINE_3_static_macros,report-worker,daily_report,44,39520,warm
BASELINE_3_static_macros,report-worker,daily_report,45,151921,warm
BASELINE_3_static_macros,report-worker,daily_report,46,44958,warm
BASELINE_3_static_macros,report-worker,daily_report,47,41017,warm
BASELINE_3_static_macros,report-worker,daily_report,48,38123,warm
BASELINE_3_static_macros,report-worker,daily_report,49,40604,warm
BASELINE_3_static_macros,report-worker,daily_report,50,37466,warm
BASELINE_3_static_macros,report-worker,daily_report,51,70369,warm
BASELINE_3_static_macros,report-worker,daily_report,52,42567,warm
BASELINE_3_static_macros,report-worker,daily_report,53,4972,warm
BASELINE_3_static_macros,report-worker,daily_report,54,3426,warm
BASELINE_3_static_macros,report-worker,daily_report,55,4246,warm
BASELINE_3_static_macros,report-worker,daily_report,56,3824,warm
BASELINE_3_static_macros,report-worker,daily_report,57,3251,warm
BASELINE_3_static_macros,report-worker,daily_report,58,3953,warm
BASELINE_3_static_macros,report-worker,daily_report,59,3007,warm
BASELINE_3_static_macros,report-worker,daily_report,60,25190,warm
BASELINE_3_static_macros,report-worker,daily_report,61,2300,warm
BASELINE_3_static_macros,report-worker,daily_report,62,2154,warm
BASELINE_3_static_macros,report-worker,daily_report,63,2149,warm
BASELINE_3_static_macros,report-worker,daily_report,64,2091,warm
BASELINE_3_static_macros,report-worker,daily_report,65,2120,warm
BASELINE_3_static_macros,report-worker,daily_report,66,2098,warm
BASELINE_3_static_macros,report-worker,daily_report,67,2619,warm
BASELINE_3_static_macros,api-service,api_get_user,46,2280,warm
BASELINE_3_static_macros,api-service,session_touch,46,2276,warm
BASELINE_3_static_macros,api-service,api_get_user,47,2083,warm
BASELINE_3_static_macros,api-service,session_touch,47,2419,warm
BASELINE_3_static_macros,api-service,api_get_user,48,3473,warm
BASELINE_3_static_macros,api-service,session_touch,48,3033,warm
BASELINE_3_static_macros,api-service,api_get_user,49,4183,warm
BASELINE_3_static_macros,api-service,session_touch,49,3216,warm
BASELINE_3_static_macros,api-service,api_get_user,50,3192,warm
BASELINE_3_static_macros,api-service,session_touch,50,2966,warm
BASELINE_3_static_macros,api-service,api_get_user,51,3318,warm
BASELINE_3_static_macros,api-service,session_touch,51,3323,warm
BASELINE_3_static_macros,api-service,api_get_user,52,3301,warm
BASELINE_3_static_macros,api-service,session_touch,52,3316,warm
BASELINE_3_static_macros,api-service,api_get_user,53,2297,warm
BASELINE_3_static_macros,api-service,session_touch,53,2260,warm
BASELINE_3_static_macros,api-service,api_get_user,54,2290,warm
BASELINE_3_static_macros,api-service,session_touch,54,2122,warm
BASELINE_3_static_macros,api-service,api_get_user,55,2172,warm
BASELINE_3_static_macros,api-service,session_touch,55,2157,warm
BASELINE_3_static_macros,api-service,api_get_user,56,2184,warm
BASELINE_3_static_macros,api-service,session_touch,56,2106,warm
BASELINE_3_static_macros,api-service,api_get_user,57,2117,warm
BASELINE_3_static_macros,api-service,session_touch,57,2452,warm
BASELINE_3_static_macros,api-service,api_get_user,58,2767,warm
BASELINE_3_static_macros,api-service,session_touch,58,3193,warm
BASELINE_3_static_macros,api-service,api_get_user,59,3129,warm
BASELINE_3_static_macros,api-service,session_touch,59,3353,warm
BASELINE_3_static_macros,api-service,api_get_user,60,3512,warm
BASELINE_3_static_macros,api-service,session_touch,60,3291,warm
BASELINE_3_static_macros,report-worker,daily_report,68,3670,warm
BASELINE_3_static_macros,report-worker,archive_check,41,3526,warm
BASELINE_3_static_macros,report-worker,daily_report,69,3129,warm
BASELINE_3_static_macros,report-worker,archive_check,42,3443,warm
BASELINE_3_static_macros,report-worker,daily_report,70,3323,warm
BASELINE_3_static_macros,report-worker,archive_check,43,3515,warm
BASELINE_3_static_macros,report-worker,daily_report,71,3818,warm
BASELINE_3_static_macros,report-worker,archive_check,44,3424,warm
BASELINE_3_static_macros,report-worker,daily_report,72,3674,warm
BASELINE_3_static_macros,report-worker,archive_check,45,3547,warm
BASELINE_3_static_macros,report-worker,daily_report,73,3538,warm
BASELINE_3_static_macros,report-worker,archive_check,46,3318,warm
BASELINE_3_static_macros,report-worker,daily_report,74,3390,warm
BASELINE_3_static_macros,report-worker,archive_check,47,3444,warm
BASELINE_3_static_macros,report-worker,daily_report,75,4382,warm
BASELINE_3_static_macros,report-worker,archive_check,48,3912,warm
BASELINE_3_static_macros,report-worker,daily_report,76,6464,warm
BASELINE_3_static_macros,report-worker,archive_check,49,3504,warm
BASELINE_3_static_macros,report-worker,daily_report,77,4180,warm
BASELINE_3_static_macros,report-worker,archive_check,50,3493,warm
BASELINE_3_static_macros,report-worker,daily_report,78,2495,warm
BASELINE_3_static_macros,report-worker,archive_check,51,2374,warm
BASELINE_3_static_macros,report-worker,daily_report,79,2575,warm
BASELINE_3_static_macros,report-worker,archive_check,52,2329,warm
BASELINE_3_static_macros,report-worker,daily_report,80,2447,warm
BASELINE_3_static_macros,report-worker,archive_check,53,2390,warm
BASELINE_3_static_macros,report-worker,daily_report,81,2515,warm
BASELINE_3_static_macros,report-worker,archive_check,54,2424,warm
BASELINE_3_static_macros,report-worker,daily_report,82,2476,warm
BASELINE_3_static_macros,report-worker,archive_check,55,2392,warm
BASELINE_3_static_macros,build-worker,checksum_artifact,36,2530,warm
BASELINE_3_static_macros,build-worker,stage_output,36,4360,warm
BASELINE_3_static_macros,build-worker,checksum_artifact,37,2404,warm
BASELINE_3_static_macros,build-worker,stage_output,37,3237,warm
BASELINE_3_static_macros,build-worker,checksum_artifact,38,4663,warm
BASELINE_3_static_macros,build-worker,stage_output,38,4000,warm
BASELINE_3_static_macros,build-worker,checksum_artifact,39,2487,warm
BASELINE_3_static_macros,build-worker,stage_output,39,2421,warm
BASELINE_3_static_macros,build-worker,checksum_artifact,40,2591,warm
BASELINE_3_static_macros,build-worker,stage_output,40,2438,warm
BASELINE_3_static_macros,build-worker,checksum_artifact,41,2454,warm
BASELINE_3_static_macros,build-worker,stage_output,41,2591,warm
BASELINE_3_static_macros,build-worker,checksum_artifact,42,2433,warm
BASELINE_3_static_macros,build-worker,stage_output,42,2437,warm
BASELINE_3_static_macros,build-worker,checksum_artifact,43,2596,warm
BASELINE_3_static_macros,build-worker,stage_output,43,2460,warm
BASELINE_3_static_macros,build-worker,checksum_artifact,44,2468,warm
BASELINE_3_static_macros,build-worker,stage_output,44,2450,warm
BASELINE_3_static_macros,build-worker,checksum_artifact,45,2448,warm
BASELINE_3_static_macros,build-worker,stage_output,45,2502,warm
BASELINE_3_static_macros,build-worker,checksum_artifact,46,2465,warm
BASELINE_3_static_macros,build-worker,stage_output,46,2531,warm
BASELINE_3_static_macros,build-worker,checksum_artifact,47,2513,warm
BASELINE_3_static_macros,build-worker,stage_output,47,2489,warm
BASELINE_3_static_macros,build-worker,checksum_artifact,48,2538,warm
BASELINE_3_static_macros,build-worker,stage_output,48,2589,warm
BASELINE_3_static_macros,build-worker,checksum_artifact,49,2509,warm
BASELINE_3_static_macros,build-worker,stage_output,49,2488,warm
BASELINE_3_static_macros,build-worker,checksum_artifact,50,2983,warm
BASELINE_3_static_macros,build-worker,stage_output,50,2707,warm
BASELINE_3_static_macros,job-processor,dequeue_notify,41,2863,warm
BASELINE_3_static_macros,job-processor,heartbeat,41,2151962,warm
BASELINE_3_static_macros,job-processor,dequeue_notify,42,7072,warm
BASELINE_3_static_macros,job-processor,heartbeat,42,2148910,warm
BASELINE_3_static_macros,job-processor,dequeue_notify,43,5314,warm
BASELINE_3_static_macros,job-processor,heartbeat,43,2141371,warm
BASELINE_3_static_macros,job-processor,dequeue_notify,44,5672,warm
BASELINE_3_static_macros,job-processor,heartbeat,44,2127053,warm
BASELINE_3_static_macros,job-processor,dequeue_notify,45,45977,warm
BASELINE_3_static_macros,job-processor,heartbeat,45,2264389,warm
BASELINE_3_static_macros,job-processor,dequeue_notify,46,13946,warm
BASELINE_3_static_macros,job-processor,heartbeat,46,2193808,warm
BASELINE_3_static_macros,job-processor,dequeue_notify,47,21979,warm
BASELINE_3_static_macros,job-processor,heartbeat,47,2412499,warm
BASELINE_3_static_macros,job-processor,dequeue_notify,48,18329,warm
BASELINE_3_static_macros,job-processor,heartbeat,48,2375024,warm
BASELINE_3_static_macros,job-processor,dequeue_notify,49,9259,warm
BASELINE_3_static_macros,job-processor,heartbeat,49,2106084,warm
BASELINE_3_static_macros,job-processor,dequeue_notify,50,8420,warm
BASELINE_3_static_macros,job-processor,heartbeat,50,2121882,warm
BASELINE_3_static_macros,job-processor,dequeue_notify,51,7826,warm
BASELINE_3_static_macros,job-processor,heartbeat,51,2142483,warm
BASELINE_3_static_macros,job-processor,dequeue_notify,52,25306,warm
BASELINE_3_static_macros,job-processor,heartbeat,52,2361820,warm
BASELINE_3_static_macros,job-processor,dequeue_notify,53,5687,warm
BASELINE_3_static_macros,job-processor,heartbeat,53,2142419,warm
BASELINE_3_static_macros,job-processor,dequeue_notify,54,5921,warm
BASELINE_3_static_macros,job-processor,heartbeat,54,2177485,warm
BASELINE_3_static_macros,job-processor,dequeue_notify,55,9941,warm
BASELINE_3_static_macros,job-processor,heartbeat,55,2360875,warm
BASELINE_3_static_macros,build-worker,stage_output,51,13258,warm
BASELINE_3_static_macros,build-worker,checksum_artifact,51,5544,warm
BASELINE_3_static_macros,report-worker,daily_report,83,4513,warm
BASELINE_3_static_macros,build-worker,stage_output,52,3768,warm
BASELINE_3_static_macros,api-service,api_get_user,61,3646,warm
BASELINE_3_static_macros,build-worker,stage_output,53,3201,warm
BASELINE_3_static_macros,api-service,api_get_user,62,3373,warm
BASELINE_3_static_macros,job-processor,dequeue_notify,56,3455,warm
BASELINE_3_static_macros,api-service,api_get_user,63,3918,warm
BASELINE_3_static_macros,job-processor,heartbeat,56,2109410,warm
BASELINE_3_static_macros,report-worker,daily_report,84,8951,warm
BASELINE_3_static_macros,api-service,api_get_user,64,4128,warm
BASELINE_3_static_macros,api-service,session_touch,61,3369,warm
BASELINE_3_static_macros,report-worker,archive_check,56,3567,warm
BASELINE_3_static_macros,api-service,session_touch,62,2767,warm
BASELINE_3_static_macros,api-service,api_get_user,65,9490,warm
BASELINE_3_static_macros,build-worker,checksum_artifact,52,3332,warm
BASELINE_3_static_macros,job-processor,dequeue_notify,57,3319,warm
BASELINE_3_static_macros,report-worker,archive_check,57,3099,warm
BASELINE_3_static_macros,report-worker,daily_report,85,3331,warm
BASELINE_3_static_macros,report-worker,daily_report,86,3083,warm
BASELINE_3_static_macros,job-processor,heartbeat,57,2363451,warm
BASELINE_3_static_macros,build-worker,checksum_artifact,53,8312,warm
BASELINE_3_static_macros,job-processor,dequeue_notify,58,4585,warm
BASELINE_3_static_macros,api-service,session_touch,63,3461,warm
BASELINE_3_static_macros,api-service,noise,1,21758,cold
BASELINE_3_static_macros,api-service,noise,2,9881,warm
BASELINE_3_static_macros,api-service,noise,3,44562,warm
BASELINE_3_static_macros,api-service,noise,4,4160333,warm
BASELINE_3_static_macros,api-service,noise,5,2845864,warm
BASELINE_3_static_macros,api-service,noise,6,4173700,warm
BASELINE_3_static_macros,api-service,noise,7,4420425,warm
BASELINE_3_static_macros,api-service,noise,8,21404,warm
BASELINE_3_static_macros,api-service,noise,9,275454,warm
BASELINE_3_static_macros,api-service,noise,10,24291,warm
BASELINE_3_static_macros,api-service,noise,11,33343,warm
BASELINE_3_static_macros,api-service,noise,12,19671,warm
BASELINE_3_static_macros,api-service,noise,13,67007,warm
BASELINE_3_static_macros,api-service,noise,14,6076332,warm
BASELINE_3_static_macros,api-service,noise,15,5762803,warm
BASELINE_3_static_macros,api-service,noise,16,6185624,warm
BASELINE_3_static_macros,api-service,noise,17,6469886,warm
BASELINE_3_static_macros,api-service,noise,18,27774,warm
BASELINE_3_static_macros,api-service,noise,19,354684,warm
BASELINE_3_static_macros,api-service,noise,20,29038,warm
BASELINE_4_per_app_cache,api-service,api_get_user,1,2181407,cold
BASELINE_4_per_app_cache,api-service,session_touch,1,35093,cold
BASELINE_4_per_app_cache,api-service,api_get_user,2,2133490,warm
BASELINE_4_per_app_cache,api-service,session_touch,2,151694,warm
BASELINE_4_per_app_cache,api-service,api_get_user,3,1978145,warm
BASELINE_4_per_app_cache,api-service,session_touch,3,125769,warm
BASELINE_4_per_app_cache,api-service,api_get_user,4,1965736,warm
BASELINE_4_per_app_cache,api-service,session_touch,4,121254,warm
BASELINE_4_per_app_cache,api-service,api_get_user,5,1983055,warm
BASELINE_4_per_app_cache,api-service,session_touch,5,116578,warm
BASELINE_4_per_app_cache,api-service,api_get_user,6,1988257,warm
BASELINE_4_per_app_cache,api-service,session_touch,6,86741,warm
BASELINE_4_per_app_cache,api-service,api_get_user,7,2046847,warm
BASELINE_4_per_app_cache,api-service,session_touch,7,112343,warm
BASELINE_4_per_app_cache,api-service,api_get_user,8,2072669,warm
BASELINE_4_per_app_cache,api-service,session_touch,8,145725,warm
BASELINE_4_per_app_cache,api-service,api_get_user,9,1961437,warm
BASELINE_4_per_app_cache,api-service,session_touch,9,99749,warm
BASELINE_4_per_app_cache,api-service,api_get_user,10,1954691,warm
BASELINE_4_per_app_cache,api-service,session_touch,10,79566,warm
BASELINE_4_per_app_cache,api-service,api_get_user,11,2048367,warm
BASELINE_4_per_app_cache,api-service,session_touch,11,72902,warm
BASELINE_4_per_app_cache,api-service,api_get_user,12,2088287,warm
BASELINE_4_per_app_cache,api-service,session_touch,12,71008,warm
BASELINE_4_per_app_cache,api-service,api_get_user,13,2061385,warm
BASELINE_4_per_app_cache,api-service,session_touch,13,69738,warm
BASELINE_4_per_app_cache,api-service,api_get_user,14,2062083,warm
BASELINE_4_per_app_cache,api-service,session_touch,14,70031,warm
BASELINE_4_per_app_cache,api-service,api_get_user,15,2155637,warm
BASELINE_4_per_app_cache,api-service,session_touch,15,69643,warm
BASELINE_4_per_app_cache,api-service,api_get_user,16,2039414,warm
BASELINE_4_per_app_cache,api-service,session_touch,16,88370,warm
BASELINE_4_per_app_cache,api-service,api_get_user,17,2909180,warm
BASELINE_4_per_app_cache,api-service,session_touch,17,137386,warm
BASELINE_4_per_app_cache,api-service,api_get_user,18,1398512,warm
BASELINE_4_per_app_cache,api-service,session_touch,18,76878,warm
BASELINE_4_per_app_cache,api-service,api_get_user,19,2135645,warm
BASELINE_4_per_app_cache,api-service,session_touch,19,72541,warm
BASELINE_4_per_app_cache,api-service,api_get_user,20,2008091,warm
BASELINE_4_per_app_cache,api-service,session_touch,20,355724,warm
BASELINE_4_per_app_cache,api-service,api_get_user,21,1787732,warm
BASELINE_4_per_app_cache,api-service,session_touch,21,78782,warm
BASELINE_4_per_app_cache,api-service,api_get_user,22,2045837,warm
BASELINE_4_per_app_cache,api-service,session_touch,22,132689,warm
BASELINE_4_per_app_cache,api-service,api_get_user,23,2033786,warm
BASELINE_4_per_app_cache,api-service,session_touch,23,99757,warm
BASELINE_4_per_app_cache,api-service,api_get_user,24,2076895,warm
BASELINE_4_per_app_cache,api-service,session_touch,24,84246,warm
BASELINE_4_per_app_cache,api-service,api_get_user,25,2107416,warm
BASELINE_4_per_app_cache,api-service,session_touch,25,94228,warm
BASELINE_4_per_app_cache,api-service,api_get_user,26,1997861,warm
BASELINE_4_per_app_cache,api-service,session_touch,26,130121,warm
BASELINE_4_per_app_cache,api-service,api_get_user,27,1920155,warm
BASELINE_4_per_app_cache,api-service,session_touch,27,135142,warm
BASELINE_4_per_app_cache,api-service,api_get_user,28,2039250,warm
BASELINE_4_per_app_cache,api-service,session_touch,28,145513,warm
BASELINE_4_per_app_cache,api-service,api_get_user,29,2002792,warm
BASELINE_4_per_app_cache,api-service,session_touch,29,82984,warm
BASELINE_4_per_app_cache,api-service,api_get_user,30,2017547,warm
BASELINE_4_per_app_cache,api-service,session_touch,30,136249,warm
BASELINE_4_per_app_cache,api-service,api_get_user,31,2032127,warm
BASELINE_4_per_app_cache,api-service,session_touch,31,97183,warm
BASELINE_4_per_app_cache,api-service,api_get_user,32,2046424,warm
BASELINE_4_per_app_cache,api-service,session_touch,32,81265,warm
BASELINE_4_per_app_cache,api-service,api_get_user,33,2069586,warm
BASELINE_4_per_app_cache,api-service,session_touch,33,115042,warm
BASELINE_4_per_app_cache,api-service,api_get_user,34,2118346,warm
BASELINE_4_per_app_cache,api-service,session_touch,34,168647,warm
BASELINE_4_per_app_cache,api-service,api_get_user,35,1970243,warm
BASELINE_4_per_app_cache,api-service,session_touch,35,72009,warm
BASELINE_4_per_app_cache,api-service,api_get_user,36,2045800,warm
BASELINE_4_per_app_cache,api-service,session_touch,36,128463,warm
BASELINE_4_per_app_cache,api-service,api_get_user,37,2111319,warm
BASELINE_4_per_app_cache,api-service,session_touch,37,74994,warm
BASELINE_4_per_app_cache,api-service,api_get_user,38,2086695,warm
BASELINE_4_per_app_cache,api-service,session_touch,38,73629,warm
BASELINE_4_per_app_cache,api-service,api_get_user,39,2120284,warm
BASELINE_4_per_app_cache,api-service,session_touch,39,71318,warm
BASELINE_4_per_app_cache,api-service,api_get_user,40,1972799,warm
BASELINE_4_per_app_cache,api-service,session_touch,40,52096,warm
BASELINE_4_per_app_cache,api-service,api_get_user,41,2081812,warm
BASELINE_4_per_app_cache,api-service,session_touch,41,116017,warm
BASELINE_4_per_app_cache,api-service,api_get_user,42,2003643,warm
BASELINE_4_per_app_cache,api-service,session_touch,42,72807,warm
BASELINE_4_per_app_cache,api-service,api_get_user,43,2040212,warm
BASELINE_4_per_app_cache,api-service,session_touch,43,69560,warm
BASELINE_4_per_app_cache,api-service,api_get_user,44,2091848,warm
BASELINE_4_per_app_cache,api-service,session_touch,44,145521,warm
BASELINE_4_per_app_cache,api-service,api_get_user,45,2038010,warm
BASELINE_4_per_app_cache,api-service,session_touch,45,72210,warm
BASELINE_4_per_app_cache,report-worker,daily_report,1,107506,cold
BASELINE_4_per_app_cache,report-worker,archive_check,1,2403173,cold
BASELINE_4_per_app_cache,report-worker,daily_report,2,48697,warm
BASELINE_4_per_app_cache,report-worker,archive_check,2,2335159,warm
BASELINE_4_per_app_cache,report-worker,daily_report,3,51542,warm
BASELINE_4_per_app_cache,report-worker,archive_check,3,1983095,warm
BASELINE_4_per_app_cache,report-worker,daily_report,4,51573,warm
BASELINE_4_per_app_cache,report-worker,archive_check,4,1835755,warm
BASELINE_4_per_app_cache,report-worker,daily_report,5,43760,warm
BASELINE_4_per_app_cache,report-worker,archive_check,5,1940284,warm
BASELINE_4_per_app_cache,report-worker,daily_report,6,62528,warm
BASELINE_4_per_app_cache,report-worker,archive_check,6,1961120,warm
BASELINE_4_per_app_cache,report-worker,daily_report,7,110985,warm
BASELINE_4_per_app_cache,report-worker,archive_check,7,1832172,warm
BASELINE_4_per_app_cache,report-worker,daily_report,8,53069,warm
BASELINE_4_per_app_cache,report-worker,archive_check,8,2271903,warm
BASELINE_4_per_app_cache,report-worker,daily_report,9,60234,warm
BASELINE_4_per_app_cache,report-worker,archive_check,9,1797537,warm
BASELINE_4_per_app_cache,report-worker,daily_report,10,60321,warm
BASELINE_4_per_app_cache,report-worker,archive_check,10,2848123,warm
BASELINE_4_per_app_cache,report-worker,daily_report,11,51302,warm
BASELINE_4_per_app_cache,report-worker,archive_check,11,2293064,warm
BASELINE_4_per_app_cache,report-worker,daily_report,12,88727,warm
BASELINE_4_per_app_cache,report-worker,archive_check,12,1976076,warm
BASELINE_4_per_app_cache,report-worker,daily_report,13,79223,warm
BASELINE_4_per_app_cache,report-worker,archive_check,13,1961300,warm
BASELINE_4_per_app_cache,report-worker,daily_report,14,50501,warm
BASELINE_4_per_app_cache,report-worker,archive_check,14,1896154,warm
BASELINE_4_per_app_cache,report-worker,daily_report,15,56972,warm
BASELINE_4_per_app_cache,report-worker,archive_check,15,2384261,warm
BASELINE_4_per_app_cache,report-worker,daily_report,16,50958,warm
BASELINE_4_per_app_cache,report-worker,archive_check,16,2095806,warm
BASELINE_4_per_app_cache,report-worker,daily_report,17,48916,warm
BASELINE_4_per_app_cache,report-worker,archive_check,17,1958886,warm
BASELINE_4_per_app_cache,report-worker,daily_report,18,48441,warm
BASELINE_4_per_app_cache,report-worker,archive_check,18,1849081,warm
BASELINE_4_per_app_cache,report-worker,daily_report,19,44977,warm
BASELINE_4_per_app_cache,report-worker,archive_check,19,2322947,warm
BASELINE_4_per_app_cache,report-worker,daily_report,20,112462,warm
BASELINE_4_per_app_cache,report-worker,archive_check,20,1747696,warm
BASELINE_4_per_app_cache,report-worker,daily_report,21,57338,warm
BASELINE_4_per_app_cache,report-worker,archive_check,21,1983961,warm
BASELINE_4_per_app_cache,report-worker,daily_report,22,95012,warm
BASELINE_4_per_app_cache,report-worker,archive_check,22,1860742,warm
BASELINE_4_per_app_cache,report-worker,daily_report,23,88398,warm
BASELINE_4_per_app_cache,report-worker,archive_check,23,1983319,warm
BASELINE_4_per_app_cache,report-worker,daily_report,24,90808,warm
BASELINE_4_per_app_cache,report-worker,archive_check,24,1861840,warm
BASELINE_4_per_app_cache,report-worker,daily_report,25,129214,warm
BASELINE_4_per_app_cache,report-worker,archive_check,25,1955814,warm
BASELINE_4_per_app_cache,report-worker,daily_report,26,63007,warm
BASELINE_4_per_app_cache,report-worker,archive_check,26,2830930,warm
BASELINE_4_per_app_cache,report-worker,daily_report,27,71150,warm
BASELINE_4_per_app_cache,report-worker,archive_check,27,2117454,warm
BASELINE_4_per_app_cache,report-worker,daily_report,28,53126,warm
BASELINE_4_per_app_cache,report-worker,archive_check,28,2215780,warm
BASELINE_4_per_app_cache,report-worker,daily_report,29,52752,warm
BASELINE_4_per_app_cache,report-worker,archive_check,29,2720014,warm
BASELINE_4_per_app_cache,report-worker,daily_report,30,100747,warm
BASELINE_4_per_app_cache,report-worker,archive_check,30,1983812,warm
BASELINE_4_per_app_cache,report-worker,daily_report,31,80463,warm
BASELINE_4_per_app_cache,report-worker,archive_check,31,1912375,warm
BASELINE_4_per_app_cache,report-worker,daily_report,32,57395,warm
BASELINE_4_per_app_cache,report-worker,archive_check,32,2020648,warm
BASELINE_4_per_app_cache,report-worker,daily_report,33,51038,warm
BASELINE_4_per_app_cache,report-worker,archive_check,33,2361613,warm
BASELINE_4_per_app_cache,report-worker,daily_report,34,50906,warm
BASELINE_4_per_app_cache,report-worker,archive_check,34,2059718,warm
BASELINE_4_per_app_cache,report-worker,daily_report,35,73064,warm
BASELINE_4_per_app_cache,report-worker,archive_check,35,1919854,warm
BASELINE_4_per_app_cache,report-worker,daily_report,36,86278,warm
BASELINE_4_per_app_cache,report-worker,archive_check,36,1722747,warm
BASELINE_4_per_app_cache,report-worker,daily_report,37,45082,warm
BASELINE_4_per_app_cache,report-worker,archive_check,37,2067340,warm
BASELINE_4_per_app_cache,report-worker,daily_report,38,46909,warm
BASELINE_4_per_app_cache,report-worker,archive_check,38,1962713,warm
BASELINE_4_per_app_cache,report-worker,daily_report,39,87597,warm
BASELINE_4_per_app_cache,report-worker,archive_check,39,2140470,warm
BASELINE_4_per_app_cache,report-worker,daily_report,40,103639,warm
BASELINE_4_per_app_cache,report-worker,archive_check,40,1885702,warm
BASELINE_4_per_app_cache,build-worker,checksum_artifact,1,2080650,cold
BASELINE_4_per_app_cache,build-worker,stage_output,1,298152,cold
BASELINE_4_per_app_cache,build-worker,checksum_artifact,2,2115991,warm
BASELINE_4_per_app_cache,build-worker,stage_output,2,59571,warm
BASELINE_4_per_app_cache,build-worker,checksum_artifact,3,2346448,warm
BASELINE_4_per_app_cache,build-worker,stage_output,3,64630,warm
BASELINE_4_per_app_cache,build-worker,checksum_artifact,4,2128106,warm
BASELINE_4_per_app_cache,build-worker,stage_output,4,64706,warm
BASELINE_4_per_app_cache,build-worker,checksum_artifact,5,1971420,warm
BASELINE_4_per_app_cache,build-worker,stage_output,5,54432,warm
BASELINE_4_per_app_cache,build-worker,checksum_artifact,6,1899482,warm
BASELINE_4_per_app_cache,build-worker,stage_output,6,50861,warm
BASELINE_4_per_app_cache,build-worker,checksum_artifact,7,1812793,warm
BASELINE_4_per_app_cache,build-worker,stage_output,7,48025,warm
BASELINE_4_per_app_cache,build-worker,checksum_artifact,8,1977911,warm
BASELINE_4_per_app_cache,build-worker,stage_output,8,46641,warm
BASELINE_4_per_app_cache,build-worker,checksum_artifact,9,1925039,warm
BASELINE_4_per_app_cache,build-worker,stage_output,9,51416,warm
BASELINE_4_per_app_cache,build-worker,checksum_artifact,10,1948195,warm
BASELINE_4_per_app_cache,build-worker,stage_output,10,47209,warm
BASELINE_4_per_app_cache,build-worker,checksum_artifact,11,1903233,warm
BASELINE_4_per_app_cache,build-worker,stage_output,11,49823,warm
BASELINE_4_per_app_cache,build-worker,checksum_artifact,12,1875645,warm
BASELINE_4_per_app_cache,build-worker,stage_output,12,46427,warm
BASELINE_4_per_app_cache,build-worker,checksum_artifact,13,1839870,warm
BASELINE_4_per_app_cache,build-worker,stage_output,13,55232,warm
BASELINE_4_per_app_cache,build-worker,checksum_artifact,14,2081880,warm
BASELINE_4_per_app_cache,build-worker,stage_output,14,46893,warm
BASELINE_4_per_app_cache,build-worker,checksum_artifact,15,1962723,warm
BASELINE_4_per_app_cache,build-worker,stage_output,15,114410,warm
BASELINE_4_per_app_cache,build-worker,checksum_artifact,16,1970294,warm
BASELINE_4_per_app_cache,build-worker,stage_output,16,57888,warm
BASELINE_4_per_app_cache,build-worker,checksum_artifact,17,1795686,warm
BASELINE_4_per_app_cache,build-worker,stage_output,17,57176,warm
BASELINE_4_per_app_cache,build-worker,checksum_artifact,18,1871601,warm
BASELINE_4_per_app_cache,build-worker,stage_output,18,53184,warm
BASELINE_4_per_app_cache,build-worker,checksum_artifact,19,1827021,warm
BASELINE_4_per_app_cache,build-worker,stage_output,19,54508,warm
BASELINE_4_per_app_cache,build-worker,checksum_artifact,20,2167591,warm
BASELINE_4_per_app_cache,build-worker,stage_output,20,57343,warm
BASELINE_4_per_app_cache,build-worker,checksum_artifact,21,2173235,warm
BASELINE_4_per_app_cache,build-worker,stage_output,21,98717,warm
BASELINE_4_per_app_cache,build-worker,checksum_artifact,22,1923693,warm
BASELINE_4_per_app_cache,build-worker,stage_output,22,52901,warm
BASELINE_4_per_app_cache,build-worker,checksum_artifact,23,2359329,warm
BASELINE_4_per_app_cache,build-worker,stage_output,23,63347,warm
BASELINE_4_per_app_cache,build-worker,checksum_artifact,24,2023714,warm
BASELINE_4_per_app_cache,build-worker,stage_output,24,55584,warm
BASELINE_4_per_app_cache,build-worker,checksum_artifact,25,2218218,warm
BASELINE_4_per_app_cache,build-worker,stage_output,25,60139,warm
BASELINE_4_per_app_cache,build-worker,checksum_artifact,26,1931004,warm
BASELINE_4_per_app_cache,build-worker,stage_output,26,56891,warm
BASELINE_4_per_app_cache,build-worker,checksum_artifact,27,2582273,warm
BASELINE_4_per_app_cache,build-worker,stage_output,27,56888,warm
BASELINE_4_per_app_cache,build-worker,checksum_artifact,28,2068647,warm
BASELINE_4_per_app_cache,build-worker,stage_output,28,51943,warm
BASELINE_4_per_app_cache,build-worker,checksum_artifact,29,2073533,warm
BASELINE_4_per_app_cache,build-worker,stage_output,29,49589,warm
BASELINE_4_per_app_cache,build-worker,checksum_artifact,30,1938388,warm
BASELINE_4_per_app_cache,build-worker,stage_output,30,48971,warm
BASELINE_4_per_app_cache,build-worker,checksum_artifact,31,1921009,warm
BASELINE_4_per_app_cache,build-worker,stage_output,31,49452,warm
BASELINE_4_per_app_cache,build-worker,checksum_artifact,32,1989762,warm
BASELINE_4_per_app_cache,build-worker,stage_output,32,59946,warm
BASELINE_4_per_app_cache,build-worker,checksum_artifact,33,2071927,warm
BASELINE_4_per_app_cache,build-worker,stage_output,33,88871,warm
BASELINE_4_per_app_cache,build-worker,checksum_artifact,34,1950640,warm
BASELINE_4_per_app_cache,build-worker,stage_output,34,56910,warm
BASELINE_4_per_app_cache,build-worker,checksum_artifact,35,1927588,warm
BASELINE_4_per_app_cache,build-worker,stage_output,35,55511,warm
BASELINE_4_per_app_cache,job-processor,dequeue_notify,1,1816005,cold
BASELINE_4_per_app_cache,job-processor,heartbeat,1,2385997,cold
BASELINE_4_per_app_cache,job-processor,dequeue_notify,2,1822503,warm
BASELINE_4_per_app_cache,job-processor,heartbeat,2,2255294,warm
BASELINE_4_per_app_cache,job-processor,dequeue_notify,3,1948376,warm
BASELINE_4_per_app_cache,job-processor,heartbeat,3,2124357,warm
BASELINE_4_per_app_cache,job-processor,dequeue_notify,4,2063043,warm
BASELINE_4_per_app_cache,job-processor,heartbeat,4,2165977,warm
BASELINE_4_per_app_cache,job-processor,dequeue_notify,5,2021957,warm
BASELINE_4_per_app_cache,job-processor,heartbeat,5,2214282,warm
BASELINE_4_per_app_cache,job-processor,dequeue_notify,6,2042892,warm
BASELINE_4_per_app_cache,job-processor,heartbeat,6,2170535,warm
BASELINE_4_per_app_cache,job-processor,dequeue_notify,7,1989731,warm
BASELINE_4_per_app_cache,job-processor,heartbeat,7,2185473,warm
BASELINE_4_per_app_cache,job-processor,dequeue_notify,8,1983074,warm
BASELINE_4_per_app_cache,job-processor,heartbeat,8,2305978,warm
BASELINE_4_per_app_cache,job-processor,dequeue_notify,9,1888836,warm
BASELINE_4_per_app_cache,job-processor,heartbeat,9,2107962,warm
BASELINE_4_per_app_cache,job-processor,dequeue_notify,10,2044250,warm
BASELINE_4_per_app_cache,job-processor,heartbeat,10,2157785,warm
BASELINE_4_per_app_cache,job-processor,dequeue_notify,11,2033077,warm
BASELINE_4_per_app_cache,job-processor,heartbeat,11,2195730,warm
BASELINE_4_per_app_cache,job-processor,dequeue_notify,12,1985378,warm
BASELINE_4_per_app_cache,job-processor,heartbeat,12,2192454,warm
BASELINE_4_per_app_cache,job-processor,dequeue_notify,13,1993407,warm
BASELINE_4_per_app_cache,job-processor,heartbeat,13,2195639,warm
BASELINE_4_per_app_cache,job-processor,dequeue_notify,14,1987539,warm
BASELINE_4_per_app_cache,job-processor,heartbeat,14,2131276,warm
BASELINE_4_per_app_cache,job-processor,dequeue_notify,15,2119579,warm
BASELINE_4_per_app_cache,job-processor,heartbeat,15,2377023,warm
BASELINE_4_per_app_cache,job-processor,dequeue_notify,16,1776183,warm
BASELINE_4_per_app_cache,job-processor,heartbeat,16,2145633,warm
BASELINE_4_per_app_cache,job-processor,dequeue_notify,17,2017255,warm
BASELINE_4_per_app_cache,job-processor,heartbeat,17,2107145,warm
BASELINE_4_per_app_cache,job-processor,dequeue_notify,18,2061638,warm
BASELINE_4_per_app_cache,job-processor,heartbeat,18,2382173,warm
BASELINE_4_per_app_cache,job-processor,dequeue_notify,19,1852158,warm
BASELINE_4_per_app_cache,job-processor,heartbeat,19,2478613,warm
BASELINE_4_per_app_cache,job-processor,dequeue_notify,20,1649374,warm
BASELINE_4_per_app_cache,job-processor,heartbeat,20,2345777,warm
BASELINE_4_per_app_cache,job-processor,dequeue_notify,21,1846290,warm
BASELINE_4_per_app_cache,job-processor,heartbeat,21,2207469,warm
BASELINE_4_per_app_cache,job-processor,dequeue_notify,22,1979612,warm
BASELINE_4_per_app_cache,job-processor,heartbeat,22,2180412,warm
BASELINE_4_per_app_cache,job-processor,dequeue_notify,23,1999868,warm
BASELINE_4_per_app_cache,job-processor,heartbeat,23,2358376,warm
BASELINE_4_per_app_cache,job-processor,dequeue_notify,24,1871829,warm
BASELINE_4_per_app_cache,job-processor,heartbeat,24,2127920,warm
BASELINE_4_per_app_cache,job-processor,dequeue_notify,25,1969690,warm
BASELINE_4_per_app_cache,job-processor,heartbeat,25,2107664,warm
BASELINE_4_per_app_cache,job-processor,dequeue_notify,26,2081471,warm
BASELINE_4_per_app_cache,job-processor,heartbeat,26,2117847,warm
BASELINE_4_per_app_cache,job-processor,dequeue_notify,27,2075819,warm
BASELINE_4_per_app_cache,job-processor,heartbeat,27,2105576,warm
BASELINE_4_per_app_cache,job-processor,dequeue_notify,28,2039591,warm
BASELINE_4_per_app_cache,job-processor,heartbeat,28,2172800,warm
BASELINE_4_per_app_cache,job-processor,dequeue_notify,29,2120446,warm
BASELINE_4_per_app_cache,job-processor,heartbeat,29,2138847,warm
BASELINE_4_per_app_cache,job-processor,dequeue_notify,30,1991463,warm
BASELINE_4_per_app_cache,job-processor,heartbeat,30,2213572,warm
BASELINE_4_per_app_cache,job-processor,dequeue_notify,31,2032148,warm
BASELINE_4_per_app_cache,job-processor,heartbeat,31,2456790,warm
BASELINE_4_per_app_cache,job-processor,dequeue_notify,32,1737075,warm
BASELINE_4_per_app_cache,job-processor,heartbeat,32,2267873,warm
BASELINE_4_per_app_cache,job-processor,dequeue_notify,33,1919355,warm
BASELINE_4_per_app_cache,job-processor,heartbeat,33,2140943,warm
BASELINE_4_per_app_cache,job-processor,dequeue_notify,34,2068456,warm
BASELINE_4_per_app_cache,job-processor,heartbeat,34,2589018,warm
BASELINE_4_per_app_cache,job-processor,dequeue_notify,35,1538029,warm
BASELINE_4_per_app_cache,job-processor,heartbeat,35,2197502,warm
BASELINE_4_per_app_cache,job-processor,dequeue_notify,36,1995690,warm
BASELINE_4_per_app_cache,job-processor,heartbeat,36,2230814,warm
BASELINE_4_per_app_cache,job-processor,dequeue_notify,37,1951119,warm
BASELINE_4_per_app_cache,job-processor,heartbeat,37,2201480,warm
BASELINE_4_per_app_cache,job-processor,dequeue_notify,38,2026761,warm
BASELINE_4_per_app_cache,job-processor,heartbeat,38,2147203,warm
BASELINE_4_per_app_cache,job-processor,dequeue_notify,39,2057230,warm
BASELINE_4_per_app_cache,job-processor,heartbeat,39,2365829,warm
BASELINE_4_per_app_cache,job-processor,dequeue_notify,40,1800713,warm
BASELINE_4_per_app_cache,job-processor,heartbeat,40,2175768,warm
BASELINE_4_per_app_cache,report-worker,daily_report,41,136116,warm
BASELINE_4_per_app_cache,report-worker,daily_report,42,53199,warm
BASELINE_4_per_app_cache,report-worker,daily_report,43,53495,warm
BASELINE_4_per_app_cache,report-worker,daily_report,44,80610,warm
BASELINE_4_per_app_cache,report-worker,daily_report,45,125779,warm
BASELINE_4_per_app_cache,report-worker,daily_report,46,89020,warm
BASELINE_4_per_app_cache,report-worker,daily_report,47,61266,warm
BASELINE_4_per_app_cache,report-worker,daily_report,48,45126,warm
BASELINE_4_per_app_cache,report-worker,daily_report,49,85327,warm
BASELINE_4_per_app_cache,report-worker,daily_report,50,49075,warm
BASELINE_4_per_app_cache,report-worker,daily_report,51,82157,warm
BASELINE_4_per_app_cache,report-worker,daily_report,52,83135,warm
BASELINE_4_per_app_cache,report-worker,daily_report,53,88172,warm
BASELINE_4_per_app_cache,report-worker,daily_report,54,146683,warm
BASELINE_4_per_app_cache,report-worker,daily_report,55,67985,warm
BASELINE_4_per_app_cache,report-worker,daily_report,56,41971,warm
BASELINE_4_per_app_cache,report-worker,daily_report,57,40847,warm
BASELINE_4_per_app_cache,report-worker,daily_report,58,102771,warm
BASELINE_4_per_app_cache,report-worker,daily_report,59,100784,warm
BASELINE_4_per_app_cache,report-worker,daily_report,60,280841,warm
BASELINE_4_per_app_cache,report-worker,daily_report,61,52542,warm
BASELINE_4_per_app_cache,report-worker,daily_report,62,133513,warm
BASELINE_4_per_app_cache,report-worker,daily_report,63,44481,warm
BASELINE_4_per_app_cache,report-worker,daily_report,64,48533,warm
BASELINE_4_per_app_cache,report-worker,daily_report,65,50992,warm
BASELINE_4_per_app_cache,report-worker,daily_report,66,71704,warm
BASELINE_4_per_app_cache,report-worker,daily_report,67,64753,warm
BASELINE_4_per_app_cache,api-service,api_get_user,46,293385,warm
BASELINE_4_per_app_cache,api-service,session_touch,46,86596,warm
BASELINE_4_per_app_cache,api-service,api_get_user,47,2020004,warm
BASELINE_4_per_app_cache,api-service,session_touch,47,143386,warm
BASELINE_4_per_app_cache,api-service,api_get_user,48,2000013,warm
BASELINE_4_per_app_cache,api-service,session_touch,48,134838,warm
BASELINE_4_per_app_cache,api-service,api_get_user,49,1985386,warm
BASELINE_4_per_app_cache,api-service,session_touch,49,131398,warm
BASELINE_4_per_app_cache,api-service,api_get_user,50,1988456,warm
BASELINE_4_per_app_cache,api-service,session_touch,50,112285,warm
BASELINE_4_per_app_cache,api-service,api_get_user,51,1975134,warm
BASELINE_4_per_app_cache,api-service,session_touch,51,99922,warm
BASELINE_4_per_app_cache,api-service,api_get_user,52,1997556,warm
BASELINE_4_per_app_cache,api-service,session_touch,52,123270,warm
BASELINE_4_per_app_cache,api-service,api_get_user,53,2049226,warm
BASELINE_4_per_app_cache,api-service,session_touch,53,221131,warm
BASELINE_4_per_app_cache,api-service,api_get_user,54,1942011,warm
BASELINE_4_per_app_cache,api-service,session_touch,54,122725,warm
BASELINE_4_per_app_cache,api-service,api_get_user,55,1990579,warm
BASELINE_4_per_app_cache,api-service,session_touch,55,145330,warm
BASELINE_4_per_app_cache,api-service,api_get_user,56,1979989,warm
BASELINE_4_per_app_cache,api-service,session_touch,56,101714,warm
BASELINE_4_per_app_cache,api-service,api_get_user,57,2004768,warm
BASELINE_4_per_app_cache,api-service,session_touch,57,267402,warm
BASELINE_4_per_app_cache,api-service,api_get_user,58,1906986,warm
BASELINE_4_per_app_cache,api-service,session_touch,58,149776,warm
BASELINE_4_per_app_cache,api-service,api_get_user,59,1969549,warm
BASELINE_4_per_app_cache,api-service,session_touch,59,167649,warm
BASELINE_4_per_app_cache,api-service,api_get_user,60,1973519,warm
BASELINE_4_per_app_cache,api-service,session_touch,60,105321,warm
BASELINE_4_per_app_cache,report-worker,daily_report,68,180785,warm
BASELINE_4_per_app_cache,report-worker,archive_check,41,2547323,warm
BASELINE_4_per_app_cache,report-worker,daily_report,69,141515,warm
BASELINE_4_per_app_cache,report-worker,archive_check,42,2010128,warm
BASELINE_4_per_app_cache,report-worker,daily_report,70,56989,warm
BASELINE_4_per_app_cache,report-worker,archive_check,43,2269498,warm
BASELINE_4_per_app_cache,report-worker,daily_report,71,286434,warm
BASELINE_4_per_app_cache,report-worker,archive_check,44,2261098,warm
BASELINE_4_per_app_cache,report-worker,daily_report,72,50446,warm
BASELINE_4_per_app_cache,report-worker,archive_check,45,2432759,warm
BASELINE_4_per_app_cache,report-worker,daily_report,73,67954,warm
BASELINE_4_per_app_cache,report-worker,archive_check,46,1925281,warm
BASELINE_4_per_app_cache,report-worker,daily_report,74,54737,warm
BASELINE_4_per_app_cache,report-worker,archive_check,47,1796125,warm
BASELINE_4_per_app_cache,report-worker,daily_report,75,51745,warm
BASELINE_4_per_app_cache,report-worker,archive_check,48,2723602,warm
BASELINE_4_per_app_cache,report-worker,daily_report,76,60466,warm
BASELINE_4_per_app_cache,report-worker,archive_check,49,2001260,warm
BASELINE_4_per_app_cache,report-worker,daily_report,77,51907,warm
BASELINE_4_per_app_cache,report-worker,archive_check,50,2032451,warm
BASELINE_4_per_app_cache,report-worker,daily_report,78,120671,warm
BASELINE_4_per_app_cache,report-worker,archive_check,51,1867578,warm
BASELINE_4_per_app_cache,report-worker,daily_report,79,57455,warm
BASELINE_4_per_app_cache,report-worker,archive_check,52,1837116,warm
BASELINE_4_per_app_cache,report-worker,daily_report,80,90114,warm
BASELINE_4_per_app_cache,report-worker,archive_check,53,1810325,warm
BASELINE_4_per_app_cache,report-worker,daily_report,81,107932,warm
BASELINE_4_per_app_cache,report-worker,archive_check,54,1995226,warm
BASELINE_4_per_app_cache,report-worker,daily_report,82,88757,warm
BASELINE_4_per_app_cache,report-worker,archive_check,55,1982031,warm
BASELINE_4_per_app_cache,build-worker,checksum_artifact,36,1854660,warm
BASELINE_4_per_app_cache,build-worker,stage_output,36,54262,warm
BASELINE_4_per_app_cache,build-worker,checksum_artifact,37,2241329,warm
BASELINE_4_per_app_cache,build-worker,stage_output,37,92162,warm
BASELINE_4_per_app_cache,build-worker,checksum_artifact,38,2348244,warm
BASELINE_4_per_app_cache,build-worker,stage_output,38,58865,warm
BASELINE_4_per_app_cache,build-worker,checksum_artifact,39,2053929,warm
BASELINE_4_per_app_cache,build-worker,stage_output,39,58437,warm
BASELINE_4_per_app_cache,build-worker,checksum_artifact,40,2319533,warm
BASELINE_4_per_app_cache,build-worker,stage_output,40,65719,warm
BASELINE_4_per_app_cache,build-worker,checksum_artifact,41,2121248,warm
BASELINE_4_per_app_cache,build-worker,stage_output,41,59877,warm
BASELINE_4_per_app_cache,build-worker,checksum_artifact,42,2054606,warm
BASELINE_4_per_app_cache,build-worker,stage_output,42,61153,warm
BASELINE_4_per_app_cache,build-worker,checksum_artifact,43,2099147,warm
BASELINE_4_per_app_cache,build-worker,stage_output,43,54985,warm
BASELINE_4_per_app_cache,build-worker,checksum_artifact,44,1867454,warm
BASELINE_4_per_app_cache,build-worker,stage_output,44,51797,warm
BASELINE_4_per_app_cache,build-worker,checksum_artifact,45,2125528,warm
BASELINE_4_per_app_cache,build-worker,stage_output,45,61427,warm
BASELINE_4_per_app_cache,build-worker,checksum_artifact,46,1910185,warm
BASELINE_4_per_app_cache,build-worker,stage_output,46,54704,warm
BASELINE_4_per_app_cache,build-worker,checksum_artifact,47,2033961,warm
BASELINE_4_per_app_cache,build-worker,stage_output,47,50184,warm
BASELINE_4_per_app_cache,build-worker,checksum_artifact,48,1915548,warm
BASELINE_4_per_app_cache,build-worker,stage_output,48,52235,warm
BASELINE_4_per_app_cache,build-worker,checksum_artifact,49,2059710,warm
BASELINE_4_per_app_cache,build-worker,stage_output,49,49875,warm
BASELINE_4_per_app_cache,build-worker,checksum_artifact,50,1897464,warm
BASELINE_4_per_app_cache,build-worker,stage_output,50,344053,warm
BASELINE_4_per_app_cache,job-processor,dequeue_notify,41,1724083,warm
BASELINE_4_per_app_cache,job-processor,heartbeat,41,2236834,warm
BASELINE_4_per_app_cache,job-processor,dequeue_notify,42,2122386,warm
BASELINE_4_per_app_cache,job-processor,heartbeat,42,2335466,warm
BASELINE_4_per_app_cache,job-processor,dequeue_notify,43,1807815,warm
BASELINE_4_per_app_cache,job-processor,heartbeat,43,2113189,warm
BASELINE_4_per_app_cache,job-processor,dequeue_notify,44,2224629,warm
BASELINE_4_per_app_cache,job-processor,heartbeat,44,2214048,warm
BASELINE_4_per_app_cache,job-processor,dequeue_notify,45,1804154,warm
BASELINE_4_per_app_cache,job-processor,heartbeat,45,2563751,warm
BASELINE_4_per_app_cache,job-processor,dequeue_notify,46,1719747,warm
BASELINE_4_per_app_cache,job-processor,heartbeat,46,2309400,warm
BASELINE_4_per_app_cache,job-processor,dequeue_notify,47,1803074,warm
BASELINE_4_per_app_cache,job-processor,heartbeat,47,2243394,warm
BASELINE_4_per_app_cache,job-processor,dequeue_notify,48,2005650,warm
BASELINE_4_per_app_cache,job-processor,heartbeat,48,2144540,warm
BASELINE_4_per_app_cache,job-processor,dequeue_notify,49,2069107,warm
BASELINE_4_per_app_cache,job-processor,heartbeat,49,2330094,warm
BASELINE_4_per_app_cache,job-processor,dequeue_notify,50,1878982,warm
BASELINE_4_per_app_cache,job-processor,heartbeat,50,2287746,warm
BASELINE_4_per_app_cache,job-processor,dequeue_notify,51,1868172,warm
BASELINE_4_per_app_cache,job-processor,heartbeat,51,2188457,warm
BASELINE_4_per_app_cache,job-processor,dequeue_notify,52,2040673,warm
BASELINE_4_per_app_cache,job-processor,heartbeat,52,2102243,warm
BASELINE_4_per_app_cache,job-processor,dequeue_notify,53,2077576,warm
BASELINE_4_per_app_cache,job-processor,heartbeat,53,2414597,warm
BASELINE_4_per_app_cache,job-processor,dequeue_notify,54,1792837,warm
BASELINE_4_per_app_cache,job-processor,heartbeat,54,2390942,warm
BASELINE_4_per_app_cache,job-processor,dequeue_notify,55,1831429,warm
BASELINE_4_per_app_cache,job-processor,heartbeat,55,2119580,warm
BASELINE_4_per_app_cache,build-worker,stage_output,51,8996,warm
BASELINE_4_per_app_cache,build-worker,checksum_artifact,51,5597,warm
BASELINE_4_per_app_cache,report-worker,daily_report,83,5003,warm
BASELINE_4_per_app_cache,build-worker,stage_output,52,4744,warm
BASELINE_4_per_app_cache,api-service,api_get_user,61,4165,warm
BASELINE_4_per_app_cache,build-worker,stage_output,53,4534,warm
BASELINE_4_per_app_cache,api-service,api_get_user,62,4423,warm
BASELINE_4_per_app_cache,job-processor,dequeue_notify,56,4082,warm
BASELINE_4_per_app_cache,api-service,api_get_user,63,4932,warm
BASELINE_4_per_app_cache,job-processor,heartbeat,56,4295,warm
BASELINE_4_per_app_cache,report-worker,daily_report,84,4440,warm
BASELINE_4_per_app_cache,api-service,api_get_user,64,4058,warm
BASELINE_4_per_app_cache,api-service,session_touch,61,4682,warm
BASELINE_4_per_app_cache,report-worker,archive_check,56,4237,warm
BASELINE_4_per_app_cache,api-service,session_touch,62,4156,warm
BASELINE_4_per_app_cache,api-service,api_get_user,65,3887,warm
BASELINE_4_per_app_cache,build-worker,checksum_artifact,52,4092,warm
BASELINE_4_per_app_cache,job-processor,dequeue_notify,57,3981,warm
BASELINE_4_per_app_cache,report-worker,archive_check,57,3627,warm
BASELINE_4_per_app_cache,report-worker,daily_report,85,4120,warm
BASELINE_4_per_app_cache,report-worker,daily_report,86,4042,warm
BASELINE_4_per_app_cache,job-processor,heartbeat,57,3507,warm
BASELINE_4_per_app_cache,build-worker,checksum_artifact,53,3955,warm
BASELINE_4_per_app_cache,job-processor,dequeue_notify,58,3958,warm
BASELINE_4_per_app_cache,api-service,session_touch,63,4258,warm
BASELINE_4_per_app_cache,api-service,noise,1,17376,cold
BASELINE_4_per_app_cache,api-service,noise,2,11454,warm
BASELINE_4_per_app_cache,api-service,noise,3,42690,warm
BASELINE_4_per_app_cache,api-service,noise,4,4084377,warm
BASELINE_4_per_app_cache,api-service,noise,5,3662320,warm
BASELINE_4_per_app_cache,api-service,noise,6,4329962,warm
BASELINE_4_per_app_cache,api-service,noise,7,4310348,warm
BASELINE_4_per_app_cache,api-service,noise,8,12806,warm
BASELINE_4_per_app_cache,api-service,noise,9,282744,warm
BASELINE_4_per_app_cache,api-service,noise,10,17920,warm
BASELINE_4_per_app_cache,api-service,noise,11,17733,warm
BASELINE_4_per_app_cache,api-service,noise,12,13622,warm
BASELINE_4_per_app_cache,api-service,noise,13,49264,warm
BASELINE_4_per_app_cache,api-service,noise,14,6351304,warm
BASELINE_4_per_app_cache,api-service,noise,15,5671637,warm
BASELINE_4_per_app_cache,api-service,noise,16,6179567,warm
BASELINE_4_per_app_cache,api-service,noise,17,5660017,warm
BASELINE_4_per_app_cache,api-service,noise,18,14982,warm
BASELINE_4_per_app_cache,api-service,noise,19,439316,warm
BASELINE_4_per_app_cache,api-service,noise,20,20274,warm
DRM_A_permanent_only,api-service,api_get_user,1,2203719,cold
DRM_A_permanent_only,api-service,session_touch,1,30604,cold
DRM_A_permanent_only,api-service,api_get_user,2,2078521,warm
DRM_A_permanent_only,api-service,session_touch,2,89389,warm
DRM_A_permanent_only,api-service,api_get_user,3,2034087,warm
DRM_A_permanent_only,api-service,session_touch,3,101867,warm
DRM_A_permanent_only,api-service,api_get_user,4,2020316,warm
DRM_A_permanent_only,api-service,session_touch,4,109740,warm
DRM_A_permanent_only,api-service,api_get_user,5,2016761,warm
DRM_A_permanent_only,api-service,session_touch,5,167206,warm
DRM_A_permanent_only,api-service,api_get_user,6,1912488,warm
DRM_A_permanent_only,api-service,session_touch,6,130967,warm
DRM_A_permanent_only,api-service,api_get_user,7,1893969,warm
DRM_A_permanent_only,api-service,session_touch,7,150953,warm
DRM_A_permanent_only,api-service,api_get_user,8,2005662,warm
DRM_A_permanent_only,api-service,session_touch,8,130041,warm
DRM_A_permanent_only,api-service,api_get_user,9,2284316,warm
DRM_A_permanent_only,api-service,session_touch,9,175384,warm
DRM_A_permanent_only,api-service,api_get_user,10,1728670,warm
DRM_A_permanent_only,api-service,session_touch,10,162705,warm
DRM_A_permanent_only,api-service,api_get_user,11,1942685,warm
DRM_A_permanent_only,api-service,session_touch,11,168689,warm
DRM_A_permanent_only,api-service,api_get_user,12,1956759,warm
DRM_A_permanent_only,api-service,session_touch,12,205877,warm
DRM_A_permanent_only,api-service,api_get_user,13,2062566,warm
DRM_A_permanent_only,api-service,session_touch,13,255858,warm
DRM_A_permanent_only,api-service,api_get_user,14,1797655,warm
DRM_A_permanent_only,api-service,session_touch,14,187355,warm
DRM_A_permanent_only,api-service,api_get_user,15,1924285,warm
DRM_A_permanent_only,api-service,session_touch,15,186520,warm
DRM_A_permanent_only,api-service,api_get_user,16,1931342,warm
DRM_A_permanent_only,api-service,session_touch,16,193176,warm
DRM_A_permanent_only,api-service,api_get_user,17,1952291,warm
DRM_A_permanent_only,api-service,session_touch,17,292304,warm
DRM_A_permanent_only,api-service,api_get_user,18,1805970,warm
DRM_A_permanent_only,api-service,session_touch,18,279774,warm
DRM_A_permanent_only,api-service,api_get_user,19,1888854,warm
DRM_A_permanent_only,api-service,session_touch,19,197452,warm
DRM_A_permanent_only,api-service,api_get_user,20,1885907,warm
DRM_A_permanent_only,api-service,session_touch,20,228447,warm
DRM_A_permanent_only,api-service,api_get_user,21,1896272,warm
DRM_A_permanent_only,api-service,session_touch,21,192989,warm
DRM_A_permanent_only,api-service,api_get_user,22,1937489,warm
DRM_A_permanent_only,api-service,session_touch,22,233203,warm
DRM_A_permanent_only,api-service,api_get_user,23,1879712,warm
DRM_A_permanent_only,api-service,session_touch,23,273248,warm
DRM_A_permanent_only,api-service,api_get_user,24,1817773,warm
DRM_A_permanent_only,api-service,session_touch,24,222219,warm
DRM_A_permanent_only,api-service,api_get_user,25,1939062,warm
DRM_A_permanent_only,api-service,session_touch,25,332754,warm
DRM_A_permanent_only,api-service,api_get_user,26,1874624,warm
DRM_A_permanent_only,api-service,session_touch,26,359630,warm
DRM_A_permanent_only,api-service,api_get_user,27,1640876,warm
DRM_A_permanent_only,api-service,session_touch,27,247392,warm
DRM_A_permanent_only,api-service,api_get_user,28,1873929,warm
DRM_A_permanent_only,api-service,session_touch,28,329581,warm
DRM_A_permanent_only,api-service,api_get_user,29,1791844,warm
DRM_A_permanent_only,api-service,session_touch,29,243528,warm
DRM_A_permanent_only,api-service,api_get_user,30,1884761,warm
DRM_A_permanent_only,api-service,session_touch,30,233748,warm
DRM_A_permanent_only,api-service,api_get_user,31,1884765,warm
DRM_A_permanent_only,api-service,session_touch,31,349160,warm
DRM_A_permanent_only,api-service,api_get_user,32,1759672,warm
DRM_A_permanent_only,api-service,session_touch,32,453881,warm
DRM_A_permanent_only,api-service,api_get_user,33,1854143,warm
DRM_A_permanent_only,api-service,session_touch,33,267357,warm
DRM_A_permanent_only,api-service,api_get_user,34,1859569,warm
DRM_A_permanent_only,api-service,session_touch,34,408349,warm
DRM_A_permanent_only,api-service,api_get_user,35,1677968,warm
DRM_A_permanent_only,api-service,session_touch,35,270385,warm
DRM_A_permanent_only,api-service,api_get_user,36,1854815,warm
DRM_A_permanent_only,api-service,session_touch,36,366250,warm
DRM_A_permanent_only,api-service,api_get_user,37,1736190,warm
DRM_A_permanent_only,api-service,session_touch,37,320971,warm
DRM_A_permanent_only,api-service,api_get_user,38,1844793,warm
DRM_A_permanent_only,api-service,session_touch,38,320230,warm
DRM_A_permanent_only,api-service,api_get_user,39,2054862,warm
DRM_A_permanent_only,api-service,session_touch,39,411331,warm
DRM_A_permanent_only,api-service,api_get_user,40,1521427,warm
DRM_A_permanent_only,api-service,session_touch,40,342451,warm
DRM_A_permanent_only,api-service,api_get_user,41,1767973,warm
DRM_A_permanent_only,api-service,session_touch,41,298398,warm
DRM_A_permanent_only,api-service,api_get_user,42,1812499,warm
DRM_A_permanent_only,api-service,session_touch,42,438405,warm
DRM_A_permanent_only,api-service,api_get_user,43,1684072,warm
DRM_A_permanent_only,api-service,session_touch,43,379626,warm
DRM_A_permanent_only,api-service,api_get_user,44,1736344,warm
DRM_A_permanent_only,api-service,session_touch,44,370085,warm
DRM_A_permanent_only,api-service,api_get_user,45,1793238,warm
DRM_A_permanent_only,api-service,session_touch,45,292379,warm
DRM_A_permanent_only,report-worker,daily_report,1,359147,cold
DRM_A_permanent_only,report-worker,archive_check,1,2993671,cold
DRM_A_permanent_only,report-worker,daily_report,2,1495844,warm
DRM_A_permanent_only,report-worker,archive_check,2,2740768,warm
DRM_A_permanent_only,report-worker,daily_report,3,1120794,warm
DRM_A_permanent_only,report-worker,archive_check,3,2429852,warm
DRM_A_permanent_only,report-worker,daily_report,4,1777291,warm
DRM_A_permanent_only,report-worker,archive_check,4,2458538,warm
DRM_A_permanent_only,report-worker,daily_report,5,1986267,warm
DRM_A_permanent_only,report-worker,archive_check,5,2442074,warm
DRM_A_permanent_only,report-worker,daily_report,6,1867924,warm
DRM_A_permanent_only,report-worker,archive_check,6,2441091,warm
DRM_A_permanent_only,report-worker,daily_report,7,1930317,warm
DRM_A_permanent_only,report-worker,archive_check,7,2472850,warm
DRM_A_permanent_only,report-worker,daily_report,8,2130851,warm
DRM_A_permanent_only,report-worker,archive_check,8,2716500,warm
DRM_A_permanent_only,report-worker,daily_report,9,2156679,warm
DRM_A_permanent_only,report-worker,archive_check,9,2992971,warm
DRM_A_permanent_only,report-worker,daily_report,10,2221350,warm
DRM_A_permanent_only,report-worker,archive_check,10,2526236,warm
DRM_A_permanent_only,report-worker,daily_report,11,2192761,warm
DRM_A_permanent_only,report-worker,archive_check,11,2653263,warm
DRM_A_permanent_only,report-worker,daily_report,12,2224279,warm
DRM_A_permanent_only,report-worker,archive_check,12,2481979,warm
DRM_A_permanent_only,report-worker,daily_report,13,2184654,warm
DRM_A_permanent_only,report-worker,archive_check,13,2490986,warm
DRM_A_permanent_only,report-worker,daily_report,14,2281995,warm
DRM_A_permanent_only,report-worker,archive_check,14,2404049,warm
DRM_A_permanent_only,report-worker,daily_report,15,2341200,warm
DRM_A_permanent_only,report-worker,archive_check,15,2405440,warm
DRM_A_permanent_only,report-worker,daily_report,16,2481474,warm
DRM_A_permanent_only,report-worker,archive_check,16,2602245,warm
DRM_A_permanent_only,report-worker,daily_report,17,2673212,warm
DRM_A_permanent_only,report-worker,archive_check,17,3343300,warm
DRM_A_permanent_only,report-worker,daily_report,18,2381223,warm
DRM_A_permanent_only,report-worker,archive_check,18,2914153,warm
DRM_A_permanent_only,report-worker,daily_report,19,4005263,warm
DRM_A_permanent_only,report-worker,archive_check,19,2704324,warm
DRM_A_permanent_only,report-worker,daily_report,20,2375603,warm
DRM_A_permanent_only,report-worker,archive_check,20,2671467,warm
DRM_A_permanent_only,report-worker,daily_report,21,2342736,warm
DRM_A_permanent_only,report-worker,archive_check,21,2536042,warm
DRM_A_permanent_only,report-worker,daily_report,22,2407457,warm
DRM_A_permanent_only,report-worker,archive_check,22,2816442,warm
DRM_A_permanent_only,report-worker,daily_report,23,2692450,warm
DRM_A_permanent_only,report-worker,archive_check,23,2671707,warm
DRM_A_permanent_only,report-worker,daily_report,24,2488977,warm
DRM_A_permanent_only,report-worker,archive_check,24,2719667,warm
DRM_A_permanent_only,report-worker,daily_report,25,2592012,warm
DRM_A_permanent_only,report-worker,archive_check,25,2663419,warm
DRM_A_permanent_only,report-worker,daily_report,26,2508668,warm
DRM_A_permanent_only,report-worker,archive_check,26,2478090,warm
DRM_A_permanent_only,report-worker,daily_report,27,2996901,warm
DRM_A_permanent_only,report-worker,archive_check,27,2680136,warm
DRM_A_permanent_only,report-worker,daily_report,28,2637554,warm
DRM_A_permanent_only,report-worker,archive_check,28,2929199,warm
DRM_A_permanent_only,report-worker,daily_report,29,2845205,warm
DRM_A_permanent_only,report-worker,archive_check,29,2606386,warm
DRM_A_permanent_only,report-worker,daily_report,30,3673257,warm
DRM_A_permanent_only,report-worker,archive_check,30,2798773,warm
DRM_A_permanent_only,report-worker,daily_report,31,3128512,warm
DRM_A_permanent_only,report-worker,archive_check,31,2683531,warm
DRM_A_permanent_only,report-worker,daily_report,32,3416851,warm
DRM_A_permanent_only,report-worker,archive_check,32,2657630,warm
DRM_A_permanent_only,report-worker,daily_report,33,2927025,warm
DRM_A_permanent_only,report-worker,archive_check,33,2518655,warm
DRM_A_permanent_only,report-worker,daily_report,34,2997670,warm
DRM_A_permanent_only,report-worker,archive_check,34,2679541,warm
DRM_A_permanent_only,report-worker,daily_report,35,2929480,warm
DRM_A_permanent_only,report-worker,archive_check,35,2732800,warm
DRM_A_permanent_only,report-worker,daily_report,36,3650412,warm
DRM_A_permanent_only,report-worker,archive_check,36,2805403,warm
DRM_A_permanent_only,report-worker,daily_report,37,3670014,warm
DRM_A_permanent_only,report-worker,archive_check,37,2644108,warm
DRM_A_permanent_only,report-worker,daily_report,38,3714647,warm
DRM_A_permanent_only,report-worker,archive_check,38,2746834,warm
DRM_A_permanent_only,report-worker,daily_report,39,3347052,warm
DRM_A_permanent_only,report-worker,archive_check,39,3425934,warm
DRM_A_permanent_only,report-worker,daily_report,40,4095365,warm
DRM_A_permanent_only,report-worker,archive_check,40,2558889,warm
DRM_A_permanent_only,build-worker,checksum_artifact,1,3007308,cold
DRM_A_permanent_only,build-worker,stage_output,1,3545210,cold
DRM_A_permanent_only,build-worker,checksum_artifact,2,2968851,warm
DRM_A_permanent_only,build-worker,stage_output,2,3226788,warm
DRM_A_permanent_only,build-worker,checksum_artifact,3,2910573,warm
DRM_A_permanent_only,build-worker,stage_output,3,4728624,warm
DRM_A_permanent_only,build-worker,checksum_artifact,4,3044570,warm
DRM_A_permanent_only,build-worker,stage_output,4,3962368,warm
DRM_A_permanent_only,build-worker,checksum_artifact,5,2828173,warm
DRM_A_permanent_only,build-worker,stage_output,5,4299950,warm
DRM_A_permanent_only,build-worker,checksum_artifact,6,3220078,warm
DRM_A_permanent_only,build-worker,stage_output,6,4351170,warm
DRM_A_permanent_only,build-worker,checksum_artifact,7,3224596,warm
DRM_A_permanent_only,build-worker,stage_output,7,4490833,warm
DRM_A_permanent_only,build-worker,checksum_artifact,8,3005054,warm
DRM_A_permanent_only,build-worker,stage_output,8,3924590,warm
DRM_A_permanent_only,build-worker,checksum_artifact,9,3035171,warm
DRM_A_permanent_only,build-worker,stage_output,9,4779215,warm
DRM_A_permanent_only,build-worker,checksum_artifact,10,3158970,warm
DRM_A_permanent_only,build-worker,stage_output,10,3475912,warm
DRM_A_permanent_only,build-worker,checksum_artifact,11,2946869,warm
DRM_A_permanent_only,build-worker,stage_output,11,5254207,warm
DRM_A_permanent_only,build-worker,checksum_artifact,12,3313229,warm
DRM_A_permanent_only,build-worker,stage_output,12,4345313,warm
DRM_A_permanent_only,build-worker,checksum_artifact,13,3053223,warm
DRM_A_permanent_only,build-worker,stage_output,13,5007372,warm
DRM_A_permanent_only,build-worker,checksum_artifact,14,3334421,warm
DRM_A_permanent_only,build-worker,stage_output,14,3636270,warm
DRM_A_permanent_only,build-worker,checksum_artifact,15,3043659,warm
DRM_A_permanent_only,build-worker,stage_output,15,5148491,warm
DRM_A_permanent_only,build-worker,checksum_artifact,16,3048242,warm
DRM_A_permanent_only,build-worker,stage_output,16,6105155,warm
DRM_A_permanent_only,build-worker,checksum_artifact,17,2899125,warm
DRM_A_permanent_only,build-worker,stage_output,17,4066104,warm
DRM_A_permanent_only,build-worker,checksum_artifact,18,3009022,warm
DRM_A_permanent_only,build-worker,stage_output,18,3643856,warm
DRM_A_permanent_only,build-worker,checksum_artifact,19,2895706,warm
DRM_A_permanent_only,build-worker,stage_output,19,3861301,warm
DRM_A_permanent_only,build-worker,checksum_artifact,20,2737520,warm
DRM_A_permanent_only,build-worker,stage_output,20,5011698,warm
DRM_A_permanent_only,build-worker,checksum_artifact,21,3382004,warm
DRM_A_permanent_only,build-worker,stage_output,21,4451278,warm
DRM_A_permanent_only,build-worker,checksum_artifact,22,3103982,warm
DRM_A_permanent_only,build-worker,stage_output,22,5005214,warm
DRM_A_permanent_only,build-worker,checksum_artifact,23,3063032,warm
DRM_A_permanent_only,build-worker,stage_output,23,4881852,warm
DRM_A_permanent_only,build-worker,checksum_artifact,24,3478596,warm
DRM_A_permanent_only,build-worker,stage_output,24,4990016,warm
DRM_A_permanent_only,build-worker,checksum_artifact,25,3775007,warm
DRM_A_permanent_only,build-worker,stage_output,25,5263850,warm
DRM_A_permanent_only,build-worker,checksum_artifact,26,3310010,warm
DRM_A_permanent_only,build-worker,stage_output,26,8838224,warm
DRM_A_permanent_only,build-worker,checksum_artifact,27,3067933,warm
DRM_A_permanent_only,build-worker,stage_output,27,5107747,warm
DRM_A_permanent_only,build-worker,checksum_artifact,28,3262048,warm
DRM_A_permanent_only,build-worker,stage_output,28,4141976,warm
DRM_A_permanent_only,build-worker,checksum_artifact,29,2958981,warm
DRM_A_permanent_only,build-worker,stage_output,29,4241728,warm
DRM_A_permanent_only,build-worker,checksum_artifact,30,3139976,warm
DRM_A_permanent_only,build-worker,stage_output,30,4164889,warm
DRM_A_permanent_only,build-worker,checksum_artifact,31,2982109,warm
DRM_A_permanent_only,build-worker,stage_output,31,4146978,warm
DRM_A_permanent_only,build-worker,checksum_artifact,32,2886673,warm
DRM_A_permanent_only,build-worker,stage_output,32,4639861,warm
DRM_A_permanent_only,build-worker,checksum_artifact,33,3093283,warm
DRM_A_permanent_only,build-worker,stage_output,33,4420751,warm
DRM_A_permanent_only,build-worker,checksum_artifact,34,3113217,warm
DRM_A_permanent_only,build-worker,stage_output,34,4472122,warm
DRM_A_permanent_only,build-worker,checksum_artifact,35,3424329,warm
DRM_A_permanent_only,build-worker,stage_output,35,4567480,warm
DRM_A_permanent_only,job-processor,dequeue_notify,1,2368292,cold
DRM_A_permanent_only,job-processor,heartbeat,1,2531134,cold
DRM_A_permanent_only,job-processor,dequeue_notify,2,3869456,warm
DRM_A_permanent_only,job-processor,heartbeat,2,4136249,warm
DRM_A_permanent_only,job-processor,dequeue_notify,3,4357363,warm
DRM_A_permanent_only,job-processor,heartbeat,3,4746346,warm
DRM_A_permanent_only,job-processor,dequeue_notify,4,3610219,warm
DRM_A_permanent_only,job-processor,heartbeat,4,4282939,warm
DRM_A_permanent_only,job-processor,dequeue_notify,5,6150690,warm
DRM_A_permanent_only,job-processor,heartbeat,5,4171737,warm
DRM_A_permanent_only,job-processor,dequeue_notify,6,4256004,warm
DRM_A_permanent_only,job-processor,heartbeat,6,4314847,warm
DRM_A_permanent_only,job-processor,dequeue_notify,7,4186875,warm
DRM_A_permanent_only,job-processor,heartbeat,7,4166663,warm
DRM_A_permanent_only,job-processor,dequeue_notify,8,4259803,warm
DRM_A_permanent_only,job-processor,heartbeat,8,4164699,warm
DRM_A_permanent_only,job-processor,dequeue_notify,9,4458522,warm
DRM_A_permanent_only,job-processor,heartbeat,9,4220631,warm
DRM_A_permanent_only,job-processor,dequeue_notify,10,5766726,warm
DRM_A_permanent_only,job-processor,heartbeat,10,4181270,warm
DRM_A_permanent_only,job-processor,dequeue_notify,11,4119463,warm
DRM_A_permanent_only,job-processor,heartbeat,11,4013698,warm
DRM_A_permanent_only,job-processor,dequeue_notify,12,4362186,warm
DRM_A_permanent_only,job-processor,heartbeat,12,4021444,warm
DRM_A_permanent_only,job-processor,dequeue_notify,13,4387960,warm
DRM_A_permanent_only,job-processor,heartbeat,13,4115804,warm
DRM_A_permanent_only,job-processor,dequeue_notify,14,6491001,warm
DRM_A_permanent_only,job-processor,heartbeat,14,4385864,warm
DRM_A_permanent_only,job-processor,dequeue_notify,15,6198300,warm
DRM_A_permanent_only,job-processor,heartbeat,15,4169627,warm
DRM_A_permanent_only,job-processor,dequeue_notify,16,4194096,warm
DRM_A_permanent_only,job-processor,heartbeat,16,4070566,warm
DRM_A_permanent_only,job-processor,dequeue_notify,17,4298566,warm
DRM_A_permanent_only,job-processor,heartbeat,17,4073861,warm
DRM_A_permanent_only,job-processor,dequeue_notify,18,4339921,warm
DRM_A_permanent_only,job-processor,heartbeat,18,4064841,warm
DRM_A_permanent_only,job-processor,dequeue_notify,19,6490628,warm
DRM_A_permanent_only,job-processor,heartbeat,19,4482387,warm
DRM_A_permanent_only,job-processor,dequeue_notify,20,5960433,warm
DRM_A_permanent_only,job-processor,heartbeat,20,4709010,warm
DRM_A_permanent_only,job-processor,dequeue_notify,21,5744752,warm
DRM_A_permanent_only,job-processor,heartbeat,21,4372797,warm
DRM_A_permanent_only,job-processor,dequeue_notify,22,6085777,warm
DRM_A_permanent_only,job-processor,heartbeat,22,4535559,warm
DRM_A_permanent_only,job-processor,dequeue_notify,23,5930853,warm
DRM_A_permanent_only,job-processor,heartbeat,23,4745700,warm
DRM_A_permanent_only,job-processor,dequeue_notify,24,5783035,warm
DRM_A_permanent_only,job-processor,heartbeat,24,4381918,warm
DRM_A_permanent_only,job-processor,dequeue_notify,25,6192568,warm
DRM_A_permanent_only,job-processor,heartbeat,25,4369120,warm
DRM_A_permanent_only,job-processor,dequeue_notify,26,6053171,warm
DRM_A_permanent_only,job-processor,heartbeat,26,4571624,warm
DRM_A_permanent_only,job-processor,dequeue_notify,27,5805101,warm
DRM_A_permanent_only,job-processor,heartbeat,27,4458360,warm
DRM_A_permanent_only,job-processor,dequeue_notify,28,6053775,warm
DRM_A_permanent_only,job-processor,heartbeat,28,4405065,warm
DRM_A_permanent_only,job-processor,dequeue_notify,29,8122761,warm
DRM_A_permanent_only,job-processor,heartbeat,29,4405308,warm
DRM_A_permanent_only,job-processor,dequeue_notify,30,6258659,warm
DRM_A_permanent_only,job-processor,heartbeat,30,5317162,warm
DRM_A_permanent_only,job-processor,dequeue_notify,31,7270130,warm
DRM_A_permanent_only,job-processor,heartbeat,31,5631370,warm
DRM_A_permanent_only,job-processor,dequeue_notify,32,6977869,warm
DRM_A_permanent_only,job-processor,heartbeat,32,4529058,warm
DRM_A_permanent_only,job-processor,dequeue_notify,33,8229398,warm
DRM_A_permanent_only,job-processor,heartbeat,33,5068104,warm
DRM_A_permanent_only,job-processor,dequeue_notify,34,7327710,warm
DRM_A_permanent_only,job-processor,heartbeat,34,4825664,warm
DRM_A_permanent_only,job-processor,dequeue_notify,35,7791672,warm
DRM_A_permanent_only,job-processor,heartbeat,35,4785939,warm
DRM_A_permanent_only,job-processor,dequeue_notify,36,7638418,warm
DRM_A_permanent_only,job-processor,heartbeat,36,6358694,warm
DRM_A_permanent_only,job-processor,dequeue_notify,37,8293317,warm
DRM_A_permanent_only,job-processor,heartbeat,37,6339964,warm
DRM_A_permanent_only,job-processor,dequeue_notify,38,8412609,warm
DRM_A_permanent_only,job-processor,heartbeat,38,5488952,warm
DRM_A_permanent_only,job-processor,dequeue_notify,39,7202549,warm
DRM_A_permanent_only,job-processor,heartbeat,39,5438526,warm
DRM_A_permanent_only,job-processor,dequeue_notify,40,9167001,warm
DRM_A_permanent_only,job-processor,heartbeat,40,5847590,warm
DRM_A_permanent_only,report-worker,daily_report,41,8013083,warm
DRM_A_permanent_only,report-worker,daily_report,42,16245985,warm
DRM_A_permanent_only,report-worker,daily_report,43,17450674,warm
DRM_A_permanent_only,report-worker,daily_report,44,19521807,warm
DRM_A_permanent_only,report-worker,daily_report,45,20212165,warm
DRM_A_permanent_only,report-worker,daily_report,46,17314214,warm
DRM_A_permanent_only,report-worker,daily_report,47,17995581,warm
DRM_A_permanent_only,report-worker,daily_report,48,17997315,warm
DRM_A_permanent_only,report-worker,daily_report,49,18096845,warm
DRM_A_permanent_only,report-worker,daily_report,50,18102969,warm
DRM_A_permanent_only,report-worker,daily_report,51,20716995,warm
DRM_A_permanent_only,report-worker,daily_report,52,19203319,warm
DRM_A_permanent_only,report-worker,daily_report,53,13273871,warm
DRM_A_permanent_only,report-worker,daily_report,54,13521837,warm
DRM_A_permanent_only,report-worker,daily_report,55,13789545,warm
DRM_A_permanent_only,report-worker,daily_report,56,13648433,warm
DRM_A_permanent_only,report-worker,daily_report,57,12781334,warm
DRM_A_permanent_only,report-worker,daily_report,58,17137638,warm
DRM_A_permanent_only,report-worker,daily_report,59,25738720,warm
DRM_A_permanent_only,report-worker,daily_report,60,25137566,warm
DRM_A_permanent_only,report-worker,daily_report,61,26648900,warm
DRM_A_permanent_only,report-worker,daily_report,62,26044928,warm
DRM_A_permanent_only,report-worker,daily_report,63,26020392,warm
DRM_A_permanent_only,report-worker,daily_report,64,13189631,warm
DRM_A_permanent_only,report-worker,daily_report,65,13086978,warm
DRM_A_permanent_only,report-worker,daily_report,66,13167551,warm
DRM_A_permanent_only,report-worker,daily_report,67,13429640,warm
DRM_A_permanent_only,api-service,api_get_user,46,10261310,warm
DRM_A_permanent_only,api-service,session_touch,46,4055998,warm
DRM_A_permanent_only,api-service,api_get_user,47,8495430,warm
DRM_A_permanent_only,api-service,session_touch,47,3908261,warm
DRM_A_permanent_only,api-service,api_get_user,48,11177494,warm
DRM_A_permanent_only,api-service,session_touch,48,3266286,warm
DRM_A_permanent_only,api-service,api_get_user,49,7156562,warm
DRM_A_permanent_only,api-service,session_touch,49,3348490,warm
DRM_A_permanent_only,api-service,api_get_user,50,7226004,warm
DRM_A_permanent_only,api-service,session_touch,50,3400376,warm
DRM_A_permanent_only,api-service,api_get_user,51,7114842,warm
DRM_A_permanent_only,api-service,session_touch,51,3247795,warm
DRM_A_permanent_only,api-service,api_get_user,52,7330983,warm
DRM_A_permanent_only,api-service,session_touch,52,3439865,warm
DRM_A_permanent_only,api-service,api_get_user,53,9164493,warm
DRM_A_permanent_only,api-service,session_touch,53,4058501,warm
DRM_A_permanent_only,api-service,api_get_user,54,8615937,warm
DRM_A_permanent_only,api-service,session_touch,54,4015219,warm
DRM_A_permanent_only,api-service,api_get_user,55,10663575,warm
DRM_A_permanent_only,api-service,session_touch,55,4698291,warm
DRM_A_permanent_only,api-service,api_get_user,56,10259730,warm
DRM_A_permanent_only,api-service,session_touch,56,4311975,warm
DRM_A_permanent_only,api-service,api_get_user,57,8706960,warm
DRM_A_permanent_only,api-service,session_touch,57,9376885,warm
DRM_A_permanent_only,api-service,api_get_user,58,7746212,warm
DRM_A_permanent_only,api-service,session_touch,58,3404459,warm
DRM_A_permanent_only,api-service,api_get_user,59,7423092,warm
DRM_A_permanent_only,api-service,session_touch,59,3542974,warm
DRM_A_permanent_only,api-service,api_get_user,60,6970602,warm
DRM_A_permanent_only,api-service,session_touch,60,3406224,warm
DRM_A_permanent_only,report-worker,daily_report,68,11732377,warm
DRM_A_permanent_only,report-worker,archive_check,41,6032200,warm
DRM_A_permanent_only,report-worker,daily_report,69,12251818,warm
DRM_A_permanent_only,report-worker,archive_check,42,5875595,warm
DRM_A_permanent_only,report-worker,daily_report,70,12682354,warm
DRM_A_permanent_only,report-worker,archive_check,43,5643081,warm
DRM_A_permanent_only,report-worker,daily_report,71,14445551,warm
DRM_A_permanent_only,report-worker,archive_check,44,5703049,warm
DRM_A_permanent_only,report-worker,daily_report,72,13687824,warm
DRM_A_permanent_only,report-worker,archive_check,45,5853416,warm
DRM_A_permanent_only,report-worker,daily_report,73,11993919,warm
DRM_A_permanent_only,report-worker,archive_check,46,5603988,warm
DRM_A_permanent_only,report-worker,daily_report,74,12375341,warm
DRM_A_permanent_only,report-worker,archive_check,47,5723349,warm
DRM_A_permanent_only,report-worker,daily_report,75,12756936,warm
DRM_A_permanent_only,report-worker,archive_check,48,5986013,warm
DRM_A_permanent_only,report-worker,daily_report,76,13736982,warm
DRM_A_permanent_only,report-worker,archive_check,49,7035672,warm
DRM_A_permanent_only,report-worker,daily_report,77,13494025,warm
DRM_A_permanent_only,report-worker,archive_check,50,6713905,warm
DRM_A_permanent_only,report-worker,daily_report,78,13513593,warm
DRM_A_permanent_only,report-worker,archive_check,51,5829532,warm
DRM_A_permanent_only,report-worker,daily_report,79,15113635,warm
DRM_A_permanent_only,report-worker,archive_check,52,6173883,warm
DRM_A_permanent_only,report-worker,daily_report,80,13600914,warm
DRM_A_permanent_only,report-worker,archive_check,53,6003374,warm
DRM_A_permanent_only,report-worker,daily_report,81,13055274,warm
DRM_A_permanent_only,report-worker,archive_check,54,6024623,warm
DRM_A_permanent_only,report-worker,daily_report,82,14643084,warm
DRM_A_permanent_only,report-worker,archive_check,55,5950836,warm
DRM_A_permanent_only,build-worker,checksum_artifact,36,7051163,warm
DRM_A_permanent_only,build-worker,stage_output,36,13211543,warm
DRM_A_permanent_only,build-worker,checksum_artifact,37,7814660,warm
DRM_A_permanent_only,build-worker,stage_output,37,12975231,warm
DRM_A_permanent_only,build-worker,checksum_artifact,38,5718903,warm
DRM_A_permanent_only,build-worker,stage_output,38,14575369,warm
DRM_A_permanent_only,build-worker,checksum_artifact,39,7387292,warm
DRM_A_permanent_only,build-worker,stage_output,39,13370735,warm
DRM_A_permanent_only,build-worker,checksum_artifact,40,5977690,warm
DRM_A_permanent_only,build-worker,stage_output,40,12898642,warm
DRM_A_permanent_only,build-worker,checksum_artifact,41,6522158,warm
DRM_A_permanent_only,build-worker,stage_output,41,14514060,warm
DRM_A_permanent_only,build-worker,checksum_artifact,42,6321137,warm
DRM_A_permanent_only,build-worker,stage_output,42,14227095,warm
DRM_A_permanent_only,build-worker,checksum_artifact,43,6559775,warm
DRM_A_permanent_only,build-worker,stage_output,43,15651012,warm
DRM_A_permanent_only,build-worker,checksum_artifact,44,6108391,warm
DRM_A_permanent_only,build-worker,stage_output,44,13481542,warm
DRM_A_permanent_only,build-worker,checksum_artifact,45,6309043,warm
DRM_A_permanent_only,build-worker,stage_output,45,13694023,warm
DRM_A_permanent_only,build-worker,checksum_artifact,46,6565205,warm
DRM_A_permanent_only,build-worker,stage_output,46,13857150,warm
DRM_A_permanent_only,build-worker,checksum_artifact,47,6777667,warm
DRM_A_permanent_only,build-worker,stage_output,47,14011900,warm
DRM_A_permanent_only,build-worker,checksum_artifact,48,6555587,warm
DRM_A_permanent_only,build-worker,stage_output,48,14376686,warm
DRM_A_permanent_only,build-worker,checksum_artifact,49,6402608,warm
DRM_A_permanent_only,build-worker,stage_output,49,14533203,warm
DRM_A_permanent_only,build-worker,checksum_artifact,50,7643450,warm
DRM_A_permanent_only,build-worker,stage_output,50,13754691,warm
DRM_A_permanent_only,job-processor,dequeue_notify,41,10260435,warm
DRM_A_permanent_only,job-processor,heartbeat,41,6216650,warm
DRM_A_permanent_only,job-processor,dequeue_notify,42,10580572,warm
DRM_A_permanent_only,job-processor,heartbeat,42,6084733,warm
DRM_A_permanent_only,job-processor,dequeue_notify,43,8676299,warm
DRM_A_permanent_only,job-processor,heartbeat,43,6270361,warm
DRM_A_permanent_only,job-processor,dequeue_notify,44,8865334,warm
DRM_A_permanent_only,job-processor,heartbeat,44,6486883,warm
DRM_A_permanent_only,job-processor,dequeue_notify,45,10210791,warm
DRM_A_permanent_only,job-processor,heartbeat,45,7897599,warm
DRM_A_permanent_only,job-processor,dequeue_notify,46,13052077,warm
DRM_A_permanent_only,job-processor,heartbeat,46,6749627,warm
DRM_A_permanent_only,job-processor,dequeue_notify,47,9993432,warm
DRM_A_permanent_only,job-processor,heartbeat,47,6112231,warm
DRM_A_permanent_only,job-processor,dequeue_notify,48,8637816,warm
DRM_A_permanent_only,job-processor,heartbeat,48,6476210,warm
DRM_A_permanent_only,job-processor,dequeue_notify,49,10439910,warm
DRM_A_permanent_only,job-processor,heartbeat,49,6408024,warm
DRM_A_permanent_only,job-processor,dequeue_notify,50,10239783,warm
DRM_A_permanent_only,job-processor,heartbeat,50,6756648,warm
DRM_A_permanent_only,job-processor,dequeue_notify,51,10252620,warm
DRM_A_permanent_only,job-processor,heartbeat,51,6745679,warm
DRM_A_permanent_only,job-processor,dequeue_notify,52,10181095,warm
DRM_A_permanent_only,job-processor,heartbeat,52,6698334,warm
DRM_A_permanent_only,job-processor,dequeue_notify,53,10137221,warm
DRM_A_permanent_only,job-processor,heartbeat,53,6573906,warm
DRM_A_permanent_only,job-processor,dequeue_notify,54,10269634,warm
DRM_A_permanent_only,job-processor,heartbeat,54,6386234,warm
DRM_A_permanent_only,job-processor,dequeue_notify,55,10597449,warm
DRM_A_permanent_only,job-processor,heartbeat,55,10946525,warm
DRM_A_permanent_only,build-worker,stage_output,51,128229,warm
DRM_A_permanent_only,build-worker,checksum_artifact,51,2631545,warm
DRM_A_permanent_only,report-worker,daily_report,83,120246,warm
DRM_A_permanent_only,build-worker,stage_output,52,131862,warm
DRM_A_permanent_only,api-service,api_get_user,61,2282027,warm
DRM_A_permanent_only,build-worker,stage_output,53,123671,warm
DRM_A_permanent_only,api-service,api_get_user,62,2028096,warm
DRM_A_permanent_only,job-processor,dequeue_notify,56,603855,warm
DRM_A_permanent_only,api-service,api_get_user,63,1606040,warm
DRM_A_permanent_only,job-processor,heartbeat,56,2257307,warm
DRM_A_permanent_only,report-worker,daily_report,84,236844,warm
DRM_A_permanent_only,api-service,api_get_user,64,1702759,warm
DRM_A_permanent_only,api-service,session_touch,61,131677,warm
DRM_A_permanent_only,report-worker,archive_check,56,2150378,warm
DRM_A_permanent_only,api-service,session_touch,62,129883,warm
DRM_A_permanent_only,api-service,api_get_user,65,1777579,warm
DRM_A_permanent_only,build-worker,checksum_artifact,52,2043870,warm
DRM_A_permanent_only,job-processor,dequeue_notify,57,414999,warm
DRM_A_permanent_only,report-worker,archive_check,57,2194724,warm
DRM_A_permanent_only,report-worker,daily_report,85,155108,warm
DRM_A_permanent_only,report-worker,daily_report,86,147386,warm
DRM_A_permanent_only,job-processor,heartbeat,57,2416071,warm
DRM_A_permanent_only,build-worker,checksum_artifact,53,1935180,warm
DRM_A_permanent_only,job-processor,dequeue_notify,58,1543624,warm
DRM_A_permanent_only,api-service,session_touch,63,91805,warm
DRM_A_permanent_only,api-service,noise,1,1488814,cold
DRM_A_permanent_only,api-service,noise,2,1437905,warm
DRM_A_permanent_only,api-service,noise,3,1477739,warm
DRM_A_permanent_only,api-service,noise,4,5436695,warm
DRM_A_permanent_only,api-service,noise,5,4313608,warm
DRM_A_permanent_only,api-service,noise,6,4526644,warm
DRM_A_permanent_only,api-service,noise,7,6006395,warm
DRM_A_permanent_only,api-service,noise,8,1546902,warm
DRM_A_permanent_only,api-service,noise,9,1691737,warm
DRM_A_permanent_only,api-service,noise,10,1411487,warm
DRM_A_permanent_only,api-service,noise,11,2840065,warm
DRM_A_permanent_only,api-service,noise,12,2769957,warm
DRM_A_permanent_only,api-service,noise,13,3051966,warm
DRM_A_permanent_only,api-service,noise,14,9060919,warm
DRM_A_permanent_only,api-service,noise,15,9578372,warm
DRM_A_permanent_only,api-service,noise,16,8070241,warm
DRM_A_permanent_only,api-service,noise,17,10141061,warm
DRM_A_permanent_only,api-service,noise,18,3895652,warm
DRM_A_permanent_only,api-service,noise,19,3141879,warm
DRM_A_permanent_only,api-service,noise,20,3109374,warm
DRM_B_provisional_permanent,api-service,api_get_user,1,2333164,cold
DRM_B_provisional_permanent,api-service,session_touch,1,50299,cold
DRM_B_provisional_permanent,api-service,api_get_user,2,1925681,warm
DRM_B_provisional_permanent,api-service,session_touch,2,94141,warm
DRM_B_provisional_permanent,api-service,api_get_user,3,2061184,warm
DRM_B_provisional_permanent,api-service,session_touch,3,122792,warm
DRM_B_provisional_permanent,api-service,api_get_user,4,1975271,warm
DRM_B_provisional_permanent,api-service,session_touch,4,132005,warm
DRM_B_provisional_permanent,api-service,api_get_user,5,2029027,warm
DRM_B_provisional_permanent,api-service,session_touch,5,167980,warm
DRM_B_provisional_permanent,api-service,api_get_user,6,1842207,warm
DRM_B_provisional_permanent,api-service,session_touch,6,83801,warm
DRM_B_provisional_permanent,api-service,api_get_user,7,2057775,warm
DRM_B_provisional_permanent,api-service,session_touch,7,84885,warm
DRM_B_provisional_permanent,api-service,api_get_user,8,2172931,warm
DRM_B_provisional_permanent,api-service,session_touch,8,98556,warm
DRM_B_provisional_permanent,api-service,api_get_user,9,1863955,warm
DRM_B_provisional_permanent,api-service,session_touch,9,86271,warm
DRM_B_provisional_permanent,api-service,api_get_user,10,2000126,warm
DRM_B_provisional_permanent,api-service,session_touch,10,173138,warm
DRM_B_provisional_permanent,api-service,api_get_user,11,1985118,warm
DRM_B_provisional_permanent,api-service,session_touch,11,194306,warm
DRM_B_provisional_permanent,api-service,api_get_user,12,1888162,warm
DRM_B_provisional_permanent,api-service,session_touch,12,87436,warm
DRM_B_provisional_permanent,api-service,api_get_user,13,2019056,warm
DRM_B_provisional_permanent,api-service,session_touch,13,86825,warm
DRM_B_provisional_permanent,api-service,api_get_user,14,2039292,warm
DRM_B_provisional_permanent,api-service,session_touch,14,130919,warm
DRM_B_provisional_permanent,api-service,api_get_user,15,1985283,warm
DRM_B_provisional_permanent,api-service,session_touch,15,95136,warm
DRM_B_provisional_permanent,api-service,api_get_user,16,2061626,warm
DRM_B_provisional_permanent,api-service,session_touch,16,84465,warm
DRM_B_provisional_permanent,api-service,api_get_user,17,2100407,warm
DRM_B_provisional_permanent,api-service,session_touch,17,82285,warm
DRM_B_provisional_permanent,api-service,api_get_user,18,2038093,warm
DRM_B_provisional_permanent,api-service,session_touch,18,83086,warm
DRM_B_provisional_permanent,api-service,api_get_user,19,2000274,warm
DRM_B_provisional_permanent,api-service,session_touch,19,84506,warm
DRM_B_provisional_permanent,api-service,api_get_user,20,2090694,warm
DRM_B_provisional_permanent,api-service,session_touch,20,140035,warm
DRM_B_provisional_permanent,api-service,api_get_user,21,1930065,warm
DRM_B_provisional_permanent,api-service,session_touch,21,100809,warm
DRM_B_provisional_permanent,api-service,api_get_user,22,2005168,warm
DRM_B_provisional_permanent,api-service,session_touch,22,112592,warm
DRM_B_provisional_permanent,api-service,api_get_user,23,2059402,warm
DRM_B_provisional_permanent,api-service,session_touch,23,99118,warm
DRM_B_provisional_permanent,api-service,api_get_user,24,2038698,warm
DRM_B_provisional_permanent,api-service,session_touch,24,89110,warm
DRM_B_provisional_permanent,api-service,api_get_user,25,2022018,warm
DRM_B_provisional_permanent,api-service,session_touch,25,95401,warm
DRM_B_provisional_permanent,api-service,api_get_user,26,2008483,warm
DRM_B_provisional_permanent,api-service,session_touch,26,95882,warm
DRM_B_provisional_permanent,api-service,api_get_user,27,2059946,warm
DRM_B_provisional_permanent,api-service,session_touch,27,92572,warm
DRM_B_provisional_permanent,api-service,api_get_user,28,2029638,warm
DRM_B_provisional_permanent,api-service,session_touch,28,116967,warm
DRM_B_provisional_permanent,api-service,api_get_user,29,2029291,warm
DRM_B_provisional_permanent,api-service,session_touch,29,92389,warm
DRM_B_provisional_permanent,api-service,api_get_user,30,2019304,warm
DRM_B_provisional_permanent,api-service,session_touch,30,152722,warm
DRM_B_provisional_permanent,api-service,api_get_user,31,1992693,warm
DRM_B_provisional_permanent,api-service,session_touch,31,85520,warm
DRM_B_provisional_permanent,api-service,api_get_user,32,2066538,warm
DRM_B_provisional_permanent,api-service,session_touch,32,95159,warm
DRM_B_provisional_permanent,api-service,api_get_user,33,1981291,warm
DRM_B_provisional_permanent,api-service,session_touch,33,84382,warm
DRM_B_provisional_permanent,api-service,api_get_user,34,2026902,warm
DRM_B_provisional_permanent,api-service,session_touch,34,83949,warm
DRM_B_provisional_permanent,api-service,api_get_user,35,2019567,warm
DRM_B_provisional_permanent,api-service,session_touch,35,79869,warm
DRM_B_provisional_permanent,api-service,api_get_user,36,2123886,warm
DRM_B_provisional_permanent,api-service,session_touch,36,94541,warm
DRM_B_provisional_permanent,api-service,api_get_user,37,1921070,warm
DRM_B_provisional_permanent,api-service,session_touch,37,96168,warm
DRM_B_provisional_permanent,api-service,api_get_user,38,2015028,warm
DRM_B_provisional_permanent,api-service,session_touch,38,105574,warm
DRM_B_provisional_permanent,api-service,api_get_user,39,2033041,warm
DRM_B_provisional_permanent,api-service,session_touch,39,94823,warm
DRM_B_provisional_permanent,api-service,api_get_user,40,2024495,warm
DRM_B_provisional_permanent,api-service,session_touch,40,187894,warm
DRM_B_provisional_permanent,api-service,api_get_user,41,1997500,warm
DRM_B_provisional_permanent,api-service,session_touch,41,101425,warm
DRM_B_provisional_permanent,api-service,api_get_user,42,2082528,warm
DRM_B_provisional_permanent,api-service,session_touch,42,130525,warm
DRM_B_provisional_permanent,api-service,api_get_user,43,1984081,warm
DRM_B_provisional_permanent,api-service,session_touch,43,142913,warm
DRM_B_provisional_permanent,api-service,api_get_user,44,2145545,warm
DRM_B_provisional_permanent,api-service,session_touch,44,125757,warm
DRM_B_provisional_permanent,api-service,api_get_user,45,2208073,warm
DRM_B_provisional_permanent,api-service,session_touch,45,215794,warm
DRM_B_provisional_permanent,report-worker,daily_report,1,101270,cold
DRM_B_provisional_permanent,report-worker,archive_check,1,2475932,cold
DRM_B_provisional_permanent,report-worker,daily_report,2,60179,warm
DRM_B_provisional_permanent,report-worker,archive_check,2,2504963,warm
DRM_B_provisional_permanent,report-worker,daily_report,3,63969,warm
DRM_B_provisional_permanent,report-worker,archive_check,3,2269618,warm
DRM_B_provisional_permanent,report-worker,daily_report,4,77377,warm
DRM_B_provisional_permanent,report-worker,archive_check,4,1915841,warm
DRM_B_provisional_permanent,report-worker,daily_report,5,76955,warm
DRM_B_provisional_permanent,report-worker,archive_check,5,2586437,warm
DRM_B_provisional_permanent,report-worker,daily_report,6,76308,warm
DRM_B_provisional_permanent,report-worker,archive_check,6,1904893,warm
DRM_B_provisional_permanent,report-worker,daily_report,7,79994,warm
DRM_B_provisional_permanent,report-worker,archive_check,7,2141847,warm
DRM_B_provisional_permanent,report-worker,daily_report,8,157478,warm
DRM_B_provisional_permanent,report-worker,archive_check,8,1919839,warm
DRM_B_provisional_permanent,report-worker,daily_report,9,166994,warm
DRM_B_provisional_permanent,report-worker,archive_check,9,2257643,warm
DRM_B_provisional_permanent,report-worker,daily_report,10,79206,warm
DRM_B_provisional_permanent,report-worker,archive_check,10,2176525,warm
DRM_B_provisional_permanent,report-worker,daily_report,11,78164,warm
DRM_B_provisional_permanent,report-worker,archive_check,11,2234731,warm
DRM_B_provisional_permanent,report-worker,daily_report,12,75321,warm
DRM_B_provisional_permanent,report-worker,archive_check,12,2161172,warm
DRM_B_provisional_permanent,report-worker,daily_report,13,73332,warm
DRM_B_provisional_permanent,report-worker,archive_check,13,2062776,warm
DRM_B_provisional_permanent,report-worker,daily_report,14,66122,warm
DRM_B_provisional_permanent,report-worker,archive_check,14,2289144,warm
DRM_B_provisional_permanent,report-worker,daily_report,15,132572,warm
DRM_B_provisional_permanent,report-worker,archive_check,15,2216883,warm
DRM_B_provisional_permanent,report-worker,daily_report,16,99137,warm
DRM_B_provisional_permanent,report-worker,archive_check,16,2154264,warm
DRM_B_provisional_permanent,report-worker,daily_report,17,186194,warm
DRM_B_provisional_permanent,report-worker,archive_check,17,1886943,warm
DRM_B_provisional_permanent,report-worker,daily_report,18,80340,warm
DRM_B_provisional_permanent,report-worker,archive_check,18,2144334,warm
DRM_B_provisional_permanent,report-worker,daily_report,19,68920,warm
DRM_B_provisional_permanent,report-worker,archive_check,19,1980873,warm
DRM_B_provisional_permanent,report-worker,daily_report,20,89914,warm
DRM_B_provisional_permanent,report-worker,archive_check,20,1893678,warm
DRM_B_provisional_permanent,report-worker,daily_report,21,85027,warm
DRM_B_provisional_permanent,report-worker,archive_check,21,2318090,warm
DRM_B_provisional_permanent,report-worker,daily_report,22,90715,warm
DRM_B_provisional_permanent,report-worker,archive_check,22,2671104,warm
DRM_B_provisional_permanent,report-worker,daily_report,23,99939,warm
DRM_B_provisional_permanent,report-worker,archive_check,23,1952661,warm
DRM_B_provisional_permanent,report-worker,daily_report,24,124274,warm
DRM_B_provisional_permanent,report-worker,archive_check,24,2345935,warm
DRM_B_provisional_permanent,report-worker,daily_report,25,205812,warm
DRM_B_provisional_permanent,report-worker,archive_check,25,2250951,warm
DRM_B_provisional_permanent,report-worker,daily_report,26,106065,warm
DRM_B_provisional_permanent,report-worker,archive_check,26,2138938,warm
DRM_B_provisional_permanent,report-worker,daily_report,27,81257,warm
DRM_B_provisional_permanent,report-worker,archive_check,27,1991446,warm
DRM_B_provisional_permanent,report-worker,daily_report,28,136986,warm
DRM_B_provisional_permanent,report-worker,archive_check,28,2175404,warm
DRM_B_provisional_permanent,report-worker,daily_report,29,224106,warm
DRM_B_provisional_permanent,report-worker,archive_check,29,1851541,warm
DRM_B_provisional_permanent,report-worker,daily_report,30,138017,warm
DRM_B_provisional_permanent,report-worker,archive_check,30,2136814,warm
DRM_B_provisional_permanent,report-worker,daily_report,31,149714,warm
DRM_B_provisional_permanent,report-worker,archive_check,31,2355307,warm
DRM_B_provisional_permanent,report-worker,daily_report,32,108315,warm
DRM_B_provisional_permanent,report-worker,archive_check,32,1874157,warm
DRM_B_provisional_permanent,report-worker,daily_report,33,92104,warm
DRM_B_provisional_permanent,report-worker,archive_check,33,1810086,warm
DRM_B_provisional_permanent,report-worker,daily_report,34,80525,warm
DRM_B_provisional_permanent,report-worker,archive_check,34,2414830,warm
DRM_B_provisional_permanent,report-worker,daily_report,35,78025,warm
DRM_B_provisional_permanent,report-worker,archive_check,35,2395151,warm
DRM_B_provisional_permanent,report-worker,daily_report,36,79755,warm
DRM_B_provisional_permanent,report-worker,archive_check,36,2357953,warm
DRM_B_provisional_permanent,report-worker,daily_report,37,83045,warm
DRM_B_provisional_permanent,report-worker,archive_check,37,2227849,warm
DRM_B_provisional_permanent,report-worker,daily_report,38,79408,warm
DRM_B_provisional_permanent,report-worker,archive_check,38,2153105,warm
DRM_B_provisional_permanent,report-worker,daily_report,39,125055,warm
DRM_B_provisional_permanent,report-worker,archive_check,39,1866947,warm
DRM_B_provisional_permanent,report-worker,daily_report,40,76467,warm
DRM_B_provisional_permanent,report-worker,archive_check,40,2149320,warm
DRM_B_provisional_permanent,build-worker,checksum_artifact,1,1792118,cold
DRM_B_provisional_permanent,build-worker,stage_output,1,144441,cold
DRM_B_provisional_permanent,build-worker,checksum_artifact,2,1767098,warm
DRM_B_provisional_permanent,build-worker,stage_output,2,67399,warm
DRM_B_provisional_permanent,build-worker,checksum_artifact,3,1864563,warm
DRM_B_provisional_permanent,build-worker,stage_output,3,66406,warm
DRM_B_provisional_permanent,build-worker,checksum_artifact,4,2220027,warm
DRM_B_provisional_permanent,build-worker,stage_output,4,114415,warm
DRM_B_provisional_permanent,build-worker,checksum_artifact,5,2492098,warm
DRM_B_provisional_permanent,build-worker,stage_output,5,299097,warm
DRM_B_provisional_permanent,build-worker,checksum_artifact,6,1779728,warm
DRM_B_provisional_permanent,build-worker,stage_output,6,77279,warm
DRM_B_provisional_permanent,build-worker,checksum_artifact,7,1727202,warm
DRM_B_provisional_permanent,build-worker,stage_output,7,79809,warm
DRM_B_provisional_permanent,build-worker,checksum_artifact,8,2223457,warm
DRM_B_provisional_permanent,build-worker,stage_output,8,103909,warm
DRM_B_provisional_permanent,build-worker,checksum_artifact,9,1889770,warm
DRM_B_provisional_permanent,build-worker,stage_output,9,88589,warm
DRM_B_provisional_permanent,build-worker,checksum_artifact,10,2150591,warm
DRM_B_provisional_permanent,build-worker,stage_output,10,65551,warm
DRM_B_provisional_permanent,build-worker,checksum_artifact,11,1904597,warm
DRM_B_provisional_permanent,build-worker,stage_output,11,73087,warm
DRM_B_provisional_permanent,build-worker,checksum_artifact,12,2027413,warm
DRM_B_provisional_permanent,build-worker,stage_output,12,75739,warm
DRM_B_provisional_permanent,build-worker,checksum_artifact,13,1942574,warm
DRM_B_provisional_permanent,build-worker,stage_output,13,77160,warm
DRM_B_provisional_permanent,build-worker,checksum_artifact,14,2076605,warm
DRM_B_provisional_permanent,build-worker,stage_output,14,71574,warm
DRM_B_provisional_permanent,build-worker,checksum_artifact,15,1896712,warm
DRM_B_provisional_permanent,build-worker,stage_output,15,401445,warm
DRM_B_provisional_permanent,build-worker,checksum_artifact,16,1747532,warm
DRM_B_provisional_permanent,build-worker,stage_output,16,81291,warm
DRM_B_provisional_permanent,build-worker,checksum_artifact,17,1728636,warm
DRM_B_provisional_permanent,build-worker,stage_output,17,73774,warm
DRM_B_provisional_permanent,build-worker,checksum_artifact,18,2140156,warm
DRM_B_provisional_permanent,build-worker,stage_output,18,74805,warm
DRM_B_provisional_permanent,build-worker,checksum_artifact,19,1854306,warm
DRM_B_provisional_permanent,build-worker,stage_output,19,70199,warm
DRM_B_provisional_permanent,build-worker,checksum_artifact,20,1984372,warm
DRM_B_provisional_permanent,build-worker,stage_output,20,72806,warm
DRM_B_provisional_permanent,build-worker,checksum_artifact,21,1902494,warm
DRM_B_provisional_permanent,build-worker,stage_output,21,145432,warm
DRM_B_provisional_permanent,build-worker,checksum_artifact,22,1630265,warm
DRM_B_provisional_permanent,build-worker,stage_output,22,67039,warm
DRM_B_provisional_permanent,build-worker,checksum_artifact,23,1939712,warm
DRM_B_provisional_permanent,build-worker,stage_output,23,77914,warm
DRM_B_provisional_permanent,build-worker,checksum_artifact,24,1953251,warm
DRM_B_provisional_permanent,build-worker,stage_output,24,77632,warm
DRM_B_provisional_permanent,build-worker,checksum_artifact,25,2354480,warm
DRM_B_provisional_permanent,build-worker,stage_output,25,711707,warm
DRM_B_provisional_permanent,build-worker,checksum_artifact,26,1789556,warm
DRM_B_provisional_permanent,build-worker,stage_output,26,141882,warm
DRM_B_provisional_permanent,build-worker,checksum_artifact,27,1825304,warm
DRM_B_provisional_permanent,build-worker,stage_output,27,99673,warm
DRM_B_provisional_permanent,build-worker,checksum_artifact,28,1773847,warm
DRM_B_provisional_permanent,build-worker,stage_output,28,80991,warm
DRM_B_provisional_permanent,build-worker,checksum_artifact,29,2384255,warm
DRM_B_provisional_permanent,build-worker,stage_output,29,290294,warm
DRM_B_provisional_permanent,build-worker,checksum_artifact,30,1891967,warm
DRM_B_provisional_permanent,build-worker,stage_output,30,210993,warm
DRM_B_provisional_permanent,build-worker,checksum_artifact,31,1853762,warm
DRM_B_provisional_permanent,build-worker,stage_output,31,303943,warm
DRM_B_provisional_permanent,build-worker,checksum_artifact,32,1788809,warm
DRM_B_provisional_permanent,build-worker,stage_output,32,77511,warm
DRM_B_provisional_permanent,build-worker,checksum_artifact,33,1886791,warm
DRM_B_provisional_permanent,build-worker,stage_output,33,84549,warm
DRM_B_provisional_permanent,build-worker,checksum_artifact,34,1712450,warm
DRM_B_provisional_permanent,build-worker,stage_output,34,74499,warm
DRM_B_provisional_permanent,build-worker,checksum_artifact,35,2099650,warm
DRM_B_provisional_permanent,build-worker,stage_output,35,928451,warm
DRM_B_provisional_permanent,job-processor,dequeue_notify,1,2010190,cold
DRM_B_provisional_permanent,job-processor,heartbeat,1,2172115,cold
DRM_B_provisional_permanent,job-processor,dequeue_notify,2,1920349,warm
DRM_B_provisional_permanent,job-processor,heartbeat,2,2405192,warm
DRM_B_provisional_permanent,job-processor,dequeue_notify,3,1798700,warm
DRM_B_provisional_permanent,job-processor,heartbeat,3,2162907,warm
DRM_B_provisional_permanent,job-processor,dequeue_notify,4,2106482,warm
DRM_B_provisional_permanent,job-processor,heartbeat,4,2145719,warm
DRM_B_provisional_permanent,job-processor,dequeue_notify,5,2008004,warm
DRM_B_provisional_permanent,job-processor,heartbeat,5,2344422,warm
DRM_B_provisional_permanent,job-processor,dequeue_notify,6,1907177,warm
DRM_B_provisional_permanent,job-processor,heartbeat,6,2223905,warm
DRM_B_provisional_permanent,job-processor,dequeue_notify,7,1965621,warm
DRM_B_provisional_permanent,job-processor,heartbeat,7,2226399,warm
DRM_B_provisional_permanent,job-processor,dequeue_notify,8,1966476,warm
DRM_B_provisional_permanent,job-processor,heartbeat,8,2398814,warm
DRM_B_provisional_permanent,job-processor,dequeue_notify,9,1787313,warm
DRM_B_provisional_permanent,job-processor,heartbeat,9,2507058,warm
DRM_B_provisional_permanent,job-processor,dequeue_notify,10,1778372,warm
DRM_B_provisional_permanent,job-processor,heartbeat,10,2281678,warm
DRM_B_provisional_permanent,job-processor,dequeue_notify,11,1883881,warm
DRM_B_provisional_permanent,job-processor,heartbeat,11,2200510,warm
DRM_B_provisional_permanent,job-processor,dequeue_notify,12,1971070,warm
DRM_B_provisional_permanent,job-processor,heartbeat,12,2407186,warm
DRM_B_provisional_permanent,job-processor,dequeue_notify,13,1858017,warm
DRM_B_provisional_permanent,job-processor,heartbeat,13,2306485,warm
DRM_B_provisional_permanent,job-processor,dequeue_notify,14,1830667,warm
DRM_B_provisional_permanent,job-processor,heartbeat,14,2114838,warm
DRM_B_provisional_permanent,job-processor,dequeue_notify,15,2166959,warm
DRM_B_provisional_permanent,job-processor,heartbeat,15,2322430,warm
DRM_B_provisional_permanent,job-processor,dequeue_notify,16,1732968,warm
DRM_B_provisional_permanent,job-processor,heartbeat,16,2175319,warm
DRM_B_provisional_permanent,job-processor,dequeue_notify,17,2040908,warm
DRM_B_provisional_permanent,job-processor,heartbeat,17,2236550,warm
DRM_B_provisional_permanent,job-processor,dequeue_notify,18,1923801,warm
DRM_B_provisional_permanent,job-processor,heartbeat,18,2138604,warm
DRM_B_provisional_permanent,job-processor,dequeue_notify,19,2024345,warm
DRM_B_provisional_permanent,job-processor,heartbeat,19,2372751,warm
DRM_B_provisional_permanent,job-processor,dequeue_notify,20,1805383,warm
DRM_B_provisional_permanent,job-processor,heartbeat,20,2539533,warm
DRM_B_provisional_permanent,job-processor,dequeue_notify,21,1600008,warm
DRM_B_provisional_permanent,job-processor,heartbeat,21,2279009,warm
DRM_B_provisional_permanent,job-processor,dequeue_notify,22,2062116,warm
DRM_B_provisional_permanent,job-processor,heartbeat,22,2184326,warm
DRM_B_provisional_permanent,job-processor,dequeue_notify,23,1980636,warm
DRM_B_provisional_permanent,job-processor,heartbeat,23,2239666,warm
DRM_B_provisional_permanent,job-processor,dequeue_notify,24,1942886,warm
DRM_B_provisional_permanent,job-processor,heartbeat,24,2363703,warm
DRM_B_provisional_permanent,job-processor,dequeue_notify,25,1826284,warm
DRM_B_provisional_permanent,job-processor,heartbeat,25,2212855,warm
DRM_B_provisional_permanent,job-processor,dequeue_notify,26,2058243,warm
DRM_B_provisional_permanent,job-processor,heartbeat,26,2194730,warm
DRM_B_provisional_permanent,job-processor,dequeue_notify,27,1950587,warm
DRM_B_provisional_permanent,job-processor,heartbeat,27,2258169,warm
DRM_B_provisional_permanent,job-processor,dequeue_notify,28,1988509,warm
DRM_B_provisional_permanent,job-processor,heartbeat,28,2416834,warm
DRM_B_provisional_permanent,job-processor,dequeue_notify,29,1665171,warm
DRM_B_provisional_permanent,job-processor,heartbeat,29,2333622,warm
DRM_B_provisional_permanent,job-processor,dequeue_notify,30,1866245,warm
DRM_B_provisional_permanent,job-processor,heartbeat,30,2487375,warm
DRM_B_provisional_permanent,job-processor,dequeue_notify,31,1729821,warm
DRM_B_provisional_permanent,job-processor,heartbeat,31,2354868,warm
DRM_B_provisional_permanent,job-processor,dequeue_notify,32,1848397,warm
DRM_B_provisional_permanent,job-processor,heartbeat,32,2121928,warm
DRM_B_provisional_permanent,job-processor,dequeue_notify,33,2070508,warm
DRM_B_provisional_permanent,job-processor,heartbeat,33,2381851,warm
DRM_B_provisional_permanent,job-processor,dequeue_notify,34,1923142,warm
DRM_B_provisional_permanent,job-processor,heartbeat,34,2113966,warm
DRM_B_provisional_permanent,job-processor,dequeue_notify,35,2046516,warm
DRM_B_provisional_permanent,job-processor,heartbeat,35,2122740,warm
DRM_B_provisional_permanent,job-processor,dequeue_notify,36,2072633,warm
DRM_B_provisional_permanent,job-processor,heartbeat,36,2136070,warm
DRM_B_provisional_permanent,job-processor,dequeue_notify,37,2052986,warm
DRM_B_provisional_permanent,job-processor,heartbeat,37,2288595,warm
DRM_B_provisional_permanent,job-processor,dequeue_notify,38,1953220,warm
DRM_B_provisional_permanent,job-processor,heartbeat,38,2218850,warm
DRM_B_provisional_permanent,job-processor,dequeue_notify,39,1957241,warm
DRM_B_provisional_permanent,job-processor,heartbeat,39,2227423,warm
DRM_B_provisional_permanent,job-processor,dequeue_notify,40,1947208,warm
DRM_B_provisional_permanent,job-processor,heartbeat,40,2611313,warm
DRM_B_provisional_permanent,report-worker,daily_report,41,149323,warm
DRM_B_provisional_permanent,report-worker,daily_report,42,94923,warm
DRM_B_provisional_permanent,report-worker,daily_report,43,174397,warm
DRM_B_provisional_permanent,report-worker,daily_report,44,149162,warm
DRM_B_provisional_permanent,report-worker,daily_report,45,99932,warm
DRM_B_provisional_permanent,report-worker,daily_report,46,77863,warm
DRM_B_provisional_permanent,report-worker,daily_report,47,136499,warm
DRM_B_provisional_permanent,report-worker,daily_report,48,304868,warm
DRM_B_provisional_permanent,report-worker,daily_report,49,94109,warm
DRM_B_provisional_permanent,report-worker,daily_report,50,75683,warm
DRM_B_provisional_permanent,report-worker,daily_report,51,126893,warm
DRM_B_provisional_permanent,report-worker,daily_report,52,87697,warm
DRM_B_provisional_permanent,report-worker,daily_report,53,67161,warm
DRM_B_provisional_permanent,report-worker,daily_report,54,125903,warm
DRM_B_provisional_permanent,report-worker,daily_report,55,72256,warm
DRM_B_provisional_permanent,report-worker,daily_report,56,69052,warm
DRM_B_provisional_permanent,report-worker,daily_report,57,129831,warm
DRM_B_provisional_permanent,report-worker,daily_report,58,62333,warm
DRM_B_provisional_permanent,report-worker,daily_report,59,53527,warm
DRM_B_provisional_permanent,report-worker,daily_report,60,1472516,warm
DRM_B_provisional_permanent,report-worker,daily_report,61,161712,warm
DRM_B_provisional_permanent,report-worker,daily_report,62,74009,warm
DRM_B_provisional_permanent,report-worker,daily_report,63,72213,warm
DRM_B_provisional_permanent,report-worker,daily_report,64,120110,warm
DRM_B_provisional_permanent,report-worker,daily_report,65,89487,warm
DRM_B_provisional_permanent,report-worker,daily_report,66,134858,warm
DRM_B_provisional_permanent,report-worker,daily_report,67,71423,warm
DRM_B_provisional_permanent,api-service,api_get_user,46,2047221,warm
DRM_B_provisional_permanent,api-service,session_touch,46,125429,warm
DRM_B_provisional_permanent,api-service,api_get_user,47,1913554,warm
DRM_B_provisional_permanent,api-service,session_touch,47,139975,warm
DRM_B_provisional_permanent,api-service,api_get_user,48,2036434,warm
DRM_B_provisional_permanent,api-service,session_touch,48,119828,warm
DRM_B_provisional_permanent,api-service,api_get_user,49,1957078,warm
DRM_B_provisional_permanent,api-service,session_touch,49,118007,warm
DRM_B_provisional_permanent,api-service,api_get_user,50,1994581,warm
DRM_B_provisional_permanent,api-service,session_touch,50,112011,warm
DRM_B_provisional_permanent,api-service,api_get_user,51,2038727,warm
DRM_B_provisional_permanent,api-service,session_touch,51,102661,warm
DRM_B_provisional_permanent,api-service,api_get_user,52,4963192,warm
DRM_B_provisional_permanent,api-service,session_touch,52,113448,warm
DRM_B_provisional_permanent,api-service,api_get_user,53,1715687,warm
DRM_B_provisional_permanent,api-service,session_touch,53,102981,warm
DRM_B_provisional_permanent,api-service,api_get_user,54,2084755,warm
DRM_B_provisional_permanent,api-service,session_touch,54,152616,warm
DRM_B_provisional_permanent,api-service,api_get_user,55,1913766,warm
DRM_B_provisional_permanent,api-service,session_touch,55,104219,warm
DRM_B_provisional_permanent,api-service,api_get_user,56,2081102,warm
DRM_B_provisional_permanent,api-service,session_touch,56,169286,warm
DRM_B_provisional_permanent,api-service,api_get_user,57,1926144,warm
DRM_B_provisional_permanent,api-service,session_touch,57,185978,warm
DRM_B_provisional_permanent,api-service,api_get_user,58,2252632,warm
DRM_B_provisional_permanent,api-service,session_touch,58,171494,warm
DRM_B_provisional_permanent,api-service,api_get_user,59,1633919,warm
DRM_B_provisional_permanent,api-service,session_touch,59,106466,warm
DRM_B_provisional_permanent,api-service,api_get_user,60,2031507,warm
DRM_B_provisional_permanent,api-service,session_touch,60,94879,warm
DRM_B_provisional_permanent,report-worker,daily_report,68,115989,warm
DRM_B_provisional_permanent,report-worker,archive_check,41,2591246,warm
DRM_B_provisional_permanent,report-worker,daily_report,69,3083890,warm
DRM_B_provisional_permanent,report-worker,archive_check,42,2471676,warm
DRM_B_provisional_permanent,report-worker,daily_report,70,170534,warm
DRM_B_provisional_permanent,report-worker,archive_check,43,2482974,warm
DRM_B_provisional_permanent,report-worker,daily_report,71,117984,warm
DRM_B_provisional_permanent,report-worker,archive_check,44,1956984,warm
DRM_B_provisional_permanent,report-worker,daily_report,72,88465,warm
DRM_B_provisional_permanent,report-worker,archive_check,45,2419917,warm
DRM_B_provisional_permanent,report-worker,daily_report,73,123939,warm
DRM_B_provisional_permanent,report-worker,archive_check,46,2272193,warm
DRM_B_provisional_permanent,report-worker,daily_report,74,154965,warm
DRM_B_provisional_permanent,report-worker,archive_check,47,1987887,warm
DRM_B_provisional_permanent,report-worker,daily_report,75,167146,warm
DRM_B_provisional_permanent,report-worker,archive_check,48,1723242,warm
DRM_B_provisional_permanent,report-worker,daily_report,76,89238,warm
DRM_B_provisional_permanent,report-worker,archive_check,49,2200526,warm
DRM_B_provisional_permanent,report-worker,daily_report,77,83807,warm
DRM_B_provisional_permanent,report-worker,archive_check,50,2183219,warm
DRM_B_provisional_permanent,report-worker,daily_report,78,81154,warm
DRM_B_provisional_permanent,report-worker,archive_check,51,2292418,warm
DRM_B_provisional_permanent,report-worker,daily_report,79,2842607,warm
DRM_B_provisional_permanent,report-worker,archive_check,52,2452202,warm
DRM_B_provisional_permanent,report-worker,daily_report,80,108517,warm
DRM_B_provisional_permanent,report-worker,archive_check,53,2003066,warm
DRM_B_provisional_permanent,report-worker,daily_report,81,91099,warm
DRM_B_provisional_permanent,report-worker,archive_check,54,1830013,warm
DRM_B_provisional_permanent,report-worker,daily_report,82,137630,warm
DRM_B_provisional_permanent,report-worker,archive_check,55,2386398,warm
DRM_B_provisional_permanent,build-worker,checksum_artifact,36,2228991,warm
DRM_B_provisional_permanent,build-worker,stage_output,36,122925,warm
DRM_B_provisional_permanent,build-worker,checksum_artifact,37,2019622,warm
DRM_B_provisional_permanent,build-worker,stage_output,37,84259,warm
DRM_B_provisional_permanent,build-worker,checksum_artifact,38,2105127,warm
DRM_B_provisional_permanent,build-worker,stage_output,38,99298,warm
DRM_B_provisional_permanent,build-worker,checksum_artifact,39,2110400,warm
DRM_B_provisional_permanent,build-worker,stage_output,39,90670,warm
DRM_B_provisional_permanent,build-worker,checksum_artifact,40,2229159,warm
DRM_B_provisional_permanent,build-worker,stage_output,40,83815,warm
DRM_B_provisional_permanent,build-worker,checksum_artifact,41,1876880,warm
DRM_B_provisional_permanent,build-worker,stage_output,41,96001,warm
DRM_B_provisional_permanent,build-worker,checksum_artifact,42,3051134,warm
DRM_B_provisional_permanent,build-worker,stage_output,42,111958,warm
DRM_B_provisional_permanent,build-worker,checksum_artifact,43,2090637,warm
DRM_B_provisional_permanent,build-worker,stage_output,43,95384,warm
DRM_B_provisional_permanent,build-worker,checksum_artifact,44,2119203,warm
DRM_B_provisional_permanent,build-worker,stage_output,44,108214,warm
DRM_B_provisional_permanent,build-worker,checksum_artifact,45,2146777,warm
DRM_B_provisional_permanent,build-worker,stage_output,45,138187,warm
DRM_B_provisional_permanent,build-worker,checksum_artifact,46,1715178,warm
DRM_B_provisional_permanent,build-worker,stage_output,46,87770,warm
DRM_B_provisional_permanent,build-worker,checksum_artifact,47,1993130,warm
DRM_B_provisional_permanent,build-worker,stage_output,47,137063,warm
DRM_B_provisional_permanent,build-worker,checksum_artifact,48,2152336,warm
DRM_B_provisional_permanent,build-worker,stage_output,48,79883,warm
DRM_B_provisional_permanent,build-worker,checksum_artifact,49,2199555,warm
DRM_B_provisional_permanent,build-worker,stage_output,49,100349,warm
DRM_B_provisional_permanent,build-worker,checksum_artifact,50,2110483,warm
DRM_B_provisional_permanent,build-worker,stage_output,50,207377,warm
DRM_B_provisional_permanent,job-processor,dequeue_notify,41,284395,warm
DRM_B_provisional_permanent,job-processor,heartbeat,41,2258649,warm
DRM_B_provisional_permanent,job-processor,dequeue_notify,42,4405769,warm
DRM_B_provisional_permanent,job-processor,heartbeat,42,2276649,warm
DRM_B_provisional_permanent,job-processor,dequeue_notify,43,1030021,warm
DRM_B_provisional_permanent,job-processor,heartbeat,43,2303779,warm
DRM_B_provisional_permanent,job-processor,dequeue_notify,44,1893893,warm
DRM_B_provisional_permanent,job-processor,heartbeat,44,2417215,warm
DRM_B_provisional_permanent,job-processor,dequeue_notify,45,1819794,warm
DRM_B_provisional_permanent,job-processor,heartbeat,45,2151356,warm
DRM_B_provisional_permanent,job-processor,dequeue_notify,46,2022261,warm
DRM_B_provisional_permanent,job-processor,heartbeat,46,2169086,warm
DRM_B_provisional_permanent,job-processor,dequeue_notify,47,2030791,warm
DRM_B_provisional_permanent,job-processor,heartbeat,47,2154938,warm
DRM_B_provisional_permanent,job-processor,dequeue_notify,48,2066158,warm
DRM_B_provisional_permanent,job-processor,heartbeat,48,2287285,warm
DRM_B_provisional_permanent,job-processor,dequeue_notify,49,1911074,warm
DRM_B_provisional_permanent,job-processor,heartbeat,49,2228044,warm
DRM_B_provisional_permanent,job-processor,dequeue_notify,50,1963921,warm
DRM_B_provisional_permanent,job-processor,heartbeat,50,2423415,warm
DRM_B_provisional_permanent,job-processor,dequeue_notify,51,1773330,warm
DRM_B_provisional_permanent,job-processor,heartbeat,51,2388892,warm
DRM_B_provisional_permanent,job-processor,dequeue_notify,52,2702763,warm
DRM_B_provisional_permanent,job-processor,heartbeat,52,2384746,warm
DRM_B_provisional_permanent,job-processor,dequeue_notify,53,1010283,warm
DRM_B_provisional_permanent,job-processor,heartbeat,53,2518743,warm
DRM_B_provisional_permanent,job-processor,dequeue_notify,54,1612228,warm
DRM_B_provisional_permanent,job-processor,heartbeat,54,2211523,warm
DRM_B_provisional_permanent,job-processor,dequeue_notify,55,2041752,warm
DRM_B_provisional_permanent,job-processor,heartbeat,55,2450204,warm
DRM_B_provisional_permanent,build-worker,stage_output,51,179535,warm
DRM_B_provisional_permanent,build-worker,checksum_artifact,51,2759953,warm
DRM_B_provisional_permanent,report-worker,daily_report,83,274395,warm
DRM_B_provisional_permanent,build-worker,stage_output,52,212929,warm
DRM_B_provisional_permanent,api-service,api_get_user,61,1083786,warm
DRM_B_provisional_permanent,build-worker,stage_output,53,204881,warm
DRM_B_provisional_permanent,api-service,api_get_user,62,1876301,warm
DRM_B_provisional_permanent,job-processor,dequeue_notify,56,1437979,warm
DRM_B_provisional_permanent,api-service,api_get_user,63,697906,warm
DRM_B_provisional_permanent,job-processor,heartbeat,56,2203379,warm
DRM_B_provisional_permanent,report-worker,daily_report,84,120421,warm
DRM_B_provisional_permanent,api-service,api_get_user,64,1835535,warm
DRM_B_provisional_permanent,api-service,session_touch,61,373532,warm
DRM_B_provisional_permanent,report-worker,archive_check,56,2421738,warm
DRM_B_provisional_permanent,api-service,session_touch,62,135508,warm
DRM_B_provisional_permanent,api-service,api_get_user,65,1495556,warm
DRM_B_provisional_permanent,build-worker,checksum_artifact,52,2373757,warm
DRM_B_provisional_permanent,job-processor,dequeue_notify,57,678852,warm
DRM_B_provisional_permanent,report-worker,archive_check,57,2061341,warm
DRM_B_provisional_permanent,report-worker,daily_report,85,126961,warm
DRM_B_provisional_permanent,report-worker,daily_report,86,168561,warm
DRM_B_provisional_permanent,job-processor,heartbeat,57,2206896,warm
DRM_B_provisional_permanent,build-worker,checksum_artifact,53,2367948,warm
DRM_B_provisional_permanent,job-processor,dequeue_notify,58,1452271,warm
DRM_B_provisional_permanent,api-service,session_touch,63,81505,warm
DRM_B_provisional_permanent,api-service,noise,1,27442,cold
DRM_B_provisional_permanent,api-service,noise,2,17113,warm
DRM_B_provisional_permanent,api-service,noise,3,53690,warm
DRM_B_provisional_permanent,api-service,noise,4,4334059,warm
DRM_B_provisional_permanent,api-service,noise,5,2422298,warm
DRM_B_provisional_permanent,api-service,noise,6,3371861,warm
DRM_B_provisional_permanent,api-service,noise,7,4383655,warm
DRM_B_provisional_permanent,api-service,noise,8,44336,warm
DRM_B_provisional_permanent,api-service,noise,9,263077,warm
DRM_B_provisional_permanent,api-service,noise,10,22109,warm
DRM_B_provisional_permanent,api-service,noise,11,26310,warm
DRM_B_provisional_permanent,api-service,noise,12,21338,warm
DRM_B_provisional_permanent,api-service,noise,13,55037,warm
DRM_B_provisional_permanent,api-service,noise,14,6531962,warm
DRM_B_provisional_permanent,api-service,noise,15,6296611,warm
DRM_B_provisional_permanent,api-service,noise,16,5416871,warm
DRM_B_provisional_permanent,api-service,noise,17,6340841,warm
DRM_B_provisional_permanent,api-service,noise,18,38354,warm
DRM_B_provisional_permanent,api-service,noise,19,474496,warm
DRM_B_provisional_permanent,api-service,noise,20,84572,warm
DRM_C_specialized,api-service,api_get_user,1,2093819,cold
DRM_C_specialized,api-service,session_touch,1,50501,cold
DRM_C_specialized,api-service,api_get_user,2,2072208,warm
DRM_C_specialized,api-service,session_touch,2,107439,warm
DRM_C_specialized,api-service,api_get_user,3,2202673,warm
DRM_C_specialized,api-service,session_touch,3,166212,warm
DRM_C_specialized,api-service,api_get_user,4,1930546,warm
DRM_C_specialized,api-service,session_touch,4,114818,warm
DRM_C_specialized,api-service,api_get_user,5,2240299,warm
DRM_C_specialized,api-service,session_touch,5,90058,warm
DRM_C_specialized,api-service,api_get_user,6,1742408,warm
DRM_C_specialized,api-service,session_touch,6,89219,warm
DRM_C_specialized,api-service,api_get_user,7,2040467,warm
DRM_C_specialized,api-service,session_touch,7,85932,warm
DRM_C_specialized,api-service,api_get_user,8,2037025,warm
DRM_C_specialized,api-service,session_touch,8,91293,warm
DRM_C_specialized,api-service,api_get_user,9,2013345,warm
DRM_C_specialized,api-service,session_touch,9,85380,warm
DRM_C_specialized,api-service,api_get_user,10,2011432,warm
DRM_C_specialized,api-service,session_touch,10,111511,warm
DRM_C_specialized,api-service,api_get_user,11,2059607,warm
DRM_C_specialized,api-service,session_touch,11,95215,warm
DRM_C_specialized,api-service,api_get_user,12,2064517,warm
DRM_C_specialized,api-service,session_touch,12,98621,warm
DRM_C_specialized,api-service,api_get_user,13,2057808,warm
DRM_C_specialized,api-service,session_touch,13,137217,warm
DRM_C_specialized,api-service,api_get_user,14,1971054,warm
DRM_C_specialized,api-service,session_touch,14,71891,warm
DRM_C_specialized,api-service,api_get_user,15,2114236,warm
DRM_C_specialized,api-service,session_touch,15,117205,warm
DRM_C_specialized,api-service,api_get_user,16,2007688,warm
DRM_C_specialized,api-service,session_touch,16,118089,warm
DRM_C_specialized,api-service,api_get_user,17,2009567,warm
DRM_C_specialized,api-service,session_touch,17,94058,warm
DRM_C_specialized,api-service,api_get_user,18,1998063,warm
DRM_C_specialized,api-service,session_touch,18,98461,warm
DRM_C_specialized,api-service,api_get_user,19,2078923,warm
DRM_C_specialized,api-service,session_touch,19,86319,warm
DRM_C_specialized,api-service,api_get_user,20,2102301,warm
DRM_C_specialized,api-service,session_touch,20,161471,warm
DRM_C_specialized,api-service,api_get_user,21,1986620,warm
DRM_C_specialized,api-service,session_touch,21,93436,warm
DRM_C_specialized,api-service,api_get_user,22,2020565,warm
DRM_C_specialized,api-service,session_touch,22,112008,warm
DRM_C_specialized,api-service,api_get_user,23,2127042,warm
DRM_C_specialized,api-service,session_touch,23,164366,warm
DRM_C_specialized,api-service,api_get_user,24,1870002,warm
DRM_C_specialized,api-service,session_touch,24,101602,warm
DRM_C_specialized,api-service,api_get_user,25,1986239,warm
DRM_C_specialized,api-service,session_touch,25,98022,warm
DRM_C_specialized,api-service,api_get_user,26,2027580,warm
DRM_C_specialized,api-service,session_touch,26,89769,warm
DRM_C_specialized,api-service,api_get_user,27,2014176,warm
DRM_C_specialized,api-service,session_touch,27,89053,warm
DRM_C_specialized,api-service,api_get_user,28,2049673,warm
DRM_C_specialized,api-service,session_touch,28,84092,warm
DRM_C_specialized,api-service,api_get_user,29,2064119,warm
DRM_C_specialized,api-service,session_touch,29,126148,warm
DRM_C_specialized,api-service,api_get_user,30,2014863,warm
DRM_C_specialized,api-service,session_touch,30,160997,warm
DRM_C_specialized,api-service,api_get_user,31,1959229,warm
DRM_C_specialized,api-service,session_touch,31,111336,warm
DRM_C_specialized,api-service,api_get_user,32,1997332,warm
DRM_C_specialized,api-service,session_touch,32,91521,warm
DRM_C_specialized,api-service,api_get_user,33,2063172,warm
DRM_C_specialized,api-service,session_touch,33,91134,warm
DRM_C_specialized,api-service,api_get_user,34,1969995,warm
DRM_C_specialized,api-service,session_touch,34,83697,warm
DRM_C_specialized,api-service,api_get_user,35,2065163,warm
DRM_C_specialized,api-service,session_touch,35,86488,warm
DRM_C_specialized,api-service,api_get_user,36,2070478,warm
DRM_C_specialized,api-service,session_touch,36,93628,warm
DRM_C_specialized,api-service,api_get_user,37,2149126,warm
DRM_C_specialized,api-service,session_touch,37,193752,warm
DRM_C_specialized,api-service,api_get_user,38,1925856,warm
DRM_C_specialized,api-service,session_touch,38,140798,warm
DRM_C_specialized,api-service,api_get_user,39,1930398,warm
DRM_C_specialized,api-service,session_touch,39,123765,warm
DRM_C_specialized,api-service,api_get_user,40,1978508,warm
DRM_C_specialized,api-service,session_touch,40,175812,warm
DRM_C_specialized,api-service,api_get_user,41,1966807,warm
DRM_C_specialized,api-service,session_touch,41,118423,warm
DRM_C_specialized,api-service,api_get_user,42,2139067,warm
DRM_C_specialized,api-service,session_touch,42,120913,warm
DRM_C_specialized,api-service,api_get_user,43,2005908,warm
DRM_C_specialized,api-service,session_touch,43,139978,warm
DRM_C_specialized,api-service,api_get_user,44,1945840,warm
DRM_C_specialized,api-service,session_touch,44,93106,warm
DRM_C_specialized,api-service,api_get_user,45,1985595,warm
DRM_C_specialized,api-service,session_touch,45,100550,warm
DRM_C_specialized,report-worker,daily_report,1,143248,cold
DRM_C_specialized,report-worker,archive_check,1,2424988,cold
DRM_C_specialized,report-worker,daily_report,2,88515,warm
DRM_C_specialized,report-worker,archive_check,2,2173664,warm
DRM_C_specialized,report-worker,daily_report,3,119664,warm
DRM_C_specialized,report-worker,archive_check,3,1971783,warm
DRM_C_specialized,report-worker,daily_report,4,74574,warm
DRM_C_specialized,report-worker,archive_check,4,1772706,warm
DRM_C_specialized,report-worker,daily_report,5,61831,warm
DRM_C_specialized,report-worker,archive_check,5,2437479,warm
DRM_C_specialized,report-worker,daily_report,6,132505,warm
DRM_C_specialized,report-worker,archive_check,6,1774843,warm
DRM_C_specialized,report-worker,daily_report,7,145405,warm
DRM_C_specialized,report-worker,archive_check,7,2482949,warm
DRM_C_specialized,report-worker,daily_report,8,102925,warm
DRM_C_specialized,report-worker,archive_check,8,2004061,warm
DRM_C_specialized,report-worker,daily_report,9,77246,warm
DRM_C_specialized,report-worker,archive_check,9,2385115,warm
DRM_C_specialized,report-worker,daily_report,10,133720,warm
DRM_C_specialized,report-worker,archive_check,10,1872748,warm
DRM_C_specialized,report-worker,daily_report,11,80173,warm
DRM_C_specialized,report-worker,archive_check,11,2080838,warm
DRM_C_specialized,report-worker,daily_report,12,262617,warm
DRM_C_specialized,report-worker,archive_check,12,1907395,warm
DRM_C_specialized,report-worker,daily_report,13,101090,warm
DRM_C_specialized,report-worker,archive_check,13,2055526,warm
DRM_C_specialized,report-worker,daily_report,14,99088,warm
DRM_C_specialized,report-worker,archive_check,14,2790943,warm
DRM_C_specialized,report-worker,daily_report,15,235441,warm
DRM_C_specialized,report-worker,archive_check,15,2185859,warm
DRM_C_specialized,report-worker,daily_report,16,155088,warm
DRM_C_specialized,report-worker,archive_check,16,2379839,warm
DRM_C_specialized,report-worker,daily_report,17,111822,warm
DRM_C_specialized,report-worker,archive_check,17,2210733,warm
DRM_C_specialized,report-worker,daily_report,18,80579,warm
DRM_C_specialized,report-worker,archive_check,18,2103692,warm
DRM_C_specialized,report-worker,daily_report,19,68891,warm
DRM_C_specialized,report-worker,archive_check,19,1713078,warm
DRM_C_specialized,report-worker,daily_report,20,174159,warm
DRM_C_specialized,report-worker,archive_check,20,1826427,warm
DRM_C_specialized,report-worker,daily_report,21,84416,warm
DRM_C_specialized,report-worker,archive_check,21,1962632,warm
DRM_C_specialized,report-worker,daily_report,22,76470,warm
DRM_C_specialized,report-worker,archive_check,22,1854168,warm
DRM_C_specialized,report-worker,daily_report,23,66958,warm
DRM_C_specialized,report-worker,archive_check,23,2339123,warm
DRM_C_specialized,report-worker,daily_report,24,207169,warm
DRM_C_specialized,report-worker,archive_check,24,1814755,warm
DRM_C_specialized,report-worker,daily_report,25,173011,warm
DRM_C_specialized,report-worker,archive_check,25,2215751,warm
DRM_C_specialized,report-worker,daily_report,26,71855,warm
DRM_C_specialized,report-worker,archive_check,26,1892495,warm
DRM_C_specialized,report-worker,daily_report,27,74634,warm
DRM_C_specialized,report-worker,archive_check,27,1917026,warm
DRM_C_specialized,report-worker,daily_report,28,78688,warm
DRM_C_specialized,report-worker,archive_check,28,1709232,warm
DRM_C_specialized,report-worker,daily_report,29,135228,warm
DRM_C_specialized,report-worker,archive_check,29,1766037,warm
DRM_C_specialized,report-worker,daily_report,30,88783,warm
DRM_C_specialized,report-worker,archive_check,30,1933805,warm
DRM_C_specialized,report-worker,daily_report,31,64715,warm
DRM_C_specialized,report-worker,archive_check,31,1961447,warm
DRM_C_specialized,report-worker,daily_report,32,62570,warm
DRM_C_specialized,report-worker,archive_check,32,1864703,warm
DRM_C_specialized,report-worker,daily_report,33,110565,warm
DRM_C_specialized,report-worker,archive_check,33,1803933,warm
DRM_C_specialized,report-worker,daily_report,34,159898,warm
DRM_C_specialized,report-worker,archive_check,34,2024571,warm
DRM_C_specialized,report-worker,daily_report,35,94374,warm
DRM_C_specialized,report-worker,archive_check,35,2026822,warm
DRM_C_specialized,report-worker,daily_report,36,87624,warm
DRM_C_specialized,report-worker,archive_check,36,1928359,warm
DRM_C_specialized,report-worker,daily_report,37,79959,warm
DRM_C_specialized,report-worker,archive_check,37,2245832,warm
DRM_C_specialized,report-worker,daily_report,38,73861,warm
DRM_C_specialized,report-worker,archive_check,38,2052217,warm
DRM_C_specialized,report-worker,daily_report,39,94668,warm
DRM_C_specialized,report-worker,archive_check,39,2113861,warm
DRM_C_specialized,report-worker,daily_report,40,75187,warm
DRM_C_specialized,report-worker,archive_check,40,2142707,warm
DRM_C_specialized,build-worker,checksum_artifact,1,1859248,cold
DRM_C_specialized,build-worker,stage_output,1,145577,cold
DRM_C_specialized,build-worker,checksum_artifact,2,2408862,warm
DRM_C_specialized,build-worker,stage_output,2,136276,warm
DRM_C_specialized,build-worker,checksum_artifact,3,2537090,warm
DRM_C_specialized,build-worker,stage_output,3,78333,warm
DRM_C_specialized,build-worker,checksum_artifact,4,2213881,warm
DRM_C_specialized,build-worker,stage_output,4,83234,warm
DRM_C_specialized,build-worker,checksum_artifact,5,2453262,warm
DRM_C_specialized,build-worker,stage_output,5,635615,warm
DRM_C_specialized,build-worker,checksum_artifact,6,2476562,warm
DRM_C_specialized,build-worker,stage_output,6,97902,warm
DRM_C_specialized,build-worker,checksum_artifact,7,2050416,warm
DRM_C_specialized,build-worker,stage_output,7,170842,warm
DRM_C_specialized,build-worker,checksum_artifact,8,2368717,warm
DRM_C_specialized,build-worker,stage_output,8,92155,warm
DRM_C_specialized,build-worker,checksum_artifact,9,2156497,warm
DRM_C_specialized,build-worker,stage_output,9,78435,warm
DRM_C_specialized,build-worker,checksum_artifact,10,1973828,warm
DRM_C_specialized,build-worker,stage_output,10,329759,warm
DRM_C_specialized,build-worker,checksum_artifact,11,1684508,warm
DRM_C_specialized,build-worker,stage_output,11,76433,warm
DRM_C_specialized,build-worker,checksum_artifact,12,2152061,warm
DRM_C_specialized,build-worker,stage_output,12,73250,warm
DRM_C_specialized,build-worker,checksum_artifact,13,1721919,warm
DRM_C_specialized,build-worker,stage_output,13,131993,warm
DRM_C_specialized,build-worker,checksum_artifact,14,1781444,warm
DRM_C_specialized,build-worker,stage_output,14,213186,warm
DRM_C_specialized,build-worker,checksum_artifact,15,1773106,warm
DRM_C_specialized,build-worker,stage_output,15,370250,warm
DRM_C_specialized,build-worker,checksum_artifact,16,1749970,warm
DRM_C_specialized,build-worker,stage_output,16,150333,warm
DRM_C_specialized,build-worker,checksum_artifact,17,2116009,warm
DRM_C_specialized,build-worker,stage_output,17,93821,warm
DRM_C_specialized,build-worker,checksum_artifact,18,1741882,warm
DRM_C_specialized,build-worker,stage_output,18,161353,warm
DRM_C_specialized,build-worker,checksum_artifact,19,1718237,warm
DRM_C_specialized,build-worker,stage_output,19,98725,warm
DRM_C_specialized,build-worker,checksum_artifact,20,2180943,warm
DRM_C_specialized,build-worker,stage_output,20,84156,warm
DRM_C_specialized,build-worker,checksum_artifact,21,1748046,warm
DRM_C_specialized,build-worker,stage_output,21,79069,warm
DRM_C_specialized,build-worker,checksum_artifact,22,1963837,warm
DRM_C_specialized,build-worker,stage_output,22,146565,warm
DRM_C_specialized,build-worker,checksum_artifact,23,2333947,warm
DRM_C_specialized,build-worker,stage_output,23,183049,warm
DRM_C_specialized,build-worker,checksum_artifact,24,1962668,warm
DRM_C_specialized,build-worker,stage_output,24,201467,warm
DRM_C_specialized,build-worker,checksum_artifact,25,1764002,warm
DRM_C_specialized,build-worker,stage_output,25,857141,warm
DRM_C_specialized,build-worker,checksum_artifact,26,1910682,warm
DRM_C_specialized,build-worker,stage_output,26,69578,warm
DRM_C_specialized,build-worker,checksum_artifact,27,2375277,warm
DRM_C_specialized,build-worker,stage_output,27,86864,warm
DRM_C_specialized,build-worker,checksum_artifact,28,1907690,warm
DRM_C_specialized,build-worker,stage_output,28,66697,warm
DRM_C_specialized,build-worker,checksum_artifact,29,2192856,warm
DRM_C_specialized,build-worker,stage_output,29,177860,warm
DRM_C_specialized,build-worker,checksum_artifact,30,1807955,warm
DRM_C_specialized,build-worker,stage_output,30,71065,warm
DRM_C_specialized,build-worker,checksum_artifact,31,2402174,warm
DRM_C_specialized,build-worker,stage_output,31,87733,warm
DRM_C_specialized,build-worker,checksum_artifact,32,2016002,warm
DRM_C_specialized,build-worker,stage_output,32,104874,warm
DRM_C_specialized,build-worker,checksum_artifact,33,1894786,warm
DRM_C_specialized,build-worker,stage_output,33,83852,warm
DRM_C_specialized,build-worker,checksum_artifact,34,1799555,warm
DRM_C_specialized,build-worker,stage_output,34,81548,warm
DRM_C_specialized,build-worker,checksum_artifact,35,2036688,warm
DRM_C_specialized,build-worker,stage_output,35,919113,warm
DRM_C_specialized,job-processor,dequeue_notify,1,1911940,cold
DRM_C_specialized,job-processor,heartbeat,1,2226776,cold
DRM_C_specialized,job-processor,dequeue_notify,2,1904068,warm
DRM_C_specialized,job-processor,heartbeat,2,2233755,warm
DRM_C_specialized,job-processor,dequeue_notify,3,1943245,warm
DRM_C_specialized,job-processor,heartbeat,3,2148927,warm
DRM_C_specialized,job-processor,dequeue_notify,4,2028121,warm
DRM_C_specialized,job-processor,heartbeat,4,2134024,warm
DRM_C_specialized,job-processor,dequeue_notify,5,2067438,warm
DRM_C_specialized,job-processor,heartbeat,5,2525244,warm
DRM_C_specialized,job-processor,dequeue_notify,6,1767315,warm
DRM_C_specialized,job-processor,heartbeat,6,2181263,warm
DRM_C_specialized,job-processor,dequeue_notify,7,1794351,warm
DRM_C_specialized,job-processor,heartbeat,7,2258625,warm
DRM_C_specialized,job-processor,dequeue_notify,8,1928266,warm
DRM_C_specialized,job-processor,heartbeat,8,2512682,warm
DRM_C_specialized,job-processor,dequeue_notify,9,1694525,warm
DRM_C_specialized,job-processor,heartbeat,9,2359920,warm
DRM_C_specialized,job-processor,dequeue_notify,10,1796033,warm
DRM_C_specialized,job-processor,heartbeat,10,2416911,warm
DRM_C_specialized,job-processor,dequeue_notify,11,1789351,warm
DRM_C_specialized,job-processor,heartbeat,11,2376784,warm
DRM_C_specialized,job-processor,dequeue_notify,12,1886459,warm
DRM_C_specialized,job-processor,heartbeat,12,2145318,warm
DRM_C_specialized,job-processor,dequeue_notify,13,1937575,warm
DRM_C_specialized,job-processor,heartbeat,13,2487850,warm
DRM_C_specialized,job-processor,dequeue_notify,14,1713110,warm
DRM_C_specialized,job-processor,heartbeat,14,2432988,warm
DRM_C_specialized,job-processor,dequeue_notify,15,1696951,warm
DRM_C_specialized,job-processor,heartbeat,15,2192219,warm
DRM_C_specialized,job-processor,dequeue_notify,16,2001156,warm
DRM_C_specialized,job-processor,heartbeat,16,2136097,warm
DRM_C_specialized,job-processor,dequeue_notify,17,2034401,warm
DRM_C_specialized,job-processor,heartbeat,17,2159227,warm
DRM_C_specialized,job-processor,dequeue_notify,18,2084898,warm
DRM_C_specialized,job-processor,heartbeat,18,2213640,warm
DRM_C_specialized,job-processor,dequeue_notify,19,2195529,warm
DRM_C_specialized,job-processor,heartbeat,19,2167597,warm
DRM_C_specialized,job-processor,dequeue_notify,20,1781185,warm
DRM_C_specialized,job-processor,heartbeat,20,2302164,warm
DRM_C_specialized,job-processor,dequeue_notify,21,1896937,warm
DRM_C_specialized,job-processor,heartbeat,21,2215862,warm
DRM_C_specialized,job-processor,dequeue_notify,22,1997987,warm
DRM_C_specialized,job-processor,heartbeat,22,2159554,warm
DRM_C_specialized,job-processor,dequeue_notify,23,2003703,warm
DRM_C_specialized,job-processor,heartbeat,23,2161755,warm
DRM_C_specialized,job-processor,dequeue_notify,24,1978628,warm
DRM_C_specialized,job-processor,heartbeat,24,2129018,warm
DRM_C_specialized,job-processor,dequeue_notify,25,2128510,warm
DRM_C_specialized,job-processor,heartbeat,25,2159235,warm
DRM_C_specialized,job-processor,dequeue_notify,26,1990347,warm
DRM_C_specialized,job-processor,heartbeat,26,2130266,warm
DRM_C_specialized,job-processor,dequeue_notify,27,2055419,warm
DRM_C_specialized,job-processor,heartbeat,27,2173349,warm
DRM_C_specialized,job-processor,dequeue_notify,28,2054110,warm
DRM_C_specialized,job-processor,heartbeat,28,2171476,warm
DRM_C_specialized,job-processor,dequeue_notify,29,2057694,warm
DRM_C_specialized,job-processor,heartbeat,29,2308601,warm
DRM_C_specialized,job-processor,dequeue_notify,30,2110787,warm
DRM_C_specialized,job-processor,heartbeat,30,2357921,warm
DRM_C_specialized,job-processor,dequeue_notify,31,1765678,warm
DRM_C_specialized,job-processor,heartbeat,31,2252473,warm
DRM_C_specialized,job-processor,dequeue_notify,32,1869506,warm
DRM_C_specialized,job-processor,heartbeat,32,2138091,warm
DRM_C_specialized,job-processor,dequeue_notify,33,2062115,warm
DRM_C_specialized,job-processor,heartbeat,33,2125269,warm
DRM_C_specialized,job-processor,dequeue_notify,34,1943200,warm
DRM_C_specialized,job-processor,heartbeat,34,2130345,warm
DRM_C_specialized,job-processor,dequeue_notify,35,2013780,warm
DRM_C_specialized,job-processor,heartbeat,35,2097796,warm
DRM_C_specialized,job-processor,dequeue_notify,36,2107006,warm
DRM_C_specialized,job-processor,heartbeat,36,2136959,warm
DRM_C_specialized,job-processor,dequeue_notify,37,2077605,warm
DRM_C_specialized,job-processor,heartbeat,37,2115587,warm
DRM_C_specialized,job-processor,dequeue_notify,38,2078259,warm
DRM_C_specialized,job-processor,heartbeat,38,2151564,warm
DRM_C_specialized,job-processor,dequeue_notify,39,1987159,warm
DRM_C_specialized,job-processor,heartbeat,39,2121579,warm
DRM_C_specialized,job-processor,dequeue_notify,40,2070516,warm
DRM_C_specialized,job-processor,heartbeat,40,2470664,warm
DRM_C_specialized,report-worker,daily_report,41,198661,warm
DRM_C_specialized,report-worker,daily_report,42,137759,warm
DRM_C_specialized,report-worker,daily_report,43,79656,warm
DRM_C_specialized,report-worker,daily_report,44,86866,warm
DRM_C_specialized,report-worker,daily_report,45,153527,warm
DRM_C_specialized,report-worker,daily_report,46,91205,warm
DRM_C_specialized,report-worker,daily_report,47,121241,warm
DRM_C_specialized,report-worker,daily_report,48,85516,warm
DRM_C_specialized,report-worker,daily_report,49,73099,warm
DRM_C_specialized,report-worker,daily_report,50,73605,warm
DRM_C_specialized,report-worker,daily_report,51,73390,warm
DRM_C_specialized,report-worker,daily_report,52,119688,warm
DRM_C_specialized,report-worker,daily_report,53,63088,warm
DRM_C_specialized,report-worker,daily_report,54,105714,warm
DRM_C_specialized,report-worker,daily_report,55,365134,warm
DRM_C_specialized,report-worker,daily_report,56,62743,warm
DRM_C_specialized,report-worker,daily_report,57,126334,warm
DRM_C_specialized,report-worker,daily_report,58,68946,warm
DRM_C_specialized,report-worker,daily_report,59,54611,warm
DRM_C_specialized,report-worker,daily_report,60,1438938,warm
DRM_C_specialized,report-worker,daily_report,61,81691,warm
DRM_C_specialized,report-worker,daily_report,62,52716,warm
DRM_C_specialized,report-worker,daily_report,63,51308,warm
DRM_C_specialized,report-worker,daily_report,64,48794,warm
DRM_C_specialized,report-worker,daily_report,65,48361,warm
DRM_C_specialized,report-worker,daily_report,66,56233,warm
DRM_C_specialized,report-worker,daily_report,67,59551,warm
DRM_C_specialized,api-service,api_get_user,46,698292,warm
DRM_C_specialized,api-service,session_touch,46,124349,warm
DRM_C_specialized,api-service,api_get_user,47,2015105,warm
DRM_C_specialized,api-service,session_touch,47,122528,warm
DRM_C_specialized,api-service,api_get_user,48,1973760,warm
DRM_C_specialized,api-service,session_touch,48,118414,warm
DRM_C_specialized,api-service,api_get_user,49,1976531,warm
DRM_C_specialized,api-service,session_touch,49,98678,warm
DRM_C_specialized,api-service,api_get_user,50,2017770,warm
DRM_C_specialized,api-service,session_touch,50,105655,warm
DRM_C_specialized,api-service,api_get_user,51,2031137,warm
DRM_C_specialized,api-service,session_touch,51,86214,warm
DRM_C_specialized,api-service,api_get_user,52,4644740,warm
DRM_C_specialized,api-service,session_touch,52,115556,warm
DRM_C_specialized,api-service,api_get_user,53,1502974,warm
DRM_C_specialized,api-service,session_touch,53,102665,warm
DRM_C_specialized,api-service,api_get_user,54,2013492,warm
DRM_C_specialized,api-service,session_touch,54,348494,warm
DRM_C_specialized,api-service,api_get_user,55,1783862,warm
DRM_C_specialized,api-service,session_touch,55,96647,warm
DRM_C_specialized,api-service,api_get_user,56,2060365,warm
DRM_C_specialized,api-service,session_touch,56,180517,warm
DRM_C_specialized,api-service,api_get_user,57,1947544,warm
DRM_C_specialized,api-service,session_touch,57,123167,warm
DRM_C_specialized,api-service,api_get_user,58,1993567,warm
DRM_C_specialized,api-service,session_touch,58,143662,warm
DRM_C_specialized,api-service,api_get_user,59,2007076,warm
DRM_C_specialized,api-service,session_touch,59,98410,warm
DRM_C_specialized,api-service,api_get_user,60,1991112,warm
DRM_C_specialized,api-service,session_touch,60,90645,warm
DRM_C_specialized,report-worker,daily_report,68,100054,warm
DRM_C_specialized,report-worker,archive_check,41,2380620,warm
DRM_C_specialized,report-worker,daily_report,69,2887761,warm
DRM_C_specialized,report-worker,archive_check,42,2515669,warm
DRM_C_specialized,report-worker,daily_report,70,84028,warm
DRM_C_specialized,report-worker,archive_check,43,2555113,warm
DRM_C_specialized,report-worker,daily_report,71,159224,warm
DRM_C_specialized,report-worker,archive_check,44,1924534,warm
DRM_C_specialized,report-worker,daily_report,72,92116,warm
DRM_C_specialized,report-worker,archive_check,45,1775966,warm
DRM_C_specialized,report-worker,daily_report,73,167818,warm
DRM_C_specialized,report-worker,archive_check,46,1792773,warm
DRM_C_specialized,report-worker,daily_report,74,116328,warm
DRM_C_specialized,report-worker,archive_check,47,2327196,warm
DRM_C_specialized,report-worker,daily_report,75,102814,warm
DRM_C_specialized,report-worker,archive_check,48,1889280,warm
DRM_C_specialized,report-worker,daily_report,76,127774,warm
DRM_C_specialized,report-worker,archive_check,49,1859995,warm
DRM_C_specialized,report-worker,daily_report,77,225481,warm
DRM_C_specialized,report-worker,archive_check,50,1811449,warm
DRM_C_specialized,report-worker,daily_report,78,105150,warm
DRM_C_specialized,report-worker,archive_check,51,1983611,warm
DRM_C_specialized,report-worker,daily_report,79,4738342,warm
DRM_C_specialized,report-worker,archive_check,52,1969562,warm
DRM_C_specialized,report-worker,daily_report,80,97736,warm
DRM_C_specialized,report-worker,archive_check,53,2314146,warm
DRM_C_specialized,report-worker,daily_report,81,98107,warm
DRM_C_specialized,report-worker,archive_check,54,1787853,warm
DRM_C_specialized,report-worker,daily_report,82,87545,warm
DRM_C_specialized,report-worker,archive_check,55,1743175,warm
DRM_C_specialized,build-worker,checksum_artifact,36,2040877,warm
DRM_C_specialized,build-worker,stage_output,36,131575,warm
DRM_C_specialized,build-worker,checksum_artifact,37,1950863,warm
DRM_C_specialized,build-worker,stage_output,37,84487,warm
DRM_C_specialized,build-worker,checksum_artifact,38,1951512,warm
DRM_C_specialized,build-worker,stage_output,38,79918,warm
DRM_C_specialized,build-worker,checksum_artifact,39,1889642,warm
DRM_C_specialized,build-worker,stage_output,39,90730,warm
DRM_C_specialized,build-worker,checksum_artifact,40,1940199,warm
DRM_C_specialized,build-worker,stage_output,40,80807,warm
DRM_C_specialized,build-worker,checksum_artifact,41,1865827,warm
DRM_C_specialized,build-worker,stage_output,41,163802,warm
DRM_C_specialized,build-worker,checksum_artifact,42,2471277,warm
DRM_C_specialized,build-worker,stage_output,42,91716,warm
DRM_C_specialized,build-worker,checksum_artifact,43,2444279,warm
DRM_C_specialized,build-worker,stage_output,43,75990,warm
DRM_C_specialized,build-worker,checksum_artifact,44,2149913,warm
DRM_C_specialized,build-worker,stage_output,44,154548,warm
DRM_C_specialized,build-worker,checksum_artifact,45,2493334,warm
DRM_C_specialized,build-worker,stage_output,45,116373,warm
DRM_C_specialized,build-worker,checksum_artifact,46,2257967,warm
DRM_C_specialized,build-worker,stage_output,46,92642,warm
DRM_C_specialized,build-worker,checksum_artifact,47,2403396,warm
DRM_C_specialized,build-worker,stage_output,47,157729,warm
DRM_C_specialized,build-worker,checksum_artifact,48,1740309,warm
DRM_C_specialized,build-worker,stage_output,48,86812,warm
DRM_C_specialized,build-worker,checksum_artifact,49,2270714,warm
DRM_C_specialized,build-worker,stage_output,49,75441,warm
DRM_C_specialized,build-worker,checksum_artifact,50,2292757,warm
DRM_C_specialized,build-worker,stage_output,50,251122,warm
DRM_C_specialized,job-processor,dequeue_notify,41,879094,warm
DRM_C_specialized,job-processor,heartbeat,41,2170582,warm
DRM_C_specialized,job-processor,dequeue_notify,42,4196076,warm
DRM_C_specialized,job-processor,heartbeat,42,2158079,warm
DRM_C_specialized,job-processor,dequeue_notify,43,1788890,warm
DRM_C_specialized,job-processor,heartbeat,43,2144622,warm
DRM_C_specialized,job-processor,dequeue_notify,44,2015039,warm
DRM_C_specialized,job-processor,heartbeat,44,2394785,warm
DRM_C_specialized,job-processor,dequeue_notify,45,1774639,warm
DRM_C_specialized,job-processor,heartbeat,45,2359677,warm
DRM_C_specialized,job-processor,dequeue_notify,46,2035122,warm
DRM_C_specialized,job-processor,heartbeat,46,2141580,warm
DRM_C_specialized,job-processor,dequeue_notify,47,1838042,warm
DRM_C_specialized,job-processor,heartbeat,47,2252489,warm
DRM_C_specialized,job-processor,dequeue_notify,48,2044265,warm
DRM_C_specialized,job-processor,heartbeat,48,2374718,warm
DRM_C_specialized,job-processor,dequeue_notify,49,1741812,warm
DRM_C_specialized,job-processor,heartbeat,49,2309966,warm
DRM_C_specialized,job-processor,dequeue_notify,50,1841307,warm
DRM_C_specialized,job-processor,heartbeat,50,2314768,warm
DRM_C_specialized,job-processor,dequeue_notify,51,1889838,warm
DRM_C_specialized,job-processor,heartbeat,51,2264207,warm
DRM_C_specialized,job-processor,dequeue_notify,52,2945454,warm
DRM_C_specialized,job-processor,heartbeat,52,2405164,warm
DRM_C_specialized,job-processor,dequeue_notify,53,1043842,warm
DRM_C_specialized,job-processor,heartbeat,53,2171161,warm
DRM_C_specialized,job-processor,dequeue_notify,54,1976914,warm
DRM_C_specialized,job-processor,heartbeat,54,2518079,warm
DRM_C_specialized,job-processor,dequeue_notify,55,1619759,warm
DRM_C_specialized,job-processor,heartbeat,55,2266144,warm
DRM_C_specialized,build-worker,stage_output,51,282210,warm
DRM_C_specialized,build-worker,checksum_artifact,51,2541090,warm
DRM_C_specialized,report-worker,daily_report,83,128106,warm
DRM_C_specialized,build-worker,stage_output,52,93262,warm
DRM_C_specialized,api-service,api_get_user,61,1002685,warm
DRM_C_specialized,build-worker,stage_output,53,233321,warm
DRM_C_specialized,api-service,api_get_user,62,1922338,warm
DRM_C_specialized,job-processor,dequeue_notify,56,2067898,warm
DRM_C_specialized,api-service,api_get_user,63,2200217,warm
DRM_C_specialized,job-processor,heartbeat,56,2260425,warm
DRM_C_specialized,report-worker,daily_report,84,151011,warm
DRM_C_specialized,api-service,api_get_user,64,1845072,warm
DRM_C_specialized,api-service,session_touch,61,514945,warm
DRM_C_specialized,report-worker,archive_check,56,2949851,warm
DRM_C_specialized,api-service,session_touch,62,125297,warm
DRM_C_specialized,api-service,api_get_user,65,598080,warm
DRM_C_specialized,build-worker,checksum_artifact,52,2251324,warm
DRM_C_specialized,job-processor,dequeue_notify,57,1595088,warm
DRM_C_specialized,report-worker,archive_check,57,2148027,warm
DRM_C_specialized,report-worker,daily_report,85,186817,warm
DRM_C_specialized,report-worker,daily_report,86,152049,warm
DRM_C_specialized,job-processor,heartbeat,57,2182016,warm
DRM_C_specialized,build-worker,checksum_artifact,53,2558228,warm
DRM_C_specialized,job-processor,dequeue_notify,58,988202,warm
DRM_C_specialized,api-service,session_touch,63,99100,warm
DRM_C_specialized,api-service,noise,1,47615,cold
DRM_C_specialized,api-service,noise,2,18533,warm
DRM_C_specialized,api-service,noise,3,51808,warm
DRM_C_specialized,api-service,noise,4,4208872,warm
DRM_C_specialized,api-service,noise,5,4227048,warm
DRM_C_specialized,api-service,noise,6,3770609,warm
DRM_C_specialized,api-service,noise,7,4535728,warm
DRM_C_specialized,api-service,noise,8,105611,warm
DRM_C_specialized,api-service,noise,9,349005,warm
DRM_C_specialized,api-service,noise,10,25521,warm
DRM_C_specialized,api-service,noise,11,38837,warm
DRM_C_specialized,api-service,noise,12,28961,warm
DRM_C_specialized,api-service,noise,13,87852,warm
DRM_C_specialized,api-service,noise,14,6449302,warm
DRM_C_specialized,api-service,noise,15,5628384,warm
DRM_C_specialized,api-service,noise,16,5738116,warm
DRM_C_specialized,api-service,noise,17,6597758,warm
DRM_C_specialized,api-service,noise,18,27657,warm
DRM_C_specialized,api-service,noise,19,394287,warm
DRM_C_specialized,api-service,noise,20,61351,warm
